id,time,x_true,y_true,z_true,x_measure,y_measure,z_measure,r_true,fi_true,psi_true,r_measure,fi_measure,psi_measure,v_x_true_extr,v_y_true_extr,v_z_true_extr,v_r_true_extr,v_fi_true_extr,v_psi_true_extr,v_x_measure_extr,v_y_measure_extr,v_z_measure_extr,v_r_measure_extr,v_fi_measure_extr,v_psi_measure_extr,x_err,y_err,z_err
0,0,0.0,0.0,0.0,1.6762089370331061,-3.315440101411149,-7.740773323302188,0.0,,,8.586116183081941,-1.1026973958204074,-0.4474684016089757,,,,,,,,,,,,,5.0,5.0,5.0
0,1,0.4,0.3,0.03,0.20718065815937836,0.0500176678981214,-9.431361309916806,0.5008991914547277,0.6435011087932843,1.5108681716736887,9.433769222872318,0.23688772725617693,-0.022594461939663708,0.4,0.3,0.03,0.5008991914547277,,,-1.4690282788737279,3.36545776930927,-1.6905879866146183,0.8476530397903765,1.3395851230765843,0.42487393966931203,5.0,5.0,5.0
0,2,0.8,0.6,0.06,-2.873543804411204,-3.508364510587947,-13.396047730884371,1.0017983829094554,0.6435011087932843,1.5108681716736887,14.142841664359937,0.8845439422045639,-0.32642006835479487,0.4,0.3,0.03,0.5008991914547277,0.0,0.0,-3.0807244625705823,-3.558382178486068,-3.964686420967565,4.709072441487619,0.647656214948387,-0.3038256064151312,5.0,5.0,5.0
0,3,1.2000000000000002,0.8999999999999999,0.09,1.2946723149354442,-15.23669873797443,2.51601368766171,1.5026975743641833,0.6435011087932843,1.5108681716736887,15.497209094264457,-1.486029284036539,1.4077218090004167,0.40000000000000013,0.29999999999999993,0.03,0.5008991914547278,0.0,0.0,4.168216119346648,-11.728334227386483,15.912061418546081,1.3543674299045207,-2.370573226241103,1.7341418773552115,5.0,5.0,5.0
0,4,1.6,1.2,0.12,-7.922423588021504,-0.018371065847627266,-8.957656365160796,2.003596765818911,0.6435011087932843,1.5108681716736887,11.958458954246806,0.0023188652709108595,-0.7241475489483463,0.3999999999999999,0.30000000000000004,0.03,0.5008991914547276,0.0,0.0,-9.217095902956949,15.218327672126803,-11.473670052822506,-3.538750140017651,1.48834814930745,-2.131869357948763,5.0,5.0,5.0
0,5,2.0,1.5,0.15,7.528407291187353,-4.599413431948601,-5.401051286508292,2.5044959572736385,0.6435011087932844,1.5108681716736887,10.344219412767934,-0.5484256097375532,-1.0214470971863152,0.3999999999999999,0.30000000000000004,0.03,0.5008991914547276,1.1102230246251565e-16,0.0,15.450830879208857,-4.581042366100974,3.5566050786525043,-1.614239541478872,-0.550744475008464,-0.2972995482379689,5.0,5.0,5.0
0,6,2.4000000000000004,1.7999999999999998,0.18,0.18310885818804223,-3.2973997895256213,-8.84253145671357,3.0053951487283666,0.6435011087932843,1.5108681716736887,9.439106779186234,-1.5153220142184913,-0.35743455993305984,0.40000000000000036,0.2999999999999998,0.03,0.500899191454728,-1.1102230246251565e-16,0.0,-7.345298432999311,1.3020136424229793,-3.4414801702052777,-0.9051126335816999,-0.9668964044809382,0.6640125372532554,5.0,5.0,5.0
0,7,2.8000000000000003,2.1,0.21,-2.6734472851794213,-6.9047277780071905,-0.6575430584566826,3.5062943401830946,0.6435011087932844,1.5108681716736887,7.433367268522517,1.2013808722095989,-1.482222252623813,0.3999999999999999,0.30000000000000027,0.03,0.500899191454728,1.1102230246251565e-16,0.0,-2.8565561433674636,-3.607327988481569,8.184988398256888,-2.0057395106637177,2.71670288642809,-1.1247876926907532,5.0,5.0,5.0
0,8,3.2,2.4,0.24,8.131059658418067,1.1214959085353855,0.09550246093328218,4.007193531637822,0.6435011087932843,1.5108681716736887,8.208593360720194,0.13706260654677374,1.5591616152907932,0.3999999999999999,0.2999999999999998,0.03,0.5008991914547272,-1.1102230246251565e-16,0.0,10.804506943597488,8.026223686542576,0.7530455193899648,0.775226092197677,-1.0643182656628252,3.041383867914606,5.0,5.0,5.0
0,9,3.6,2.6999999999999997,0.27,0.5184967070969662,-0.07258165363760227,-3.2884704115230736,4.50809272309255,0.6435011087932843,1.5108681716736887,3.3298865715183,-0.139081025687919,-0.1578833592853667,0.3999999999999999,0.2999999999999998,0.030000000000000027,0.500899191454728,0.0,0.0,-7.612562951321101,-1.1940775621729878,-3.383972872456356,-4.878706789201894,-0.27614363223469274,-1.71704497457616,5.0,5.0,5.0
0,10,4.0,3.0,0.3,0.9414320600566839,3.7047406731452543,-1.6940646589308022,5.008991914547277,0.6435011087932844,1.5108681716736887,4.181058818959339,1.3219480104249055,-1.1536250021000918,0.3999999999999999,0.30000000000000027,0.02999999999999997,0.5008991914547272,1.1102230246251565e-16,0.0,0.42293535295971774,3.7773223267828566,1.5944057525922715,0.8511722474410388,1.4610290361128244,-0.9957416428147251,5.0,5.0,5.0
0,11,4.4,3.3,0.32999999999999996,-6.219311338085561,-8.545663031159723,-3.3694027365881007,5.509891106002005,0.6435011087932843,1.5108681716736887,11.093289185967208,0.9416722612886327,-1.262187556822745,0.40000000000000036,0.2999999999999998,0.02999999999999997,0.500899191454728,-1.1102230246251565e-16,0.0,-7.160743398142245,-12.250403704304977,-1.6753380776572986,6.9122303670078695,-0.3802757491362728,-0.10856255472265319,5.0,5.0,5.0
0,12,4.800000000000001,3.5999999999999996,0.36,0.4417594740627502,-3.9842866094757046,-14.799194489921664,6.010790297456733,0.6435011087932843,1.5108681716736887,15.332509539207837,-1.4603719228067502,-0.26452532097333203,0.40000000000000036,0.2999999999999998,0.030000000000000027,0.500899191454728,0.0,0.0,6.661070812148311,4.5613764216840185,-11.429791753333564,4.239220353240629,-2.402044184095383,0.9976622358494129,5.0,5.0,5.0
0,13,5.2,3.9,0.39,-7.684874908522036,-0.1291832478885735,-11.9066591511341,6.51168948891146,0.6435011087932844,1.5108681716736887,14.17189199833431,0.016808482032787887,-0.5732178448352078,0.39999999999999947,0.30000000000000027,0.030000000000000027,0.5008991914547272,1.1102230246251565e-16,0.0,-8.126634382584786,3.855103361587131,2.892535338787564,-1.1606175408735275,1.477180404839538,-0.30869252386187573,5.0,5.0,5.0
0,14,5.6000000000000005,4.2,0.42,2.4423848069914347,-2.3542834086888433,-1.5840166158837454,7.012588680366189,0.6435011087932844,1.5108681716736887,3.74392875910399,-0.7670330213409076,-1.1339440943603654,0.40000000000000036,0.30000000000000027,0.02999999999999997,0.5008991914547289,0.0,0.0,10.127259715513471,-2.22510016080027,10.322642535250354,-10.42796323923032,-0.7838415033736954,-0.5607262495251576,5.0,5.0,5.0
0,15,6.0,4.5,0.44999999999999996,-2.038116757623307,1.2100217542058203,3.0334878326344965,7.513487871820916,0.6435011087932844,1.5108681716736887,3.849691025796461,-0.5357713076319048,0.6632715653523573,0.39999999999999947,0.2999999999999998,0.02999999999999997,0.5008991914547272,0.0,0.0,-4.480501564614741,3.5643051628946636,4.6175044485182415,0.10576226669247113,0.23126171370900273,1.7972156597127227,5.0,5.0,5.0
0,16,6.4,4.8,0.48,0.24933164460817103,0.6034884061513264,-3.9996109357250735,8.014387063275644,0.6435011087932843,1.5108681716736887,4.052561185538558,1.1790048138346783,-0.1618296969266991,0.40000000000000036,0.2999999999999998,0.030000000000000027,0.5008991914547272,-1.1102230246251565e-16,0.0,2.287448402231478,-0.6065333480544939,-7.0330987683595705,0.20287015974209677,1.714776121466583,-0.8251012622790564,5.0,5.0,5.0
0,17,6.800000000000001,5.1,0.51,-3.136141911992599,0.8844697429378403,-4.376362305604725,8.515286254730372,0.6435011087932843,1.5108681716736887,5.4562092929292065,-0.27488529521280214,-0.6400122826436706,0.40000000000000036,0.2999999999999998,0.030000000000000027,0.500899191454728,0.0,0.0,-3.38547355660077,0.28098133678651394,-0.3767513698796514,1.4036481073906488,-1.4538901090474803,-0.4781825857169715,5.0,5.0,5.0
0,18,7.2,5.3999999999999995,0.54,5.79294395924144,-3.9334045521941823,-3.5502647043556,9.0161854461851,0.6435011087932843,1.5108681716736887,7.850748407453073,-0.5964920132402205,-1.1015436092123119,0.39999999999999947,0.2999999999999998,0.030000000000000027,0.500899191454728,0.0,0.0,8.92908587123404,-4.817874295132023,0.826097601249125,2.394539114523867,-0.32160671802741836,-0.46153132656864126,5.0,5.0,5.0
0,19,7.6000000000000005,5.7,0.57,-0.03966550384584089,7.3722254557439095,-7.913720368991392,9.517084637639828,0.6435011087932844,1.5108681716736887,10.815648459574817,-1.565415981153547,-0.7499958247405907,0.40000000000000036,0.3000000000000007,0.029999999999999916,0.500899191454728,1.1102230246251565e-16,0.0,-5.832609463087281,11.305630007938092,-4.363455664635792,2.9649000521217435,-0.9689239679133266,0.3515477844717212,5.0,5.0,5.0
0,20,8.0,6.0,0.6,5.1557525885548205,3.1320508390421464,-0.9809299588274533,10.017983829094554,0.6435011087932844,1.5108681716736887,6.111771494162684,0.5459062083512269,-1.4096006800426462,0.39999999999999947,0.2999999999999998,0.030000000000000027,0.5008991914547263,0.0,0.0,5.195418092400661,-4.240174616701763,6.932790410163938,-4.703876965412133,2.111322189504774,-0.6596048553020555,5.0,5.0,5.0
0,21,8.4,6.3,0.63,10.950423932952692,-0.471136101069189,-10.60595073255803,10.518883020549282,0.6435011087932844,1.5108681716736887,15.251883309236337,-0.04299794410164472,-0.8018390169234271,0.40000000000000036,0.2999999999999998,0.030000000000000027,0.500899191454728,0.0,0.0,5.794671344397871,-3.6031869401113354,-9.625020773730578,9.140111815073652,-0.5889041524528716,0.6077616631192191,5.0,5.0,5.0
0,22,8.8,6.6,0.6599999999999999,7.036594874396735,1.6091010984981766,-3.1251926866853976,11.01978221200401,0.6435011087932843,1.5108681716736887,7.865729661035036,0.22481064397374548,-1.1622043764279697,0.40000000000000036,0.2999999999999998,0.029999999999999916,0.500899191454728,-1.1102230246251565e-16,0.0,-3.913829058555957,2.0802371995673656,7.480758045872633,-7.386153648201302,0.2678085880753902,-0.3603653595045426,5.0,5.0,5.0
0,23,9.200000000000001,6.8999999999999995,0.69,9.356266901510045,1.610283487449415,-6.363619562540634,11.520681403458738,0.6435011087932843,1.5108681716736887,11.429278069020565,0.17043772264386944,-0.9802892702350408,0.40000000000000036,0.2999999999999998,0.030000000000000027,0.500899191454728,0.0,0.0,2.3196720271133104,0.0011823889512383445,-3.238426875855237,3.5635484079855297,-0.054372921329876034,0.18191510619292894,5.0,5.0,5.0
0,24,9.600000000000001,7.199999999999999,0.72,-1.2721596014466456,10.472945968145071,-1.4545506565529995,12.021580594913466,0.6435011087932843,1.5108681716736887,10.649727926840091,-1.449917499872171,-1.4337870675581255,0.40000000000000036,0.2999999999999998,0.030000000000000027,0.500899191454728,0.0,0.0,-10.62842650295669,8.862662480695656,4.909068905987635,-0.779550142180474,-1.6203552225160403,-0.4534977973230847,5.0,5.0,5.0
0,25,10.0,7.5,0.75,6.999041071805708,0.5251640085515445,4.054235522417931,12.522479786368194,0.6435011087932844,1.5108681716736887,8.10550423057915,0.07489336771744216,1.046986213878165,0.3999999999999986,0.3000000000000007,0.030000000000000027,0.500899191454728,1.1102230246251565e-16,0.0,8.271200673252354,-9.947781959593527,5.508786178970931,-2.544223696260941,1.524810867589613,2.4807732814362904,5.0,5.0,5.0
0,26,10.4,7.8,0.78,4.124847927246086,5.810703344802299,-0.5441351779842212,13.02337897782292,0.6435011087932844,1.5108681716736887,7.146658441266301,0.9534764194654528,-1.4945841656719747,0.40000000000000036,0.2999999999999998,0.030000000000000027,0.5008991914547263,0.0,0.0,-2.874193144559622,5.285539336250754,-4.598370700402152,-0.958845789312849,0.8785830517480107,-2.54157037955014,5.0,5.0,5.0
0,27,10.8,8.1,0.8099999999999999,10.781833810869141,3.2157102104045396,-0.0003424449996375367,13.524278169277649,0.6435011087932843,1.5108681716736887,11.251165832915698,0.2898529259619769,-1.5707658903934805,0.40000000000000036,0.2999999999999998,0.029999999999999916,0.500899191454728,-1.1102230246251565e-16,0.0,6.656985883623055,-2.5949931343977592,0.5437927329845836,4.104507391649396,-0.6636234935034759,-0.07618172472150575,5.0,5.0,5.0
0,28,11.200000000000001,8.4,0.84,9.071931388141628,-3.1468336999354616,-11.557481818703943,14.025177360732378,0.6435011087932844,1.5108681716736887,15.025907208414107,-0.3338888848323693,-0.6932545100709214,0.40000000000000036,0.3000000000000007,0.030000000000000027,0.5008991914547298,1.1102230246251565e-16,0.0,-1.709902422727513,-6.362543910340001,-11.557139373704306,3.77474137549841,-0.6237418107943462,0.877511380322559,5.0,5.0,5.0
0,29,11.600000000000001,8.7,0.87,-1.3173897014575378,5.663196556863738,-14.04523035390612,14.526076552187105,0.6435011087932843,1.5108681716736887,15.201177801784489,-1.3422381677280952,-0.39249733674635334,0.40000000000000036,0.29999999999999893,0.030000000000000027,0.5008991914547263,-1.1102230246251565e-16,0.0,-10.389321089599166,8.8100302567992,-2.4877485352021775,0.17527059337038153,-1.008349282895726,0.3007571733245681,5.0,5.0,5.0
0,30,12.0,9.0,0.8999999999999999,4.569230162559375,-3.4784168706128895,-6.726889573940472,15.026975743641833,0.6435011087932844,1.5108681716736887,8.844675886893526,-0.6506748421734924,-0.7066241177116358,0.3999999999999986,0.3000000000000007,0.029999999999999916,0.500899191454728,1.1102230246251565e-16,0.0,5.886619864016913,-9.141613427476628,7.318340779965649,-6.356501914890963,0.6915633255546029,-0.31412678096528246,5.0,5.0,5.0
0,31,12.4,9.299999999999999,0.9299999999999999,4.56254053378294,7.442698217271731,-7.317292849134752,15.52787493509656,0.6435011087932843,1.5108681716736887,11.39093093279872,1.020856536093373,-0.8731981347235221,0.40000000000000036,0.29999999999999893,0.030000000000000027,0.500899191454728,-1.1102230246251565e-16,0.0,-0.006689628776435086,10.92111508788462,-0.59040327519428,2.546255045905193,1.6715313782668653,-0.16657401701188634,5.0,5.0,5.0
0,32,12.8,9.6,0.96,12.826681308508839,4.653288658117071,0.638250996598333,16.028774126551287,0.6435011087932843,1.5108681716736887,13.659583194975964,0.3480161823376529,1.524053797244809,0.40000000000000036,0.3000000000000007,0.030000000000000027,0.5008991914547263,0.0,0.0,8.264140774725899,-2.7894095591546604,7.955543845733085,2.2686522621772447,-0.6728403537557202,2.397251931968331,5.0,5.0,5.0
0,33,13.200000000000001,9.9,0.99,8.625469222506133,4.592538231027082,-0.396813149616311,16.52967331800602,0.6435011087932844,1.5108681716736887,9.779958455308199,0.48926097022461285,-1.5302110719237436,0.40000000000000036,0.3000000000000007,0.030000000000000027,0.5008991914547316,1.1102230246251565e-16,0.0,-4.201212086002705,-0.06075042708998879,-1.035064146214644,-3.879624739667765,0.14124478788695993,-3.0542648691685526,5.0,5.0,5.0
0,34,13.600000000000001,10.2,1.02,5.578750895295919,4.541817939709857,-7.934527952441163,17.030572509460743,0.6435011087932843,1.5108681716736887,10.710149652423418,0.6832964724452512,-0.736473361552018,0.40000000000000036,0.29999999999999893,0.030000000000000027,0.5008991914547245,-1.1102230246251565e-16,0.0,-3.0467183272102147,-0.05072029131722555,-7.537714802824852,0.930191197115219,0.1940355022206383,0.7937377103717256,5.0,5.0,5.0
0,35,14.0,10.5,1.05,14.779369496635821,4.272851824238694,-3.2544150772094484,17.53147170091547,0.6435011087932844,1.5108681716736887,15.725083240630477,0.28143553917867975,-1.3623327980442133,0.3999999999999986,0.3000000000000007,0.030000000000000027,0.500899191454728,1.1102230246251565e-16,0.0,9.200618601339903,-0.2689661154711622,4.680112875231715,5.014933588207059,-0.4018609332665714,-0.6258594364921952,5.0,5.0,5.0
0,36,14.4,10.799999999999999,1.08,17.0920461382619,0.32049565060653684,-3.8413882158780206,18.0323708923702,0.6435011087932843,1.5108681716736887,17.521330488282494,0.018748960376945543,-1.34976019013749,0.40000000000000036,0.29999999999999893,0.030000000000000027,0.500899191454728,-1.1102230246251565e-16,0.0,2.3126766416260782,-3.9523561736321575,-0.5869731386685721,1.7962472476520173,-0.2626865788017342,0.01257260790672321,5.0,5.0,5.0
0,37,14.8,11.1,1.1099999999999999,14.022143794908235,4.587311258029619,-2.769468295935189,18.533270083824927,0.6435011087932843,1.5108681716736887,15.011125734778153,0.31617313856873364,-1.3852389433068681,0.40000000000000036,0.3000000000000007,0.029999999999999805,0.500899191454728,0.0,0.0,-3.0699023433536645,4.266815607423082,1.0719199199428315,-2.5102047535043415,0.29742417819178807,-0.0354787531693781,5.0,5.0,5.0
0,38,15.200000000000001,11.4,1.14,3.180524893346984,5.341905258275691,2.6521725578463142,19.034169275279655,0.6435011087932844,1.5108681716736887,6.759120479928316,1.033772332639561,1.1675740049853969,0.40000000000000036,0.3000000000000007,0.030000000000000027,0.500899191454728,1.1102230246251565e-16,0.0,-10.841618901561251,0.7545940002460725,5.421640853781503,-8.252005254849838,0.7175991940708273,2.552812948292265,5.0,5.0,5.0
0,39,15.600000000000001,11.7,1.17,13.213619669620009,12.32750355323613,-2.086707712439587,19.535068466734383,0.6435011087932843,1.5108681716736887,18.191246183413963,0.750718371135961,-1.4558338200190784,0.40000000000000036,0.29999999999999893,0.030000000000000027,0.500899191454728,-1.1102230246251565e-16,0.0,10.033094776273025,6.98559829496044,-4.738880270285901,11.432125703485646,-0.28305396150359996,-2.6234078250044752,5.0,5.0,5.0
0,40,16.0,12.0,1.2,10.94784603977611,4.2781517210133835,0.19219084663995845,20.035967658189108,0.6435011087932844,1.5108681716736887,11.755630667054124,0.37252915131577946,1.5544467650644893,0.3999999999999986,0.3000000000000007,0.030000000000000027,0.5008991914547245,1.1102230246251565e-16,0.0,-2.265773629843899,-8.049351832222747,2.278898559079545,-6.435615516359839,-0.3781892198201815,3.0102805850835677,5.0,5.0,5.0
0,41,16.400000000000002,12.299999999999999,1.23,8.806703206291523,6.786273952510709,-1.1239244642959534,20.53686684964384,0.6435011087932843,1.5108681716736887,11.174736763059506,0.6565430591091085,-1.4700487152092203,0.40000000000000213,0.29999999999999893,0.030000000000000027,0.5008991914547316,-1.1102230246251565e-16,0.0,-2.1411428334845866,2.5081222314973255,-1.3161153109359118,-0.5808939039946175,0.284013907793329,-3.0244954802737096,5.0,5.0,5.0
0,42,16.8,12.6,1.26,10.59526317489642,-2.844239754446548,-9.584664253068677,21.037766041098564,0.6435011087932844,1.5108681716736887,14.567604139670424,-0.2622614261487949,-0.8527113202272911,0.3999999999999986,0.3000000000000007,0.030000000000000027,0.5008991914547245,1.1102230246251565e-16,0.0,1.788559968604897,-9.630513706957256,-8.460739788772724,3.3928673766109174,-0.9188044852579034,0.6173373949819292,5.0,5.0,5.0
0,43,17.2,12.9,1.29,10.056396250349286,10.509010469182405,-0.16436943495543144,21.538665232553292,0.6435011087932844,1.5108681716736887,14.546388689175473,0.8074031335829764,-1.5594964133578393,0.3999999999999986,0.3000000000000007,0.030000000000000027,0.500899191454728,0.0,0.0,-0.5388669245471345,13.353250223628953,9.420294818113245,-0.021215450494951327,1.0696645597317713,-0.7067850931305482,5.0,5.0,5.0
0,44,17.6,13.2,1.3199999999999998,18.626829825653186,12.367896728670958,1.4405918511439189,22.03956442400802,0.6435011087932843,1.5108681716736887,22.405333376821137,0.5861423181705078,1.5064551154646773,0.40000000000000213,0.29999999999999893,0.029999999999999805,0.500899191454728,-1.1102230246251565e-16,0.0,8.5704335753039,1.8588862594885533,1.6049612860993503,7.858944687645664,-0.22126081541246867,3.0659515288225165,5.0,5.0,5.0
0,45,18.0,13.5,1.3499999999999999,13.82249786057324,3.7123952138304226,-4.1757238607490095,22.54046361546275,0.6435011087932844,1.5108681716736887,14.909057484980444,0.2623843873598927,-1.2869192297694305,0.3999999999999986,0.3000000000000007,0.030000000000000027,0.500899191454728,1.1102230246251565e-16,0.0,-4.804331965079946,-8.655501514840536,-5.616315711892929,-7.496275891840693,-0.32375793081061505,-2.793374345234108,5.0,5.0,5.0
0,46,18.400000000000002,13.799999999999999,1.38,10.735940168218486,9.891100793298962,2.9339674289449826,23.041362806917476,0.6435011087932843,1.5108681716736887,14.889675989519603,0.7444631871948781,1.372451278113632,0.40000000000000213,0.29999999999999893,0.030000000000000027,0.500899191454728,-1.1102230246251565e-16,0.0,-3.086557692354754,6.17870557946854,7.109691289693992,-0.019381495460841336,0.4820787998349854,2.6593705078830627,5.0,5.0,5.0
0,47,18.8,14.1,1.41,15.030412355326735,6.26576422350849,-10.724332088572478,23.542261998372204,0.6435011087932844,1.5108681716736887,19.49831776389294,0.39496641491603796,-0.9884162872227751,0.3999999999999986,0.3000000000000007,0.030000000000000027,0.500899191454728,1.1102230246251565e-16,0.0,4.29447218710825,-3.6253365697904725,-13.65829951751746,4.608641774373336,-0.3494967722788402,-2.360867565336407,5.0,5.0,5.0
0,48,19.200000000000003,14.399999999999999,1.44,13.429337259020874,6.312188678595577,-2.804621611408485,24.043161189826932,0.6435011087932843,1.5108681716736887,15.101547189407315,0.4393852935572425,-1.383994310134469,0.40000000000000213,0.29999999999999893,0.030000000000000027,0.500899191454728,-1.1102230246251565e-16,0.0,-1.6010750963058609,0.046424455087087146,7.919710477163992,-4.396770574485624,0.04441887864120453,-0.39557802291169386,5.0,5.0,5.0
0,49,19.6,14.7,1.47,10.856646229538581,13.098983323669938,-0.33784305429898587,24.54406038128166,0.6435011087932843,1.5108681716736887,17.016588065663324,0.8787299806233697,-1.550941274089467,0.3999999999999986,0.3000000000000007,0.030000000000000027,0.500899191454728,0.0,0.0,-2.572691029482293,6.786794645074361,2.4667785571094996,1.9150408762560094,0.4393446870661272,-0.16694696395499808,5.0,5.0,5.0
0,50,20.0,15.0,1.5,14.345573460773592,13.230452147782595,-1.8395338413791618,25.04495957273639,0.6435011087932844,1.5108681716736887,19.601638367922103,0.7449821116059078,-1.4768121040973272,0.3999999999999986,0.3000000000000007,0.030000000000000027,0.500899191454728,1.1102230246251565e-16,0.0,3.48892723123501,0.13146882411265715,-1.501690787080176,2.5850503022587787,-0.13374786901746194,0.07412916999213981,5.0,5.0,5.0
0,51,20.400000000000002,15.299999999999999,1.53,7.935511743368345,15.095045063854931,-10.27330248481616,25.545858764191117,0.6435011087932843,1.5108681716736887,19.909130469547833,1.0867983164649635,-1.0286104565685643,0.40000000000000213,0.29999999999999893,0.030000000000000027,0.500899191454728,-1.1102230246251565e-16,0.0,-6.410061717405247,1.8645929160723362,-8.433768643436999,0.30749210162572993,0.34181620485905573,0.4482016475287629,5.0,5.0,5.0
0,52,20.8,15.6,1.56,3.2189871847490643,9.655200273027367,5.3419907420206165,26.04675795564584,0.6435011087932844,1.5108681716736887,11.494417597063386,1.248991048030869,1.087447995473037,0.3999999999999986,0.3000000000000007,0.030000000000000027,0.5008991914547245,1.1102230246251565e-16,0.0,-4.71652455861928,-5.439844790827564,15.615293226836776,-8.414712872484447,0.16219273156590552,2.1160584520416013,5.0,5.0,5.0
0,53,21.200000000000003,15.899999999999999,1.5899999999999999,16.02556116994468,6.400311331798141,-8.267751792859173,26.54765714710057,0.6435011087932843,1.5108681716736887,19.13474106602722,0.3799730023745013,-1.1239976668650316,0.40000000000000213,0.29999999999999893,0.029999999999999805,0.500899191454728,-1.1102230246251565e-16,0.0,12.806573985195616,-3.2548889412292255,-13.60974253487979,7.640323468963835,-0.8690180456563676,-2.2114456623380683,5.0,5.0,5.0
0,54,21.6,16.2,1.6199999999999999,16.441496971435704,8.727355309735545,-11.450180545476723,27.048556338555297,0.6435011087932843,1.5108681716736887,21.853974189792396,0.48799283763748313,-1.019325679718805,0.3999999999999986,0.3000000000000007,0.030000000000000027,0.500899191454728,0.0,0.0,0.41593580149102394,2.3270439779374037,-3.1824287526175503,2.719233123765175,0.10801983526298181,0.1046719871462265,5.0,5.0,5.0
0,55,22.0,16.5,1.65,22.46061193274855,12.03204705532525,-3.1168185897120204,27.549455530010025,0.6435011087932844,1.5108681716736887,25.670290276042106,0.4917945209764966,-1.4490786553883697,0.3999999999999986,0.3000000000000007,0.030000000000000027,0.500899191454728,1.1102230246251565e-16,0.0,6.0191149613128445,3.3046917455897056,8.333361955764703,3.81631608624971,0.003801683339013484,-0.4297529756695646,5.0,5.0,5.0
0,56,22.400000000000002,16.8,1.68,15.240375301622276,18.433658463861544,-0.30207540223284446,28.050354721464757,0.6435011087932844,1.5108681716736887,23.91986733335339,0.8799446778920408,-1.55816735072692,0.40000000000000213,0.3000000000000007,0.030000000000000027,0.5008991914547316,0.0,0.0,-7.220236631126273,6.401611408536294,2.814743187479176,-1.750422942688715,0.38815015691554416,-0.10908869533855037,5.0,5.0,5.0
0,57,22.8,17.099999999999998,1.71,14.818501388840932,11.452053078235082,-1.656147612463121,28.55125391291948,0.6435011087932843,1.5108681716736887,18.801072523450934,0.6579474578528686,-1.4825940749141173,0.3999999999999986,0.29999999999999716,0.030000000000000027,0.5008991914547245,-1.1102230246251565e-16,0.0,-0.42187391278134356,-6.981605385626462,-1.3540722102302765,-5.118794809902457,-0.22199722003917222,0.07557327581280271,5.0,5.0,5.0
0,58,23.200000000000003,17.4,1.74,18.83877232581257,9.88359539615944,-1.9734323872210717,29.05215310437421,0.6435011087932843,1.5108681716736887,21.36537470033509,0.4831656560371118,-1.4782985687723882,0.40000000000000213,0.3000000000000007,0.030000000000000027,0.500899191454728,0.0,0.0,4.020270936971638,-1.5684576820756426,-0.3172847747579508,2.564302176884155,-0.17478180181575675,0.004295506141729133,5.0,5.0,5.0
0,59,23.6,17.7,1.77,24.413674050850652,8.35218425711547,1.53166067085585,29.553052295828937,0.6435011087932843,1.5108681716736887,25.84825810256143,0.3296294630218174,1.5115057383817676,0.3999999999999986,0.3000000000000007,0.030000000000000027,0.500899191454728,0.0,0.0,5.574901725038082,-1.5314111390439695,3.5050930580769215,4.482883402226342,-0.15353619301529442,2.989804307154156,5.0,5.0,5.0
0,60,24.0,18.0,1.7999999999999998,16.577986964450638,12.91690545566464,-11.547621017371032,30.053951487283666,0.6435011087932844,1.5108681716736887,23.979650737758952,0.6619038654068925,-1.06836343281386,0.3999999999999986,0.3000000000000007,0.029999999999999805,0.500899191454728,1.1102230246251565e-16,0.0,-7.835687086400014,4.5647211985491705,-13.079281688226882,-1.8686073648024788,0.3322744023850751,-2.579869171195628,5.0,5.0,5.0
0,61,24.400000000000002,18.3,1.8299999999999998,21.48446116986489,13.805800487077313,-3.2703240018241333,30.554850678738397,0.6435011087932844,1.5108681716736887,25.746402038446526,0.5711517450781309,-1.4434316372991698,0.40000000000000213,0.3000000000000007,0.030000000000000027,0.5008991914547316,0.0,0.0,4.906474205414252,0.8888950314126731,8.2772970155469,1.7667513006875737,-0.09075212032876157,-0.37506820448530975,5.0,5.0,5.0
0,62,24.8,18.599999999999998,1.8599999999999999,11.193611349276773,12.93696157200417,-4.643055056746354,31.05574987019312,0.6435011087932843,1.5108681716736887,17.726248052369918,0.8575193897639775,-1.3057737399647777,0.3999999999999986,0.29999999999999716,0.030000000000000027,0.5008991914547245,-1.1102230246251565e-16,0.0,-10.290849820588116,-0.8688389150731428,-1.3727310549222205,-8.020153986076608,0.2863676446858465,0.13765789733439204,5.0,5.0,5.0
0,63,25.200000000000003,18.9,1.89,25.048337995242335,8.100401854185375,-3.1703203247463545,31.55664906164785,0.6435011087932843,1.5108681716736887,26.51578166837045,0.31277573740285275,-1.4509460846924949,0.40000000000000213,0.3000000000000007,0.030000000000000027,0.500899191454728,0.0,0.0,13.854726645965561,-4.836559717818796,1.4727347319999993,8.789533616000533,-0.5447436523611247,-0.14517234472771712,5.0,5.0,5.0
0,64,25.6,19.2,1.92,23.76610360048109,24.78629371116363,-1.5687767523592395,32.057548253102574,0.6435011087932843,1.5108681716736887,34.3751232257226,0.8064072188804922,-1.5251434920267186,0.3999999999999986,0.3000000000000007,0.030000000000000027,0.5008991914547245,0.0,0.0,-1.2822343947612431,16.685891856978255,1.601543572387115,7.8593415573521455,0.4936314814776394,-0.07419740733422375,5.0,5.0,5.0
0,65,26.0,19.5,1.95,12.639249502595932,13.19196420471074,2.5125156771212946,32.5584474445573,0.6435011087932844,1.5108681716736887,18.441563995361705,0.8067920622736203,1.4341292758250364,0.3999999999999986,0.3000000000000007,0.030000000000000027,0.500899191454728,1.1102230246251565e-16,0.0,-11.12685409788516,-11.59432950645289,4.081292429480534,-15.933559230360892,0.00038484339312816473,2.959272767851755,5.0,5.0,5.0
0,66,26.400000000000002,19.8,1.98,28.22493048052547,17.353071929322585,-2.6074562337876377,33.05934663601204,0.6435011087932844,1.5108681716736887,33.23514155266767,0.55124072785472,-1.4922608239836619,0.40000000000000213,0.3000000000000007,0.030000000000000027,0.5008991914547352,0.0,0.0,15.585680977929536,4.1611077246118455,-5.119971910908932,14.793577557305966,-0.2555513344189003,-2.9263900998086982,5.0,5.0,5.0
0,67,26.8,20.099999999999998,2.01,15.662638357591325,19.867193334656523,-8.802115462172624,33.56024582746676,0.6435011087932843,1.5108681716736887,26.786206299637318,0.9031890766064419,-1.235968805224965,0.3999999999999986,0.29999999999999716,0.029999999999999805,0.500899191454721,-1.1102230246251565e-16,0.0,-12.562292122934144,2.5141214053339382,-6.194659228384987,-6.448935253030353,0.3519483487517219,0.2562920187586968,5.0,5.0,5.0
0,68,27.200000000000003,20.4,2.04,21.41938317170994,18.363609992389925,-3.2104456485343116,34.061145018921486,0.6435011087932843,1.5108681716736887,28.395758638770808,0.7087376484630961,-1.4574933139676476,0.40000000000000213,0.3000000000000007,0.03000000000000025,0.500899191454728,0.0,0.0,5.756744814118614,-1.503583342266598,5.591669813638313,1.60955233913349,-0.19445142814334582,-0.22152450874268248,5.0,5.0,5.0
0,69,27.6,20.7,2.07,15.11959004940772,19.468395001892105,-10.753846512113453,34.562044210376214,0.6435011087932843,1.5108681716736887,26.89359816049056,0.9104735016523522,-1.1594252362046389,0.3999999999999986,0.3000000000000007,0.029999999999999805,0.500899191454728,0.0,0.0,-6.299793122302219,1.10478500950218,-7.543400863579142,-1.5021604782802491,0.20173585318925613,0.2980680777630087,5.0,5.0,5.0
0,70,28.0,21.0,2.1,16.277076750587888,12.949000973127712,-0.4595968524563032,35.06294340183094,0.6435011087932844,1.5108681716736887,20.80459283459734,0.6720130742985134,-1.5487034049949522,0.3999999999999986,0.3000000000000007,0.03000000000000025,0.500899191454728,1.1102230246251565e-16,0.0,1.1574867011801686,-6.519394028764394,10.29424965965715,-6.089005325893218,-0.23846042735383877,-0.3892781687903133,5.0,5.0,5.0
0,71,28.400000000000002,21.3,2.13,29.68974723736691,13.963445302935549,-6.379037769971686,35.56384259328567,0.6435011087932844,1.5108681716736887,33.42380915780747,0.43961643060354083,-1.378765173325735,0.40000000000000213,0.3000000000000007,0.029999999999999805,0.500899191454728,0.0,0.0,13.412670486779021,1.0144443298078372,-5.919440917515383,12.619216323210129,-0.2323966436949726,0.1699382316692173,5.0,5.0,5.0
0,72,28.8,21.599999999999998,2.16,33.44214526398524,21.635688667728644,-7.66541364625677,36.0647417847404,0.6435011087932843,1.5108681716736887,40.56154176498462,0.5742342909132753,-1.3806706539683895,0.3999999999999986,0.29999999999999716,0.03000000000000025,0.500899191454728,-1.1102230246251565e-16,0.0,3.75239802661833,7.672243364793095,-1.286375876285084,7.137732607177149,0.13461786030973444,-0.0019054806426546111,5.0,5.0,5.0
0,73,29.200000000000003,21.9,2.19,21.53869282839076,19.362713716319533,-5.902114543493829,36.56564097619513,0.6435011087932843,1.5108681716736887,29.557823453367497,0.732247675887404,-1.3697647052352275,0.40000000000000213,0.3000000000000007,0.029999999999999805,0.500899191454728,0.0,0.0,-11.903452435594478,-2.272974951409111,1.7632991027629412,-11.00371831161712,0.15801338497412876,0.010905948733161974,5.0,5.0,5.0
0,74,29.6,22.2,2.2199999999999998,12.946468044097486,8.748766078455636,5.824208135221077,37.066540167649855,0.6435011087932843,1.5108681716736887,16.67553126934038,0.5942748209700135,1.2140078990368643,0.3999999999999986,0.3000000000000007,0.029999999999999805,0.500899191454728,0.0,0.0,-8.592224784293276,-10.613947637863896,11.726322678714904,-12.882292184027119,-0.13797285491739053,2.5837726042720917,5.0,5.0,5.0
0,75,30.0,22.5,2.25,28.90678984700855,18.949347716524017,-0.57175752810674,37.56743935910458,0.6435011087932844,1.5108681716736887,34.56887595528379,0.5802548546381165,-1.5542559104843452,0.3999999999999986,0.3000000000000007,0.03000000000000025,0.500899191454728,1.1102230246251565e-16,0.0,15.960321802911064,10.20058163806838,-6.395965663327816,17.893344685943408,-0.01401996633189695,-2.7682638095212093,5.0,5.0,5.0
0,76,30.400000000000002,22.8,2.28,22.065240640820505,19.833495631180348,6.180592975419852,38.06833855055931,0.6435011087932844,1.5108681716736887,30.30581005380282,0.7321832416372969,1.3654146189423675,0.40000000000000213,0.3000000000000007,0.029999999999999805,0.500899191454728,0.0,0.0,-6.841549206188045,0.8841479146563316,6.752350503526593,-4.263065901480967,0.15192838699918032,2.9196705294267127,5.0,5.0,5.0
0,77,30.8,23.099999999999998,2.31,30.556213095385917,20.4839134235877,-3.2051435428906916,38.56923774201404,0.6435011087932843,1.5108681716736887,36.92622121211706,0.5905608241460945,-1.483888386258986,0.3999999999999986,0.29999999999999716,0.03000000000000025,0.500899191454728,-1.1102230246251565e-16,0.0,8.490972454565412,0.6504177924073531,-9.385736518310544,6.620411158314244,-0.1416224174912024,-2.8493030052013535,5.0,5.0,5.0
0,78,31.200000000000003,23.4,2.34,28.759000626382655,16.871205063647963,2.4589161899357226,39.07013693346877,0.6435011087932843,1.5108681716736887,33.432976926338256,0.5305386932267941,1.497182229377415,0.40000000000000213,0.3000000000000007,0.029999999999999805,0.500899191454728,0.0,0.0,-1.797212469003263,-3.612708359939738,5.664059732826415,-3.4932442857788075,-0.06002213091930031,2.9810706156364013,5.0,5.0,5.0
0,79,31.6,23.7,2.37,26.422024896368274,23.627402648378407,-6.011665110492655,39.571036124923495,0.6435011087932843,1.5108681716736887,35.95160181318238,0.7296188378394495,-1.4027916017089241,0.3999999999999986,0.3000000000000007,0.03000000000000025,0.500899191454728,0.0,0.0,-2.3369757300143803,6.756197584730444,-8.470581300428378,2.5186248868441226,0.19908014461265533,-2.8999738310863394,5.0,5.0,5.0
0,80,32.0,24.0,2.4,25.97542099278786,14.546075787538287,-4.971448809351273,40.071935316378216,0.6435011087932844,1.5108681716736887,30.183209236815294,0.5104836336785822,-1.4053332649040562,0.3999999999999986,0.3000000000000007,0.029999999999999805,0.500899191454721,1.1102230246251565e-16,0.0,-0.4466039035804137,-9.08132686084012,1.040216301141382,-5.768392576367084,-0.2191352041608673,-0.002541663195132049,5.0,5.0,5.0
0,81,32.4,24.3,2.4299999999999997,21.254907203505258,14.043964447905196,3.5958708222801894,40.572834507832944,0.6435011087932844,1.5108681716736887,25.728083967022705,0.5838881993503435,1.4305728277808085,0.3999999999999986,0.3000000000000007,0.029999999999999805,0.500899191454728,0.0,0.0,-4.720513789282602,-0.5021113396330907,8.567319631631463,-4.455125269792589,0.07340456567176135,2.8359060926848647,5.0,5.0,5.0
0,82,32.800000000000004,24.599999999999998,2.46,23.066166323799347,25.55777517744102,8.083097496942276,41.07373369928768,0.6435011087932843,1.5108681716736887,35.36360227752356,0.836595812028913,1.340186652306033,0.4000000000000057,0.29999999999999716,0.03000000000000025,0.5008991914547352,-1.1102230246251565e-16,0.0,1.811259120294089,11.513810729535823,4.487226674662087,9.635518310500856,0.25270761267856945,-0.09038617547477545,5.0,5.0,5.0
0,83,33.2,24.9,2.4899999999999998,23.445468845834352,12.070151702592735,-10.447076818732485,41.5746328907424,0.6435011087932843,1.5108681716736887,28.364061514195903,0.4754316924284571,-1.193594016787832,0.3999999999999986,0.3000000000000007,0.029999999999999805,0.500899191454721,0.0,0.0,0.3793025220350046,-13.487623474848284,-18.530174315674763,-6.9995407633276585,-0.36116411960045586,-2.533780669093865,5.0,5.0,5.0
0,84,33.6,25.2,2.52,24.506043998343195,24.391456760056986,1.6198459656296005,42.07553208219713,0.6435011087932844,1.5108681716736887,34.613772638630834,0.7830547506104192,1.523981499148434,0.3999999999999986,0.3000000000000007,0.03000000000000025,0.500899191454728,1.1102230246251565e-16,0.0,1.060575152508843,12.32130505746425,12.066922784362086,6.249711124434931,0.30762305818196206,2.7175755159362662,5.0,5.0,5.0
0,85,34.0,25.5,2.55,32.880605795562104,22.789179410608327,3.8824092988097414,42.576431273651856,0.6435011087932844,1.5108681716736887,40.19395523776593,0.6060724952201544,1.4740536224767395,0.3999999999999986,0.3000000000000007,0.029999999999999805,0.500899191454728,0.0,0.0,8.37456179721891,-1.6022773494486593,2.262563333180141,5.580182599135092,-0.1769822553902648,-0.049927876671694404,5.0,5.0,5.0
0,86,34.4,25.8,2.58,12.963088923898603,30.599985161527815,-7.688883845727146,43.077330465106584,0.6435011087932844,1.5108681716736887,34.11040458756989,1.17008617688037,-1.343430748927433,0.3999999999999986,0.3000000000000007,0.03000000000000025,0.500899191454728,0.0,0.0,-19.9175168716635,7.810805750919489,-11.571293144536888,-6.083550650196038,0.5640136816602157,-2.8174843714041726,5.0,5.0,5.0
0,87,34.800000000000004,26.099999999999998,2.61,30.20993308609163,19.2601484248287,-3.4587010046889017,43.57822965656131,0.6435011087932843,1.5108681716736887,35.99383262522069,0.5675685999740474,-1.474556341045442,0.4000000000000057,0.29999999999999716,0.029999999999999805,0.500899191454728,-1.1102230246251565e-16,0.0,17.246844162193028,-11.339836736699116,4.2301828410382445,1.883428037650802,-0.6025175769063227,-0.131125592118009,5.0,5.0,5.0
0,88,35.2,26.4,2.6399999999999997,29.2130785527475,18.790650860228304,5.022343973355713,44.07912884801604,0.6435011087932843,1.5108681716736887,35.09581823047722,0.5715993814735586,1.4271995683614405,0.3999999999999986,0.3000000000000007,0.029999999999999805,0.500899191454728,0.0,0.0,-0.9968545333441305,-0.4694975646003954,8.481044978044615,-0.8980143947434698,0.0040307814995111935,2.9017559094068828,5.0,5.0,5.0
0,89,35.6,26.7,2.67,36.28761106042123,26.3574243291629,-4.796924133878653,44.58002803947077,0.6435011087932844,1.5108681716736887,45.10559848717386,0.6281910293233209,-1.4642460785828697,0.3999999999999986,0.3000000000000007,0.03000000000000025,0.500899191454728,1.1102230246251565e-16,0.0,7.074532507673727,7.566773468934596,-9.819268107234365,10.009780256696637,0.05659164784976234,-2.89144564694431,5.0,5.0,5.0
0,90,36.0,27.0,2.6999999999999997,29.54825814300507,21.712830195912908,-1.4563361340674486,45.0809272309255,0.6435011087932844,1.5108681716736887,36.696968121870825,0.6337188498159565,-1.5311004403913118,0.3999999999999986,0.3000000000000007,0.029999999999999805,0.500899191454728,0.0,0.0,-6.739352917416156,-4.644594133249992,3.3405879998112042,-8.408630365303033,0.00552782049263556,-0.06685436180844206,5.0,5.0,5.0
0,91,36.4,27.3,2.73,27.40286780087094,19.17942380438651,-4.0841759419243875,45.581826422380225,0.6435011087932844,1.5108681716736887,33.69640862621522,0.610662683630218,-1.4492925024612333,0.3999999999999986,0.3000000000000007,0.03000000000000025,0.500899191454728,0.0,0.0,-2.1453903421341316,-2.5334063915263982,-2.627839807856939,-3.000559495655608,-0.02305616618573847,0.08180793793007846,5.0,5.0,5.0
0,92,36.800000000000004,27.599999999999998,2.76,31.99003594321679,25.51678328844588,0.34202541682378307,46.08272561383495,0.6435011087932843,1.5108681716736887,40.92170097177738,0.6733050559153074,1.5624381845142281,0.4000000000000057,0.29999999999999716,0.029999999999999805,0.500899191454728,-1.1102230246251565e-16,0.0,4.587168142345849,6.33735948405937,4.4262013587481706,7.225292345562167,0.0626423722850894,3.0117306869754614,5.0,5.0,5.0
0,93,37.2,27.9,2.79,30.553704521663043,17.326902710067746,-1.4476940613358282,46.58362480528968,0.6435011087932843,1.5108681716736887,35.15460475693722,0.5158743993642335,-1.5296038979737494,0.3999999999999986,0.3000000000000007,0.03000000000000025,0.500899191454728,0.0,0.0,-1.4363314215537457,-8.189880578378133,-1.7897194781596113,-5.767096214840166,-0.1574306565510739,-3.0920420824879775,5.0,5.0,5.0
0,94,37.6,28.2,2.82,28.189937171745726,20.938719781382417,-5.902894656451981,47.08452399674441,0.6435011087932844,1.5108681716736887,35.60823934366028,0.6388596602779614,-1.4042542370541582,0.3999999999999986,0.3000000000000007,0.029999999999999805,0.500899191454728,1.1102230246251565e-16,0.0,-2.3637673499173175,3.611817071314672,-4.455200595116152,0.4536345867230622,0.12298526091372786,0.1253496609195912,5.0,5.0,5.0
0,95,38.0,28.5,2.85,32.49022291148931,27.409411005527176,-8.75060968177913,47.58542318819914,0.6435011087932844,1.5108681716736887,43.398888998579515,0.7007786292089966,-1.3677723537901798,0.3999999999999986,0.3000000000000007,0.03000000000000025,0.500899191454728,0.0,0.0,4.300285739743586,6.470691224144758,-2.8477150253271493,7.7906496549192354,0.06191896893103521,0.03648188326397839,5.0,5.0,5.0
0,96,38.400000000000006,28.799999999999997,2.88,31.28588984886668,18.365678978060075,-1.9608127123641799,48.086322379653865,0.6435011087932843,1.5108681716736887,36.33111413724531,0.5308263167324045,-1.5167994723870817,0.4000000000000057,0.29999999999999716,0.029999999999999805,0.500899191454728,-1.1102230246251565e-16,0.0,-1.2043330626226307,-9.043732027467101,6.78979696941495,-7.0677748613342075,-0.16995231247659204,-0.14902711859690188,5.0,5.0,5.0
0,97,38.800000000000004,29.099999999999998,2.9099999999999997,30.96131153996863,27.558638763444165,11.034078022946115,48.58722157110859,0.6435011087932843,1.5108681716736887,42.893265911859224,0.727318041680188,1.310626159521238,0.3999999999999986,0.3000000000000007,0.029999999999999805,0.500899191454728,0.0,0.0,-0.32457830889805095,9.19295978538409,12.994890735310296,6.562151774613916,0.19649172494778344,2.8274256319083197,5.0,5.0,5.0
0,98,39.2,29.4,2.94,43.95294747127233,23.401850114866253,1.6081510737780174,49.08812076256332,0.6435011087932843,1.5108681716736887,49.8206215345331,0.4892534613926968,1.5385118948325394,0.3999999999999986,0.3000000000000007,0.03000000000000025,0.500899191454728,0.0,0.0,12.991635931303701,-4.156788648577912,-9.425926949168097,6.927355622673879,-0.23806458028749117,0.2278857353113013,5.0,5.0,5.0
0,99,39.6,29.7,2.9699999999999998,36.94576070183326,26.091318865801483,-3.391874490244633,49.58901995401805,0.6435011087932844,1.5108681716736887,45.35692853965784,0.6148789506064332,-1.4959446119241597,0.3999999999999986,0.3000000000000007,0.029999999999999805,0.500899191454728,1.1102230246251565e-16,0.0,-7.007186769439073,2.68946875093523,-5.00002556402265,-4.463692994875267,0.12562548921373634,-3.0344565067566993,5.0,5.0,5.0
0,100,40.0,30.0,3.0,34.02442206810252,34.27638619554327,2.8389341448871557,50.08991914547278,0.6435011087932844,1.5108681716736887,48.379659928253076,0.7890871824715047,1.5120822735352368,0.3999999999999986,0.3000000000000007,0.03000000000000025,0.500899191454728,0.0,0.0,-2.921338633730741,8.185067329741784,6.230808635131789,3.02273138859524,0.1742082318650715,3.0080268854593966,5.0,5.0,5.0
0,101,40.400000000000006,30.299999999999997,3.03,35.70146142877786,26.18863584994903,-6.5215578287956575,50.590818336927505,0.6435011087932843,1.5108681716736887,44.754549627340396,0.6328865990343051,-1.42455732205209,0.4000000000000057,0.29999999999999716,0.029999999999999805,0.500899191454728,-1.1102230246251565e-16,0.0,1.6770393606753444,-8.087750345594237,-9.360491973682812,-3.625110300912681,-0.15620058343719956,-2.9366395955873266,5.0,5.0,5.0
0,102,40.800000000000004,30.599999999999998,3.06,32.5900758047672,20.26629179174089,-0.9063124339705957,51.09171752838223,0.6435011087932843,1.5108681716736887,38.38824072781178,0.5563343281608834,-1.547185016849949,0.3999999999999986,0.3000000000000007,0.03000000000000025,0.500899191454728,0.0,0.0,-3.1113856240106585,-5.9223440582081395,5.615245394825061,-6.366308899528619,-0.07655227087342176,-0.12262769479785907,5.0,5.0,5.0
0,103,41.2,30.9,3.09,29.77956546720948,29.745390281840663,0.1298848809644948,51.592616719836954,0.6435011087932843,1.5108681716736887,42.09070719906164,0.7848240314021576,1.5677104891897862,0.3999999999999986,0.3000000000000007,0.029999999999999805,0.500899191454721,0.0,0.0,-2.810510337557723,9.479098490099773,1.0361973149350905,3.7024664712498634,0.22848970324127427,3.114895506039735,5.0,5.0,5.0
0,104,41.6,31.2,3.12,37.394870873285306,27.29535988026375,-4.394140769158436,52.09351591129168,0.6435011087932844,1.5108681716736887,46.505069742147185,0.6305272367543437,-1.476167814666772,0.3999999999999986,0.3000000000000007,0.03000000000000025,0.500899191454728,1.1102230246251565e-16,0.0,7.6153054060758265,-2.450030401576914,-4.524025650122931,4.414362543085545,-0.15429679464781387,-3.043878303856558,5.0,5.0,5.0
0,105,42.0,31.5,3.15,35.925949733839275,23.567325428033012,0.7485230853317213,52.59441510274642,0.6435011087932844,1.5108681716736887,42.972700391276696,0.580579690206451,1.5533768736343376,0.3999999999999986,0.3000000000000007,0.029999999999999805,0.5008991914547352,0.0,0.0,-1.4689211394460315,-3.7280344522307374,5.1426638544901575,-3.532369350870489,-0.049947546547892796,3.02954468830111,5.0,5.0,5.0
0,106,42.400000000000006,31.799999999999997,3.1799999999999997,31.15913137176377,29.494891014673136,-0.74641963887664,53.09531429420114,0.6435011087932843,1.5108681716736887,42.911504355913465,0.7579667938887923,-1.5534010549376593,0.4000000000000057,0.29999999999999716,0.029999999999999805,0.500899191454721,-1.1102230246251565e-16,0.0,-4.7668183620755045,5.9275655866401245,-1.4949427242083613,-0.06119603536323126,0.17738710368234134,-3.106777928571997,5.0,5.0,5.0
0,107,42.800000000000004,32.1,3.21,37.49832247820648,27.77644734445068,5.311190914953738,53.59621348565587,0.6435011087932844,1.5108681716736887,46.966626073135096,0.6375472858372376,1.457469545946482,0.3999999999999986,0.30000000000000426,0.03000000000000025,0.5008991914547352,1.1102230246251565e-16,0.0,6.339191106442712,-1.718443670222456,6.057610553830378,4.055121717221631,-0.12041950805155466,3.0108706008841413,5.0,5.0,5.0
0,108,43.2,32.4,3.2399999999999998,39.5636010214808,28.48272597175074,-1.2808293760023726,54.097112677110594,0.6435011087932843,1.5108681716736887,48.766635402282894,0.6239720007992594,-1.5445288455851887,0.3999999999999986,0.29999999999999716,0.029999999999999805,0.500899191454721,-1.1102230246251565e-16,0.0,2.0652785432743173,0.7062786273000583,-6.5920202909561105,1.800009329147798,-0.013575285037978224,-3.0019983915316706,5.0,5.0,5.0
0,109,43.6,32.699999999999996,3.27,37.14688730258305,33.14229691566982,-8.099891867865,54.59801186856532,0.6435011087932843,1.5108681716736887,50.43720183939954,0.7284866203684459,-1.4095042963347777,0.3999999999999986,0.29999999999999716,0.03000000000000025,0.500899191454728,0.0,0.0,-2.4167137188977463,4.6595709439190784,-6.819062491862628,1.6705664371166478,0.1045146195691865,0.13502454925041096,5.0,5.0,5.0
0,110,44.0,33.0,3.3,32.317479909881776,38.526856008939156,0.38221822470661726,55.09891106002005,0.6435011087932844,1.5108681716736887,50.28801281051421,0.8728229144572064,1.5631956704258596,0.3999999999999986,0.30000000000000426,0.029999999999999805,0.500899191454728,1.1102230246251565e-16,0.0,-4.8294073927012775,5.384559093269338,8.482110092571618,-0.14918902888533125,0.14433629408876048,2.9726999667606373,5.0,5.0,5.0
0,111,44.400000000000006,33.3,3.33,30.69920608405191,21.192700903820406,4.862642459482737,55.599810251474786,0.6435011087932843,1.5108681716736887,37.619371572085626,0.6042091083283231,1.4411746495648248,0.4000000000000057,0.29999999999999716,0.03000000000000025,0.5008991914547352,-1.1102230246251565e-16,0.0,-1.618273825829867,-17.33415510511875,4.48042423477612,-12.668641238428584,-0.2686138061288833,-0.12202102086103483,5.0,5.0,5.0
0,112,44.800000000000004,33.6,3.36,28.801399944166832,27.237524130816876,-8.427413139979253,56.100709442929514,0.6435011087932844,1.5108681716736887,40.52683865973979,0.7574984481990134,-1.3613212577179337,0.3999999999999986,0.30000000000000426,0.029999999999999805,0.500899191454728,1.1102230246251565e-16,0.0,-1.897806139885077,6.044823226996471,-13.29005559946199,2.9074670876541617,0.15328933987069027,-2.8024959072827587,5.0,5.0,5.0
0,113,45.2,33.9,3.3899999999999997,43.10161153979516,29.374373484823167,-3.025732496020529,56.601608634384235,0.6435011087932843,1.5108681716736887,52.247084053473834,0.5982115592036221,-1.51285191915491,0.3999999999999986,0.29999999999999716,0.029999999999999805,0.500899191454721,-1.1102230246251565e-16,0.0,14.300211595628326,2.1368493540062907,5.4016806439587235,11.720245393734047,-0.15928688899539123,-0.15153066143697624,5.0,5.0,5.0
0,114,45.6,34.199999999999996,3.42,49.47236583565149,29.29600962862972,6.489868803302041,57.10250782583896,0.6435011087932843,1.5108681716736887,57.860950204964446,0.5346416370981744,1.4583966147360412,0.3999999999999986,0.29999999999999716,0.03000000000000025,0.500899191454728,0.0,0.0,6.3707542958563295,-0.0783638561934481,9.51560129932257,5.613866151490612,-0.06356992210544776,2.971248533890951,5.0,5.0,5.0
0,115,46.0,34.5,3.4499999999999997,40.79597437344392,23.180357206223327,4.75202056283017,57.60340701729369,0.6435011087932844,1.5108681716736887,47.1616601140838,0.5167104503018768,1.4698647983654058,0.3999999999999986,0.30000000000000426,0.029999999999999805,0.500899191454728,1.1102230246251565e-16,0.0,-8.676391462207569,-6.1156524224063915,-1.7378482404718714,-10.699290090880645,-0.01793118679629757,0.011468183629364637,5.0,5.0,5.0
0,116,46.400000000000006,34.8,3.48,40.115235967212044,28.709915586364104,-0.7124225441769325,58.10430620874842,0.6435011087932843,1.5108681716736887,49.335574949145034,0.6211761347001313,-1.5563554835148945,0.4000000000000057,0.29999999999999716,0.03000000000000025,0.500899191454728,-1.1102230246251565e-16,0.0,-0.6807384062318746,5.529558380140777,-5.464443107007103,2.1739148350612325,0.10446568439825454,-3.0262202818803003,5.0,5.0,5.0
0,117,46.800000000000004,35.1,3.51,44.29033985131844,23.888113251565343,-2.935971172537542,58.60520540020315,0.6435011087932844,1.5108681716736887,50.407301907470405,0.4946319467111868,-1.5125183861872935,0.3999999999999986,0.30000000000000426,0.029999999999999805,0.500899191454728,1.1102230246251565e-16,0.0,4.175103884106399,-4.821802334798761,-2.2235486283606094,1.071726958325371,-0.1265441879889445,0.04383709732760099,5.0,5.0,5.0
0,118,47.2,35.4,3.54,39.44211066151473,29.200531542097245,1.7860037610420498,59.106104591657875,0.6435011087932843,1.5108681716736887,49.107442869799755,0.6372893225924632,1.534418995301988,0.3999999999999986,0.29999999999999716,0.03000000000000025,0.500899191454728,-1.1102230246251565e-16,0.0,-4.84822918980371,5.312418290531902,4.721974933579592,-1.2998590376706503,0.14265737588127636,3.0469373814892817,5.0,5.0,5.0
0,119,47.6,35.699999999999996,3.57,39.097005798198325,32.85850652540461,1.8200615754662501,59.6070037831126,0.6435011087932843,1.5108681716736887,51.10352177299427,0.6989150290145648,1.5351736044117872,0.3999999999999986,0.29999999999999716,0.029999999999999805,0.500899191454728,0.0,0.0,-0.3451048633164078,3.657974983307362,0.034057814424200306,1.9960789031945154,0.061625706422101634,0.0007546091097991869,5.0,5.0,5.0
0,120,48.0,36.0,3.5999999999999996,47.547178780027636,34.84120490372548,-3.1958019561469815,60.10790297456733,0.6435011087932844,1.5108681716736887,59.03267670727974,0.6323832104792052,-1.5166336969013412,0.3999999999999986,0.30000000000000426,0.029999999999999805,0.500899191454728,1.1102230246251565e-16,0.0,8.450172981829311,1.982698378320876,-5.015863531613231,7.929154934285471,-0.06653181853535961,-3.0518073013131284,5.0,5.0,5.0
0,121,48.400000000000006,36.3,3.63,43.49649014389195,24.636909438199083,-4.06020857029476,60.60880216602206,0.6435011087932843,1.5108681716736887,50.1538358965494,0.5153557922745057,-1.489752543303863,0.4000000000000057,0.29999999999999716,0.03000000000000025,0.500899191454728,-1.1102230246251565e-16,0.0,-4.050688636135689,-10.2042954655264,-0.8644066141477786,-8.878840810730338,-0.11702741820469953,0.026881153597478225,5.0,5.0,5.0
0,122,48.800000000000004,36.6,3.6599999999999997,39.7097682291693,34.71468588307204,-1.5969060374346902,61.109701357476794,0.6435011087932844,1.5108681716736887,52.76860067944857,0.7183825249496226,-1.5405292766484564,0.3999999999999986,0.30000000000000426,0.029999999999999805,0.5008991914547352,1.1102230246251565e-16,0.0,-3.786721914722648,10.07777644487296,2.46330253286007,2.614764782899165,0.20302673267511695,-0.05077673334459343,5.0,5.0,5.0
0,123,49.2,36.9,3.69,52.3349568988543,27.438177212183287,-8.336829126496628,61.610600548931515,0.6435011087932843,1.5108681716736887,59.67666212361843,0.4828824951879688,-1.4306378992191418,0.3999999999999986,0.29999999999999716,0.03000000000000025,0.500899191454721,-1.1102230246251565e-16,0.0,12.625188669685002,-7.276508670888756,-6.7399230890619375,6.90806144416986,-0.23550002976165385,0.10989137742931465,5.0,5.0,5.0
0,124,49.6,37.199999999999996,3.7199999999999998,44.728080779415436,30.699099479404346,2.0245871475525288,62.11149974038624,0.6435011087932843,1.5108681716736887,54.287520409154,0.601505739801993,1.5334938909038376,0.3999999999999986,0.29999999999999716,0.029999999999999805,0.500899191454728,0.0,0.0,-7.606876119438866,3.2609222672210585,10.361416274049157,-5.389141714464429,0.11862324461402418,2.9641317901229796,5.0,5.0,5.0
0,125,50.0,37.5,3.75,46.13733952410084,25.173618750490974,1.7824874226570153,62.61239893184097,0.6435011087932844,1.5108681716736887,52.58842496946603,0.4994769605254439,1.536894780792155,0.3999999999999986,0.30000000000000426,0.03000000000000025,0.500899191454728,1.1102230246251565e-16,0.0,1.4092587446854026,-5.525480728913372,-0.24209972489551346,-1.6990954396879658,-0.10202877927654908,0.0034008898883173266,5.0,5.0,5.0
0,126,50.400000000000006,37.8,3.78,46.81683587314465,24.962632237129412,-12.276066829810015,63.1132981232957,0.6435011087932843,1.5108681716736887,54.45779050043343,0.48985177378596806,-1.3434186033576103,0.4000000000000057,0.29999999999999716,0.029999999999999805,0.500899191454728,-1.1102230246251565e-16,0.0,0.6794963490438093,-0.21098651336156138,-14.05855425246703,1.8693655309674,-0.009625186739475822,-2.8803133841497655,5.0,5.0,5.0
0,127,50.800000000000004,38.1,3.81,53.11756991200598,29.94150977260972,-5.286590191741734,63.61419731475043,0.6435011087932844,1.5108681716736887,61.20390736444485,0.5132882164216843,-1.484311878286761,0.3999999999999986,0.30000000000000426,0.03000000000000025,0.500899191454728,1.1102230246251565e-16,0.0,6.300734038861336,4.978877535480308,6.989476638068281,6.7461168640114195,0.02343644263571626,-0.1408932749291507,5.0,5.0,5.0
0,128,51.2,38.4,3.84,41.46892203397283,31.650212443244186,-2.9560427881589355,64.11509650620515,0.6435011087932843,1.5108681716736887,52.25079550904113,0.6519129587718002,-1.514191984183673,0.3999999999999986,0.29999999999999716,0.029999999999999805,0.500899191454721,-1.1102230246251565e-16,0.0,-11.648647878033152,1.708702670634466,2.3305474035827984,-8.95311185540372,0.1386247423501159,-0.029880105896912035,5.0,5.0,5.0
0,129,51.6,38.699999999999996,3.8699999999999997,46.34711244445988,43.73547713586248,5.327313916391978,64.61599569765988,0.6435011087932843,1.5108681716736887,63.947064559717994,0.7564147162417517,1.4873914757693216,0.3999999999999986,0.29999999999999716,0.029999999999999805,0.5008991914547352,0.0,0.0,4.878190410487051,12.085264692618296,8.283356704550913,11.696269050676861,0.1045017574699515,3.001583459952995,5.0,5.0,5.0
0,130,52.0,39.0,3.9,53.29041606488403,36.66660926817374,2.185689621185492,65.1168948891146,0.6435011087932844,1.5108681716736887,64.72314824476273,0.6026624888883706,1.5370200763956634,0.3999999999999986,0.30000000000000426,0.03000000000000025,0.500899191454721,1.1102230246251565e-16,0.0,6.943303620424146,-7.068867867688745,-3.1416242952064857,0.7760836850447319,-0.15375222735338112,0.04962860062634178,5.0,5.0,5.0
0,131,52.400000000000006,39.3,3.9299999999999997,46.31748101089751,35.25171143596347,-3.026936029911667,65.61779408056934,0.6435011087932843,1.5108681716736887,58.285114292488664,0.6505601867938431,-1.518839693261339,0.4000000000000057,0.29999999999999716,0.029999999999999805,0.5008991914547352,-1.1102230246251565e-16,0.0,-6.972935053986518,-1.414897832210265,-5.212625651097159,-6.438033952274061,0.04789769790547249,-3.0558597696570025,5.0,5.0,5.0
0,132,52.800000000000004,39.6,3.96,53.69157195376374,36.148581197014714,4.7721501848763435,66.11869327202407,0.6435011087932844,1.5108681716736887,64.90206652187871,0.5925558185632787,1.4972014323453922,0.3999999999999986,0.30000000000000426,0.03000000000000025,0.5008991914547352,1.1102230246251565e-16,0.0,7.374090942866232,0.8968697610512422,7.7990862147880105,6.616952229390044,-0.05800436823056443,3.016041125606731,5.0,5.0,5.0
0,133,53.2,39.9,3.9899999999999998,46.94341771908406,35.40034722834597,1.6249952621315233,66.6195924634788,0.6435011087932843,1.5108681716736887,58.81759652211086,0.6461242391323936,1.5431651049654265,0.3999999999999986,0.29999999999999716,0.029999999999999805,0.500899191454721,-1.1102230246251565e-16,0.0,-6.7481542346796815,-0.7482339686687425,-3.14715492274482,-6.0844699997678475,0.05356842056911493,0.04596367262003431,5.0,5.0,5.0
0,134,53.6,40.199999999999996,4.02,49.37285365798138,31.57321988392412,-7.981930006228103,67.12049165493352,0.6435011087932843,1.5108681716736887,59.146074246693594,0.5689480493883128,-1.4354304716275426,0.3999999999999986,0.29999999999999716,0.029999999999999805,0.500899191454721,0.0,0.0,2.4294359388973206,-3.82712734442185,-9.606925268359626,0.32847772458273283,-0.0771761897440808,-2.9785955765929693,5.0,5.0,5.0
0,135,54.0,40.5,4.05,48.565252828282766,41.969460244094684,4.015320870589187,67.62139084638825,0.6435011087932844,1.5108681716736887,64.31284612851044,0.7126729074385479,1.5083214972948509,0.3999999999999986,0.30000000000000426,0.03000000000000025,0.5008991914547352,1.1102230246251565e-16,0.0,-0.8076008296986146,10.396240360170562,11.99725087681729,5.1667718818168495,0.14372485805023516,2.9437519689223937,5.0,5.0,5.0
0,136,54.400000000000006,40.8,4.08,49.071321907547095,29.010585829135763,-3.390202872258701,68.12229003784297,0.6435011087932843,1.5108681716736887,57.10606096920742,0.533918050932735,-1.511394620689104,0.4000000000000057,0.29999999999999716,0.03000000000000025,0.500899191454721,-1.1102230246251565e-16,0.0,0.5060690792643285,-12.95887441495892,-7.405523742847889,-7.206785159303024,-0.1787548565058129,-3.019716117983955,5.0,5.0,5.0
0,137,54.800000000000004,41.1,4.109999999999999,41.21428342054161,41.42659693264177,-1.0211073100698025,68.62318922929771,0.6435011087932844,1.5108681716736887,58.44504043481341,0.7879672677448589,-1.5533241981513088,0.3999999999999986,0.30000000000000426,0.02999999999999936,0.5008991914547352,1.1102230246251565e-16,0.0,-7.857038487005482,12.416011103506008,2.3690955621888987,1.3389794656059877,0.2540492168121239,-0.041929577462204826,5.0,5.0,5.0
0,138,55.2,41.4,4.14,47.99247297371889,38.316345608513814,2.1487341196473353,69.12408842075243,0.6435011087932843,1.5108681716736887,61.44946591501956,0.6737538203103809,1.5358216982239752,0.3999999999999986,0.29999999999999716,0.03000000000000025,0.500899191454721,-1.1102230246251565e-16,0.0,6.778189553177278,-3.110251324127958,3.169841429717138,3.0044254802061516,-0.11421344743447803,3.089145896375284,5.0,5.0,5.0
0,139,55.6,41.699999999999996,4.17,54.36192633436579,35.16795882026601,-9.774984713072566,69.62498761220715,0.6435011087932843,1.5108681716736887,65.47942187059795,0.5742088044654605,-1.420952907512543,0.3999999999999986,0.29999999999999716,0.03000000000000025,0.500899191454721,0.0,0.0,6.369453360646901,-3.148386788247805,-11.923718832719901,4.029955955578387,-0.09954501584492037,-2.956774605736518,5.0,5.0,5.0
0,140,56.0,42.0,4.2,50.3139621641513,36.117095250287115,-5.391719422795743,70.12588680366188,0.6435011087932844,1.5108681716736887,62.16920456550907,0.6225953812958906,-1.4839607077459736,0.3999999999999986,0.30000000000000426,0.03000000000000025,0.5008991914547352,1.1102230246251565e-16,0.0,-4.047964170214492,0.949136430021106,4.383265290276824,-3.3102173050888766,0.04838657683043013,-0.06300780023343044,5.0,5.0,5.0
0,141,56.400000000000006,42.3,4.2299999999999995,42.6044460358507,33.081528080924144,-1.9637230399821606,70.6267859951166,0.6435011087932843,1.5108681716736887,53.975758728974284,0.6602344521805524,-1.5344067224992983,0.4000000000000057,0.29999999999999716,0.02999999999999936,0.500899191454721,-1.1102230246251565e-16,0.0,-7.709516128300599,-3.03556716936297,3.427996382813582,-8.193445836534785,0.037639070884661785,-0.050446014753324775,5.0,5.0,5.0
0,142,56.800000000000004,42.6,4.26,48.22951666768107,31.7626856513538,-6.317085169125109,71.12768518657134,0.6435011087932844,1.5108681716736887,58.093545620996686,0.5823787527078376,-1.4618410020128985,0.3999999999999986,0.30000000000000426,0.03000000000000025,0.5008991914547352,1.1102230246251565e-16,0.0,5.6250706318303685,-1.3188424295703456,-4.3533621291429485,4.1177868920224014,-0.07785569947271487,0.07256572048639987,5.0,5.0,5.0
0,143,57.2,42.9,4.29,51.1935518863169,36.084200684910535,-2.0428969494368614,71.62858437802606,0.6435011087932843,1.5108681716736887,62.66596142844963,0.6139791413543696,-1.5381907635385204,0.3999999999999986,0.29999999999999716,0.03000000000000025,0.500899191454721,-1.1102230246251565e-16,0.0,2.9640352186358285,4.321515033556736,4.274188219688248,4.572415807452941,0.03160038864653203,-0.0763497615256219,5.0,5.0,5.0
0,144,57.6,43.199999999999996,4.32,53.65516574818742,43.752515799797635,6.3352123344304925,72.1294835694808,0.6435011087932843,1.5108681716736887,69.52189846083985,0.6840843378795163,1.4795443160167203,0.3999999999999986,0.29999999999999716,0.03000000000000025,0.5008991914547352,0.0,0.0,2.461613861870525,7.6683151148871005,8.378109283867353,6.855937032390223,0.07010519652514668,3.0177350795552407,5.0,5.0,5.0
0,145,58.0,43.5,4.35,57.113086078736195,27.494393963852566,3.8601885731703645,72.63038276093552,0.6435011087932844,1.5108681716736887,63.50391607371232,0.44865938862773025,1.5099722073557067,0.3999999999999986,0.30000000000000426,0.02999999999999936,0.500899191454721,1.1102230246251565e-16,0.0,3.457920330548774,-16.25812183594507,-2.475023761260128,-6.017982387127532,-0.23542494925178603,0.03042789133898638,5.0,5.0,5.0
0,146,58.400000000000006,43.8,4.38,52.569739686378334,36.445749223666304,-10.914201224580808,73.13128195239025,0.6435011087932843,1.5108681716736887,64.89214093816443,0.6062042152411791,-1.4018032276393997,0.4000000000000057,0.29999999999999716,0.03000000000000025,0.5008991914547352,-1.1102230246251565e-16,0.0,-4.543346392357861,8.951355259813738,-14.774389797751173,1.3882248644521127,0.15754482661344882,-2.911775434995106,5.0,5.0,5.0
0,147,58.800000000000004,44.1,4.41,40.24683358174359,36.19392116156991,5.619754113574294,73.63218114384499,0.6435011087932844,1.5108681716736887,54.41864734356723,0.7324274537177682,1.4673429841669277,0.3999999999999986,0.30000000000000426,0.03000000000000025,0.5008991914547352,1.1102230246251565e-16,0.0,-12.322906104634747,-0.2518280620963935,16.533955338155103,-10.473493594597201,0.12622323847658912,2.8691462118063273,5.0,5.0,5.0
0,148,59.2,44.4,4.4399999999999995,50.46596430460352,49.826703432103905,2.823257519270264,74.13308033529971,0.6435011087932843,1.5108681716736887,70.97524012727584,0.7790242954967289,1.5310077669789606,0.3999999999999986,0.29999999999999716,0.02999999999999936,0.500899191454721,-1.1102230246251565e-16,0.0,10.21913072285993,13.632782270533994,-2.7964965943040303,16.55659278370861,0.04659684177896073,0.06366478281203292,5.0,5.0,5.0
0,149,59.6,44.699999999999996,4.47,44.514262651856946,50.887972970432145,-3.156254290427799,74.63397952675443,0.6435011087932843,1.5108681716736887,67.68358230489713,0.8521078452821711,-1.5241469144849407,0.3999999999999986,0.29999999999999716,0.03000000000000025,0.500899191454721,0.0,0.0,-5.951701652746571,1.06126953832824,-5.979511809698063,-3.29165782237871,0.07308354978544218,-3.0551546814639012,5.0,5.0,5.0
0,150,60.0,45.0,4.5,53.355801510762035,37.04524932453636,-0.9870850839946712,75.13487871820917,0.6435011087932844,1.5108681716736887,64.96280773901282,0.606894208590097,-1.5556011234971212,0.3999999999999986,0.30000000000000426,0.03000000000000025,0.5008991914547352,1.1102230246251565e-16,0.0,8.84153885890509,-13.842723645895788,2.1691692064331276,-2.7207745658843123,-0.24521363669207408,-0.031454209012180545,5.0,5.0,5.0
0,151,60.400000000000006,45.3,4.53,43.78069837546495,35.36032933701875,0.4420831237954941,75.63577790966389,0.6435011087932843,1.5108681716736887,56.27875157245595,0.6793999271543586,1.5629410055944164,0.4000000000000057,0.29999999999999716,0.03000000000000025,0.500899191454721,-1.1102230246251565e-16,0.0,-9.575103135297084,-1.6849199875176097,1.4291682077901653,-8.684056166556864,0.07250571856426158,3.1185421290915376,5.0,5.0,5.0
0,152,60.800000000000004,45.6,4.56,50.72395759658408,34.381323097797235,-0.6963475905683829,76.13667710111862,0.6435011087932844,1.5108681716736887,61.28197248932246,0.5956791802627941,-1.559433073487004,0.3999999999999986,0.30000000000000426,0.02999999999999936,0.5008991914547352,1.1102230246251565e-16,0.0,6.943259221119128,-0.979006239221512,-1.138430714363877,5.0032209168665105,-0.0837207468915645,-3.1223740790814203,5.0,5.0,5.0
0,153,61.2,45.9,4.59,54.612106282189686,32.76336516665275,5.538049562826432,76.63757629257334,0.6435011087932843,1.5108681716736887,63.92644400074932,0.5403670080654421,1.4840560058425933,0.3999999999999986,0.29999999999999716,0.03000000000000025,0.500899191454721,-1.1102230246251565e-16,0.0,3.888148685605607,-1.6179579311444883,6.234397153394815,2.6444715114268575,-0.05531217219735196,3.0434890793295972,5.0,5.0,5.0
0,154,61.6,46.199999999999996,4.62,56.50661110366112,46.74546381762768,1.188747810641265,77.13847548402808,0.6435011087932843,1.5108681716736887,73.34540617722995,0.6911412397434803,1.5545880879572287,0.3999999999999986,0.29999999999999716,0.03000000000000025,0.5008991914547352,0.0,0.0,1.8945048214714362,13.982098650974933,-4.349301752185166,9.418962176480626,0.15077423167803816,0.07053208211463535,5.0,5.0,5.0
0,155,62.0,46.5,4.6499999999999995,60.20950171289056,36.45701710146906,-6.635168726099994,77.6393746754828,0.6435011087932844,1.5108681716736887,70.69882358621814,0.5444557976861416,-1.4768068135520593,0.3999999999999986,0.30000000000000426,0.02999999999999936,0.500899191454721,1.1102230246251565e-16,0.0,3.702890609229435,-10.288446716158617,-7.823916536741258,-2.646582591011807,-0.1466854420573387,-3.0313949015092883,5.0,5.0,5.0
0,156,62.400000000000006,46.8,4.68,59.55242787165477,45.539348909067485,-1.4898974973111612,78.14027386693753,0.6435011087932843,1.5108681716736887,74.9836232721714,0.6528387584659916,-1.550925380505599,0.4000000000000057,0.29999999999999716,0.03000000000000025,0.5008991914547352,-1.1102230246251565e-16,0.0,-0.6570738412357855,9.082331807598422,5.1452712287888325,4.28479968595326,0.10838296077984999,-0.07411856695353958,5.0,5.0,5.0
0,157,62.800000000000004,47.1,4.71,58.95703116238994,41.512847476817356,-2.7190032482848547,78.64117305839227,0.6435011087932844,1.5108681716736887,72.15705792076547,0.6134859736939878,-1.5331056670551884,0.3999999999999986,0.30000000000000426,0.03000000000000025,0.5008991914547352,1.1102230246251565e-16,0.0,-0.5953967092648327,-4.026501432250129,-1.2291057509736936,-2.8265653514059323,-0.03935278477200377,0.017819713450410557,5.0,5.0,5.0
0,158,63.2,47.4,4.74,53.615994967176164,49.25916693850658,2.5875618260262145,79.14207224984699,0.6435011087932843,1.5108681716736887,72.85489633510865,0.7430728248005847,1.5352722059605677,0.3999999999999986,0.29999999999999716,0.03000000000000025,0.500899191454721,-1.1102230246251565e-16,0.0,-5.341036195213775,7.746319461689225,5.306565074311069,0.6978384143431811,0.12958685110659685,3.068377873015756,5.0,5.0,5.0
0,159,63.6,47.699999999999996,4.77,53.174901467274275,51.53783515405513,3.926394437081764,79.64297144130171,0.6435011087932843,1.5108681716736887,74.15615397049955,0.7697655573809211,1.5178239014082588,0.3999999999999986,0.29999999999999716,0.02999999999999936,0.500899191454721,0.0,0.0,-0.4410934999018892,2.2786682155485494,1.3388326110555493,1.301257635390897,0.026692732580336442,-0.017448304552308835,5.0,5.0,5.0
0,160,64.0,48.0,4.8,49.88388532504984,40.7839373618622,-0.26826925293433135,80.14387063275643,0.6435011087932844,1.5108681716736887,64.43449022263691,0.6853673523185637,-1.566632872920203,0.3999999999999986,0.30000000000000426,0.03000000000000025,0.500899191454721,1.1102230246251565e-16,0.0,-3.2910161422244357,-10.75389779219293,-4.194663690016095,-9.721663747862635,-0.0843982050623574,-3.084456774328462,5.0,5.0,5.0
0,161,64.4,48.3,4.83,59.64620168251582,39.20234925678579,0.7804954830152777,80.64476982421117,0.6435011087932843,1.5108681716736887,71.37998834128074,0.5814536416086588,1.5598617349753658,0.4000000000000057,0.29999999999999716,0.03000000000000025,0.5008991914547352,-1.1102230246251565e-16,0.0,9.762316357465984,-1.5815881050764133,1.048764735949609,6.945498118643826,-0.10391371070990496,3.1264946078955687,5.0,5.0,5.0
0,162,64.8,48.6,4.859999999999999,59.46640309170675,42.44016249969248,-2.5324130924480848,81.14566901566589,0.6435011087932844,1.5108681716736887,73.10152943500195,0.619850294788058,-1.536146984857481,0.3999999999999915,0.30000000000000426,0.02999999999999936,0.500899191454721,1.1102230246251565e-16,0.0,-0.1797985908090709,3.2378132429066895,-3.3129085754633625,1.721541093721214,0.03839665317939922,-3.096008719832847,5.0,5.0,5.0
0,163,65.2,48.9,4.89,58.916520611246746,37.980409481423905,-6.732858079055537,81.64656820712062,0.6435011087932844,1.5108681716736887,70.4201624765578,0.5726035323363712,-1.4750402529393993,0.4000000000000057,0.29999999999999716,0.03000000000000025,0.5008991914547352,0.0,0.0,-0.5498824804600062,-4.459753018268572,-4.200444986607452,-2.681366958444144,-0.0472467624516868,0.06110673191808158,5.0,5.0,5.0
0,164,65.60000000000001,49.199999999999996,4.92,60.72402256152664,42.04978606308975,0.2673481613369191,82.14746739857536,0.6435011087932843,1.5108681716736887,73.86245933519804,0.6056568480488318,1.5671767784139652,0.4000000000000057,0.29999999999999716,0.03000000000000025,0.5008991914547352,-1.1102230246251565e-16,0.0,1.8075019502798924,4.069376581665843,7.000206240392456,3.4422968586402334,0.03305331571246062,3.0422170313533643,5.0,5.0,5.0
0,165,66.0,49.5,4.95,61.66809788246858,44.50080533415257,-4.10420366482792,82.64836659003008,0.6435011087932844,1.5108681716736887,76.15852191023835,0.6250877870387027,-1.516879933623407,0.3999999999999915,0.30000000000000426,0.03000000000000025,0.500899191454721,1.1102230246251565e-16,0.0,0.9440753209419412,2.451019271062819,-4.371551826164839,2.2960625750403096,0.019430938989870916,-3.084056712037372,5.0,5.0,5.0
0,166,66.4,49.8,4.9799999999999995,73.38551787994172,43.470805370628035,-3.992815744610273,83.1492657814848,0.6435011087932843,1.5108681716736887,85.38786641934952,0.534784528032741,-1.5240183423995886,0.4000000000000057,0.29999999999999716,0.02999999999999936,0.500899191454721,-1.1102230246251565e-16,0.0,11.717419997473137,-1.0299999635245314,0.11138792021764665,9.229344509111172,-0.0903032590059617,-0.0071384087761816595,5.0,5.0,5.0
0,167,66.8,50.1,5.01,66.04083435306359,48.0408222279644,-4.324777713761138,83.65016497293954,0.6435011087932844,1.5108681716736887,81.78029166407458,0.6289064523800535,-1.5178887625730726,0.3999999999999915,0.30000000000000426,0.03000000000000025,0.5008991914547352,1.1102230246251565e-16,0.0,-7.3446835268781285,4.570016857336363,-0.33196196915086507,-3.607574755274939,0.09412192434731248,0.006129579826515963,5.0,5.0,5.0
0,168,67.2,50.4,5.04,65.47975358825863,42.29761528917808,5.014604065775621,84.15106416439426,0.6435011087932844,1.5108681716736887,78.11422817302156,0.5735332852611817,1.5065563686479713,0.4000000000000057,0.29999999999999716,0.03000000000000025,0.500899191454721,0.0,0.0,-0.5610807648049558,-5.743206938786315,9.339381779536758,-3.6660634910530234,-0.05537316711887175,3.024445131221044,5.0,5.0,5.0
0,169,67.60000000000001,50.699999999999996,5.069999999999999,68.55803160508717,57.41922392025326,7.0466476514228615,84.65196335584899,0.6435011087932843,1.5108681716736887,89.70410367587215,0.6972083113373506,1.4921609602180335,0.4000000000000057,0.29999999999999716,0.02999999999999936,0.5008991914547352,-1.1102230246251565e-16,0.0,3.078278016828534,15.121608631075176,2.0320435856472407,11.589875502850589,0.12367502607616887,-0.014395408429937806,5.0,5.0,5.0
0,170,68.0,51.0,5.1,66.7445189518623,54.85047268411547,1.7428772235266186,85.15286254730371,0.6435011087932844,1.5108681716736887,86.4085805045002,0.6878914507810288,1.550624771925551,0.3999999999999915,0.30000000000000426,0.03000000000000025,0.500899191454721,1.1102230246251565e-16,0.0,-1.813512653224862,-2.5687512361377856,-5.303770427896243,-3.295523171371954,-0.00931686055632186,0.05846381170751758,5.0,5.0,5.0
0,171,68.4,51.3,5.13,64.4120203681301,45.682889717671976,-3.9345997820810608,85.65376173875845,0.6435011087932843,1.5108681716736887,79.06526327222683,0.6168932810880365,-1.5210118145409688,0.4000000000000057,0.29999999999999716,0.03000000000000025,0.5008991914547352,-1.1102230246251565e-16,0.0,-2.332498583732203,-9.167582966443497,-5.677477005607679,-7.343317232273364,-0.07099816969299222,-3.0716365864665196,5.0,5.0,5.0
0,172,68.8,51.6,5.16,66.91174727493161,47.31920795952307,1.6956042664516313,86.15466093021317,0.6435011087932844,1.5108681716736887,81.97050956977954,0.6155340838810291,1.5501093111705755,0.3999999999999915,0.30000000000000426,0.03000000000000025,0.500899191454721,1.1102230246251565e-16,0.0,2.499726906801513,1.636318241851093,5.630204048532692,2.905246297552708,-0.0013591972070073899,3.071121125711544,5.0,5.0,5.0
0,173,69.2,51.9,5.1899999999999995,67.7082188064382,42.44087989436045,-4.147913203172932,86.6555601216679,0.6435011087932844,1.5108681716736887,80.01772531189009,0.5599071593544366,-1.5189356535125709,0.4000000000000057,0.29999999999999716,0.02999999999999936,0.5008991914547352,0.0,0.0,0.7964715315065831,-4.87832806516262,-5.8435174696245635,-1.9527842578894479,-0.05562692452659257,-3.0690449646831466,5.0,5.0,5.0
0,174,69.60000000000001,52.199999999999996,5.22,62.09820765457576,40.70845373923115,-2.832334413260365,87.15645931312262,0.6435011087932843,1.5108681716736887,74.30604092520656,0.580266617079375,-1.5326699418521355,0.4000000000000057,0.29999999999999716,0.03000000000000025,0.500899191454721,-1.1102230246251565e-16,0.0,-5.610011151862437,-1.7324261551292963,1.3155787899125668,-5.71168438668353,0.020359457724938412,-0.013734288339564582,5.0,5.0,5.0
0,175,70.0,52.5,5.25,71.3054315263341,43.63633876022063,-3.0365299168085382,87.65735850457736,0.6435011087932844,1.5108681716736887,83.6529445954482,0.5491699594729487,-1.5344892109712736,0.3999999999999915,0.30000000000000426,0.03000000000000025,0.5008991914547352,1.1102230246251565e-16,0.0,9.207223871758345,2.9278850209894784,-0.20419550354817328,9.346903670241645,-0.031096657606426326,-0.0018192691191381005,5.0,5.0,5.0
0,176,70.4,52.8,5.279999999999999,59.12245649891965,55.097573423358284,-2.0841320663724225,88.15825769603208,0.6435011087932843,1.5108681716736887,80.84275518609621,0.7501747581955861,-1.5450133981055154,0.4000000000000057,0.29999999999999716,0.02999999999999936,0.500899191454721,-1.1102230246251565e-16,0.0,-12.182975027414457,11.461234663137652,0.9523978504361157,-2.8101894093519917,0.20100479872263743,-0.010524187134241858,5.0,5.0,5.0
0,177,70.8,53.1,5.31,63.7434459442694,45.02239367915655,0.9109608532517219,88.65915688748682,0.6435011087932844,1.5108681716736887,78.04532454367211,0.6149458136352116,1.55912385897214,0.3999999999999915,0.30000000000000426,0.03000000000000025,0.5008991914547352,1.1102230246251565e-16,0.0,4.620989445349757,-10.075179744201733,2.9950929196241445,-2.7974306424241036,-0.1352289445603745,3.1041372570776553,5.0,5.0,5.0
0,178,71.2,53.4,5.34,62.47828289005021,49.58956339693315,3.766293758651025,89.16005607894154,0.6435011087932844,1.5108681716736887,79.85515386914014,0.6708930593977839,1.523614757451463,0.4000000000000057,0.29999999999999716,0.03000000000000025,0.500899191454721,0.0,0.0,-1.2651630542191938,4.567169717776601,2.855332905399303,1.80982932546803,0.05594724576257226,-0.03550910152067699,5.0,5.0,5.0
0,179,71.60000000000001,53.699999999999996,5.37,56.14719438883995,51.25523187324946,-1.137548574845578,89.66095527039627,0.6435011087932843,1.5108681716736887,76.03223164473657,0.7398816522095549,-1.5558343693024552,0.4000000000000057,0.29999999999999716,0.03000000000000025,0.5008991914547352,-1.1102230246251565e-16,0.0,-6.33108850121026,1.6656684763163057,-4.903842333496603,-3.8229222244035697,0.06898859281177105,-3.079449126753918,5.0,5.0,5.0
0,180,72.0,54.0,5.3999999999999995,59.13932077210525,51.08015197876358,-1.1442100343737893,90.161854461851,0.6435011087932844,1.5108681716736887,78.15337743285511,0.7124087732482449,-1.5561552331902213,0.3999999999999915,0.30000000000000426,0.02999999999999936,0.500899191454721,1.1102230246251565e-16,0.0,2.992126383265301,-0.1750798944858758,-0.006661459528211289,2.1211457881185396,-0.02747287896131001,-0.00032086388776608743,5.0,5.0,5.0
0,181,72.4,54.3,5.43,69.50734377833575,47.25356443194168,1.0126522666221245,90.66275365330573,0.6435011087932843,1.5108681716736887,84.05471822126648,0.5970642086297436,1.55874849906745,0.4000000000000057,0.29999999999999716,0.03000000000000025,0.5008991914547352,-1.1102230246251565e-16,0.0,10.368023006230501,-3.826587546821898,2.156862300995914,5.901340788411375,-0.11534456461850129,3.1149037322576714,5.0,5.0,5.0
0,182,72.8,54.6,5.46,70.2537066518809,46.88572373863033,0.37173351376296804,91.16365284476045,0.6435011087932844,1.5108681716736887,84.46296569875435,0.5884943667153613,1.5663951704918826,0.3999999999999915,0.30000000000000426,0.03000000000000025,0.500899191454721,1.1102230246251565e-16,0.0,0.7463628735451522,-0.3678406933113507,-0.6409187528591564,0.40824747748786194,-0.00856984191438237,0.0076466714244325384,5.0,5.0,5.0
0,183,73.2,54.9,5.49,71.62724663749319,48.15795229771903,-1.5557634358729935,91.66455203621518,0.6435011087932844,1.5108681716736887,86.32537998900474,0.5919208767075426,-1.5527732649108985,0.4000000000000057,0.29999999999999716,0.03000000000000025,0.5008991914547352,0.0,0.0,1.3735399856122825,1.2722285590886955,-1.9274969496359615,1.862414290250399,0.0034265099921813036,-3.119168435402781,5.0,5.0,5.0
0,184,73.60000000000001,55.199999999999996,5.52,65.59958924270039,60.81222449253301,-1.6881738294569288,92.1654512276699,0.6435011087932843,1.5108681716736887,89.46665684722832,0.7475450715489692,-1.5519258997076886,0.4000000000000057,0.29999999999999716,0.02999999999999936,0.500899191454721,-1.1102230246251565e-16,0.0,-6.027657394792797,12.654272194813984,-0.13241039358393536,3.141276858223577,0.15562419484142664,0.0008473652032099377,5.0,5.0,5.0
0,185,74.0,55.5,5.55,68.1802619935277,53.06187038907724,-2.7342993641685025,92.66635041912463,0.6435011087932844,1.5108681716736887,86.43833991757478,0.6613426439086474,-1.5391581025768684,0.3999999999999915,0.30000000000000426,0.03000000000000025,0.500899191454721,1.1102230246251565e-16,0.0,2.580672750827304,-7.75035410345577,-1.0461255347115737,-3.028316929653542,-0.08620242764032182,0.012767797130820213,5.0,5.0,5.0
0,186,74.4,55.8,5.58,61.361502518473856,50.10345617221798,-1.1023744696015632,93.16724961057936,0.6435011087932843,1.5108681716736887,79.22629324408199,0.6847387507640458,-1.556881627536878,0.4000000000000057,0.29999999999999716,0.03000000000000025,0.5008991914547352,-1.1102230246251565e-16,0.0,-6.818759475053838,-2.9584142168592606,1.6319248945669393,-7.212046673492793,0.02339610685539839,-0.017723524960009618,5.0,5.0,5.0
0,187,74.8,56.1,5.609999999999999,72.09765694505145,44.02893911935795,0.3075961723716176,93.6681488020341,0.6435011087932844,1.5108681716736887,84.4790757072289,0.54823890941818,1.5671552257356942,0.3999999999999915,0.30000000000000426,0.02999999999999936,0.5008991914547352,1.1102230246251565e-16,0.0,10.736154426577599,-6.074517052860031,1.4099706419731808,5.252782463146914,-0.1364998413458658,3.124036853272572,5.0,5.0,5.0
0,188,75.2,56.4,5.64,68.32690979446687,48.005551929755214,2.0214731436548052,94.16904799348882,0.6435011087932844,1.5108681716736887,83.52955148815391,0.6124596396204878,1.5465932695506373,0.4000000000000057,0.29999999999999716,0.03000000000000025,0.500899191454721,0.0,0.0,-3.770747150584583,3.9766128103972633,1.7138769712831876,-0.9495242190749877,0.06422073020230779,-0.020561956185056962,5.0,5.0,5.0
0,189,75.60000000000001,56.699999999999996,5.67,72.29531390318118,54.93692289757185,2.096466739405651,94.66994718494354,0.6435011087932843,1.5108681716736887,90.82440796725675,0.6498045498783998,1.5477116406400264,0.4000000000000057,0.29999999999999716,0.03000000000000025,0.500899191454721,-1.1102230246251565e-16,0.0,3.96840410871431,6.931370967816633,0.07499359575084563,7.294856479102833,0.03734491025791198,0.0011183710893891696,5.0,5.0,5.0
0,190,76.0,57.0,5.7,66.82705267374727,55.128505246646775,5.394354922513615,95.17084637639827,0.6435011087932844,1.5108681716736887,86.7992288261791,0.6897660916150995,1.5086087533427048,0.3999999999999915,0.30000000000000426,0.03000000000000025,0.5008991914547352,1.1102230246251565e-16,0.0,-5.468261229433907,0.19158234907492755,3.297888183107964,-4.025179141077643,0.039961541736699746,-0.03910288729732159,5.0,5.0,5.0
0,191,76.4,57.3,5.7299999999999995,74.15437619150279,54.916815452180344,6.663860610194892,95.671745567853,0.6435011087932843,1.5108681716736887,92.51559417737022,0.6374412328622887,1.4987043030229479,0.4000000000000057,0.29999999999999716,0.02999999999999936,0.500899191454721,-1.1102230246251565e-16,0.0,7.3273235177555165,-0.21168979446643021,1.269505687681277,5.716365351191115,-0.05232485875281079,-0.009904450319756952,5.0,5.0,5.0
0,192,76.80000000000001,57.599999999999994,5.76,65.96886187153943,55.82408234693116,4.125189849728505,96.17264475930773,0.6435011087932843,1.5108681716736887,86.51725895912043,0.7022947051245053,1.523097699277909,0.4000000000000057,0.29999999999999716,0.03000000000000025,0.5008991914547352,0.0,0.0,-8.18551431996336,0.907266894750812,-2.5386707604663865,-5.998335218249792,0.0648534722622166,0.024393396254961175,5.0,5.0,5.0
0,193,77.2,57.9,5.79,77.68298390742954,55.117896168605604,10.645658626929094,96.67354395076245,0.6435011087932844,1.5108681716736887,95.84340621251029,0.6170889643983792,1.4594931993257259,0.3999999999999915,0.30000000000000426,0.03000000000000025,0.500899191454721,1.1102230246251565e-16,0.0,11.714122035890114,-0.7061861783255523,6.520468777200589,9.326147253389863,-0.08520574072612608,-0.0636044999521832,5.0,5.0,5.0
0,194,77.60000000000001,58.199999999999996,5.819999999999999,75.25875487881761,50.23816740392977,2.9794904774604594,97.17444314221719,0.6435011087932843,1.5108681716736887,90.53524735438957,0.5886064069518926,1.5378806541720167,0.4000000000000057,0.29999999999999716,0.02999999999999936,0.5008991914547352,-1.1102230246251565e-16,0.0,-2.424229028611933,-4.879728764675832,-7.666168149468636,-5.30815885812072,-0.028482557446486645,0.07838745484629084,5.0,5.0,5.0
0,195,78.0,58.5,5.85,60.613231458320364,48.885509763441135,2.8551767540126156,97.6753423336719,0.6435011087932844,1.5108681716736887,77.92245457471209,0.6787011913236253,1.5341468649598895,0.3999999999999915,0.30000000000000426,0.03000000000000025,0.500899191454721,1.1102230246251565e-16,0.0,-14.645523420497248,-1.352657640488637,-0.12431372344784375,-12.612792779677477,0.09009478437173268,-0.003733789212127192,5.0,5.0,5.0
0,196,78.4,58.8,5.88,63.18322140905567,45.18373864202019,7.396393184401485,98.17624152512664,0.6435011087932843,1.5108681716736887,78.02817656099879,0.620803306280021,1.4758624820972193,0.4000000000000057,0.29999999999999716,0.03000000000000025,0.5008991914547352,-1.1102230246251565e-16,0.0,2.5699899507353052,-3.701771121420947,4.54121643038887,0.10572198628669582,-0.05789788504360427,-0.058284382862670236,5.0,5.0,5.0
0,197,78.80000000000001,59.099999999999994,5.91,67.28629511906126,58.66834148359925,-3.4296079964907626,98.67714071658136,0.6435011087932843,1.5108681716736887,89.33746142741697,0.7170835435056755,-1.5323975308778532,0.4000000000000057,0.29999999999999716,0.03000000000000025,0.500899191454721,0.0,0.0,4.103073710005596,13.484602841579061,-10.826001180892248,11.309284866418182,0.09628023722565449,-3.0082600129750725,5.0,5.0,5.0
0,198,79.2,59.4,5.9399999999999995,66.6538146025267,59.538286587137605,-2.742846540599027,99.1780399080361,0.6435011087932844,1.5108681716736887,89.41510933810575,0.7290713316657101,-1.5401160882471276,0.3999999999999915,0.30000000000000426,0.02999999999999936,0.5008991914547352,1.1102230246251565e-16,0.0,-0.6324805165345708,0.8699451035383561,0.6867614558917357,0.07764791068878196,0.011987788160034651,-0.007718557369274404,5.0,5.0,5.0
0,199,79.60000000000001,59.699999999999996,5.97,79.10048661150785,54.31645350956501,-0.0494359993139053,99.67893909949083,0.6435011087932843,1.5108681716736887,95.95398140750648,0.6017280080727125,-1.570281121476933,0.4000000000000057,0.29999999999999716,0.03000000000000025,0.5008991914547352,-1.1102230246251565e-16,0.0,12.446672008981153,-5.221833077572597,2.6934105412851217,6.538872069400725,-0.1273433235929976,-0.03016503322980535,5.0,5.0,5.0
0,200,80.0,60.0,6.0,73.39525549182048,66.23542368988727,2.618700708839814,100.17983829094555,0.6435011087932844,1.5108681716736887,98.89819246826993,0.7341661092754874,1.5443144796969002,0.3999999999999915,0.30000000000000426,0.03000000000000025,0.500899191454721,1.1102230246251565e-16,0.0,-5.705231119687369,11.918970180322262,2.6681367081537193,2.9442110607634504,0.13243810120277488,3.114595601173833,5.0,5.0,5.0
0,201,80.4,60.3,6.029999999999999,68.24836465213006,48.6146578326462,5.904931412483314,100.68073748240027,0.6435011087932843,1.5108681716736887,84.00055028903988,0.6189464858845751,1.5004419598749563,0.4000000000000057,0.29999999999999716,0.02999999999999936,0.500899191454721,-1.1102230246251565e-16,0.0,-5.146890839690414,-17.620765857241068,3.2862307036434997,-14.897642179230047,-0.1152196233909123,-0.043872519821943845,5.0,5.0,5.0
0,202,80.80000000000001,60.599999999999994,6.06,65.80198222530059,59.598297681128365,5.5372110752662556,101.18163667385501,0.6435011087932843,1.5108681716736887,88.95233924838186,0.7359674043002763,1.5085068642316488,0.4000000000000057,0.29999999999999716,0.03000000000000025,0.5008991914547352,0.0,0.0,-2.446382426829473,10.983639848482163,-0.3677203372170581,4.951788959341982,0.11702091841570117,0.008064904356692493,5.0,5.0,5.0
0,203,81.2,60.9,6.09,78.91731696614929,53.55832907431108,-5.6721816427294325,101.68253586530973,0.6435011087932844,1.5108681716736887,95.54376575662059,0.5962624115724557,-1.5113940328582303,0.3999999999999915,0.30000000000000426,0.03000000000000025,0.500899191454721,1.1102230246251565e-16,0.0,13.115334740848695,-6.039968606817283,-11.209392717995687,6.591426508238726,-0.13970499272782055,-3.019900897089879,5.0,5.0,5.0
0,204,81.60000000000001,61.199999999999996,6.12,73.37691621971838,54.61574898684354,5.878125662991791,102.18343505676447,0.6435011087932843,1.5108681716736887,91.66026528774283,0.6398546074076396,1.506622803255126,0.4000000000000057,0.29999999999999716,0.03000000000000025,0.5008991914547352,-1.1102230246251565e-16,0.0,-5.540400746430905,1.0574199125324597,11.550307305721223,-3.883500468877756,0.04359219583518381,3.0180168361133566,5.0,5.0,5.0
0,205,82.0,61.5,6.1499999999999995,76.56223011455695,63.846006976330074,-1.9288381582474896,102.68433424821919,0.6435011087932844,1.5108681716736887,99.7086159946906,0.695078489544961,-1.5514503709746919,0.3999999999999915,0.30000000000000426,0.02999999999999936,0.500899191454721,1.1102230246251565e-16,0.0,3.185313894838572,9.230257989486532,-7.806963821239281,8.048350706947772,0.055223882137321434,-3.058073174229818,5.0,5.0,5.0
0,206,82.4,61.8,6.18,77.35906283678736,58.11513432178878,2.1340408094330767,103.18523343967391,0.6435011087932843,1.5108681716736887,96.77989238680674,0.6442935090282688,1.5487440829750463,0.4000000000000057,0.29999999999999716,0.03000000000000025,0.500899191454721,-1.1102230246251565e-16,0.0,0.7968327222304055,-5.730872654541294,4.062878967680566,-2.9287236078838674,-0.050784980516692224,3.1001944539497384,5.0,5.0,5.0
0,207,82.80000000000001,62.099999999999994,6.21,80.32948652676956,58.53533157714896,2.527072050413025,103.68613263112864,0.6435011087932843,1.5108681716736887,99.42634229241868,0.6297229439235428,1.5453770651327663,0.4000000000000057,0.29999999999999716,0.03000000000000025,0.5008991914547352,0.0,0.0,2.970423689982198,0.42019725536017916,0.3930312409799481,2.646449905611945,-0.014570565104725985,-0.0033670178422799957,5.0,5.0,5.0
0,208,83.2,62.4,6.24,83.29730487566286,66.27153123218669,4.037012032915811,104.18703182258336,0.6435011087932844,1.5108681716736887,106.52067554029935,0.6720536880697944,1.5328883897037493,0.3999999999999915,0.30000000000000426,0.03000000000000025,0.500899191454721,1.1102230246251565e-16,0.0,2.967818348893303,7.73619965503773,1.5099399825027864,7.0943332478806695,0.0423307441462516,-0.012488675429016993,5.0,5.0,5.0
0,209,83.60000000000001,62.699999999999996,6.27,83.25059254737883,48.22674560486955,4.67306534822647,104.68793101403811,0.6435011087932843,1.5108681716736887,96.32402447403912,0.5250569372473776,1.5222632592307157,0.4000000000000057,0.29999999999999716,0.02999999999999936,0.5008991914547494,-1.1102230246251565e-16,0.0,-0.04671232828403049,-18.04478562731714,0.6360533153106589,-10.19665106626023,-0.1469967508224168,-0.010625130473033595,5.0,5.0,5.0
0,210,84.0,63.0,6.3,84.78100915988674,55.42800181229305,8.055923756736908,105.18883020549283,0.6435011087932844,1.5108681716736887,101.61191272014673,0.5790268818896362,1.4914317445948473,0.3999999999999915,0.30000000000000426,0.03000000000000025,0.500899191454721,1.1102230246251565e-16,0.0,1.5304166125079064,7.201256207423498,3.3828584085104376,5.287888246107613,0.05396994464225868,-0.030831514635868418,5.0,5.0,5.0
0,211,84.4,63.3,6.33,72.13195198581036,44.84037856885509,-2.4972322169991177,105.68972939694756,0.6435011087932843,1.5108681716736887,84.97007835836747,0.5561822052567639,-1.541402546059495,0.4000000000000057,0.29999999999999716,0.03000000000000025,0.500899191454721,-1.1102230246251565e-16,0.0,-12.649057174076376,-10.58762324343796,-10.553155973736025,-16.64183436177926,-0.022844676632872374,-3.032834290654342,5.0,5.0,5.0
0,212,84.80000000000001,63.599999999999994,6.359999999999999,81.39834195432535,51.18280726259303,2.127176048218896,106.19062858840228,0.6435011087932843,1.5108681716736887,96.17637293084587,0.5613230945480175,1.5486770738973703,0.4000000000000057,0.29999999999999716,0.02999999999999936,0.500899191454721,0.0,0.0,9.266389968514986,6.3424286937379435,4.624408265218014,11.206294572478399,0.00514088929125367,3.090079619956865,5.0,5.0,5.0
0,213,85.2,63.9,6.39,86.39497691874354,63.26820238848389,-1.9893267211845158,106.69152777985701,0.6435011087932844,1.5108681716736887,107.1023570752017,0.6320852842449681,-1.5522211882240438,0.3999999999999915,0.30000000000000426,0.03000000000000025,0.5008991914547352,1.1102230246251565e-16,0.0,4.996634964418192,12.085395125890862,-4.116502769403412,10.925984144355823,0.07076218969695058,-3.1008982621214143,5.0,5.0,5.0
0,214,85.60000000000001,64.2,6.42,83.99557691633669,62.440896517189195,11.48707870303985,107.19242697131175,0.6435011087932844,1.5108681716736887,105.29043392686913,0.6392528571658636,1.4614797549200238,0.4000000000000057,0.30000000000000426,0.03000000000000025,0.5008991914547352,0.0,0.0,-2.39940000240685,-0.8273058712946977,13.476405424224367,-1.8119231483325677,0.007167572920895426,3.013700943144068,5.0,5.0,5.0
0,215,86.0,64.5,6.45,78.73180540600863,61.938341222300544,6.912911222412754,107.69332616276647,0.6435011087932844,1.5108681716736887,100.41336383882728,0.6665786439748863,1.501897294417514,0.3999999999999915,0.29999999999999716,0.03000000000000025,0.500899191454721,0.0,0.0,-5.263771510328056,-0.5025552948886514,-4.574167480627096,-4.877070088041847,0.027325786809022756,0.04041753949749016,5.0,5.0,5.0
0,216,86.4,64.8,6.4799999999999995,76.18294203772393,55.78928528652479,11.465729552221422,108.19422535422119,0.6435011087932843,1.5108681716736887,95.11965077978965,0.6320809544520224,1.4499624234764246,0.4000000000000057,0.29999999999999716,0.02999999999999936,0.500899191454721,-1.1102230246251565e-16,0.0,-2.5488633682846995,-6.149055935775756,4.552818329808668,-5.2937130590376285,-0.03449768952286392,-0.051934870941089395,5.0,5.0,5.0
0,217,86.80000000000001,65.1,6.51,83.96297290874865,50.19029240940941,-4.989794541156272,108.69512454567592,0.6435011087932843,1.5108681716736887,97.94766113277147,0.5387759531647506,-1.5198307877311075,0.4000000000000057,0.29999999999999716,0.03000000000000025,0.5008991914547352,0.0,0.0,7.780030871024721,-5.5989928771153785,-16.455524093377694,2.8280103529818206,-0.09330500128727182,-2.969793211207532,5.0,5.0,5.0
0,218,87.2,65.39999999999999,6.54,80.12601506246997,60.25927469683193,1.0659140694642488,109.19602373713064,0.6435011087932843,1.5108681716736887,100.26212968804771,0.6448158445552872,1.560164853547974,0.3999999999999915,0.29999999999999716,0.03000000000000025,0.500899191454721,0.0,0.0,-3.836957846278679,10.068982287422521,6.0557086106205205,2.3144685552762354,0.1060398913905366,3.0799956412790817,5.0,5.0,5.0
0,219,87.60000000000001,65.7,6.569999999999999,83.41302628721768,56.2938402911395,1.0644272293024617,109.69692292858538,0.6435011087932844,1.5108681716736887,100.6372814340832,0.5936676937222906,1.560219261701298,0.4000000000000057,0.30000000000001137,0.02999999999999936,0.5008991914547352,1.1102230246251565e-16,0.0,3.287011224747701,-3.9654344056924273,-0.0014868401617871285,0.37515174603549895,-0.05114815083299662,5.440815332402593e-05,5.0,5.0,5.0
0,220,88.0,66.0,6.6,89.17468474329033,54.05741605203946,-3.183824096262077,110.1978221200401,0.6435011087932844,1.5108681716736887,104.32864115459594,0.5449635783563787,-1.540274329647917,0.3999999999999915,0.29999999999999716,0.03000000000000025,0.500899191454721,0.0,0.0,5.761658456072652,-2.236424239100046,-4.248251325564539,3.691359720512736,-0.048704115365911904,-3.100493591349215,5.0,5.0,5.0
0,221,88.4,66.3,6.63,82.73000994432272,69.25132544878444,-1.8352543587806123,110.69872131149482,0.6435011087932843,1.5108681716736887,107.90444282031494,0.6969431409851303,-1.5537873621486162,0.4000000000000057,0.29999999999999716,0.03000000000000025,0.500899191454721,-1.1102230246251565e-16,0.0,-6.444674798967611,15.193909396744985,1.3485697374814647,3.5758016657189984,0.15197956262875167,-0.01351303250069913,5.0,5.0,5.0
0,222,88.80000000000001,66.6,6.66,80.7173875200833,61.60978222754405,10.571575446510042,111.19962050294957,0.6435011087932843,1.5108681716736887,102.09221381483485,0.6519448231585195,1.4670610956872985,0.4000000000000057,0.29999999999999716,0.03000000000000025,0.5008991914547494,0.0,0.0,-2.01262242423941,-7.64154322124039,12.406829805290656,-5.812229005480091,-0.04499831782661079,3.020848457835915,5.0,5.0,5.0
0,223,89.2,66.89999999999999,6.6899999999999995,76.94201664292646,57.67104089487992,2.6424083107338934,111.70051969440429,0.6435011087932843,1.5108681716736887,96.19254235469568,0.6432059925360114,1.5433228794151441,0.3999999999999915,0.29999999999999716,0.02999999999999936,0.500899191454721,0.0,0.0,-3.7753708771568455,-3.9387413326641294,-7.929167135776149,-5.899671460139174,-0.008738830622508131,0.07626178372784564,5.0,5.0,5.0
0,224,89.60000000000001,67.2,6.72,81.3302981625225,61.98831925615376,3.2138661420665993,112.20141888585903,0.6435011087932844,1.5108681716736887,102.31079150796741,0.6512507871482929,1.5393783807176027,0.4000000000000057,0.30000000000001137,0.03000000000000025,0.5008991914547352,1.1102230246251565e-16,0.0,4.388281519596035,4.317278361273836,0.5714578313327059,6.118249153271734,0.00804479461228147,-0.003944498697541432,5.0,5.0,5.0
0,225,90.0,67.5,6.75,87.76318320128071,54.42018394436563,3.0944761756823667,112.70231807731375,0.6435011087932844,1.5108681716736887,103.31267361249546,0.5550534240155001,1.540839314183844,0.3999999999999915,0.29999999999999716,0.03000000000000025,0.500899191454721,0.0,0.0,6.432885038758215,-7.568135311788126,-0.1193899663842326,1.0018821045280504,-0.09619736313279281,0.00146093346624121,5.0,5.0,5.0
0,226,90.4,67.8,6.779999999999999,83.38107059844141,65.45435314877587,-3.1439483355240565,113.20321726876847,0.6435011087932843,1.5108681716736887,106.04979816766924,0.665529022270157,-1.5411460200592184,0.4000000000000057,0.29999999999999716,0.02999999999999936,0.500899191454721,-1.1102230246251565e-16,0.0,-4.3821126028393,11.034169204410233,-6.238424511206423,2.7371245551737786,0.11047559825465691,-3.081985334243062,5.0,5.0,5.0
0,227,90.80000000000001,68.1,6.81,87.00710119454247,65.75723527643412,-1.998371106067835,113.70411646022319,0.6435011087932843,1.5108681716736887,109.0790682787272,0.6471828033536844,-1.5524749114924705,0.4000000000000057,0.29999999999999716,0.03000000000000025,0.500899191454721,0.0,0.0,3.62603059610106,0.3028821276582505,1.1455772294562214,3.0292701110579685,-0.01834621891647259,-0.011328891433252108,5.0,5.0,5.0
0,228,91.2,68.39999999999999,6.84,83.05729579063802,69.40213068984521,1.4979970918804488,114.20501565167793,0.6435011087932843,1.5108681716736887,108.24700514855445,0.6960706221120568,1.556957191870346,0.3999999999999915,0.29999999999999716,0.03000000000000025,0.5008991914547352,0.0,0.0,-3.949805403904449,3.644895413411092,3.496368197948284,-0.8320631301727559,0.04888781875837245,3.1094321033628165,5.0,5.0,5.0
0,229,91.60000000000001,68.7,6.87,80.9058282503047,64.97493134885931,7.9771945205566315,114.70591484313266,0.6435011087932844,1.5108681716736887,104.07271679491978,0.6766242774102178,1.4940708714538444,0.4000000000000057,0.30000000000001137,0.03000000000000025,0.5008991914547352,1.1102230246251565e-16,0.0,-2.1514675403333285,-4.427199340985894,6.479197428676183,-4.174288353634665,-0.019446344701839036,-0.06288632041650155,5.0,5.0,5.0
0,230,92.0,69.0,6.8999999999999995,85.0759147067964,61.11476239676696,-1.1757562430354662,115.20681403458738,0.6435011087932844,1.5108681716736887,104.75833068904073,0.6229392466878583,-1.5595725804717808,0.3999999999999915,0.29999999999999716,0.02999999999999936,0.500899191454721,0.0,0.0,4.170086456491703,-3.8601689520923514,-9.152950763592099,0.685613894120948,-0.05368503072235953,-3.053643451925625,5.0,5.0,5.0
0,231,92.4,69.3,6.93,83.56781701363192,57.04835812052608,-5.148357922370774,115.70771322604212,0.6435011087932843,1.5108681716736887,101.31436617759843,0.5989929463772166,-1.5199587565159542,0.4000000000000057,0.29999999999999716,0.03000000000000025,0.5008991914547352,-1.1102230246251565e-16,0.0,-1.5080976931644727,-4.066404276240881,-3.972601679335308,-3.443964511442303,-0.02394630031064171,0.03961382395582658,5.0,5.0,5.0
0,232,92.80000000000001,69.6,6.96,85.05406129931279,72.00207334146342,3.0067990554393345,116.20861241749684,0.6435011087932843,1.5108681716736887,111.47884440348548,0.702484719519179,1.5438211302212952,0.4000000000000057,0.29999999999999716,0.03000000000000025,0.500899191454721,0.0,0.0,1.4862442856808684,14.953715220937333,8.155156977810108,10.164478225887052,0.10349177314196245,3.063779886737249,5.0,5.0,5.0
0,233,93.2,69.89999999999999,6.989999999999999,91.24303267818127,62.44653219305977,1.0128535279551683,116.70951160895156,0.6435011087932843,1.5108681716736887,110.57072970510593,0.6001777705538542,1.5616359667617987,0.3999999999999915,0.29999999999999716,0.02999999999999936,0.500899191454721,0.0,0.0,6.188971378868473,-9.555541148403648,-1.9939455274841662,-0.9081146983795492,-0.10230694896532477,0.01781483654050353,5.0,5.0,5.0
0,234,93.60000000000001,70.2,7.02,91.1927477787053,74.58835441778452,7.65673583378836,117.2104108004063,0.6435011087932844,1.5108681716736887,118.06000790196491,0.6855725418482177,1.505896165593227,0.4000000000000057,0.30000000000001137,0.03000000000000025,0.5008991914547352,1.1102230246251565e-16,0.0,-0.050284899475968814,12.141822224724748,6.643882305833192,7.489278196858976,0.08539477129436346,-0.05573980116857169,5.0,5.0,5.0
0,235,94.0,70.5,7.05,88.68160244142393,66.17985291076762,-0.9337380186440472,117.71130999186101,0.6435011087932844,1.5108681716736887,110.65745076386438,0.6411055283287885,-1.5623581322301836,0.3999999999999915,0.29999999999999716,0.03000000000000025,0.500899191454721,0.0,0.0,-2.511145337281363,-8.408501507016894,-8.590473852432407,-7.4025571381005335,-0.044467013519429166,-3.068254297823411,5.0,5.0,5.0
0,236,94.4,70.8,7.08,85.96006941519866,61.26119962317273,-11.336413473920414,118.21220918331575,0.6435011087932843,1.5108681716736887,106.16299912675638,0.6191790884121751,-1.4638092500966344,0.4000000000000057,0.29999999999999716,0.03000000000000025,0.5008991914547352,-1.1102230246251565e-16,0.0,-2.7215330262252735,-4.918653287594893,-10.402675455276366,-4.494451637108,-0.02192643991661347,0.09854888213354918,5.0,5.0,5.0
0,237,94.80000000000001,71.1,7.109999999999999,86.0633971356289,68.50899788363841,8.452896808661885,118.71310837477048,0.6435011087932843,1.5108681716736887,110.32607389916147,0.6723151758418215,1.4941037689857886,0.4000000000000057,0.29999999999999716,0.02999999999999936,0.5008991914547352,0.0,0.0,0.10332772043024363,7.247798260465686,19.7893102825823,4.163074772405096,0.053136087429646484,2.957913019082423,5.0,5.0,5.0
0,238,95.2,71.39999999999999,7.14,99.80902103972028,66.62741142948623,3.6885341982709807,119.2140075662252,0.6435011087932843,1.5108681716736887,120.06105912923296,0.5886131957279834,1.5400693391338645,0.3999999999999915,0.29999999999999716,0.03000000000000025,0.500899191454721,0.0,0.0,13.745623904091374,-1.8815864541521847,-4.764362610390904,9.734985230071487,-0.08370198011383811,0.045965570148075896,5.0,5.0,5.0
0,239,95.60000000000001,71.7,7.17,94.25427444596544,71.62542718633726,11.77196225863928,119.71490675767994,0.6435011087932844,1.5108681716736887,118.96490728941666,0.6498178472619909,1.4716808900525318,0.4000000000000057,0.30000000000001137,0.03000000000000025,0.5008991914547352,1.1102230246251565e-16,0.0,-5.554746593754842,4.998015756851032,8.083428060368298,-1.0961518398163008,0.06120465153400745,-0.06838844908133268,5.0,5.0,5.0
0,240,96.0,72.0,7.199999999999999,88.39842197106566,72.62390491533372,5.113028293088888,120.21580594913466,0.6435011087932844,1.5108681716736887,114.51923694494278,0.6877449822187637,1.5261337120818026,0.3999999999999915,0.29999999999999716,0.02999999999999936,0.500899191454721,0.0,0.0,-5.855852474899777,0.9984777289964626,-6.658933965550391,-4.445670344473882,0.0379271349567728,0.05445282202927082,5.0,5.0,5.0
0,241,96.4,72.3,7.2299999999999995,93.392031754498,64.89583601549487,-1.0404237377514667,120.71670514058938,0.6435011087932843,1.5108681716736887,113.73048671722654,0.6072784254116418,-1.5616480475579246,0.4000000000000057,0.29999999999999716,0.03000000000000025,0.500899191454721,-1.1102230246251565e-16,0.0,4.993609783432348,-7.72806889983886,-6.153452030840355,-0.7887502277162355,-0.08046655680712189,-3.0877817596397272,5.0,5.0,5.0
0,242,96.80000000000001,72.6,7.26,92.00430721493558,63.77128777990271,0.31223768080599257,121.21760433204412,0.6435011087932843,1.5108681716736887,111.9449292445921,0.606102842955464,1.5680071152802173,0.4000000000000057,0.29999999999999716,0.03000000000000025,0.5008991914547352,0.0,0.0,-1.3877245395624271,-1.124548235592158,1.3526614185574592,-1.7855574726344372,-0.0011755824561777706,3.1296551628381417,5.0,5.0,5.0
0,243,97.2,72.89999999999999,7.29,91.45811934366496,73.29409130965318,-1.574012626211469,121.71850352349884,0.6435011087932843,1.5108681716736887,117.2138598056361,0.6755910516251128,-1.5573673693441645,0.3999999999999915,0.29999999999999716,0.03000000000000025,0.500899191454721,0.0,0.0,-0.5461878712706181,9.522803529750476,-1.8862503070174617,5.268930561044002,0.06948820866964878,-3.125374484624382,5.0,5.0,5.0
0,244,97.60000000000001,73.2,7.319999999999999,95.93202911612687,71.25671562992477,-3.1108267239386658,122.21940271495359,0.6435011087932844,1.5108681716736887,119.54141949804574,0.6388664426013917,-1.5447703857364168,0.4000000000000057,0.30000000000001137,0.02999999999999936,0.5008991914547494,1.1102230246251565e-16,0.0,4.473909772461909,-2.037375679728413,-1.5368140977271967,2.3275596924096362,-0.0367246090237211,0.012596983607747747,5.0,5.0,5.0
0,245,98.0,73.5,7.35,90.62255110029888,66.4727234481918,7.909238249557586,122.7203019064083,0.6435011087932844,1.5108681716736887,112.66599211933624,0.6328649723756404,1.500537778815344,0.3999999999999915,0.29999999999999716,0.03000000000000025,0.5008991914547067,0.0,0.0,-5.309478015827992,-4.78399218173297,11.020064973496252,-6.875427378709503,-0.00600147022575126,3.045308164551761,5.0,5.0,5.0
0,246,98.4,73.8,7.38,96.80085888100736,71.57854197681829,2.693449966352212,123.22120109786303,0.6435011087932843,1.5108681716736887,120.42071509648612,0.6367091490580227,1.5484274628016415,0.4000000000000057,0.29999999999999716,0.03000000000000025,0.5008991914547352,-1.1102230246251565e-16,0.0,6.178307780708479,5.105818528626486,-5.215788283205375,7.754722977149882,0.0038441766823822388,0.04788968398629745,5.0,5.0,5.0
0,247,98.80000000000001,74.1,7.41,96.30347150559314,74.93814959455838,13.25682437420862,123.72210028931777,0.6435011087932843,1.5108681716736887,122.7429357689216,0.6612724840222867,1.462580452045628,0.4000000000000057,0.29999999999999716,0.03000000000000025,0.5008991914547352,0.0,0.0,-0.4973873754142204,3.359607617740096,10.563374407856408,2.3222206724354777,0.024563334964263994,-0.08584701075601342,5.0,5.0,5.0
0,248,99.2,74.39999999999999,7.4399999999999995,102.94746980797176,73.87621977913582,2.860370255679424,124.22299948077249,0.6435011087932843,1.5108681716736887,126.74406931575936,0.6224477943536607,1.5482263309502204,0.3999999999999915,0.29999999999999716,0.02999999999999936,0.500899191454721,0.0,0.0,6.64399830237862,-1.061929815422559,-10.396454118529196,4.001133546837764,-0.038824689668625956,0.08564587890459241,5.0,5.0,5.0
0,249,99.60000000000001,74.7,7.47,101.02420378203539,65.44506869068033,1.952157491217287,124.72389867222722,0.6435011087932844,1.5108681716736887,120.3858699540465,0.5748381753374737,1.5545797803142123,0.4000000000000057,0.30000000000001137,0.03000000000000025,0.5008991914547352,1.1102230246251565e-16,0.0,-1.9232660259363712,-8.431151088455493,-0.908212764462137,-6.358199361712863,-0.04760961901618699,0.006353449363991848,5.0,5.0,5.0
0,250,100.0,75.0,7.5,94.46759528584995,70.02787691788079,6.379061232165768,125.22479786368194,0.6435011087932844,1.5108681716736887,117.76554049008021,0.637903317568691,1.5166023340998842,0.3999999999999915,0.29999999999999716,0.03000000000000025,0.500899191454721,0.0,0.0,-6.556608496185433,4.582808227200459,4.426903740948481,-2.6203294639662857,0.06306514223121729,-0.03797744621432808,5.0,5.0,5.0
0,251,100.4,75.3,7.529999999999999,99.78029830472353,66.00402044791608,10.26753985297113,125.72569705513666,0.6435011087932843,1.5108681716736887,120.07523066686521,0.5844126361576006,1.4851825531701803,0.4000000000000057,0.29999999999999716,0.02999999999999936,0.500899191454721,-1.1102230246251565e-16,0.0,5.312703018873577,-4.023856469964713,3.888478620805362,2.309690176784997,-0.05349068141109037,-0.03141978092970388,5.0,5.0,5.0
0,252,100.80000000000001,75.6,7.56,93.59751143538483,70.96532916592734,1.3356163720139653,126.2265962465914,0.6435011087932843,1.5108681716736887,117.46640354424156,0.648726423638,1.5594258828910548,0.4000000000000057,0.29999999999999716,0.03000000000000025,0.5008991914547352,0.0,0.0,-6.182786869338699,4.961308718011267,-8.931923480957163,-2.6088271226236515,0.0643137874803994,0.07424332972087444,5.0,5.0,5.0
0,253,101.2,75.89999999999999,7.59,96.58707386616575,70.00312480376061,5.267059597643387,126.72749543804612,0.6435011087932843,1.5108681716736887,119.40369440316397,0.6271554581238787,1.5266706467683067,0.3999999999999915,0.29999999999999716,0.03000000000000025,0.500899191454721,0.0,0.0,2.9895624307809214,-0.9622043621667302,3.9314432256294216,1.9372908589224096,-0.0215709655141213,-0.03275523612274811,5.0,5.0,5.0
0,254,101.60000000000001,76.2,7.62,94.31133290457646,70.43703570997526,8.156932493696166,127.22839462950085,0.6435011087932844,1.5108681716736887,117.99380942046449,0.6414862565360596,1.5016109727802889,0.4000000000000057,0.30000000000001137,0.03000000000000025,0.5008991914547352,1.1102230246251565e-16,0.0,-2.2757409615892925,0.4339109062146491,2.889872896052779,-1.4098849826994808,0.014330798412180878,-0.025059673988017783,5.0,5.0,5.0
0,255,102.0,76.5,7.6499999999999995,92.76499116601659,73.84357268731934,6.375736095931453,127.72929382095558,0.6435011087932844,1.5108681716736887,118.73864924287926,0.6723145730974145,1.5170749489273676,0.3999999999999915,0.29999999999999716,0.02999999999999936,0.500899191454721,0.0,0.0,-1.5463417385598746,3.406536977344075,-1.7811963977647132,0.7448398224147752,0.030828316561354874,0.015463976147078728,5.0,5.0,5.0
0,256,102.4,76.8,7.68,99.87740236989339,74.35926845653104,0.25841193443431365,128.2301930124103,0.6435011087932843,1.5108681716736887,124.51852507268103,0.6399752999910941,1.5687210362325246,0.4000000000000057,0.29999999999999716,0.03000000000000025,0.500899191454721,-1.1102230246251565e-16,0.0,7.112411203876803,0.5156957692117032,-6.117324161497139,5.779875829801767,-0.03233927310632034,0.05164608730515696,5.0,5.0,5.0
0,257,102.80000000000001,77.1,7.71,100.91845037425266,69.5933773224117,1.777485867138469,128.73109220386505,0.6435011087932843,1.5108681716736887,122.60069840375274,0.6037120368736906,1.5562976480228659,0.4000000000000057,0.29999999999999716,0.03000000000000025,0.5008991914547494,0.0,0.0,1.0410480043592685,-4.765891134119343,1.5190739327041554,-1.917826668928285,-0.03626326311740358,-0.012423388209658714,5.0,5.0,5.0
0,258,103.2,77.39999999999999,7.739999999999999,102.23699578725922,76.74401562725846,10.372694925511764,129.23199139531977,0.6435011087932843,1.5108681716736887,128.25615011459954,0.643915820016423,1.4898330681677003,0.3999999999999915,0.29999999999999716,0.02999999999999936,0.500899191454721,0.0,0.0,1.3185454130065608,7.150638304846765,8.595209058373296,5.6554517108467905,0.04020378314273243,-0.06646457985516552,5.0,5.0,5.0
0,259,103.60000000000001,77.7,7.77,100.6763809898819,68.98990543065527,3.8503238358125715,129.7328905867745,0.6435011087932844,1.5108681716736887,122.10718952703496,0.6007674556755979,1.5392587720342932,0.4000000000000057,0.30000000000001137,0.03000000000000025,0.500899191454721,1.1102230246251565e-16,0.0,-1.560614797377312,-7.754110196603193,-6.522371089699193,-6.148960587564574,-0.04314836434082514,0.04942570386659284,5.0,5.0,5.0
0,260,104.0,78.0,7.8,94.42464310247027,72.04045864725853,9.186935944338927,130.2337897782292,0.6435011087932844,1.5108681716736887,119.12279672330413,0.6517322147163815,1.4935981114358816,0.3999999999999915,0.29999999999999716,0.03000000000000025,0.500899191454721,0.0,0.0,-6.251737887411636,3.0505532166032623,5.336612108526356,-2.9843928037308274,0.05096475904078368,-0.04566066059841156,5.0,5.0,5.0
0,261,104.4,78.3,7.83,101.48192476510073,70.35055416182996,16.55980993309963,130.73468896968393,0.6435011087932843,1.5108681716736887,124.5873542135257,0.6061694682337223,1.437484545898686,0.4000000000000057,0.29999999999999716,0.03000000000000025,0.500899191454721,-1.1102230246251565e-16,0.0,7.057281662630459,-1.6899044854285705,7.372873988760702,5.464557490221566,-0.04556274648265923,-0.0561135655371956,5.0,5.0,5.0
0,262,104.80000000000001,78.6,7.859999999999999,98.02841568105555,73.32787267098954,8.420818185210212,131.23558816113868,0.6435011087932843,1.5108681716736887,122.70883167196662,0.6422370026268078,1.502117964488304,0.4000000000000057,0.29999999999999716,0.02999999999999936,0.5008991914547494,0.0,0.0,-3.45350908404518,2.9773185091595735,-8.138991747889417,-1.8785225415590787,0.03606753439308552,0.06463341858961802,5.0,5.0,5.0
0,263,105.2,78.89999999999999,7.89,96.01178859706701,63.731489039985085,4.324918151846722,131.7364873525934,0.6435011087932843,1.5108681716736887,115.31986455889462,0.5860071468003989,1.5332838595218459,0.3999999999999915,0.29999999999999716,0.03000000000000025,0.500899191454721,0.0,0.0,-2.0166270839885385,-9.59638363100445,-4.09590003336349,-7.388967113071999,-0.05622985582640894,0.031165895033541835,5.0,5.0,5.0
0,264,105.60000000000001,79.2,7.92,97.47615342977777,76.50493792739627,7.743389233153353,132.23738654404815,0.6435011087932844,1.5108681716736887,124.1554110442088,0.6654395728903822,1.5083873020366403,0.4000000000000057,0.30000000000001137,0.03000000000000025,0.5008991914547494,1.1102230246251565e-16,0.0,1.464364832710757,12.773448887411185,3.418471081306631,8.835546485314183,0.07943242608998335,-0.024896557485205584,5.0,5.0,5.0
0,265,106.0,79.5,7.949999999999999,106.93672064207728,78.41116392898253,-4.269041975536865,132.73828573550284,0.6435011087932844,1.5108681716736887,132.6725200249409,0.6326935079982527,-1.538613482926378,0.3999999999999915,0.29999999999999716,0.02999999999999936,0.5008991914546925,0.0,0.0,9.460567212299509,1.906226001586262,-12.012431208690218,8.51710898073209,-0.0327460648921295,-3.0470007849630183,5.0,5.0,5.0
0,266,106.4,79.8,7.9799999999999995,99.64726470372692,68.90642573914107,4.151068803109064,133.2391849269576,0.6435011087932843,1.5108681716736887,121.22254016183017,0.6050007803817827,1.536546256724072,0.4000000000000057,0.29999999999999716,0.03000000000000025,0.5008991914547494,-1.1102230246251565e-16,0.0,-7.289455938350358,-9.504738189841461,8.42011077864593,-11.449979863110727,-0.027692727616470014,3.07515973965045,5.0,5.0,5.0
0,267,106.80000000000001,80.1,8.01,108.06647475154669,77.0612098138084,6.1222577462653565,133.7400841184123,0.6435011087932843,1.5108681716736887,132.86939099396136,0.6194578170952117,1.5247027446079453,0.4000000000000057,0.29999999999999716,0.03000000000000025,0.500899191454721,0.0,0.0,8.419210047819774,8.154784074667333,1.9711889431562923,11.646850832131193,0.014457036713429017,-0.011843512116126664,5.0,5.0,5.0
0,268,107.2,80.39999999999999,8.04,106.57448060608914,78.5236493190613,4.549074237098682,134.24098330986703,0.6435011087932843,1.5108681716736887,132.45670045435685,0.6349968429246053,1.5364457128270825,0.3999999999999915,0.29999999999999716,0.02999999999999936,0.500899191454721,0.0,0.0,-1.4919941454575536,1.4624395052529024,-1.5731835091666744,-0.41269053960451174,0.015539025829393593,0.011742968219137229,5.0,5.0,5.0
0,269,107.60000000000001,80.7,8.07,99.14404056286159,75.92286979097081,-2.6561725320531497,134.74188250132178,0.6435011087932844,1.5108681716736887,124.90347548786256,0.6535262552547539,-1.5495289219889585,0.4000000000000057,0.30000000000001137,0.030000000000001137,0.5008991914547494,1.1102230246251565e-16,0.0,-7.430440043227549,-2.6007795280904986,-7.205246769151832,-7.553224966494284,0.018529412330148598,-3.085974634816041,5.0,5.0,5.0
0,270,108.0,81.0,8.1,112.19492234685649,74.8903479523705,-3.4255410076609376,135.2427816927765,0.6435011087932844,1.5108681716736887,134.93701919058182,0.5885807678159823,-1.5454073781398594,0.3999999999999915,0.29999999999999716,0.02999999999999936,0.500899191454721,0.0,0.0,13.050881783994896,-1.032521838600303,-0.7693684756077879,10.033543702719257,-0.0649454874387716,0.00412154384909913,5.0,5.0,5.0
0,271,108.4,81.3,8.129999999999999,106.96836360702795,71.38121365962272,5.78855528693236,135.74368088423122,0.6435011087932843,1.5108681716736887,128.72845780399888,0.5884488581221967,1.525813982165289,0.4000000000000057,0.29999999999999716,0.02999999999999936,0.500899191454721,-1.1102230246251565e-16,0.0,-5.226558739828533,-3.509134292747788,9.214096294593297,-6.208561386582943,-0.00013190969378562567,3.0712213603051484,5.0,5.0,5.0
0,272,108.80000000000001,81.6,8.16,101.08037531059338,87.3526102463637,-0.5592260818393235,136.24458007568595,0.6435011087932843,1.5108681716736887,133.59653260318603,0.7126744011488692,-1.5666103819647057,0.4000000000000057,0.29999999999999716,0.030000000000001137,0.500899191454721,0.0,0.0,-5.887988296434571,15.97139658674098,-6.347781368771684,4.868074799187156,0.12422554302667244,-3.092424364129995,5.0,5.0,5.0
0,273,109.2,81.89999999999999,8.19,97.59757957934242,73.137774280104,1.9853760717173303,136.74547926714067,0.6435011087932843,1.5108681716736887,121.9768965195445,0.6431048474582344,1.554518951300392,0.3999999999999915,0.29999999999999716,0.02999999999999936,0.500899191454721,0.0,0.0,-3.4827957312509596,-14.214835966259699,2.544602153556654,-11.619636083641538,-0.06956955369063478,3.121129333265098,5.0,5.0,5.0
0,274,109.60000000000001,82.2,8.219999999999999,105.02023928174725,82.2444425642403,-0.8026129701010483,137.24637845859542,0.6435011087932844,1.5108681716736887,133.3943146430081,0.6643690363633019,-1.564779445077828,0.4000000000000057,0.30000000000001137,0.02999999999999936,0.5008991914547494,1.1102230246251565e-16,0.0,7.422659702404829,9.106668284136305,-2.7879890418183786,11.417418123463605,0.021264188905067538,-3.11929839637822,5.0,5.0,5.0
0,275,110.0,82.5,8.25,105.1170302309484,66.56096313501573,4.688804231737344,137.74727765005014,0.6435011087932844,1.5108681716736887,124.50677388463087,0.5644800624727446,1.5331283905672748,0.3999999999999915,0.29999999999999716,0.030000000000001137,0.500899191454721,0.0,0.0,0.09679094920115006,-15.683479429224576,5.491417201838392,-8.887540758377227,-0.09988897389055729,3.0979078356451026,5.0,5.0,5.0
0,276,110.4,82.8,8.28,108.2606724706355,72.33721265950653,15.624349720050224,138.24817684150486,0.6435011087932843,1.5108681716736887,131.13796491983288,0.5890469876785767,1.4513682612869903,0.4000000000000057,0.29999999999999716,0.02999999999999936,0.500899191454721,-1.1102230246251565e-16,0.0,3.1436422396870967,5.776249524490808,10.93554548831288,6.631191035202008,0.024566925205832035,-0.08176012928028453,5.0,5.0,5.0
0,277,110.80000000000001,83.1,8.31,110.1553302094505,79.07976684406695,4.699160395548787,138.74907603295958,0.6435011087932843,1.5108681716736887,135.68304391517816,0.6226341791902922,1.5361560343580682,0.4000000000000057,0.29999999999999716,0.030000000000001137,0.500899191454721,0.0,0.0,1.894657738814999,6.742554184560419,-10.925189324501439,4.545078995345278,0.03358719151171552,0.08478777307107799,5.0,5.0,5.0
0,278,111.2,83.39999999999999,8.34,112.21900191090431,86.15034173780234,3.494102030961633,139.2499752244143,0.6435011087932843,1.5108681716736887,141.51747072507493,0.6547321615056928,1.5461035654261088,0.3999999999999915,0.29999999999999716,0.02999999999999936,0.500899191454721,0.0,0.0,2.0636717014538135,7.070574893735383,-1.2050583645871535,5.834426809896769,0.03209798231540062,0.009947531068040583,5.0,5.0,5.0
0,279,111.60000000000001,83.7,8.37,104.57811117640772,86.58994581014537,0.5278673046320055,139.75087441586905,0.6435011087932844,1.5108681716736887,135.77436686105483,0.6915783254826431,1.56690848959375,0.4000000000000057,0.30000000000001137,0.02999999999999936,0.5008991914547494,1.1102230246251565e-16,0.0,-7.640890734496594,0.43960407234303034,-2.9662347263296276,-5.7431038640200995,0.036846163976950286,0.020804924167641126,5.0,5.0,5.0
0,280,112.0,84.0,8.4,106.49813316616037,80.86752662127479,6.653461313789812,140.25177360732377,0.6435011087932844,1.5108681716736887,133.8868095712715,0.6494473983396046,1.5210811763339322,0.3999999999999915,0.29999999999999716,0.030000000000001137,0.500899191454721,0.0,0.0,1.9200219897526551,-5.722419188870575,6.1255940091578065,-1.8875572897833308,-0.042130927143038455,-0.045827313259817704,5.0,5.0,5.0
0,281,112.4,84.3,8.43,113.62366542169234,77.07337700629961,6.114810948351809,140.7526727987785,0.6435011087932843,1.5108681716736887,137.4337429452824,0.5960280023960678,1.5262888419132294,0.4000000000000057,0.29999999999999716,0.02999999999999936,0.500899191454721,-1.1102230246251565e-16,0.0,7.125532255531965,-3.7941496149751828,-0.538650365438003,3.546933374010905,-0.05341939594353684,0.005207665579297194,5.0,5.0,5.0
0,282,112.80000000000001,84.6,8.459999999999999,119.70422112345004,72.76809383016139,-0.16905930517443224,141.2535719902332,0.6435011087932843,1.5108681716736887,140.08684668981476,0.5462074606601148,-1.5695895086659584,0.4000000000000057,0.29999999999999716,0.02999999999999936,0.500899191454721,0.0,0.0,6.080555701757703,-4.305283176138218,-6.283870253526241,2.653103744532359,-0.04982054173595296,-3.095878350579188,5.0,5.0,5.0
0,283,113.2,84.89999999999999,8.49,106.91526128672352,91.39817099481775,0.6866470518304579,141.75447118168796,0.6435011087932843,1.5108681716736887,140.65905673428958,0.7073119790809125,1.5659146661682495,0.3999999999999915,0.29999999999999716,0.030000000000001137,0.5008991914547494,0.0,0.0,-12.78895983672652,18.630077164656356,0.8557063570048902,0.572210044474815,0.16110451842079765,3.1355041748342076,5.0,5.0,5.0
0,284,113.60000000000001,85.2,8.52,109.06819816047705,82.7110664289048,5.447702654480188,142.25537037314268,0.6435011087932844,1.5108681716736887,136.99149544402903,0.6488190589082148,1.5310191166458411,0.4000000000000057,0.30000000000001137,0.02999999999999936,0.500899191454721,1.1102230246251565e-16,0.0,2.152936873753532,-8.687104565912946,4.76105560264973,-3.6675612902605508,-0.05849292017269769,-0.034895549522408364,5.0,5.0,5.0
0,285,114.0,85.5,8.549999999999999,113.04241337292045,86.26789720629674,12.07149625889132,142.7562695645974,0.6435011087932844,1.5108681716736887,142.71110093997186,0.651861774128909,1.4861081848921358,0.3999999999999915,0.29999999999999716,0.02999999999999936,0.500899191454721,0.0,0.0,3.974215212443397,3.556830777391937,6.623793604411133,5.7196054959428295,0.0030427152206942143,-0.04491093175370531,5.0,5.0,5.0
0,286,114.4,85.8,8.58,107.49408161889559,85.96282172448457,2.9160454569182575,143.25716875605212,0.6435011087932843,1.5108681716736887,137.67021327444843,0.6745568802036916,1.5496133600560558,0.4000000000000057,0.29999999999999716,0.030000000000001137,0.500899191454721,-1.1102230246251565e-16,0.0,-5.548331754024858,-0.3050754818121675,-9.155450801973064,-5.040887665523428,0.022695106074782645,0.06350517516391996,5.0,5.0,5.0
0,287,114.80000000000001,86.1,8.61,111.35968472142955,83.8663970993905,1.895566307980494,143.75806794750685,0.6435011087932843,1.5108681716736887,139.42074851081813,0.6454902866335028,1.557199894894904,0.4000000000000057,0.29999999999999716,0.02999999999999936,0.500899191454721,0.0,0.0,3.865603102533953,-2.0964246250940732,-1.0204791489377634,1.7505352363697,-0.029066593570188815,0.007586534838848191,5.0,5.0,5.0
0,288,115.2,86.39999999999999,8.64,116.78274915941577,83.19620926063274,7.40330754569943,144.2589671389616,0.6435011087932843,1.5108681716736887,143.5779533883466,0.6190007387114328,1.519210467810815,0.3999999999999915,0.29999999999999716,0.030000000000001137,0.5008991914547494,0.0,0.0,5.423064437986227,-0.6701878387577551,5.507741237718936,4.157204877528471,-0.026489547922070034,-0.037989427084089034,5.0,5.0,5.0
0,289,115.60000000000001,86.7,8.67,105.56144718263812,85.20249198865503,8.4456808759967,144.75986633041634,0.6435011087932844,1.5108681716736887,135.91914249960857,0.6790773145475969,1.5086187329353464,0.4000000000000057,0.30000000000001137,0.02999999999999936,0.5008991914547494,1.1102230246251565e-16,0.0,-11.221301976777653,2.006282728022285,1.04237333029727,-7.6588108887380315,0.0600765758361641,-0.010591734875468495,5.0,5.0,5.0
0,290,116.0,87.0,8.7,113.59467216532063,77.6942113077138,1.891038663739133,145.26076552187104,0.6435011087932844,1.5108681716736887,137.63617272469511,0.5998795479712001,1.5570564928039472,0.3999999999999915,0.29999999999999716,0.02999999999999936,0.5008991914546925,0.0,0.0,8.033224982682512,-7.508280680941226,-6.554642212257567,1.7170302250865461,-0.07919776657639677,0.04843775986860077,5.0,5.0,5.0
0,291,116.4,87.3,8.73,109.62114804300566,83.12181372893181,10.585266353524595,145.76166471332576,0.6435011087932843,1.5108681716736887,137.97854862125803,0.6487693752540836,1.4940041206892276,0.4000000000000057,0.29999999999999716,0.030000000000001137,0.500899191454721,-1.1102230246251565e-16,0.0,-3.97352412231497,5.427602421218012,8.694227689785462,0.34237589656291334,0.04888982728288349,-0.06305237211471959,5.0,5.0,5.0
0,292,116.80000000000001,87.6,8.76,108.86690273241875,84.92752738709862,6.295108047837366,146.2625639047805,0.6435011087932843,1.5108681716736887,138.21836275969363,0.6624910715817842,1.525235908508074,0.4000000000000057,0.29999999999999716,0.02999999999999936,0.5008991914547494,0.0,0.0,-0.75424531058691,1.805713658166809,-4.290158305687229,0.23981413843560517,0.013721696327700594,0.03123178781884639,5.0,5.0,5.0
0,293,117.2,87.89999999999999,8.79,115.48827871293277,82.30794943099816,12.940872899676373,146.76346309623523,0.6435011087932843,1.5108681716736887,142.40648598647945,0.61919555839699,1.4797980132101745,0.3999999999999915,0.29999999999999716,0.02999999999999936,0.500899191454721,0.0,0.0,6.621375980514017,-2.619577956100457,6.645764851839007,4.1881232267858195,-0.04329551318479419,-0.045437895297899544,5.0,5.0,5.0
0,294,117.60000000000001,88.2,8.82,120.24068699679505,79.6914197347457,10.671991078613491,147.26436228768998,0.6435011087932844,1.5108681716736887,144.64590067603942,0.5852971659425152,1.4969491109642532,0.4000000000000057,0.30000000000001137,0.030000000000001137,0.5008991914547494,1.1102230246251565e-16,0.0,4.75240828386228,-2.6165296962524707,-2.268881821062882,2.2394146895599647,-0.03389839245447479,0.017151097754078748,5.0,5.0,5.0
0,295,118.0,88.5,8.85,122.25686808208971,83.68983808954614,9.901752447364666,147.76526147914467,0.6435011087932844,1.5108681716736887,148.4883008665155,0.6002752713737782,1.504063085877099,0.3999999999999915,0.29999999999999716,0.02999999999999936,0.5008991914546925,0.0,0.0,2.0161810852946616,3.9984183548004495,-0.7702386312488247,3.84240019047607,0.014978105431262989,0.007113974912845711,5.0,5.0,5.0
0,296,118.4,88.8,8.879999999999999,120.83958747948493,86.85565683466079,-2.883182981670318,148.26616067059942,0.6435011087932843,1.5108681716736887,148.84362186703953,0.6232113524623383,-1.5514245641371143,0.4000000000000057,0.29999999999999716,0.02999999999999936,0.5008991914547494,-1.1102230246251565e-16,0.0,-1.4172806026047766,3.165818745114649,-12.784935429034984,0.35532100052404303,0.022936081088560045,-3.0554876500142134,5.0,5.0,5.0
0,297,118.80000000000001,89.1,8.91,118.67613556165037,89.17773460510745,4.844729790208739,148.76705986205414,0.6435011087932843,1.5108681716736887,148.52664713069615,0.6444206679867093,1.5381719499223832,0.4000000000000057,0.29999999999999716,0.030000000000001137,0.500899191454721,0.0,0.0,-2.163451917834564,2.322077770446654,7.7279127718790575,-0.3169747363433828,0.021209315524370997,3.0895965140594974,5.0,5.0,5.0
0,298,119.2,89.39999999999999,8.94,109.70097282427551,86.819988843907,5.30045749686887,149.26795905350886,0.6435011087932843,1.5108681716736887,140.0003883963351,0.669489788443544,1.532926970453761,0.3999999999999915,0.29999999999999716,0.02999999999999936,0.500899191454721,0.0,0.0,-8.975162737374859,-2.357745761200448,0.45572770666013085,-8.52625873436105,0.025069120456834737,-0.005244979468622235,5.0,5.0,5.0
0,299,119.60000000000001,89.7,8.969999999999999,113.46162913890184,88.6632683791416,-2.215395664602017,149.76885824496358,0.6435011087932844,1.5108681716736887,144.0125842573354,0.6633199446941813,-1.555412372237964,0.4000000000000057,0.30000000000001137,0.02999999999999936,0.500899191454721,1.1102230246251565e-16,0.0,3.760656314626331,1.8432795352346005,-7.515853161470887,4.0121958610002935,-0.006169843749362691,-3.088339342691725,5.0,5.0,5.0
0,300,120.0,90.0,9.0,113.74184354896656,84.08006976475704,0.11920572498455329,150.26975743641833,0.6435011087932844,1.5108681716736887,141.4449692126548,0.6365651354780019,1.5699535556468003,0.3999999999999915,0.29999999999999716,0.030000000000001137,0.5008991914547494,0.0,0.0,0.2802144100647155,-4.583198614384557,2.3346013895865703,-2.5676150446805934,-0.026754809216179454,3.125365927884764,5.0,5.0,5.0
0,301,120.4,90.3,9.03,118.2846643898843,84.16379933032948,6.157173652410379,150.77065662787305,0.6435011087932843,1.5108681716736887,145.30216011790557,0.6184263734906579,1.5284086719020986,0.4000000000000057,0.29999999999999716,0.02999999999999936,0.500899191454721,-1.1102230246251565e-16,0.0,4.5428208409177415,0.08372956557244038,6.037967927425826,3.857190905250775,-0.018138761987343988,-0.041544883744701666,5.0,5.0,5.0
0,302,120.80000000000001,90.6,9.06,118.54750606212356,81.44176550902871,2.507951988661752,151.27155581932777,0.6435011087932843,1.5108681716736887,143.84909518642888,0.6019456173402825,1.5533608395719618,0.4000000000000057,0.29999999999999716,0.030000000000001137,0.500899191454721,0.0,0.0,0.26284167223926147,-2.7220338213007693,-3.6492216637486274,-1.453064931476689,-0.016480756150375364,0.02495216766986319,5.0,5.0,5.0
0,303,121.2,90.89999999999999,9.09,122.84472433189735,84.91184535992888,4.0507031793476385,151.77245501078252,0.6435011087932843,1.5108681716736887,149.3896113351109,0.6048041342738892,1.5436779771973164,0.3999999999999915,0.29999999999999716,0.02999999999999936,0.5008991914547494,0.0,0.0,4.2972182697737935,3.470079850900163,1.5427511906858866,5.5405161486820305,0.002858516933606725,-0.00968286237464544,5.0,5.0,5.0
0,304,121.60000000000001,91.2,9.12,112.7403777942774,79.94167594940035,-4.692397098823228,152.27335420223724,0.6435011087932844,1.5108681716736887,138.28623550204978,0.6167923642894981,-1.5368573159393435,0.4000000000000057,0.30000000000001137,0.02999999999999936,0.500899191454721,1.1102230246251565e-16,0.0,-10.104346537619946,-4.970169410528527,-8.743100278170868,-11.103375833061136,0.011988230015608892,-3.08053529313666,5.0,5.0,5.0
0,305,122.0,91.5,9.15,119.52152201477467,84.49733166104514,-0.5407668678701469,152.77425339369196,0.6435011087932844,1.5108681716736887,146.37447083207616,0.6153840594365338,-1.5671019114031552,0.3999999999999915,0.29999999999999716,0.030000000000001137,0.500899191454721,0.0,0.0,6.781144220497268,4.555655711644789,4.1516302309530815,8.088235330026379,-0.0014083048529642817,-0.030244595463811752,5.0,5.0,5.0
0,306,122.4,91.8,9.18,115.27268819529814,84.59136885647064,1.9404834681015641,153.27515258514669,0.6435011087932843,1.5108681716736887,142.99390827889093,0.6330763143902434,1.5572255176963652,0.4000000000000057,0.29999999999999716,0.02999999999999936,0.500899191454721,-1.1102230246251565e-16,0.0,-4.2488338194765305,0.09403719542549993,2.481250335971711,-3.3805625531852286,0.01769225495370952,3.1243274290995204,5.0,5.0,5.0
0,307,122.80000000000001,92.1,9.209999999999999,118.77336726873443,88.04593189353577,6.932240506638754,153.77605177660143,0.6435011087932843,1.5108681716736887,148.01099571922586,0.63790565949274,1.5239432033771696,0.4000000000000057,0.29999999999999716,0.02999999999999936,0.5008991914547494,0.0,0.0,3.500679073436288,3.454563037065128,4.99175703853719,5.017087440334933,0.004829345102496663,-0.033282314319195594,5.0,5.0,5.0
0,308,123.2,92.39999999999999,9.24,121.96341004483246,84.26199352879794,3.721224564945574,154.27695096805616,0.6435011087932843,1.5108681716736887,148.28689913634946,0.6045784146380243,1.5456989293235879,0.3999999999999915,0.29999999999999716,0.030000000000001137,0.500899191454721,0.0,0.0,3.190042776098025,-3.7839383647378213,-3.21101594169318,0.275903417123601,-0.03332724485471572,0.02175572594641828,5.0,5.0,5.0
0,309,123.60000000000001,92.7,9.27,113.57291262750981,89.34579295715967,2.7425373170506875,154.77785015951088,0.6435011087932844,1.5108681716736887,144.5302691922181,0.6665674368732678,1.5518196657571137,0.4000000000000057,0.30000000000001137,0.02999999999999936,0.500899191454721,1.1102230246251565e-16,0.0,-8.39049741732265,5.083799428361729,-0.9786872478948867,-3.7566299441313618,0.061989022235243496,0.006120736433525842,5.0,5.0,5.0
0,310,124.0,93.0,9.299999999999999,119.32768376174491,87.5564831027509,8.090078968401333,155.2787493509656,0.6435011087932844,1.5108681716736887,148.2251099611003,0.6330186189752671,1.5161895128098215,0.3999999999999915,0.29999999999999716,0.02999999999999936,0.500899191454721,0.0,0.0,5.754771134235099,-1.7893098544087707,5.347541651350645,3.6948407688821874,-0.03354881789800068,-0.035630152947292215,5.0,5.0,5.0
0,311,124.4,93.3,9.33,119.22692564339057,90.63358863659504,6.069008584130346,155.77964854242035,0.6435011087932843,1.5108681716736887,149.88775818163523,0.6499827524328468,1.5302948995434011,0.4000000000000057,0.29999999999999716,0.030000000000001137,0.5008991914547494,-1.1102230246251565e-16,0.0,-0.10075811835433512,3.077105533844133,-2.0210703842709865,1.6626482205349475,0.016964133457579633,0.014105386733579639,5.0,5.0,5.0
0,312,124.80000000000001,93.6,9.36,112.06552419082718,96.53904065180672,8.893836313336283,156.28054773387507,0.6435011087932843,1.5108681716736887,148.1808638337099,0.7111049331682839,1.5107400911710822,0.4000000000000057,0.29999999999999716,0.02999999999999936,0.500899191454721,0.0,0.0,-7.161401452563396,5.905452015211679,2.8248277292059374,-1.7068943479253278,0.06112218073543718,-0.019554808372318933,5.0,5.0,5.0
0,313,125.2,93.89999999999999,9.389999999999999,111.12716101940654,86.82247499228664,-0.013164907961073169,156.7814469253298,0.6435011087932843,1.5108681716736887,141.02265156113805,0.6632274703208216,-1.5707029736503169,0.3999999999999915,0.29999999999999716,0.02999999999999936,0.500899191454721,0.0,0.0,-0.9383631714206331,-9.716565659520072,-8.907001221297357,-7.158212272571859,-0.047877462847462304,-3.081443064821399,5.0,5.0,5.0
0,314,125.60000000000001,94.2,9.42,120.48295492725904,85.00379308156737,4.746480543196177,157.28234611678454,0.6435011087932844,1.5108681716736887,147.52734100431957,0.6144247133964308,1.538617208199923,0.4000000000000057,0.30000000000001137,0.030000000000001137,0.5008991914547494,1.1102230246251565e-16,0.0,9.355793907852501,-1.8186819107192775,4.75964545115725,6.504689443181519,-0.048802756924390844,3.10932018185024,5.0,5.0,5.0
0,315,126.0,94.5,9.45,117.03609339770685,95.10539817320594,16.37152640675922,157.78324530823923,0.6435011087932844,1.5108681716736887,151.69215799232344,0.6823864037830476,1.4626597096930631,0.3999999999999915,0.29999999999999716,0.02999999999999936,0.5008991914546925,0.0,0.0,-3.4468615295521943,10.101605091638575,11.625045863563042,4.164816988003878,0.06796169038661681,-0.07595749850685984,5.0,5.0,5.0
0,316,126.4,94.8,9.48,125.27472998796219,85.02219422870246,-1.3148415287501383,158.28414449969398,0.6435011087932843,1.5108681716736887,151.40759655072054,0.5962775249956321,-1.5621120990184167,0.4000000000000057,0.29999999999999716,0.030000000000001137,0.5008991914547494,-1.1102230246251565e-16,0.0,8.23863659025534,-10.083203944503481,-17.68636793550936,-0.28456144160290364,-0.08610887878741547,-3.02477180871148,5.0,5.0,5.0
0,317,126.80000000000001,95.1,9.51,126.94652041397046,76.46841435595718,-4.744877225955053,158.7850436911487,0.6435011087932843,1.5108681716736887,148.274580758869,0.5421582379409617,-1.5387902513206317,0.4000000000000057,0.29999999999999716,0.02999999999999936,0.500899191454721,0.0,0.0,1.6717904260082719,-8.553779872745281,-3.4300356972049144,-3.133015791851534,-0.054119287054670395,0.023321847697785003,5.0,5.0,5.0
0,318,127.2,95.39999999999999,9.54,117.29112751373799,90.28394449201177,-0.08754747869858903,159.28594288260342,0.6435011087932843,1.5108681716736887,148.01488739664546,0.6560169293753685,-1.5702048492392053,0.3999999999999915,0.29999999999999716,0.02999999999999936,0.500899191454721,0.0,0.0,-9.65539290023247,13.81553013605459,4.657329747256464,-0.259693362223544,0.11385869143440674,-0.031414597918573595,5.0,5.0,5.0
0,319,127.60000000000001,95.7,9.57,116.10460446185526,89.59503579541132,-0.5112360962854492,159.78684207405814,0.6435011087932844,1.5108681716736887,146.65541578397654,0.6572294898587542,-1.5673103516675586,0.4000000000000057,0.30000000000001137,0.030000000000001137,0.500899191454721,1.1102230246251565e-16,0.0,-1.1865230518827303,-0.6889086966004498,-0.42368861758686016,-1.3594716126689264,0.001212560483385694,0.002894497571646726,5.0,5.0,5.0
0,320,128.0,96.0,9.6,113.02879715262448,88.800705735815,-0.42352750301822617,160.28774126551286,0.6435011087932844,1.5108681716736887,143.74022993057216,0.6659274712329799,-1.5678498439901116,0.3999999999999915,0.29999999999999716,0.02999999999999936,0.500899191454721,0.0,0.0,-3.0758073092307825,-0.7943300595963194,0.08770859326722302,-2.915185853404381,0.008697981374225727,-0.0005394923225530146,5.0,5.0,5.0
0,321,128.4,96.3,9.629999999999999,124.31941036171756,82.44197645013722,10.947829748929504,160.7886404569676,0.6435011087932844,1.5108681716736887,149.572224192534,0.5855615738097779,1.4975365436404557,0.4000000000000057,0.29999999999999716,0.02999999999999936,0.5008991914547494,0.0,0.0,11.290613209093081,-6.358729285677782,11.37135725194773,5.831994261961853,-0.08036589742320199,3.0653863876305674,5.0,5.0,5.0
0,322,128.8,96.6,9.66,127.83398307367497,89.31484049204293,-0.1936761133566698,161.28953964842233,0.6435011087932843,1.5108681716736887,155.94455896579584,0.6098384217816546,-1.5695543715485547,0.4000000000000057,0.29999999999999716,0.030000000000001137,0.500899191454721,-1.1102230246251565e-16,0.0,3.5145727119574133,6.872864041905714,-11.141505862286174,6.3723347732618265,0.02427684797187668,-3.0670909151890102,5.0,5.0,5.0
0,323,129.20000000000002,96.89999999999999,9.69,125.08819773840113,93.65739789375714,12.30192861464245,161.79043883987705,0.6435011087932843,1.5108681716736887,156.74853377722755,0.6426883848783297,1.4922335981364958,0.4000000000000057,0.29999999999999716,0.02999999999999936,0.500899191454721,0.0,0.0,-2.745785335273837,4.342557401714203,12.495604727999119,0.8039748114317149,0.032849963096675094,3.0617879696850503,5.0,5.0,5.0
0,324,129.6,97.2,9.719999999999999,125.39641354656975,92.87426255968201,9.670035228117086,162.29133803133178,0.6435011087932844,1.5108681716736887,156.34384784077727,0.6374871597244548,1.5089057468783147,0.39999999999997726,0.30000000000001137,0.02999999999999936,0.500899191454721,1.1102230246251565e-16,0.0,0.3082158081686117,-0.7831353340751264,-2.6318933865253626,-0.40468593645027795,-0.005201225153874889,0.016672148741818882,5.0,5.0,5.0
0,325,130.0,97.5,9.75,129.29707966938375,99.21037355390382,4.3408541009103,162.79223722278653,0.6435011087932844,1.5108681716736887,163.03151856638488,0.6544850088265866,1.5441673215511618,0.4000000000000057,0.29999999999999716,0.030000000000001137,0.5008991914547494,0.0,0.0,3.900666122814002,6.336110994221812,-5.329181127206787,6.687670725607603,0.016997849102131757,0.035261574672847074,5.0,5.0,5.0
0,326,130.4,97.8,9.78,134.3257027036345,98.53352544474697,5.03062180894457,163.29313641424125,0.6435011087932844,1.5108681716736887,166.66600492956093,0.6328844223657498,1.540607890977667,0.4000000000000057,0.29999999999999716,0.02999999999999936,0.500899191454721,0.0,0.0,5.0286230342507565,-0.6768481091568503,0.6897677080342701,3.634486363176052,-0.021600586460836735,-0.0035594305734947262,5.0,5.0,5.0
0,327,130.8,98.1,9.81,129.00753005729885,91.50811155026149,0.8004339865652952,163.79403560569597,0.6435011087932843,1.5108681716736887,158.16863780644638,0.6169561775857579,1.5657356686629802,0.4000000000000057,0.29999999999999716,0.030000000000001137,0.500899191454721,-1.1102230246251565e-16,0.0,-5.318172646335654,-7.025413894485482,-4.230187822379275,-8.497367123114543,-0.015928244779991885,0.025127777685313157,5.0,5.0,5.0
0,328,131.20000000000002,98.39999999999999,9.84,134.97025094398268,97.32097601191214,3.3408152989390567,164.29493479715072,0.6435011087932843,1.5108681716736887,166.43167384441716,0.6247175241495333,1.5507217843917356,0.4000000000000057,0.29999999999999716,0.02999999999999936,0.5008991914547494,0.0,0.0,5.962720886683826,5.812864461650648,2.5403813123737615,8.263036037970778,0.007761346563775362,-0.015013884271244615,5.0,5.0,5.0
0,329,131.6,98.7,9.87,122.07632549827491,94.28121349622783,-3.641917418028804,164.79583398860544,0.6435011087932844,1.5108681716736887,154.2881720287132,0.6576295759308914,-1.5471894899577792,0.39999999999997726,0.30000000000001137,0.02999999999999936,0.500899191454721,1.1102230246251565e-16,0.0,-12.893925445707765,-3.039762515684302,-6.982732716967861,-12.143501815703956,0.03291205178135814,-3.0979112743495145,5.0,5.0,5.0
0,330,132.0,99.0,9.9,126.70812400399844,100.12031364906463,5.754126303713677,165.29673318006016,0.6435011087932844,1.5108681716736887,161.59249940303172,0.6687151003077771,1.5351799272093951,0.4000000000000057,0.29999999999999716,0.030000000000001137,0.500899191454721,0.0,0.0,4.631798505723523,5.839100152836792,9.39604372174248,7.304327374318518,0.011085524376885703,3.0823694171671745,5.0,5.0,5.0
0,331,132.4,99.3,9.93,118.08852240972219,92.91877972612991,15.47354531668769,165.79763237151488,0.6435011087932844,1.5108681716736887,151.05704007219293,0.6666753776024821,1.4681812191607084,0.4000000000000057,0.29999999999999716,0.02999999999999936,0.500899191454721,0.0,0.0,-8.619601594276247,-7.201533922934715,9.719419012974015,-10.53545933083879,-0.002039722705295066,-0.06699870804868668,5.0,5.0,5.0
0,332,132.8,99.6,9.959999999999999,118.11294172242401,101.24090333850133,7.942322905857601,166.2985315629696,0.6435011087932843,1.5108681716736887,155.76735217708944,0.7086323192739502,1.519785840619903,0.4000000000000057,0.29999999999999716,0.02999999999999936,0.500899191454721,-1.1102230246251565e-16,0.0,0.024419312701823515,8.322123612371414,-7.53122241083009,4.710312104896502,0.04195694167146813,0.05160462145919453,5.0,5.0,5.0
0,333,133.20000000000002,99.89999999999999,9.99,131.39838174783156,97.4915682422478,10.94104730017142,166.79943075442435,0.6435011087932843,1.5108681716736887,163.98124014748248,0.6383318155203332,1.504025387799162,0.4000000000000057,0.29999999999999716,0.030000000000001137,0.5008991914547494,0.0,0.0,13.285440025407553,-3.7493350962535317,2.998724394313818,8.213887970393046,-0.07030050375361696,-0.0157604528207409,5.0,5.0,5.0
0,334,133.6,100.2,10.02,131.64833991606272,87.35615241532304,10.503038703738106,167.30032994587907,0.6435011087932844,1.5108681716736887,158.34360293196744,0.5858465342231229,1.5044169113692605,0.39999999999997726,0.30000000000001137,0.02999999999999936,0.500899191454721,1.1102230246251565e-16,0.0,0.24995816823116002,-10.135415826924756,-0.43800859643331336,-5.637637215515042,-0.05248528129721031,0.00039152357009841765,5.0,5.0,5.0
0,335,134.0,100.5,10.049999999999999,128.53877289062325,91.43681209884427,4.13510691546252,167.8012291373338,0.6435011087932844,1.5108681716736887,157.79735692409074,0.6183067719427249,1.5445881544085565,0.4000000000000057,0.29999999999999716,0.02999999999999936,0.500899191454721,0.0,0.0,-3.1095670254394747,4.080659683521233,-6.367931788275586,-0.5462460078767037,0.032460237719601936,0.04017124303929598,5.0,5.0,5.0
0,336,134.4,100.8,10.08,134.65402348298755,87.00850229781983,1.7943613434762344,168.3021283287885,0.6435011087932844,1.5108681716736887,160.32905302813225,0.5736734114549121,1.5596043514759528,0.4000000000000057,0.29999999999999716,0.030000000000001137,0.500899191454721,0.0,0.0,6.115250592364305,-4.42830980102444,-2.340745571986286,2.531696104041515,-0.044633360487812745,0.01501619706739632,5.0,5.0,5.0
0,337,134.8,101.1,10.11,127.79935158292825,90.23081129530142,-4.715786431344471,168.80302752024326,0.6435011087932843,1.5108681716736887,156.5136167037592,0.6147648064497695,-1.5406615669987684,0.4000000000000057,0.29999999999999716,0.02999999999999936,0.5008991914547494,-1.1102230246251565e-16,0.0,-6.8546719000593015,3.2223089974815906,-6.510147774820705,-3.815436324373053,0.041091394994857366,-3.1002659184747214,5.0,5.0,5.0
0,338,135.20000000000002,101.39999999999999,10.139999999999999,142.75172870717927,97.27716014913258,9.49193406123462,169.30392671169798,0.6435011087932843,1.5108681716736887,173.0057766312759,0.5981627010158075,1.5159039253196291,0.4000000000000057,0.29999999999999716,0.02999999999999936,0.500899191454721,0.0,0.0,14.952377124251015,7.046348853831162,14.20772049257909,16.492159927516695,-0.01660210543396201,3.0565654923183976,5.0,5.0,5.0
0,339,135.6,101.7,10.17,127.46971395401702,84.0949330033773,10.181991334413121,169.8048259031527,0.6435011087932844,1.5108681716736887,153.04953015248202,0.5831812938630989,1.504219728579494,0.39999999999997726,0.30000000000001137,0.030000000000001137,0.500899191454721,1.1102230246251565e-16,0.0,-15.282014753162244,-13.182227145755277,0.6900572731785015,-19.956246478793872,-0.01498140715270857,-0.0116841967401351,5.0,5.0,5.0
0,340,136.0,102.0,10.2,136.1125529848463,97.67424183125087,2.852565854484883,170.30572509460742,0.6435011087932844,1.5108681716736887,167.5560256431157,0.6224400303083815,1.5537709547904128,0.4000000000000057,0.29999999999999716,0.02999999999999936,0.500899191454721,0.0,0.0,8.642839030829279,13.579308827873561,-7.329425479928238,14.506495490633682,0.03925873644528255,0.049551226210918786,5.0,5.0,5.0
0,341,136.4,102.3,10.23,128.41892357700104,102.38986315128057,-2.1757142453205986,170.80662428606217,0.6435011087932844,1.5108681716736887,164.25540399417878,0.6730993596449277,-1.5575500175681731,0.4000000000000057,0.29999999999999716,0.030000000000001137,0.5008991914547494,0.0,0.0,-7.693629407845265,4.7156213200296975,-5.028280099805482,-3.300621648936925,0.050659329336546266,-3.1113209723585857,5.0,5.0,5.0
0,342,136.8,102.6,10.26,132.04703607537056,107.27221994463073,12.692169023093395,171.3075234775169,0.6435011087932843,1.5108681716736887,170.6014069773465,0.682243578371396,1.4963309004452563,0.4000000000000057,0.29999999999999716,0.02999999999999936,0.500899191454721,-1.1102230246251565e-16,0.0,3.628112498369518,4.882356793350169,14.867883268413994,6.346002983167722,0.009144218726468312,3.053880918013429,5.0,5.0,5.0
0,343,137.20000000000002,102.89999999999999,10.29,134.59943231516334,100.78993408602952,8.085934499538077,171.80842266897162,0.6435011087932843,1.5108681716736887,168.3478551373947,0.6427416117210831,1.522746728835269,0.4000000000000057,0.29999999999999716,0.02999999999999936,0.500899191454721,0.0,0.0,2.5523962397927846,-6.482285858601216,-4.606234523555319,-2.253551839951797,-0.039501966650312914,0.026415828390012663,5.0,5.0,5.0
0,344,137.6,103.2,10.32,137.22213601024427,98.33394534248478,7.126619028212988,172.30932186042634,0.6435011087932844,1.5108681716736887,168.96824588249135,0.6217829509026421,1.5286065435367215,0.39999999999997726,0.30000000000001137,0.030000000000001137,0.500899191454721,1.1102230246251565e-16,0.0,2.6227036950809293,-2.4559887435447365,-0.9593154713250884,0.6203907450966426,-0.020958660818441,0.005859814701452581,5.0,5.0,5.0
0,345,138.0,103.5,10.35,142.34401496337523,108.89922618150781,4.411390678345532,172.8102210518811,0.6435011087932844,1.5108681716736887,179.27721669677322,0.653059026469597,1.5461873103778971,0.4000000000000057,0.29999999999999716,0.02999999999999936,0.5008991914547494,0.0,0.0,5.12187895313096,10.565280839023032,-2.7152283498674565,10.308970814281878,0.031276075566954886,0.0175807668411756,5.0,5.0,5.0
0,346,138.4,103.8,10.379999999999999,133.64529360833916,104.66065791906483,0.16858111526337716,173.3111202433358,0.6435011087932844,1.5108681716736887,169.74965755283017,0.6643648260030064,1.5698032105470934,0.4000000000000057,0.29999999999999716,0.02999999999999936,0.500899191454721,0.0,0.0,-8.69872135503607,-4.238568262442982,-4.2428095630821545,-9.527559143943051,0.011305799533409377,0.023615900169196236,5.0,5.0,5.0
0,347,138.8,104.1,10.41,128.76494527045563,95.48207664375487,5.265537036036321,173.81201943479053,0.6435011087932843,1.5108681716736887,160.39003700662076,0.638053256901896,1.5379608499613475,0.4000000000000057,0.29999999999999716,0.030000000000001137,0.500899191454721,-1.1102230246251565e-16,0.0,-4.880348337883532,-9.178581275309966,5.096955920772944,-9.359620546209413,-0.026311569101110432,-0.031842360585745855,5.0,5.0,5.0
0,348,139.20000000000002,104.39999999999999,10.44,139.25201343150636,89.50056704641551,6.7803530431636965,174.31291862624525,0.6435011087932843,1.5108681716736887,165.67271330472101,0.5712430409628614,1.5298587026594082,0.4000000000000057,0.29999999999999716,0.02999999999999936,0.500899191454721,0.0,0.0,10.487068161050729,-5.981509597339354,1.5148160071273757,5.282676298100256,-0.06681021593903458,-0.008102147301939366,5.0,5.0,5.0
0,349,139.6,104.7,10.469999999999999,136.19315400469273,99.93393539956855,12.005903297120843,174.8138178177,0.6435011087932844,1.5108681716736887,169.35025348717642,0.6330302764104598,1.4998428873758187,0.39999999999997726,0.30000000000001137,0.02999999999999936,0.5008991914547494,1.1102230246251565e-16,0.0,-3.058859426813626,10.433368353153043,5.225550253957147,3.6775401824554024,0.061787235447598454,-0.03001581528358943,5.0,5.0,5.0
0,350,140.0,105.0,10.5,136.37037880941628,102.0309515566987,3.729950520976063,175.31471700915472,0.6435011087932844,1.5108681716736887,170.3558270887087,0.6423416918428242,1.5488995201634572,0.4000000000000057,0.29999999999999716,0.030000000000001137,0.500899191454721,0.0,0.0,0.17722480472355073,2.097016157130142,-8.27595277614478,1.0055736015322907,0.009311415432364356,0.0490566327876385,5.0,5.0,5.0
0,351,140.4,105.3,10.53,142.96223324907942,102.9185762976482,7.973984001188458,175.81561620060944,0.6435011087932844,1.5108681716736887,176.33495939135335,0.6239574885931751,1.525560236285582,0.4000000000000057,0.29999999999999716,0.02999999999999936,0.500899191454721,0.0,0.0,6.5918544396631376,0.887624740949505,4.244033480212395,5.9791323026446435,-0.018384203249649067,-0.023339283877875205,5.0,5.0,5.0
0,352,140.8,105.6,10.559999999999999,139.6735965699398,100.38432244320097,12.133736697244569,176.31651539206416,0.6435011087932843,1.5108681716736887,172.4324602196492,0.6231706501447816,1.500370069716053,0.4000000000000057,0.29999999999999716,0.02999999999999936,0.500899191454721,-1.1102230246251565e-16,0.0,-3.288636679139614,-2.534253854447229,4.159752696056111,-3.9024991717041644,-0.0007868384483935564,-0.025190166569529104,5.0,5.0,5.0
0,353,141.20000000000002,105.89999999999999,10.59,141.64896780457286,96.97926107187183,7.739431839606274,176.8174145835189,0.6435011087932843,1.5108681716736887,171.84093215339325,0.6003461043144771,1.5257427377230195,0.4000000000000057,0.29999999999999716,0.030000000000001137,0.5008991914547494,0.0,0.0,1.9753712346330587,-3.4050613713291398,-4.394304857638295,-0.5915280662559326,-0.022824545830304466,0.02537266800696658,5.0,5.0,5.0
0,354,141.6,106.2,10.62,134.42259887148248,101.63442157381222,0.6441263828164683,177.31831377497363,0.6435011087932844,1.5108681716736887,168.52123200001805,0.647381832587379,1.5669740906079928,0.39999999999997726,0.30000000000001137,0.02999999999999936,0.500899191454721,1.1102230246251565e-16,0.0,-7.226368933090384,4.6551605019403866,-7.095305456789806,-3.3197001533752086,0.04703572827290192,0.04123135288497326,5.0,5.0,5.0
0,355,142.0,106.5,10.65,135.08591086196847,107.26932602580459,4.274182965231107,177.81921296642835,0.6435011087932844,1.5108681716736887,172.5490662375729,0.6711221363823571,1.5460229664908893,0.4000000000000057,0.29999999999999716,0.030000000000001137,0.500899191454721,0.0,0.0,0.6633119904859939,5.6349044519923694,3.630056582414639,4.027834237554856,0.023740303794978046,-0.020951124117103426,5.0,5.0,5.0
0,356,142.4,106.8,10.68,144.76273522272143,101.21894986454001,5.148082263568954,178.32011215788307,0.6435011087932844,1.5108681716736887,176.71453837145515,0.6101927721381595,1.5416600102676643,0.4000000000000057,0.29999999999999716,0.02999999999999936,0.500899191454721,0.0,0.0,9.67682436075296,-6.05037616126458,0.8738992983378466,4.165472133882247,-0.06092936424419759,-0.004362956223225023,5.0,5.0,5.0
0,357,142.8,107.1,10.709999999999999,140.40029423239855,113.75725926576054,4.183428698511584,178.8210113493378,0.6435011087932843,1.5108681716736887,180.74971018476649,0.6809508277786391,1.5476493890524696,0.4000000000000057,0.29999999999999716,0.02999999999999936,0.500899191454721,-1.1102230246251565e-16,0.0,-4.362440990322881,12.53830940122053,-0.96465356505737,4.035171813311337,0.07075805564047966,0.0059893787848053215,5.0,5.0,5.0
0,358,143.20000000000002,107.39999999999999,10.74,143.26238730042883,104.10737010606988,7.5743879869650454,179.32191054079254,0.6435011087932843,1.5108681716736887,177.25638910571703,0.628415163835863,1.5280520567025273,0.4000000000000057,0.29999999999999716,0.030000000000001137,0.5008991914547494,0.0,0.0,2.8620930680302763,-9.649889159690659,3.3909592884534616,-3.4933210790494513,-0.05253566394277609,-0.01959733234994232,5.0,5.0,5.0
0,359,143.6,107.7,10.77,138.06551522328814,104.65523689507263,8.540359628829012,179.82280973224726,0.6435011087932844,1.5108681716736887,173.45818760158173,0.6486087301155607,1.5215405720743973,0.39999999999997726,0.30000000000001137,0.02999999999999936,0.500899191454721,1.1102230246251565e-16,0.0,-5.196872077140682,0.5478667890027538,0.965971641863967,-3.7982015041353065,0.020193566279697706,-0.006511484628130004,5.0,5.0,5.0
0,360,144.0,108.0,10.799999999999999,139.24850767696375,109.75438929628244,-1.4541509526376668,180.323708923702,0.6435011087932844,1.5108681716736887,177.3084527456444,0.6674986014555874,-1.5625949848297114,0.4000000000000057,0.29999999999999716,0.02999999999999936,0.500899191454721,0.0,0.0,1.1829924536756096,5.099152401209807,-9.99451058146668,3.8502651440626607,0.01888987134002662,-3.0841355569041085,5.0,5.0,5.0
0,361,144.4,108.3,10.83,138.36484681540347,109.55514484673178,6.39558742377481,180.8246081151567,0.6435011087932844,1.5108681716736887,176.60142733039729,0.6697113938066819,1.53457359446249,0.4000000000000057,0.29999999999999716,0.030000000000001137,0.500899191454721,0.0,0.0,-0.883660861560287,-0.19924444955066178,7.849738376412477,-0.7070254152471023,0.0022127923510945058,3.0971685792922017,5.0,5.0,5.0
0,362,144.8,108.6,10.86,134.43680353470597,101.09028674909297,-1.2900949755605033,181.32550730661146,0.6435011087932843,1.5108681716736887,168.20869348725392,0.6447504705817584,-1.5631266422084131,0.4000000000000057,0.29999999999999716,0.02999999999999936,0.5008991914547494,-1.1102230246251565e-16,0.0,-3.9280432806974943,-8.46485809763881,-7.685682399335313,-8.392733843143361,-0.024960923224923492,-3.097700236670903,5.0,5.0,5.0
0,363,145.20000000000002,108.89999999999999,10.889999999999999,138.9558628571103,98.65015359511068,2.6360198301756945,181.82640649806618,0.6435011087932843,1.5108681716736887,170.4333688784214,0.6173651781804697,1.5553291389156993,0.4000000000000057,0.29999999999999716,0.02999999999999936,0.500899191454721,0.0,0.0,4.519059322404331,-2.4401331539822877,3.926114805736198,2.224675391167466,-0.02738529240128873,3.1184557811241125,5.0,5.0,5.0
0,364,145.6,109.2,10.92,138.1229715836254,111.67646814607583,3.743502968513279,182.3273056895209,0.6435011087932844,1.5108681716736887,177.66148325156962,0.679920133606637,1.5497237793514609,0.39999999999997726,0.30000000000001137,0.030000000000001137,0.500899191454721,1.1102230246251565e-16,0.0,-0.8328912734849041,13.026314550965154,1.1074831383375843,7.22811437314823,0.06255495542616729,-0.005605359564238466,5.0,5.0,5.0
0,365,146.0,109.5,10.95,132.19188396216833,107.74589267915455,10.793684895885068,182.82820488097562,0.6435011087932844,1.5108681716736887,170.8811727731494,0.6838638096862578,1.5075893913732834,0.4000000000000057,0.29999999999999716,0.02999999999999936,0.500899191454721,0.0,0.0,-5.931087621457067,-3.930575466921283,7.050181927371789,-6.780310478420233,0.0039436760796208725,-0.04213438797817748,5.0,5.0,5.0
0,366,146.4,109.8,10.98,144.0702589467418,101.63054541777898,11.977495869765393,183.32910407243037,0.6435011087932844,1.5108681716736887,176.71578221032414,0.6143566263698307,1.5029660215656409,0.4000000000000057,0.29999999999999716,0.030000000000001137,0.5008991914547494,0.0,0.0,11.878374984573469,-6.115347261375575,1.183810973880325,5.834609437174748,-0.06950718331642713,-0.004623369807642552,5.0,5.0,5.0
0,367,146.8,110.1,11.01,139.77403302717292,103.63152702328028,9.877712366489645,183.8300032638851,0.6435011087932843,1.5108681716736887,174.28093098056712,0.6379884724701534,1.5140889848332917,0.4000000000000057,0.29999999999999716,0.02999999999999936,0.500899191454721,-1.1102230246251565e-16,0.0,-4.296225919568883,2.000981605501309,-2.0997835032757486,-2.4348512297570153,0.023631846100322762,0.011122963267650832,5.0,5.0,5.0
0,368,147.20000000000002,110.39999999999999,11.04,139.22630481764259,108.03503570292064,6.564395222479481,184.3309024553398,0.6435011087932843,1.5108681716736887,176.34802005450294,0.6599140035864058,1.5335636312396326,0.4000000000000057,0.29999999999999716,0.02999999999999936,0.500899191454721,0.0,0.0,-0.5477282095303337,4.403508679640353,-3.3133171440101634,2.0670890739358185,0.021925531116252395,0.01947464640634089,5.0,5.0,5.0
0,369,147.6,110.7,11.07,134.05492424382135,100.31604123437884,12.156169368332726,184.83180164679453,0.6435011087932844,1.5108681716736887,167.87436759870718,0.6424253299299804,1.4983205924039285,0.39999999999997726,0.30000000000001137,0.030000000000001137,0.500899191454721,1.1102230246251565e-16,0.0,-5.171380573821239,-7.718994468541794,5.591774145853245,-8.473652455795758,-0.01748867365642548,-0.03524303883570412,5.0,5.0,5.0
0,370,148.0,111.0,11.1,140.7555406000281,102.52044458348472,8.18269965960893,185.33270083824925,0.6435011087932844,1.5108681716736887,174.32590266773576,0.6295058424329244,1.5238399805969531,0.4000000000000057,0.29999999999999716,0.02999999999999936,0.500899191454721,0.0,0.0,6.700616356206751,2.204403349105874,-3.973469708723796,6.45153506902858,-0.01291948749705596,0.025519388193024684,5.0,5.0,5.0
0,371,148.4,111.3,11.129999999999999,140.8469300571673,95.35730928609352,4.98788560067557,185.833600029704,0.6435011087932844,1.5108681716736887,170.16390082381662,0.5951415432225984,1.5414798846802151,0.4000000000000057,0.29999999999999716,0.02999999999999936,0.5008991914547494,0.0,0.0,0.09138945713920066,-7.163135297391193,-3.1948140589333605,-4.162001843919143,-0.03436429921032602,0.017639904083261992,5.0,5.0,5.0
0,372,148.8,111.6,11.16,144.05826390267734,109.95961725832443,5.231782646474544,186.33449922115872,0.6435011087932843,1.5108681716736887,181.30436391855156,0.6519586674386952,1.5419359680020792,0.4000000000000057,0.29999999999999716,0.030000000000001137,0.500899191454721,-1.1102230246251565e-16,0.0,3.2113338455100404,14.602307972230903,0.24389704579897398,11.14046309473494,0.05681712421609686,0.00045608332186408695,5.0,5.0,5.0
0,373,149.20000000000002,111.89999999999999,11.19,142.27849840194463,112.16064855328017,15.092846111539044,186.83539841261347,0.6435011087932843,1.5108681716736887,181.7992744626644,0.667576841104275,1.487681378695169,0.4000000000000057,0.29999999999999716,0.02999999999999936,0.5008991914547494,0.0,0.0,-1.779765500732708,2.2010312949557402,9.8610634650645,0.4949105441128552,0.015618173665579715,-0.054254589306910184,5.0,5.0,5.0
0,374,149.6,112.2,11.219999999999999,141.78587127940912,118.21311935264463,8.446514354630018,187.3362976040682,0.6435011087932844,1.5108681716736887,184.79425988457203,0.6949805874454469,1.525072730230633,0.39999999999997726,0.30000000000001137,0.02999999999999936,0.500899191454721,1.1102230246251565e-16,0.0,-0.49262712253550944,6.052470799364457,-6.646331756909026,2.9949854219076144,0.02740374634117193,0.037391351535464024,5.0,5.0,5.0
0,375,150.0,112.5,11.25,146.40633988580512,105.24104127322664,3.096533240506778,187.8371967955229,0.6435011087932844,1.5108681716736887,180.33325163469007,0.6232510505656268,1.5536243110906935,0.4000000000000057,0.29999999999999716,0.030000000000001137,0.500899191454721,0.0,0.0,4.6204686063960025,-12.972078079417983,-5.34998111412324,-4.4610082498819565,-0.07172953687982009,0.028551580860060488,5.0,5.0,5.0
0,376,150.4,112.8,11.28,134.81793164128288,110.8935571147414,6.591803645763228,188.33809598697763,0.6435011087932844,1.5108681716736887,174.69031907034326,0.6883363736586889,1.5330531421824627,0.4000000000000057,0.29999999999999716,0.02999999999999936,0.500899191454721,0.0,0.0,-11.588408244522242,5.652515841514756,3.4952704052564503,-5.642932564346808,0.06508532309306214,-0.020571168908230852,5.0,5.0,5.0
0,377,150.8,113.1,11.309999999999999,132.36482932741558,107.52127573736078,7.346645779894477,188.83899517843236,0.6435011087932843,1.5108681716736887,170.69049763616212,0.6822021027552597,1.52774228419551,0.4000000000000057,0.29999999999999716,0.02999999999999936,0.500899191454721,-1.1102230246251565e-16,0.0,-2.453102313867305,-3.3722813773806166,0.7548421341312483,-3.9998214341811433,-0.0061342709034292175,-0.005310857986952744,5.0,5.0,5.0
0,378,151.20000000000002,113.39999999999999,11.34,145.70611325907927,106.92921227679102,1.5750455300356432,189.33989436988708,0.6435011087932843,1.5108681716736887,180.73906231809536,0.6330971405869446,1.562081744314089,0.4000000000000057,0.29999999999999716,0.030000000000001137,0.500899191454721,0.0,0.0,13.341283931663696,-0.5920634605697614,-5.7716002498588335,10.048564681933243,-0.04910496216831517,0.034339460118579135,5.0,5.0,5.0
0,379,151.6,113.7,11.37,143.47179746369068,103.99026249869509,-4.173563994023789,189.8407935613418,0.6435011087932844,1.5108681716736887,177.24432289476016,0.6271857848810439,-1.5472471958522938,0.39999999999997726,0.30000000000001137,0.02999999999999936,0.500899191454721,1.1102230246251565e-16,0.0,-2.2343157953885964,-2.9389497780959317,-5.748609524059432,-3.4947394233352043,-0.005911355705900623,-3.1093289401663826,5.0,5.0,5.0
0,380,152.0,114.0,11.4,143.80265069374076,107.50249150352693,9.956633311609764,190.34169275279655,0.6435011087932844,1.5108681716736887,179.8196946191205,0.6419438437983895,1.5153979014405654,0.4000000000000057,0.29999999999999716,0.030000000000001137,0.5008991914547494,0.0,0.0,0.3308532300500815,3.5122290048318376,14.130197305633553,2.5753717243603376,0.014758058917345607,3.062645097292859,5.0,5.0,5.0
0,381,152.4,114.3,11.43,152.31617217588456,108.10744534056236,3.699167171254315,190.84259194425127,0.6435011087932844,1.5108681716736887,186.81841419447193,0.6172442097045171,1.5509941624595827,0.4000000000000057,0.29999999999999716,0.02999999999999936,0.500899191454721,0.0,0.0,8.513521482143801,0.6049538370354384,-6.257466140355449,6.99871957535143,-0.024699634093872436,0.03559626101901725,5.0,5.0,5.0
0,382,152.8,114.6,11.459999999999999,152.05840339361896,110.12380088940843,1.976280236750613,191.343491135706,0.6435011087932843,1.5108681716736887,187.75759704608706,0.626797012880757,1.5602704319080876,0.4000000000000057,0.29999999999999716,0.02999999999999936,0.500899191454721,-1.1102230246251565e-16,0.0,-0.2577687822656003,2.0163555488460645,-1.722886934503702,0.9391828516151293,0.009552803176239855,0.009276269448504904,5.0,5.0,5.0
0,383,153.20000000000002,114.89999999999999,11.49,143.506696318535,108.16208250918913,16.674013256169765,191.84439032716074,0.6435011087932843,1.5108681716736887,180.4750140574916,0.6458697300857801,1.4782747883710898,0.4000000000000057,0.29999999999999716,0.030000000000001137,0.5008991914547494,0.0,0.0,-8.551707075083954,-1.9617183802192955,14.697733019419152,-7.282582988595465,0.019072717205023126,-0.08199564353699773,5.0,5.0,5.0
0,384,153.60000000000002,115.19999999999999,11.52,145.23204904522433,119.04355954669285,10.764293525889357,192.34528951861546,0.6435011087932843,1.5108681716736887,188.09462287511826,0.6866252631033188,1.5135369663602867,0.4000000000000057,0.29999999999999716,0.02999999999999936,0.500899191454721,0.0,0.0,1.725352726689323,10.881477037503714,-5.909719730280408,7.61960881762667,0.04075553301753876,0.03526217798919684,5.0,5.0,5.0
0,385,154.0,115.5,11.549999999999999,151.39455579244995,107.96087658845522,9.73144409107488,192.84618871007018,0.6435011087932844,1.5108681716736887,186.20033136769283,0.6194701230946947,1.5185092033671679,0.39999999999997726,0.30000000000001137,0.02999999999999936,0.500899191454721,1.1102230246251565e-16,0.0,6.1625067472256205,-11.082682958237626,-1.0328494348144766,-1.8942915074254358,-0.0671551400086241,0.004972237006881208,5.0,5.0,5.0
0,386,154.4,115.8,11.58,154.33038076588565,109.8193779398585,3.969642561094026,193.3470879015249,0.6435011087932844,1.5108681716736887,189.4569087167411,0.6184597240856184,1.5498420469930831,0.4000000000000057,0.29999999999999716,0.030000000000001137,0.500899191454721,0.0,0.0,2.9358249734357003,1.8585013514032767,-5.761801529980855,3.2565773490482854,-0.0010103990090762904,0.03133284362591526,5.0,5.0,5.0
0,387,154.8,116.1,11.61,142.530292039751,110.72325546766818,14.937978128605119,193.84798709297962,0.6435011087932843,1.5108681716736887,181.101260737925,0.6604586979437486,1.4882183873312658,0.4000000000000057,0.29999999999999716,0.02999999999999936,0.500899191454721,-1.1102230246251565e-16,0.0,-11.800088726134646,0.9038775278096836,10.968335567511094,-8.355647978816108,0.04199897385813012,-0.061623659661817376,5.0,5.0,5.0
0,388,155.20000000000002,116.39999999999999,11.639999999999999,153.08786620502806,118.19900282480833,14.422798643963988,194.34888628443437,0.6435011087932843,1.5108681716736887,193.94565261616967,0.6574951629538939,1.4963624579402304,0.4000000000000057,0.29999999999999716,0.02999999999999936,0.5008991914547494,0.0,0.0,10.55757416527706,7.4757473571401505,-0.5151794846411306,12.844391878244664,-0.002963534989854688,0.008144070608964604,5.0,5.0,5.0
0,389,155.60000000000002,116.69999999999999,11.67,151.19411533239796,108.8537908152387,8.595219934635526,194.84978547588912,0.6435011087932843,1.5108681716736887,186.501169143035,0.6239970380177419,1.5246933153856985,0.4000000000000057,0.29999999999999716,0.030000000000001137,0.5008991914547494,0.0,0.0,-1.8937508726301076,-9.345212009569636,-5.827578709328462,-7.444483473134653,-0.03349812493615201,0.02833085744546815,5.0,5.0,5.0
0,390,156.0,117.0,11.7,146.06712565517486,107.87035435583927,10.238409709515196,195.3506846673438,0.6435011087932844,1.5108681716736887,181.86930356549692,0.6360994257086341,1.5144711244616054,0.39999999999997726,0.30000000000001137,0.02999999999999936,0.5008991914546925,1.1102230246251565e-16,0.0,-5.126989677223094,-0.983436459399428,1.6431897748796693,-4.631865577538093,0.012102387690892225,-0.010222190924093155,5.0,5.0,5.0
0,391,156.4,117.3,11.73,154.56992673986477,103.33997285543302,8.721725749514851,195.85158385879856,0.6435011087932844,1.5108681716736887,186.13726317472958,0.5893153691628126,1.5239227442689478,0.4000000000000057,0.29999999999999716,0.030000000000001137,0.5008991914547494,0.0,0.0,8.502801084689906,-4.53038150040625,-1.5166839600003446,4.267959609232662,-0.04678405654582152,0.009451619807342437,5.0,5.0,5.0
0,392,156.8,117.6,11.76,143.51622688945548,108.25766496698023,4.376411190703722,196.35248305025328,0.6435011087932843,1.5108681716736887,179.82152924385534,0.6462624219116142,1.5464563973097851,0.4000000000000057,0.29999999999999716,0.02999999999999936,0.500899191454721,-1.1102230246251565e-16,0.0,-11.053699850409288,4.917692111547211,-4.345314558811129,-6.315733930874245,0.05694705274880163,0.02253365304083732,5.0,5.0,5.0
0,393,157.20000000000002,117.89999999999999,11.79,144.98150927810752,113.1207328761259,-4.182047782678822,196.853382241708,0.6435011087932843,1.5108681716736887,183.93865217144116,0.6625770368655101,-1.5480582664597071,0.4000000000000057,0.29999999999999716,0.02999999999999936,0.500899191454721,0.0,0.0,1.4652823886520423,4.86306790914567,-8.558458973382544,4.117122927585825,0.016314614953895856,-3.094514663769492,5.0,5.0,5.0
0,394,157.60000000000002,118.19999999999999,11.82,152.28824029467134,124.92845287158293,13.137403809629134,197.35428143316273,0.6435011087932843,1.5108681716736887,197.41179764085058,0.6870221640162117,1.5041988883227917,0.4000000000000057,0.29999999999999716,0.030000000000001137,0.500899191454721,0.0,0.0,7.306731016563816,11.807719995457035,17.319451592307956,13.473145469409417,0.024445127150701684,3.052257154782499,5.0,5.0,5.0
0,395,158.0,118.5,11.85,147.22378737203482,114.84442913050593,13.864679065140564,197.85518062461745,0.6435011087932844,1.5108681716736887,187.23331913966933,0.6624679951780601,1.4966782076034997,0.39999999999997726,0.30000000000001137,0.02999999999999936,0.500899191454721,1.1102230246251565e-16,0.0,-5.064452922636519,-10.084023741077004,0.7272752555114295,-10.178478501181246,-0.024554168838151647,-0.007520680719292017,5.0,5.0,5.0
0,396,158.4,118.8,11.879999999999999,153.98751019565213,116.28933210431644,1.4003070466179288,198.3560798160722,0.6435011087932844,1.5108681716736887,192.96974611930463,0.6468123924041911,1.5635396486640638,0.4000000000000057,0.29999999999999716,0.02999999999999936,0.5008991914547494,0.0,0.0,6.763722823617314,1.444902973810514,-12.464372018522635,5.736426979635297,-0.015655602773869015,0.06686144106056413,5.0,5.0,5.0
0,397,158.8,119.1,11.91,162.6985756098538,116.1621993940089,7.146113806399468,198.85697900752692,0.6435011087932843,1.5108681716736887,200.03887126271937,0.6200416113112343,1.535065098227319,0.4000000000000057,0.29999999999999716,0.030000000000001137,0.500899191454721,-1.1102230246251565e-16,0.0,8.71106541420167,-0.12713271030754925,5.745806759781539,7.0691251434147375,-0.02677078109295683,-0.02847455043674474,5.0,5.0,5.0
0,398,159.20000000000002,119.39999999999999,11.94,149.75687696220143,113.22857678390115,18.948277443779176,199.35787819898167,0.6435011087932843,1.5108681716736887,188.69782726906573,0.6473826540849501,1.4702108201700357,0.4000000000000057,0.29999999999999716,0.02999999999999936,0.5008991914547494,0.0,0.0,-12.941698647652373,-2.933622610107747,11.802163637379708,-11.341043993653642,0.02734104277371585,-0.06485427805728339,5.0,5.0,5.0
0,399,159.60000000000002,119.69999999999999,11.969999999999999,154.14168260518161,107.39726387461123,1.3131524883762395,199.85877739043636,0.6435011087932843,1.5108681716736887,187.8711126638876,0.6085372601469775,1.5638066243208577,0.4000000000000057,0.29999999999999716,0.02999999999999936,0.5008991914546925,0.0,0.0,4.384805642980183,-5.83131290928992,-17.635124955402937,-0.8267146051781253,-0.038845393937972594,0.09359580415082203,5.0,5.0,5.0
0,400,160.0,120.0,12.0,163.32102586115897,124.39734274846418,6.97921004167079,200.3596765818911,0.6435011087932844,1.5108681716736887,205.41948725480256,0.6509305587911409,1.53681438306965,0.39999999999997726,0.30000000000001137,0.030000000000001137,0.5008991914547494,1.1102230246251565e-16,0.0,9.179343255977358,17.000078873852956,5.66605755329455,17.54837459091496,0.04239329864416341,-0.026992241251207805,5.0,5.0,5.0
0,401,160.4,120.3,12.03,154.93461885760058,108.68115470673047,-1.2535405665226804,200.86057577334583,0.6435011087932844,1.5108681716736887,189.25617789887377,0.6117082596644748,-1.5641727663580236,0.4000000000000057,0.29999999999999716,0.02999999999999936,0.500899191454721,0.0,0.0,-8.38640700355839,-15.716188041733716,-8.23275060819347,-16.16330935592879,-0.03922229912666608,-3.1009871494276737,5.0,5.0,5.0
0,402,160.8,120.6,12.059999999999999,149.20650698828706,110.04510461464848,1.6275174695529877,201.36147496480055,0.6435011087932843,1.5108681716736887,185.40538177304452,0.635476024604201,1.5620180574890827,0.4000000000000057,0.29999999999999716,0.02999999999999936,0.500899191454721,-1.1102230246251565e-16,0.0,-5.728111869313523,1.3639499079180126,2.881058036075668,-3.8507961258292482,0.02376776493972621,3.1261908238471063,5.0,5.0,5.0
0,403,161.20000000000002,120.89999999999999,12.09,150.3110215495387,112.85144796795856,6.983905555470959,201.8623741562553,0.6435011087932843,1.5108681716736887,188.0894134302579,0.644004117915461,1.5336570152137992,0.4000000000000057,0.29999999999999716,0.030000000000001137,0.5008991914547494,0.0,0.0,1.1045145612516478,2.8063433533100834,5.356388085917971,2.6840316572133815,0.008528093311259921,-0.028361042275283577,5.0,5.0,5.0
0,404,161.60000000000002,121.19999999999999,12.12,158.13502699394982,115.91465150796292,15.497122289869212,202.36327334771002,0.6435011087932843,1.5108681716736887,196.6800803229877,0.6325389347742191,1.4919210147590427,0.4000000000000057,0.29999999999999716,0.02999999999999936,0.500899191454721,0.0,0.0,7.824005444411114,3.063203540004352,8.513216734398252,8.590666892729786,-0.011465183141241897,-0.04173600045475645,5.0,5.0,5.0
0,405,162.0,121.5,12.15,162.01537864159394,119.7997091569824,1.9262980062738624,202.86417253916474,0.6435011087932844,1.5108681716736887,201.50598962434245,0.6367046210893362,1.5612366737546421,0.39999999999997726,0.30000000000001137,0.030000000000001137,0.500899191454721,1.1102230246251565e-16,0.0,3.880351647644119,3.885057649019487,-13.57082428359535,4.825909301354756,0.004165686315117156,0.06931565899559944,5.0,5.0,5.0
0,406,162.4,121.8,12.18,161.96066242066075,122.67955664436548,2.8858058793682986,203.36507173061946,0.6435011087932844,1.5108681716736887,203.19905921477763,0.6482617069921114,1.5565939830087732,0.4000000000000057,0.29999999999999716,0.02999999999999936,0.500899191454721,0.0,0.0,-0.05471622093318729,2.879847487383074,0.9595078730944362,1.6930695904351865,0.011557085902775155,-0.0046426907458689826,5.0,5.0,5.0
0,407,162.8,122.1,12.209999999999999,159.40169052131623,115.97100448765538,7.443290935538058,203.86597092207418,0.6435011087932843,1.5108681716736887,197.265241243561,0.6289706589053687,1.5330549678398644,0.4000000000000057,0.29999999999999716,0.02999999999999936,0.500899191454721,-1.1102230246251565e-16,0.0,-2.5589718993445274,-6.708552156710098,4.557485056169759,-5.933817971216627,-0.019291048086742646,-0.023539015168908772,5.0,5.0,5.0
0,408,163.20000000000002,122.39999999999999,12.24,157.67495488386697,120.0062816484546,8.219019599802074,204.36687011352893,0.6435011087932843,1.5108681716736887,198.31906442876246,0.6505668336029767,1.5293410374814962,0.4000000000000057,0.29999999999999716,0.030000000000001137,0.5008991914547494,0.0,0.0,-1.7267356374492522,4.035277160799225,0.7757286642640162,1.053823185201452,0.021596174697607995,-0.0037139303583682004,5.0,5.0,5.0
0,409,163.60000000000002,122.69999999999999,12.27,162.2177024329372,115.28010926758668,9.402522787110023,204.86776930498365,0.6435011087932843,1.5108681716736887,199.22975181967627,0.6178383169267739,1.523584418980306,0.4000000000000057,0.29999999999999716,0.02999999999999936,0.500899191454721,0.0,0.0,4.542747549070214,-4.726172380867922,1.1835031873079487,0.9106873909138073,-0.0327285166762028,-0.005756618501190136,5.0,5.0,5.0
0,410,164.0,123.0,12.299999999999999,150.85675522670434,117.75711005952975,14.021410842791223,205.36866849643837,0.6435011087932844,1.5108681716736887,191.8882422899442,0.6627923354740072,1.4976604314493172,0.39999999999997726,0.30000000000001137,0.02999999999999936,0.500899191454721,1.1102230246251565e-16,0.0,-11.36094720623285,2.4770007919430697,4.6188880556812,-7.341509529732065,0.04495401854723324,-0.0259239875309889,5.0,5.0,5.0
0,411,164.4,123.3,12.33,156.81875897595955,113.77177670457735,1.9123068032226112,205.8695676878931,0.6435011087932844,1.5108681716736887,193.75189614191123,0.6276348757990459,1.560926292537836,0.4000000000000057,0.29999999999999716,0.030000000000001137,0.500899191454721,0.0,0.0,5.962003749255217,-3.9853333549524024,-12.109104039568612,1.8636538519670296,-0.03515745967496131,0.06326586108851884,5.0,5.0,5.0
0,412,164.8,123.6,12.36,156.0377472437474,110.80934873540743,4.0857855999094355,206.37046687934782,0.6435011087932843,1.5108681716736887,191.42409455457056,0.6175019590822004,1.5494505505385479,0.4000000000000057,0.29999999999999716,0.02999999999999936,0.500899191454721,-1.1102230246251565e-16,0.0,-0.7810117322121641,-2.962427969169923,2.1734787966868243,-2.327801587340673,-0.010132916716845464,-0.011475741999288136,5.0,5.0,5.0
0,413,165.20000000000002,123.89999999999999,12.389999999999999,157.2980091962568,122.33627961693836,13.963842828272046,206.87136607080257,0.6435011087932843,1.5108681716736887,199.75940006455792,0.6610169598380268,1.5008359633493322,0.4000000000000057,0.29999999999999716,0.02999999999999936,0.5008991914547494,0.0,0.0,1.2602619525094099,11.52693088153093,9.87805722836261,8.335305509987364,0.04351500075582637,-0.04861458718921563,5.0,5.0,5.0
0,414,165.60000000000002,124.19999999999999,12.42,160.09109911061108,121.55912587159764,7.153347483524489,207.3722652622573,0.6435011087932843,1.5108681716736887,201.1391346240966,0.6494343310073439,1.5352246500345783,0.4000000000000057,0.29999999999999716,0.030000000000001137,0.500899191454721,0.0,0.0,2.793089914354283,-0.777153745340712,-6.810495344747557,1.37973455953869,-0.01158262883068284,0.034388686685246084,5.0,5.0,5.0
0,415,166.0,124.5,12.45,159.76749908460928,115.6818243944097,7.765069847180933,207.873164453712,0.6435011087932844,1.5108681716736887,197.40373494111319,0.6266941125892899,1.5314501930833646,0.39999999999997726,0.30000000000001137,0.02999999999999936,0.500899191454721,1.1102230246251565e-16,0.0,-0.3236000260017988,-5.877301477187942,0.611722363656444,-3.7353996829834273,-0.02274021841805407,-0.0037744569512137005,5.0,5.0,5.0
0,416,166.4,124.8,12.48,159.32355679316078,119.32732073192646,6.970158004704259,208.37406364516673,0.6435011087932844,1.5108681716736887,199.17727863612888,0.6428365823417465,1.5357944355972006,0.4000000000000057,0.29999999999999716,0.030000000000001137,0.500899191454721,0.0,0.0,-0.44394229144850783,3.645496337516761,-0.7949118424766741,1.7735436950156895,0.01614246975245659,0.0043442425138360274,5.0,5.0,5.0
0,417,166.8,125.1,12.51,158.90023119536212,122.78732545389427,2.1621128345069263,208.87496283662145,0.6435011087932843,1.5108681716736887,200.82501213237663,0.6578916911717059,1.5600299656620704,0.4000000000000057,0.29999999999999716,0.02999999999999936,0.500899191454721,-1.1102230246251565e-16,0.0,-0.42332559779865164,3.460004721967806,-4.808045170197333,1.6477334962477528,0.015055108829959418,0.02423553006486978,5.0,5.0,5.0
0,418,167.20000000000002,125.39999999999999,12.54,164.41418677506357,120.54582700229572,7.293671849387485,209.37586202807623,0.6435011087932843,1.5108681716736887,204.00127173529935,0.6326516228700835,1.5350356348304695,0.4000000000000057,0.29999999999999716,0.02999999999999936,0.5008991914547778,0.0,0.0,5.513955579701445,-2.241498451598545,5.131559014880558,3.176259602922727,-0.025240068301622398,-0.024994330831600964,5.0,5.0,5.0
0,419,167.60000000000002,125.69999999999999,12.57,165.38226578633277,121.5322629692401,17.992459999542632,209.87676121953095,0.6435011087932843,1.5108681716736887,206.02211870544602,0.6337387319695931,1.4833522680414222,0.4000000000000057,0.29999999999999716,0.030000000000001137,0.500899191454721,0.0,0.0,0.9680790112691966,0.9864359669443701,10.698788150155147,2.020846970146664,0.0010871090995095978,-0.05168336678904728,5.0,5.0,5.0
0,420,168.0,126.0,12.6,158.44923558634144,126.02495794130532,13.813653548370217,210.37766041098567,0.6435011087932844,1.5108681716736887,202.9267535500386,0.6719082549707375,1.502671528421143,0.39999999999997726,0.30000000000001137,0.02999999999999936,0.500899191454721,1.1102230246251565e-16,0.0,-6.933030199991322,4.492694972065223,-4.178806451172415,-3.0953651554074213,0.0381695230011444,0.01931926037972076,5.0,5.0,5.0
0,421,168.4,126.3,12.629999999999999,171.35025012096847,115.91736506046708,3.8400284073434108,210.8785596024404,0.6435011087932844,1.5108681716736887,206.9117917307983,0.5947751146604978,1.5522364910073176,0.4000000000000057,0.29999999999999716,0.02999999999999936,0.500899191454721,0.0,0.0,12.901014534627024,-10.10759288083824,-9.973625141026806,3.985038180759716,-0.07713314031023966,0.04956496258617471,5.0,5.0,5.0
0,422,168.8,126.6,12.66,168.26660816170525,115.88285193174866,11.723972746889,211.3794587938951,0.6435011087932843,1.5108681716736887,204.64588520429683,0.6030922261122764,1.5134758714527254,0.4000000000000057,0.29999999999999716,0.030000000000001137,0.500899191454721,-1.1102230246251565e-16,0.0,-3.0836419592632183,-0.03451312871841594,7.8839443395455895,-2.2659065265014817,0.008317111451778603,-0.0387606195545922,5.0,5.0,5.0
0,423,169.20000000000002,126.89999999999999,12.69,162.11930800390869,121.09687711998544,10.650729658981167,211.88035798534983,0.6435011087932843,1.5108681716736887,202.63405863316208,0.6415536136098338,1.51821069549732,0.4000000000000057,0.29999999999999716,0.02999999999999936,0.500899191454721,0.0,0.0,-6.147300157796565,5.214025188236775,-1.0732430879078336,-2.0118265711347476,0.03846138749755734,0.004734824044594577,5.0,5.0,5.0
0,424,169.60000000000002,127.19999999999999,12.719999999999999,164.58798780861423,120.58563020870308,1.6081112820696983,212.38125717680455,0.6435011087932843,1.5108681716736887,204.04089287594815,0.6323052785981839,1.5629149266113864,0.4000000000000057,0.29999999999999716,0.02999999999999936,0.500899191454721,0.0,0.0,2.4686798047055447,-0.5112469112823561,-9.042618376911468,1.4068342427860614,-0.0092483350116499,0.044704231114066406,5.0,5.0,5.0
0,425,170.0,127.5,12.75,164.51592796267354,122.6980724968464,18.615360854940423,212.8821563682593,0.6435011087932844,1.5108681716736887,206.07483885137606,0.64081586201112,1.4803400079496727,0.39999999999997726,0.30000000000001137,0.030000000000001137,0.5008991914547494,1.1102230246251565e-16,0.0,-0.07205984594068582,2.1124422881433134,17.007249572870727,2.033945975427912,0.00851058341293609,-0.08257491866171374,5.0,5.0,5.0
0,426,170.4,127.8,12.78,166.33201656183442,121.96639927993662,11.006445765844834,213.38305555971402,0.6435011087932844,1.5108681716736887,206.55092383050666,0.6327081238131472,1.5174842379140456,0.4000000000000057,0.29999999999999716,0.02999999999999936,0.500899191454721,0.0,0.0,1.816088599160878,-0.731673216909769,-7.608915089095589,0.4760849791306043,-0.008107738197972725,0.03714422996437294,5.0,5.0,5.0
0,427,170.8,128.1,12.809999999999999,169.20351635762958,118.09913176426103,8.772216273664025,213.88395475116874,0.6435011087932843,1.5108681716736887,206.52890027696085,0.6093628583872336,1.5283090233577783,0.4000000000000057,0.29999999999999716,0.02999999999999936,0.500899191454721,-1.1102230246251565e-16,0.0,2.8714997957951596,-3.867267515675593,-2.234229492180809,-0.022023553545807317,-0.02334526542591364,0.010824785443732665,5.0,5.0,5.0
0,428,171.20000000000002,128.4,12.84,170.27923895396694,122.86338062207001,3.9785636254746564,214.3848539426235,0.6435011087932844,1.5108681716736887,210.01490062647406,0.625036918634261,1.5518509966068033,0.4000000000000057,0.30000000000001137,0.030000000000001137,0.5008991914547494,1.1102230246251565e-16,0.0,1.0757225963373571,4.76424885780898,-4.793652648189369,3.486000349513205,0.015674060247027444,0.02354197324902496,5.0,5.0,5.0
0,429,171.60000000000002,128.7,12.87,164.40913026063183,115.51465141549782,13.552081096031552,214.88575313407821,0.6435011087932843,1.5108681716736887,201.389313784855,0.6124720436874656,1.50345248508726,0.4000000000000057,0.29999999999998295,0.02999999999999936,0.500899191454721,-1.1102230246251565e-16,0.0,-5.870108693335112,-7.348729206572187,9.573517470556896,-8.625586841619054,-0.012564874946795479,-0.04839851151954333,5.0,5.0,5.0
0,430,172.0,129.0,12.9,170.16672173128453,126.9257705778493,12.987853166175409,215.38665232553294,0.6435011087932844,1.5108681716736887,212.68650345383787,0.6408659477442112,1.5096925965268284,0.39999999999997726,0.30000000000001137,0.030000000000001137,0.500899191454721,1.1102230246251565e-16,0.0,5.757591470652699,11.411119162351483,-0.564227929856143,11.297189668982867,0.02839390405674569,0.006240111439568485,5.0,5.0,5.0
0,431,172.4,129.29999999999998,12.93,166.78672984919595,124.75306476314715,8.746745635660494,215.88755151698766,0.6435011087932843,1.5108681716736887,208.464975429451,0.6422067724872532,1.5288261395283402,0.4000000000000057,0.29999999999998295,0.02999999999999936,0.500899191454721,-1.1102230246251565e-16,0.0,-3.379991882088575,-2.172705814702155,-4.241107530514915,-4.221528024386885,0.0013408247430419795,0.01913354300151182,5.0,5.0,5.0
0,432,172.8,129.6,12.959999999999999,169.2588420872405,128.4059400813602,6.932819756840329,216.38845070844238,0.6435011087932843,1.5108681716736887,212.566942544395,0.6490056109875009,1.5381757821231477,0.4000000000000057,0.30000000000001137,0.02999999999999936,0.500899191454721,0.0,0.0,2.4721122380445593,3.6528753182130487,-1.8139258788201644,4.101967114944017,0.00679883850024765,0.009349642594807417,5.0,5.0,5.0
0,433,173.20000000000002,129.9,12.99,168.16338557878538,113.67797600315905,5.550223222708411,216.88934989989713,0.6435011087932844,1.5108681716736887,203.05765549546743,0.5944344092055422,1.543459684192748,0.4000000000000057,0.30000000000001137,0.030000000000001137,0.5008991914547494,1.1102230246251565e-16,0.0,-1.095456508455129,-14.727964078201154,-1.3825965341319186,-9.509287048927575,-0.05457120178195862,0.005283902069600277,5.0,5.0,5.0
0,434,173.60000000000002,130.2,13.02,152.35238728247535,125.74510640074972,7.323755424965561,217.39024909135185,0.6435011087932843,1.5108681716736887,197.67832225089816,0.6900124171257142,1.5337389912715835,0.4000000000000057,0.29999999999998295,0.02999999999999936,0.500899191454721,-1.1102230246251565e-16,0.0,-15.810998296310032,12.067130397590674,1.77353220225715,-5.379333244569267,0.0955780079201719,-0.009720692921164398,5.0,5.0,5.0
0,435,174.0,130.5,13.049999999999999,167.5949611753783,130.06057647728838,4.347716511053223,217.89114828280657,0.6435011087932844,1.5108681716736887,212.18559612716794,0.6599601681928932,1.5503047341660647,0.39999999999997726,0.30000000000001137,0.02999999999999936,0.500899191454721,1.1102230246251565e-16,0.0,15.242573892902954,4.315470076538659,-2.9760389139123378,14.507273876269778,-0.03005224893282099,0.016565742894481206,5.0,5.0,5.0
0,436,174.4,130.79999999999998,13.08,179.19891895506666,129.40552731595113,6.049619075899158,218.3920474742613,0.6435011087932843,1.5108681716736887,221.12132630198155,0.625426673624814,1.5434340902952282,0.4000000000000057,0.29999999999998295,0.030000000000001137,0.500899191454721,-1.1102230246251565e-16,0.0,11.603957779688358,-0.6550491613372458,1.701902564845935,8.935730174813614,-0.03453349456807919,-0.006870643870836579,5.0,5.0,5.0
0,437,174.8,131.1,13.11,162.62812217504973,126.3851563789467,4.555947142725401,218.89294666571604,0.6435011087932843,1.5108681716736887,206.01424836520658,0.6606469553027078,1.5486798051636157,0.4000000000000057,0.30000000000001137,0.02999999999999936,0.5008991914547494,0.0,0.0,-16.570796780016934,-3.0203709370044294,-1.493671933173757,-15.10707793677497,0.03522028167789382,0.005245714868387541,5.0,5.0,5.0
0,438,175.20000000000002,131.4,13.139999999999999,169.79270272091574,130.2663889502009,7.410009741495651,219.39384585717076,0.6435011087932844,1.5108681716736887,214.1350093557038,0.6544238291350277,1.5361850344594734,0.4000000000000057,0.30000000000001137,0.02999999999999936,0.500899191454721,1.1102230246251565e-16,0.0,7.164580545866016,3.881232571254202,2.85406259877025,8.120760990497217,-0.00622312616768006,-0.012494770704142288,5.0,5.0,5.0
0,439,175.60000000000002,131.7,13.17,171.61837139134445,126.48487439902259,4.785660374937287,219.89474504862548,0.6435011087932843,1.5108681716736887,213.24678519494307,0.6351371219516078,1.5483525550464943,0.4000000000000057,0.29999999999998295,0.030000000000001137,0.500899191454721,-1.1102230246251565e-16,0.0,1.825668670428712,-3.7815145511783186,-2.6243493665583646,-0.8882241607607284,-0.01928670718341996,0.012167520587020864,5.0,5.0,5.0
0,440,176.0,132.0,13.2,167.1477812812597,131.73573122542075,14.35929694319081,220.3956442400802,0.6435011087932844,1.5108681716736887,213.30464851345099,0.6674668346968027,1.5034271218960218,0.39999999999997726,0.30000000000001137,0.02999999999999936,0.500899191454721,1.1102230246251565e-16,0.0,-4.470590110084743,5.250856826398163,9.573636568253523,0.05786331850791271,0.032329712745194916,-0.04492543315047248,5.0,5.0,5.0
0,441,176.4,132.29999999999998,13.229999999999999,172.28821987020876,124.33058960797172,7.369048756750266,220.89654343153492,0.6435011087932843,1.5108681716736887,212.59263650910077,0.6251042769627448,1.5361266160409308,0.4000000000000057,0.29999999999998295,0.02999999999999936,0.500899191454721,-1.1102230246251565e-16,0.0,5.140438588949053,-7.405141617449033,-6.990248186440543,-0.7120120043502141,-0.04236255773405784,0.032699494144909025,5.0,5.0,5.0
0,442,176.8,132.6,13.26,174.50407256941313,121.80221725263043,8.618909567992127,221.39744262298964,0.6435011087932843,1.5108681716736887,212.98295019345844,0.6093761578723248,1.5303176700675316,0.4000000000000057,0.30000000000001137,0.030000000000001137,0.500899191454721,0.0,0.0,2.215852699204362,-2.52837235534129,1.2498608112418603,0.39031368435766467,-0.015728119090420045,-0.005808945973399204,5.0,5.0,5.0
0,443,177.20000000000002,132.9,13.29,175.00310191450149,137.96677073790917,14.369743954206388,221.89834181444442,0.6435011087932844,1.5108681716736887,223.31010959840944,0.6676076424135543,1.506403006330801,0.4000000000000057,0.30000000000001137,0.02999999999999936,0.5008991914547778,1.1102230246251565e-16,0.0,0.49902934508835983,16.164553485278745,5.750834386214262,10.327159404951004,0.058231484541229506,-0.02391466373673068,5.0,5.0,5.0
0,444,177.60000000000002,133.2,13.32,176.06273181151954,135.18193562392554,-5.567175587136795,222.39924100589914,0.6435011087932843,1.5108681716736887,222.04331716127874,0.65479958633427,-1.5457212238612255,0.4000000000000057,0.29999999999998295,0.030000000000001137,0.500899191454721,-1.1102230246251565e-16,0.0,1.0596298970180555,-2.7848351139836325,-19.936919541343183,-1.2667924371307038,-0.012808056079284258,-3.0521242301920264,5.0,5.0,5.0
0,445,178.0,133.5,13.35,177.02134612615947,129.65900154278515,3.6467516767143984,222.90014019735386,0.6435011087932844,1.5108681716736887,219.45685786318262,0.6321731289768455,1.5541783930339939,0.39999999999997726,0.30000000000001137,0.02999999999999936,0.500899191454721,1.1102230246251565e-16,0.0,0.9586143146399309,-5.5229340811403915,9.213927263851193,-2.5864592980961163,-0.022626457357424523,3.099899616895219,5.0,5.0,5.0
0,446,178.4,133.79999999999998,13.379999999999999,170.24492182642254,128.4643069040303,12.741621826597289,223.40103938880858,0.6435011087932843,1.5108681716736887,213.65570547680124,0.6464292159010356,1.5111246860775693,0.4000000000000057,0.29999999999998295,0.02999999999999936,0.500899191454721,-1.1102230246251565e-16,0.0,-6.776424299736931,-1.1946946387548394,9.09487014988289,-5.801152386381375,0.014256086924190114,-0.04305370695642452,5.0,5.0,5.0
0,447,178.8,134.1,13.41,185.60953751148185,128.37102176003125,7.749966402307033,223.9019385802633,0.6435011087932843,1.5108681716736887,225.80983508735287,0.6050787353600144,1.536468819876424,0.4000000000000057,0.30000000000001137,0.030000000000001137,0.500899191454721,0.0,0.0,15.364615685059306,-0.0932851439990543,-4.991655424290256,12.154129610551621,-0.041350480541021195,0.025344133798854696,5.0,5.0,5.0
0,448,179.20000000000002,134.4,13.44,179.62226589744552,124.93176562449855,3.5332875060880813,224.40283777171805,0.6435011087932844,1.5108681716736887,218.8254751823652,0.6077162496051857,1.5546490247041234,0.4000000000000057,0.30000000000001137,0.02999999999999936,0.5008991914547494,1.1102230246251565e-16,0.0,-5.987271614036331,-3.439256135532702,-4.216678896218951,-6.984359904987656,0.002637514245171224,0.01818020482769933,5.0,5.0,5.0
0,449,179.60000000000002,134.7,13.469999999999999,176.0412005904368,118.43338216232209,17.316974295012916,224.90373696317275,0.6435011087932843,1.5108681716736887,212.87754206224565,0.592208834726617,1.489359224594854,0.4000000000000057,0.29999999999998295,0.02999999999999936,0.5008991914546925,-1.1102230246251565e-16,0.0,-3.581065307008714,-6.498383462176463,13.783686788924834,-5.947933120119558,-0.01550741487856866,-0.06528980010926944,5.0,5.0,5.0
0,450,180.0,135.0,13.5,176.48223327155472,124.96020524684513,11.99695672427196,225.4046361546275,0.6435011087932844,1.5108681716736887,216.57552614848512,0.6161156389153551,1.5153740875853747,0.39999999999997726,0.30000000000001137,0.030000000000001137,0.5008991914547494,1.1102230246251565e-16,0.0,0.4410326811179175,6.526823084523045,-5.320017570740955,3.6979840862394724,0.02390680418873814,0.026014862990520804,5.0,5.0,5.0
0,451,180.4,135.29999999999998,13.53,167.0206987628509,133.17050674061718,9.80588042849131,225.90553534608222,0.6435011087932843,1.5108681716736887,213.83744520490706,0.6731103800207197,1.5249235360382407,0.4000000000000057,0.29999999999998295,0.02999999999999936,0.500899191454721,-1.1102230246251565e-16,0.0,-9.461534508703807,8.21030149377205,-2.1910762957806504,-2.738080943578069,0.05699474110536451,0.009549448452865983,5.0,5.0,5.0
0,452,180.8,135.6,13.559999999999999,169.27291831978033,132.53763274773738,8.808345419573103,226.40643453753694,0.6435011087932843,1.5108681716736887,215.16768326098517,0.6642775745073194,1.5298477634030234,0.4000000000000057,0.30000000000001137,0.02999999999999936,0.500899191454721,0.0,0.0,2.2522195569294183,-0.6328739928798086,-0.9975350089182076,1.330238056078116,-0.008832805513400266,0.004924227364782707,5.0,5.0,5.0
0,453,181.20000000000002,135.9,13.59,178.54048381352615,136.26727788191278,14.056725300785146,226.9073337289917,0.6435011087932844,1.5108681716736887,225.04014510281527,0.6519140580380127,1.508292447241542,0.4000000000000057,0.30000000000001137,0.030000000000001137,0.5008991914547494,1.1102230246251565e-16,0.0,9.26756549374582,3.7296451341753993,5.248379881212044,9.872461841830102,-0.012363516469306668,-0.02155531616148143,5.0,5.0,5.0
0,454,181.60000000000002,136.2,13.62,176.35918514053486,134.311847605968,15.31128990204379,227.40823292044638,0.6435011087932843,1.5108681716736887,222.20861862049063,0.6508719959659286,1.5018366615864416,0.4000000000000057,0.29999999999998295,0.02999999999999936,0.5008991914546925,-1.1102230246251565e-16,0.0,-2.1812986729912893,-1.9554302759447637,1.254564601258643,-2.831526482324648,-0.0010420620720841267,-0.00645578565510041,5.0,5.0,5.0
0,455,182.0,136.5,13.65,183.3747506583447,130.41659768028606,18.6147052737603,227.90913211190113,0.6435011087932844,1.5108681716736887,225.79037929447006,0.61820497947271,1.4882602299098553,0.39999999999997726,0.30000000000001137,0.030000000000001137,0.5008991914547494,1.1102230246251565e-16,0.0,7.015565517809847,-3.895249925681952,3.303415371716511,3.5817606739794314,-0.03266701649321857,-0.013576431676586287,5.0,5.0,5.0
0,456,182.4,136.79999999999998,13.68,180.26483408791674,129.7127959411724,15.202376385979546,228.41003130335585,0.6435011087932843,1.5108681716736887,222.60263270545875,0.6237384474231052,1.5024493423463938,0.4000000000000057,0.29999999999998295,0.02999999999999936,0.500899191454721,-1.1102230246251565e-16,0.0,-3.10991657042797,-0.7038017391136577,-3.4123288877807543,-3.1877465890113115,0.005533467950395221,0.014189112436538531,5.0,5.0,5.0
0,457,182.8,137.1,13.709999999999999,172.7613494484228,132.08748006535401,2.627860450407299,228.91093049481057,0.6435011087932843,1.5108681716736887,217.48676259442132,0.6527584543394351,1.5587131803734076,0.4000000000000057,0.30000000000001137,0.02999999999999936,0.500899191454721,0.0,0.0,-7.503484639493934,2.374684124181613,-12.574515935572247,-5.115870111037424,0.029020006916329888,0.056263838027013735,5.0,5.0,5.0
0,458,183.20000000000002,137.4,13.74,169.26719705086634,127.85259471890781,9.442129054098572,229.41182968626532,0.6435011087932844,1.5108681716736887,212.33658133936402,0.6469036011414954,1.5263139133226318,0.4000000000000057,0.30000000000001137,0.030000000000001137,0.5008991914547494,1.1102230246251565e-16,0.0,-3.494152397556462,-4.234885346446205,6.814268603691273,-5.150181255057305,-0.005854853197939769,-0.03239926705077578,5.0,5.0,5.0
0,459,183.60000000000002,137.7,13.77,178.92526530655982,133.76245535810546,12.908279370850877,229.91272887772004,0.6435011087932843,1.5108681716736887,223.77057157894535,0.6419559064694303,1.5130789560658016,0.4000000000000057,0.29999999999998295,0.02999999999999936,0.500899191454721,-1.1102230246251565e-16,0.0,9.658068255693479,5.909860639197646,3.466150316752305,11.433990239581334,-0.004947694672065017,-0.013234957256830215,5.0,5.0,5.0
0,460,184.0,138.0,13.799999999999999,180.46168753864745,127.00383304769386,17.932732141609318,230.41362806917476,0.6435011087932844,1.5108681716736887,221.4000387537582,0.613252840234982,1.489710531452802,0.39999999999997726,0.30000000000001137,0.02999999999999936,0.500899191454721,1.1102230246251565e-16,0.0,1.5364222320876308,-6.758622310411596,5.02445277075844,-2.370532825187155,-0.028703066234448293,-0.023368424612999483,5.0,5.0,5.0
0,461,184.4,138.29999999999998,13.83,179.9567121226618,128.20198695076863,12.250619675951398,230.91452726062948,0.6435011087932843,1.5108681716736887,221.2922171667328,0.6190027652465782,1.5154085421227903,0.4000000000000057,0.29999999999998295,0.030000000000001137,0.500899191454721,-1.1102230246251565e-16,0.0,-0.5049754159856548,1.1981539030747683,-5.682112465657919,-0.10782158702539846,0.005749925011596102,0.025698010669988225,5.0,5.0,5.0
0,462,184.8,138.6,13.86,178.43232746095092,137.19839598483753,10.037714188460697,231.41542645208423,0.6435011087932843,1.5108681716736887,225.30479588786727,0.655494053496238,1.5262298643452559,0.4000000000000057,0.30000000000001137,0.02999999999999936,0.5008991914547494,0.0,0.0,-1.524384661710883,8.996409034068904,-2.2129054874907013,4.012578721134474,0.03649128824965986,0.010821322222465568,5.0,5.0,5.0
0,463,185.20000000000002,138.9,13.889999999999999,178.91555385695946,134.70623797621388,2.5292570109760764,231.91632564353898,0.6435011087932844,1.5108681716736887,223.9708532436185,0.6453570860591611,1.5595032914038185,0.4000000000000057,0.30000000000001137,0.02999999999999936,0.5008991914547494,1.1102230246251565e-16,0.0,0.483226396008547,-2.4921580086236474,-7.508457177484621,-1.333942644248765,-0.010136967437076927,0.03327342705856262,5.0,5.0,5.0
0,464,185.60000000000002,139.2,13.92,174.9196197470634,135.68865544062194,6.96782367327964,232.41722483499368,0.6435011087932843,1.5108681716736887,221.48777653514648,0.6597597644203269,1.539331956102746,0.4000000000000057,0.29999999999998295,0.030000000000001137,0.5008991914546925,-1.1102230246251565e-16,0.0,-3.9959341098960692,0.9824174644080585,4.438566662303564,-2.4830767084720264,0.014402678361165822,-0.0201713353010724,5.0,5.0,5.0
0,465,186.0,139.5,13.95,177.49883157929693,129.2571378683115,15.85500226977408,232.9181240264484,0.6435011087932844,1.5108681716736887,220.14682373111324,0.6294116677829981,1.4987137935384578,0.39999999999997726,0.30000000000001137,0.02999999999999936,0.500899191454721,1.1102230246251565e-16,0.0,2.57921183223354,-6.43151757231044,8.88717859649444,-1.3409528040332361,-0.030348096637328847,-0.040618162564288296,5.0,5.0,5.0
0,466,186.4,139.79999999999998,13.979999999999999,183.2665071241588,127.51005890140061,14.84002856285628,233.41902321790312,0.6435011087932843,1.5108681716736887,223.75355684832004,0.6078766914037901,1.5044245114480457,0.4000000000000057,0.29999999999998295,0.02999999999999936,0.500899191454721,-1.1102230246251565e-16,0.0,5.7676755448618735,-1.747078966910891,-1.0149737069178002,3.606733117206801,-0.021534976379207982,0.005710717909587881,5.0,5.0,5.0
0,467,186.8,140.1,14.01,187.95174235611393,137.0290088782558,8.216568456687403,233.91992240935787,0.6435011087932843,1.5108681716736887,232.74517981272902,0.6299674327533544,1.535486138513067,0.4000000000000057,0.30000000000001137,0.030000000000001137,0.5008991914547494,0.0,0.0,4.685235231955119,9.518949976855197,-6.623460106168876,8.991622964408975,0.022090741349564347,0.031061627065021247,5.0,5.0,5.0
0,468,187.20000000000002,140.4,14.04,184.37602212978038,141.9693213221506,17.241637562536997,234.4208216008126,0.6435011087932844,1.5108681716736887,233.33898045314072,0.6561779834889677,1.4968379777685652,0.4000000000000057,0.30000000000001137,0.02999999999999936,0.500899191454721,1.1102230246251565e-16,0.0,-3.5757202263335444,4.940312443894783,9.025069105849594,0.5938006404117004,0.02621055073561329,-0.038648160744501725,5.0,5.0,5.0
0,469,187.60000000000002,140.7,14.07,184.57061951802734,127.01857679227936,22.12962953645735,234.92172079226734,0.6435011087932843,1.5108681716736887,225.14384944525005,0.602751773398146,1.4723462990068845,0.4000000000000057,0.29999999999998295,0.030000000000001137,0.5008991914547494,-1.1102230246251565e-16,0.0,0.1945973882469616,-14.95074452987123,4.887991973920354,-8.195131007890666,-0.05342621009082171,-0.02449167876168068,5.0,5.0,5.0
0,470,188.0,141.0,14.1,189.53312755239887,143.82781841194168,13.054204594341398,235.42261998372203,0.6435011087932844,1.5108681716736887,238.28482966089825,0.6491431142532256,1.5159848503024482,0.39999999999997726,0.30000000000001137,0.02999999999999936,0.5008991914546925,1.1102230246251565e-16,0.0,4.962508034371524,16.809241619662316,-9.075424942115953,13.140980215648199,0.046391340855079566,0.04363855129556371,5.0,5.0,5.0
0,471,188.4,141.29999999999998,14.129999999999999,189.06775523294127,133.16620981000955,5.140438819217778,235.92351917517678,0.6435011087932843,1.5108681716736887,231.31424429818625,0.6136265133208447,1.5485717464177422,0.4000000000000057,0.29999999999998295,0.02999999999999936,0.5008991914547494,-1.1102230246251565e-16,0.0,-0.46537231945760027,-10.66160860193213,-7.91376577512362,-6.970585362712001,-0.03551660093238085,0.03258689611529397,5.0,5.0,5.0
0,472,188.8,141.6,14.16,180.85789741415797,135.14668567078166,7.246562579440333,236.4244183666315,0.6435011087932843,1.5108681716736887,225.89094354153488,0.6417409906139124,1.5387109055140245,0.4000000000000057,0.30000000000001137,0.030000000000001137,0.500899191454721,0.0,0.0,-8.209857818783291,1.980475860772117,2.1061237602225553,-5.423300756651372,0.028114477293067708,-0.009860840903717749,5.0,5.0,5.0
0,473,189.20000000000002,141.9,14.19,181.1003335853305,140.60010993402236,7.675341823488354,236.92531755808622,0.6435011087932844,1.5108681716736887,229.4005941803215,0.66016281164322,1.5373318337964623,0.4000000000000057,0.30000000000001137,0.02999999999999936,0.500899191454721,1.1102230246251565e-16,0.0,0.24243617117252825,5.4534242632406915,0.42877924404802137,3.50965063878661,0.01842182102930756,-0.0013790717175621303,5.0,5.0,5.0
0,474,189.60000000000002,142.2,14.219999999999999,186.15272714891196,128.981218276169,11.42789668027278,237.42621674954097,0.6435011087932843,1.5108681716736887,226.75887924294608,0.6059304117194939,1.5203782803910237,0.4000000000000057,0.29999999999998295,0.02999999999999936,0.5008991914547494,-1.1102230246251565e-16,0.0,5.052393563581461,-11.618891657853368,3.7525548567844265,-2.6417149373754114,-0.05423239992372608,-0.01695355340543858,5.0,5.0,5.0
0,475,190.0,142.5,14.25,174.32946727164182,132.83601798529463,3.9594062646891572,237.9271159409957,0.6435011087932844,1.5108681716736887,219.20731678338845,0.6511259587093862,1.5527329626386128,0.39999999999997726,0.30000000000001137,0.030000000000001137,0.500899191454721,1.1102230246251565e-16,0.0,-11.823259877270146,3.8547997091256434,-7.468490415583624,-7.55156245955763,0.045195546989892255,0.032354682247589084,5.0,5.0,5.0
0,476,190.4,142.79999999999998,14.28,188.09266561164185,133.60028129189848,9.605675052424715,238.4280151324504,0.6435011087932843,1.5108681716736887,230.91157400914335,0.6175984661479953,1.5291853870059033,0.4000000000000057,0.29999999999998295,0.02999999999999936,0.500899191454721,-1.1102230246251565e-16,0.0,13.76319834000003,0.7642633066038513,5.646268787735558,11.704257225754901,-0.03352749256139087,-0.023547575632709483,5.0,5.0,5.0
0,477,190.8,143.1,14.309999999999999,189.19879682225582,137.6972513538287,3.0798811905714665,238.92891432390513,0.6435011087932843,1.5108681716736887,234.0218011586458,0.6291354224649675,1.557635287568328,0.4000000000000057,0.30000000000001137,0.02999999999999936,0.500899191454721,0.0,0.0,1.1061312106139667,4.096970061930222,-6.5257938618532485,3.1102271495024354,0.011536956316972158,0.02844990056242458,5.0,5.0,5.0
0,478,191.20000000000002,143.4,14.34,177.1061860419821,137.14731836575706,2.2650501962916696,239.42981351535988,0.6435011087932844,1.5108681716736887,224.011424980172,0.6589220033619926,1.5606848389802324,0.4000000000000057,0.30000000000001137,0.030000000000001137,0.5008991914547494,1.1102230246251565e-16,0.0,-12.092610780273702,-0.5499329880716459,-0.8148309942797969,-10.010376178473791,0.029786580897025128,0.0030495514119044387,5.0,5.0,5.0
0,479,191.60000000000002,143.7,14.37,192.57901598409788,135.36837671772648,13.886859599148615,239.9307127068146,0.6435011087932843,1.5108681716736887,235.80525796114514,0.6126855625053418,1.511871011537561,0.4000000000000057,0.29999999999998295,0.02999999999999936,0.500899191454721,-1.1102230246251565e-16,0.0,15.472829942115766,-1.7789416480305817,11.621809402856945,11.79383298097315,-0.046236440856650796,-0.048813827442671265,5.0,5.0,5.0
0,480,192.0,144.0,14.399999999999999,179.71584570721768,143.27345964183957,4.2611450892518175,240.43161189826932,0.6435011087932844,1.5108681716736887,229.87654685390146,0.6730448574870922,1.5522585976850884,0.39999999999997726,0.30000000000001137,0.02999999999999936,0.500899191454721,1.1102230246251565e-16,0.0,-12.863170276880197,7.905082924113088,-9.625714509896797,-5.928711107243686,0.06035929498175041,0.040387586147527355,5.0,5.0,5.0
0,481,192.4,144.29999999999998,14.43,182.95545605577604,142.3785234529397,1.3126136863239903,240.93251108972404,0.6435011087932843,1.5108681716736887,231.8319775093717,0.6613150004984846,1.5651343783714196,0.4000000000000057,0.29999999999998295,0.030000000000001137,0.500899191454721,-1.1102230246251565e-16,0.0,3.239610348558358,-0.8949361888998624,-2.948531402927827,1.955430655470252,-0.011729856988607623,0.012875780686331106,5.0,5.0,5.0
0,482,192.8,144.6,14.459999999999999,186.14282738153383,136.30124028897785,11.79300310485441,241.43341028117877,0.6435011087932843,1.5108681716736887,231.01137463799546,0.6320375388106182,1.519724680108393,0.4000000000000057,0.30000000000001137,0.02999999999999936,0.500899191454721,0.0,0.0,3.1873713257577947,-6.077283163961852,10.48038941853042,-0.8206028713762521,-0.02927746168786638,-0.04540969826302654,5.0,5.0,5.0
0,483,193.20000000000002,144.9,14.49,189.97101349893953,141.32769467110518,7.3348283116798,241.93430947263352,0.6435011087932844,1.5108681716736887,236.88879871624408,0.639613646694765,1.5398282064675441,0.4000000000000057,0.30000000000001137,0.030000000000001137,0.5008991914547494,1.1102230246251565e-16,0.0,3.828186117405693,5.026454382127326,-4.45817479317461,5.877424078248623,0.007576107884146754,0.020103526359151136,5.0,5.0,5.0
0,484,193.60000000000002,145.2,14.52,187.83307891900535,151.32973156769984,17.796196096059454,242.43520866408824,0.6435011087932843,1.5108681716736887,241.86495775129305,0.6781830756878616,1.4971507137725328,0.4000000000000057,0.29999999999998295,0.02999999999999936,0.500899191454721,-1.1102230246251565e-16,0.0,-2.137934579934182,10.00203689659466,10.461367784379654,4.9761590350489655,0.03856942899309668,-0.04267749269501131,5.0,5.0,5.0
0,485,194.0,145.5,14.549999999999999,191.03533610344198,138.87182612463837,2.068881684366703,242.93610785554296,0.6435011087932844,1.5108681716736887,236.1867142808222,0.6285806814605205,1.5620366971568151,0.39999999999997726,0.30000000000001137,0.02999999999999936,0.500899191454721,1.1102230246251565e-16,0.0,3.2022571844366325,-12.457905443061463,-15.72731441169275,-5.678243470470846,-0.04960239422734114,0.06488598338428231,5.0,5.0,5.0
0,486,194.4,145.79999999999998,14.58,184.29734424272496,139.2236732252221,7.706090789616654,243.43700704699768,0.6435011087932843,1.5108681716736887,231.10198206961078,0.6469670204800531,1.5374451651701755,0.4000000000000057,0.29999999999998295,0.030000000000001137,0.500899191454721,-1.1102230246251565e-16,0.0,-6.737991860717017,0.3518471005837114,5.637209105249951,-5.084732211211417,0.01838633901953257,-0.02459153198663966,5.0,5.0,5.0
0,487,194.8,146.1,14.61,187.19528839332625,139.52442518428148,11.257109274605398,243.93790623845243,0.6435011087932843,1.5108681716736887,233.7431576086991,0.6405130239629355,1.5226175241971474,0.4000000000000057,0.30000000000001137,0.02999999999999936,0.5008991914547494,0.0,0.0,2.8979441506012904,0.3007519590593972,3.5510184849887434,2.641175539088323,-0.006453996517117533,-0.014827640973028133,5.0,5.0,5.0
0,488,195.20000000000002,146.4,14.639999999999999,195.58347507470262,143.17295633381656,13.332442354708078,244.43880542990718,0.6435011087932844,1.5108681716736887,242.75325984794392,0.6319007150644096,1.5158468931758082,0.4000000000000057,0.30000000000001137,0.02999999999999936,0.5008991914547494,1.1102230246251565e-16,0.0,8.388186681376368,3.6485311495350743,2.0753330801026806,9.010102239244816,-0.008612308898525933,-0.006770631021339124,5.0,5.0,5.0
0,489,195.60000000000002,146.7,14.67,195.18016166384626,142.96850229878095,9.199691214289041,244.93970462136187,0.6435011087932843,1.5108681716736887,242.11551473443407,0.6322034906773273,1.5327900619473158,0.4000000000000057,0.29999999999998295,0.030000000000001137,0.5008991914546925,-1.1102230246251565e-16,0.0,-0.40331341085635586,-0.2044540350356101,-4.132751140419037,-0.6377451135098511,0.00030277561291769395,0.01694316877150759,5.0,5.0,5.0
0,490,196.0,147.0,14.7,189.5707788930244,141.3379363984141,9.855916876117025,245.4406038128166,0.6435011087932844,1.5108681716736887,236.66565355568395,0.6406586908147206,1.5291393824843231,0.39999999999997726,0.30000000000001137,0.02999999999999936,0.500899191454721,1.1102230246251565e-16,0.0,-5.609382770821867,-1.6305659003668609,0.6562256618279836,-5.449861178750126,0.008455200137393315,-0.0036506794629926897,5.0,5.0,5.0
0,491,196.4,147.29999999999998,14.729999999999999,192.45548872431792,143.5699990976425,7.981838179529789,245.9415030042713,0.6435011087932843,1.5108681716736887,240.23981668686255,0.6409301959769722,1.537565751206519,0.4000000000000057,0.29999999999998295,0.02999999999999936,0.500899191454721,-1.1102230246251565e-16,0.0,2.88470983129352,2.2320626992284076,-1.8740786965872358,3.574163131178608,0.00027150516225160626,0.008426368722195932,5.0,5.0,5.0
0,492,196.8,147.6,14.76,193.7028125869248,151.74891332555669,6.496963811915853,246.44240219572606,0.6435011087932843,1.5108681716736887,246.151828834047,0.6645435269742229,1.544399129458908,0.4000000000000057,0.30000000000001137,0.030000000000001137,0.5008991914547494,0.0,0.0,1.2473238626068905,8.178914227914191,-1.4848743676139362,5.912012147184441,0.023613330997250714,0.006833378252388833,5.0,5.0,5.0
0,493,197.20000000000002,147.9,14.79,191.1874649604498,139.41285495476265,2.886674773420552,246.9433013871808,0.6435011087932844,1.5108681716736887,236.63669152497974,0.6300521050536594,1.5585972618322186,0.4000000000000057,0.30000000000001137,0.02999999999999936,0.5008991914547494,1.1102230246251565e-16,0.0,-2.5153476264750054,-12.336058370794035,-3.610289038495301,-9.515137309067256,-0.034491421920563536,0.01419813237331069,5.0,5.0,5.0
0,494,197.60000000000002,148.2,14.82,196.3428606885027,133.4540771566184,6.248782776963422,247.44420057863553,0.6435011087932843,1.5108681716736887,237.48590892779956,0.596970911550778,1.544481064260448,0.4000000000000057,0.29999999999998295,0.030000000000001137,0.500899191454721,-1.1102230246251565e-16,0.0,5.155395728052895,-5.95877779814424,3.36210800354287,0.8492174028198178,-0.03308119350288141,-0.014116197571770517,5.0,5.0,5.0
0,495,198.0,148.5,14.85,192.5486669822283,146.17197738487326,2.0706650677477754,247.94509977009022,0.6435011087932844,1.5108681716736887,241.75509050082016,0.6493270103134936,1.5622310867324924,0.39999999999997726,0.30000000000001137,0.02999999999999936,0.5008991914546925,1.1102230246251565e-16,0.0,-3.794193706274399,12.717900228254848,-4.1781177092156465,4.269181573020603,0.05235609876271563,0.01775002247204438,5.0,5.0,5.0
0,496,198.4,148.79999999999998,14.879999999999999,201.59033391410702,147.19415211966978,8.251528239949126,248.44599896154497,0.6435011087932843,1.5108681716736887,249.74560829797252,0.6306852130146752,1.5377505795838362,0.4000000000000057,0.29999999999998295,0.02999999999999936,0.5008991914547494,-1.1102230246251565e-16,0.0,9.041666931878723,1.022174734796522,6.1808631722013505,7.990517797152364,-0.01864179729881843,-0.02448050714865624,5.0,5.0,5.0
0,497,198.8,149.1,14.91,196.61979402760446,140.5157852633857,15.784928769469289,248.9468981529997,0.6435011087932843,1.5108681716736887,242.18421353981918,0.6204955403352265,1.5055727272856763,0.4000000000000057,0.30000000000001137,0.030000000000001137,0.500899191454721,0.0,0.0,-4.970539886502564,-6.678366856284072,7.533400529520163,-7.561394758153341,-0.010189672679448702,-0.03217785229815995,5.0,5.0,5.0
0,498,199.20000000000002,149.4,14.94,193.3358524717871,157.69338791112875,6.823907833782753,249.44779734445444,0.6435011087932844,1.5108681716736887,249.58469937078738,0.6842079372564219,1.5434518689019907,0.4000000000000057,0.30000000000001137,0.02999999999999936,0.5008991914547494,1.1102230246251565e-16,0.0,-3.283941555817364,17.177602647743043,-8.961020935686536,7.400485830968194,0.06371239692119546,0.03787914161631445,5.0,5.0,5.0
0,499,199.60000000000002,149.7,14.969999999999999,184.7887806289829,143.3820158726401,9.916601764351068,249.94869653590916,0.6435011087932843,1.5108681716736887,234.10176187419245,0.6598869699477196,1.5284234296940709,0.4000000000000057,0.29999999999998295,0.02999999999999936,0.500899191454721,-1.1102230246251565e-16,0.0,-8.5470718428042,-14.311372038488656,3.0926939305683145,-15.482937496594928,-0.024320967308702368,-0.015028439207919853,5.0,5.0,5.0
0,500,200.0,150.0,15.0,195.4765934395996,150.69891000197248,3.3073482434971684,250.44959572736389,0.6435011087932844,1.5108681716736887,246.84448264228408,0.656762745008983,1.5573974159827733,0.39999999999997726,0.30000000000001137,0.030000000000001137,0.500899191454721,1.1102230246251565e-16,0.0,10.68781281061672,7.316894129332383,-6.609253520853899,12.74272076809163,-0.0031242249387365417,0.028973986288702402,5.0,5.0,5.0
0,501,200.4,150.29999999999998,15.03,206.07840165957353,144.2206913927456,12.067776109572666,250.9504949188186,0.6435011087932843,1.5108681716736887,251.82046516634992,0.6106146089923954,1.5228558232831548,0.4000000000000057,0.29999999999998295,0.02999999999999936,0.500899191454721,-1.1102230246251565e-16,0.0,10.601808219973918,-6.478218609226872,8.760427866075498,4.9759825240658415,-0.046148136016587626,-0.03454159269961843,5.0,5.0,5.0
0,502,200.8,150.6,15.059999999999999,194.32743289538436,155.1901583110859,2.67672381183654,251.45139411027333,0.6435011087932843,1.5108681716736887,248.70524976906876,0.6738875501263285,1.5600334840600036,0.4000000000000057,0.30000000000001137,0.02999999999999936,0.500899191454721,0.0,0.0,-11.750968764189167,10.969466918340288,-9.391052297736126,-3.115215397281162,0.06327294113393311,0.03717766077684881,5.0,5.0,5.0
0,503,201.20000000000002,150.9,15.09,194.41854390457397,149.29846517679763,12.124673585409782,251.9522933017281,0.6435011087932844,1.5108681716736887,245.42943920335827,0.6548734767402753,1.5213743387453236,0.4000000000000057,0.30000000000001137,0.030000000000001137,0.5008991914547778,1.1102230246251565e-16,0.0,0.09111100918960346,-5.891693134288261,9.447949773573242,-3.2758105657104863,-0.01901407338605321,-0.038659145314680066,5.0,5.0,5.0
0,504,201.60000000000002,151.2,15.12,194.02985331937322,140.21909445651212,12.045360733518367,252.4531924931828,0.6435011087932843,1.5108681716736887,239.69578457816556,0.6257777014197384,1.5205224503287567,0.4000000000000057,0.29999999999998295,0.02999999999999936,0.5008991914546925,-1.1102230246251565e-16,0.0,-0.38869058520074873,-9.07937072028551,-0.0793128518914159,-5.733654625192713,-0.029095775320536865,-0.0008518884165669149,5.0,5.0,5.0
0,505,202.0,151.5,15.149999999999999,190.83899470520154,138.6519483522425,5.892974165091054,252.95409168463752,0.6435011087932844,1.5108681716736887,235.96315777357128,0.6283161392179858,1.5458196017234231,0.39999999999997726,0.30000000000001137,0.02999999999999936,0.500899191454721,1.1102230246251565e-16,0.0,-3.190858614171674,-1.567146104269625,-6.152386568427312,-3.7326268045942754,0.0025384377982473616,0.025297151394666484,5.0,5.0,5.0
0,506,202.4,151.79999999999998,15.18,193.67499196869684,150.746293378454,10.158855856918027,253.45499087609224,0.6435011087932843,1.5108681716736887,245.6372321814007,0.6613975614978965,1.5294273780708931,0.4000000000000057,0.29999999999998295,0.030000000000001137,0.500899191454721,-1.1102230246251565e-16,0.0,2.835997263495301,12.0943450262115,4.265881691826973,9.674074407829409,0.03308142227991073,-0.016392223652530014,5.0,5.0,5.0
0,507,202.8,152.1,15.209999999999999,189.58438247885522,149.98961634542988,6.5416608039884565,253.95589006754696,0.6435011087932843,1.5108681716736887,241.83034635341477,0.669321036292307,1.543742406721227,0.4000000000000057,0.30000000000001137,0.02999999999999936,0.500899191454721,0.0,0.0,-4.090609489841626,-0.7566770330241184,-3.6171950529295707,-3.806885827985923,0.007923474794410468,0.01431502865033396,5.0,5.0,5.0
0,508,203.20000000000002,152.4,15.24,197.18031954115543,143.00463174043702,2.036205424726722,254.4567892590017,0.6435011087932844,1.5108681716736887,243.5868412827381,0.6274707273007333,1.5624369707278476,0.4000000000000057,0.30000000000001137,0.030000000000001137,0.5008991914547494,1.1102230246251565e-16,0.0,7.595937062300209,-6.98498460499286,-4.5054553792617344,1.7564949293233383,-0.041850308991573715,0.018694564006620507,5.0,5.0,5.0
0,509,203.60000000000002,152.7,15.27,195.1872900232787,153.41481225924,9.13005919725464,254.95768845045643,0.6435011087932843,1.5108681716736887,248.4301527353609,0.6661382758621128,1.534037038201485,0.4000000000000057,0.29999999999998295,0.02999999999999936,0.500899191454721,-1.1102230246251565e-16,0.0,-1.993029517876721,10.410180518802974,7.093853772527918,4.8433114526228,0.03866754856137955,-0.028399932526362637,5.0,5.0,5.0
0,510,204.0,153.0,15.299999999999999,200.9985437321657,157.18773657120948,18.02232670313613,255.45858764191115,0.6435011087932844,1.5108681716736887,255.7991465400654,0.6636897856519277,1.500282916017854,0.39999999999997726,0.30000000000001137,0.02999999999999936,0.500899191454721,1.1102230246251565e-16,0.0,5.811253708886994,3.77292431196949,8.89226750588149,7.368993804704502,-0.002448490210185117,-0.03375412218363105,5.0,5.0,5.0
0,511,204.4,153.29999999999998,15.33,190.5076754037809,147.25690491613798,3.3809627418273624,255.95948683336587,0.6435011087932843,1.5108681716736887,240.8094710394391,0.6580411812899256,1.5567558747572827,0.4000000000000057,0.29999999999998295,0.030000000000001137,0.500899191454721,-1.1102230246251565e-16,0.0,-10.490868328384806,-9.9308316550715,-14.641363961308768,-14.989675500626305,-0.0056486043620020965,0.056472958739428814,5.0,5.0,5.0
0,512,204.8,153.6,15.36,198.70622302076208,151.83415422685133,7.300885101211813,256.4603860248206,0.6435011087932843,1.5108681716736887,250.18208644949223,0.6524728767174439,1.5416098976297994,0.4000000000000057,0.30000000000001137,0.02999999999999936,0.500899191454721,0.0,0.0,8.198547616981188,4.577249310713341,3.9199223593844508,9.372615410053129,-0.005568304572481697,-0.015145977127483334,5.0,5.0,5.0
0,513,205.20000000000002,153.9,15.389999999999999,195.7908337723771,144.05296646887408,10.359360542812691,256.96128521627537,0.6435011087932844,1.5108681716736887,243.29534333525817,0.6343180942758336,1.5282040880188392,0.4000000000000057,0.30000000000001137,0.02999999999999936,0.5008991914547778,1.1102230246251565e-16,0.0,-2.915389248384969,-7.78118775797725,3.058475441600878,-6.886743114234065,-0.018154782441610284,-0.013405809610960162,5.0,5.0,5.0
0,514,205.60000000000002,154.2,15.42,201.48088759046502,146.3455145606997,9.908299625162456,257.4621844077301,0.6435011087932843,1.5108681716736887,249.21824190403794,0.6281920916256483,1.5310283239223375,0.4000000000000057,0.29999999999998295,0.030000000000001137,0.500899191454721,-1.1102230246251565e-16,0.0,5.690053818087904,2.292548091825637,-0.4510609176502349,5.922898568779772,-0.006126002650185369,0.002824235903498229,5.0,5.0,5.0
0,515,206.0,154.5,15.45,199.92462808437926,147.05859258241003,12.887975486808076,257.9630835991848,0.6435011087932844,1.5108681716736887,248.5199921115909,0.6342018740647168,1.5189141458705842,0.39999999999997726,0.30000000000001137,0.02999999999999936,0.500899191454721,1.1102230246251565e-16,0.0,-1.5562595060857518,0.7130780217103165,2.979675861645619,-0.6982497924470294,0.006009782439068578,-0.0121141780517533,5.0,5.0,5.0
0,516,206.4,154.79999999999998,15.479999999999999,200.7002054695307,146.1263854662348,10.83245766901046,258.46398279063953,0.6435011087932843,1.5108681716736887,248.4971531911168,0.6293259719477562,1.5271906307142193,0.4000000000000057,0.29999999999998295,0.02999999999999936,0.500899191454721,-1.1102230246251565e-16,0.0,0.775577385151422,-0.9322071161752206,-2.0555178177976163,-0.022838920474100632,-0.004875902116960651,0.00827648484363519,5.0,5.0,5.0
0,517,206.8,155.1,15.51,196.2223792116327,149.08175559698566,13.814911492081196,258.96488198209425,0.6435011087932843,1.5108681716736887,246.81864543605124,0.6497177875017193,1.514795148244555,0.4000000000000057,0.30000000000001137,0.030000000000001137,0.500899191454721,0.0,0.0,-4.477826257897988,2.9553701307508504,2.9824538230707365,-1.6785077550655672,0.020391815553963077,-0.012395482469664376,5.0,5.0,5.0
0,518,207.20000000000002,155.4,15.54,200.79752626066556,149.40156147711002,9.26480300283933,259.465781173549,0.6435011087932844,1.5108681716736887,250.4522104092571,0.6396763289762886,1.5337955858979446,0.4000000000000057,0.30000000000001137,0.02999999999999936,0.500899191454721,1.1102230246251565e-16,0.0,4.575147049032864,0.3198058801243633,-4.550108489241866,3.633564973205864,-0.010041458525430702,0.019000437653389657,5.0,5.0,5.0
0,519,207.60000000000002,155.7,15.57,205.60991323236527,147.49857535381278,-0.18282745394784605,259.9666803650037,0.6435011087932843,1.5108681716736887,253.04406647203385,0.622289421724943,-1.5700738144182835,0.4000000000000057,0.29999999999998295,0.030000000000001137,0.500899191454721,-1.1102230246251565e-16,0.0,4.812386971699709,-1.9029861232972394,-9.447630456787175,2.591856062776742,-0.017386907251345618,-3.103869400316228,5.0,5.0,5.0
0,520,208.0,156.0,15.6,199.64053889533153,149.41851950086766,11.192638144355401,260.4675795564584,0.6435011087932844,1.5108681716736887,249.6147309132216,0.6425005308803265,1.5259416335489537,0.39999999999997726,0.30000000000001137,0.02999999999999936,0.500899191454721,1.1102230246251565e-16,0.0,-5.9693743370337415,1.9199441470548777,11.375465598303247,-3.429335558812255,0.0202111091553836,3.096015447967237,5.0,5.0,5.0
0,521,208.4,156.29999999999998,15.629999999999999,203.73397876297747,150.65892544087052,9.537475613089399,260.96847874791314,0.6435011087932843,1.5108681716736887,253.56776088190196,0.6367397083875174,1.5331743283773325,0.4000000000000057,0.29999999999998295,0.02999999999999936,0.500899191454721,-1.1102230246251565e-16,0.0,4.093439867645941,1.2404059400028586,-1.6551625312660025,3.9530299686803687,-0.005760822492809181,0.0072326948283787384,5.0,5.0,5.0
0,522,208.8,156.6,15.66,201.64748388379476,159.66813892034193,11.33770380731212,261.46937793936786,0.6435011087932843,1.5108681716736887,257.45711462411214,0.6697320637359326,1.5267448290466947,0.4000000000000057,0.30000000000001137,0.030000000000001137,0.500899191454721,0.0,0.0,-2.086494879182709,9.009213479471413,1.800228194222722,3.889353742210176,0.03299235534841527,-0.006429499330637745,5.0,5.0,5.0
0,523,209.20000000000002,156.9,15.69,208.96246529970813,149.11904197176852,9.212095717867097,261.9702771308226,0.6435011087932844,1.5108681716736887,256.8786937257057,0.619806150277411,1.5349269782055368,0.4000000000000057,0.30000000000001137,0.02999999999999936,0.500899191454721,1.1102230246251565e-16,0.0,7.3149814159133655,-10.549096948573407,-2.1256080894450236,-0.5784208984064207,-0.0499259134585216,0.008182149158842078,5.0,5.0,5.0
0,524,209.60000000000002,157.2,15.719999999999999,203.9755118798887,158.4649064404413,15.417527603049049,262.47117632227736,0.6435011087932843,1.5108681716736887,258.7563258690137,0.6604847966719105,1.511177824346457,0.4000000000000057,0.29999999999998295,0.02999999999999936,0.5008991914547778,-1.1102230246251565e-16,0.0,-4.986953419819429,9.345864468672772,6.205431885181952,1.8776321433080057,0.040678646394499474,-0.02374915385907972,5.0,5.0,5.0
0,525,210.0,157.5,15.75,208.38411989843823,148.9550328123874,11.07448381316961,262.9720755137321,0.6435011087932844,1.5108681716736887,256.38679259609734,0.6205964987602782,1.5275884442191403,0.39999999999997726,0.30000000000001137,0.030000000000001137,0.500899191454721,1.1102230246251565e-16,0.0,4.408608018549529,-9.509873628053896,-4.343043789879438,-2.369533272916385,-0.03988829791163229,0.01641061987268322,5.0,5.0,5.0
0,526,210.4,157.79999999999998,15.78,200.4069230917305,151.54177961896508,10.087824908834456,263.4729747051868,0.6435011087932843,1.5108681716736887,251.45498604038272,0.6474384713443864,1.5306677416108927,0.4000000000000057,0.29999999999998295,0.02999999999999936,0.500899191454721,-1.1102230246251565e-16,0.0,-7.977196806707724,2.586746806577679,-0.9866589043351546,-4.931806555714616,0.026841972584108142,0.003079297391752389,5.0,5.0,5.0
0,527,210.8,158.1,15.809999999999999,205.7484924233863,155.7276528699309,12.985762719598156,263.9738738966415,0.6435011087932843,1.5108681716736887,258.364420995391,0.6478920552414301,1.5205137207159718,0.4000000000000057,0.30000000000001137,0.02999999999999936,0.500899191454721,0.0,0.0,5.341569331655791,4.1858732509658125,2.8979378107637004,6.909434955008294,0.00045358389704375224,-0.010154020894920901,5.0,5.0,5.0
0,528,211.20000000000002,158.4,15.84,202.32121771386278,155.40971974494806,16.939160914967957,264.4747730880963,0.6435011087932844,1.5108681716736887,255.6814254124197,0.6550059437142203,1.504496723726858,0.4000000000000057,0.30000000000001137,0.030000000000001137,0.5008991914547778,1.1102230246251565e-16,0.0,-3.427274709523516,-0.31793312498282944,3.9533981953698003,-2.6829955829713015,0.007113888472790153,-0.01601699698911374,5.0,5.0,5.0
0,529,211.60000000000002,158.7,15.87,217.7693668934037,147.56916007018816,15.374021881321617,264.97567227955096,0.6435011087932843,1.5108681716736887,263.50809230416826,0.5955608691019594,1.5124195335821513,0.4000000000000057,0.29999999999998295,0.02999999999999936,0.5008991914546641,-1.1102230246251565e-16,0.0,15.448149179540934,-7.840559674759902,-1.5651390336463393,7.826666891748545,-0.059445074612260895,0.007922809855293256,5.0,5.0,5.0
0,530,212.0,159.0,15.899999999999999,206.88093910236412,161.97402355310692,13.134438633991383,265.4765714710057,0.6435011087932844,1.5108681716736887,263.0737933510075,0.6642475805156802,1.5208487388122414,0.39999999999997726,0.30000000000001137,0.02999999999999936,0.500899191454721,1.1102230246251565e-16,0.0,-10.88842779103959,14.404863482918756,-2.239583247330234,-0.4342989531607486,0.06868671141372085,0.008429205230090053,5.0,5.0,5.0
0,531,212.4,159.29999999999998,15.93,202.86758711501636,158.22363222582592,4.7592204119277355,265.9774706624604,0.6435011087932843,1.5108681716736887,257.31814136498707,0.662386188270884,1.5522998003959376,0.4000000000000057,0.29999999999998295,0.030000000000001137,0.500899191454721,-1.1102230246251565e-16,0.0,-4.013351987347761,-3.750391327280994,-8.375218222063648,-5.755651986020439,-0.0018613922447962006,0.03145106158369626,5.0,5.0,5.0
0,532,212.8,159.6,15.959999999999999,205.52040623659855,151.2928762814482,8.142957836469762,266.4783698539152,0.6435011087932843,1.5108681716736887,255.33209660263358,0.6345749599948007,1.5388992840340054,0.4000000000000057,0.30000000000001137,0.02999999999999936,0.5008991914547778,0.0,0.0,2.6528191215821835,-6.930755944377722,3.3837374245420264,-1.9860447623534867,-0.02781122827608329,-0.01340051636193218,5.0,5.0,5.0
0,533,213.20000000000002,159.9,15.99,215.94808844486784,153.65159465896375,11.136058135990833,266.9792690453699,0.6435011087932844,1.5108681716736887,265.26666061727985,0.6184163859156703,1.5288033688905007,0.4000000000000057,0.30000000000001137,0.030000000000001137,0.500899191454721,1.1102230246251565e-16,0.0,10.427682208269289,2.358718377515544,2.993100299521071,9.93456401464627,-0.01615857407913046,-0.010095915143504719,5.0,5.0,5.0
0,534,213.60000000000002,160.2,16.02,204.39693384911496,144.33419118269137,14.320610145762155,267.4801682368246,0.6435011087932843,1.5108681716736887,250.6302958267976,0.6148392696763135,1.5136268059346472,0.4000000000000057,0.29999999999998295,0.02999999999999936,0.500899191454721,-1.1102230246251565e-16,0.0,-11.551154595752877,-9.317403476272375,3.1845520097713216,-14.636364790482247,-0.003577116239356748,-0.015176562955853568,5.0,5.0,5.0
0,535,214.0,160.5,16.05,216.1639409278713,158.84539114549295,11.299311291411417,267.98106742827935,0.6435011087932844,1.5108681716736887,268.48907255471886,0.6337263403271197,1.5286990851006999,0.39999999999997726,0.30000000000001137,0.030000000000001137,0.500899191454721,1.1102230246251565e-16,0.0,11.767007078756336,14.511199962801584,-3.0212988543507375,17.858776727921253,0.018887070650806193,0.015072279166052693,5.0,5.0,5.0
0,536,214.4,160.79999999999998,16.08,206.94203897646364,155.5997038810012,7.557927345207608,268.48196661973407,0.6435011087932843,1.5108681716736887,259.0239325030544,0.6447159532129986,1.5416136943895755,0.4000000000000057,0.29999999999998295,0.029999999999997584,0.500899191454721,-1.1102230246251565e-16,0.0,-9.22190195140766,-3.2456872644917496,-3.7413839462038094,-9.465140051664434,0.010989612885878852,0.012914609288875667,5.0,5.0,5.0
0,537,214.8,161.1,16.11,214.89839177517692,156.67992375112914,4.657148895954023,268.9828658111888,0.6435011087932843,1.5108681716736887,265.99174109369665,0.6299828065547414,1.553286809948362,0.4000000000000057,0.30000000000001137,0.030000000000001137,0.500899191454721,0.0,0.0,7.956352798713283,1.0802198701279337,-2.9007784492535844,6.967808590642221,-0.014733146658257201,0.011673115558786584,5.0,5.0,5.0
0,538,215.20000000000002,161.4,16.14,210.93994067848965,159.41900247970557,6.254175890163113,269.48376500264357,0.6435011087932844,1.5108681716736887,264.4790949038018,0.6471744101849342,1.5471469759251848,0.4000000000000057,0.30000000000001137,0.030000000000001137,0.5008991914547778,1.1102230246251565e-16,0.0,-3.95845109668727,2.7390787285764304,1.5970269942090898,-1.5126461898948378,0.017191603630192787,-0.006139834023177304,5.0,5.0,5.0
0,539,215.60000000000002,161.7,16.169999999999998,212.29753844106358,163.1801042788484,6.924355470907628,269.9846641940983,0.6435011087932843,1.5108681716736887,267.8543222710401,0.6553235515942027,1.5449422472932857,0.4000000000000057,0.29999999999998295,0.029999999999997584,0.500899191454721,-1.1102230246251565e-16,0.0,1.3575977625739313,3.7611017991428355,0.6701795807445148,3.375227367238267,0.00814914140926859,-0.0022047286318991333,5.0,5.0,5.0
0,540,216.0,162.0,16.2,207.90652267316315,162.23475768147267,5.9159211249414,270.485563385553,0.6435011087932844,1.5108681716736887,263.7806605738358,0.6626286262284373,1.5483670206990265,0.39999999999997726,0.30000000000001137,0.030000000000001137,0.500899191454721,1.1102230246251565e-16,0.0,-4.391015767900427,-0.9453465973757318,-1.0084343459662275,-4.0736616972042725,0.007305074634234576,0.0034247734057408774,5.0,5.0,5.0
0,541,216.4,162.29999999999998,16.23,209.17931136926543,168.1833511753761,9.908614462035384,270.9864625770077,0.6435011087932843,1.5108681716736887,268.58854137519944,0.6771844595225994,1.5338965269912257,0.4000000000000057,0.29999999999998295,0.030000000000001137,0.500899191454721,-1.1102230246251565e-16,0.0,1.2727886961022818,5.948593493903417,3.992693337093984,4.807880801363638,0.014555833294162102,-0.014470493707800847,5.0,5.0,5.0
0,542,216.8,162.6,16.259999999999998,214.92441826950335,151.99877761030257,10.770682492498231,271.48736176846245,0.6435011087932843,1.5108681716736887,263.46184081355096,0.6155549683617194,1.5299035551210953,0.4000000000000057,0.30000000000001137,0.029999999999997584,0.500899191454721,0.0,0.0,5.745106900237914,-16.18457356507352,0.8620680304628472,-5.126700561648477,-0.06162949116088001,-0.0039929718701303685,5.0,5.0,5.0
0,543,217.20000000000002,162.9,16.29,213.271371987588,156.2911551799365,12.515513454924271,271.98826095991717,0.6435011087932844,1.5108681716736887,264.7040637655333,0.6324199057191318,1.5234975393817378,0.4000000000000057,0.30000000000001137,0.030000000000001137,0.500899191454721,1.1102230246251565e-16,0.0,-1.6530462819153513,4.292377569633942,1.7448309624260396,1.2422229519823418,0.016864937357412346,-0.006406015739357507,5.0,5.0,5.0
0,544,217.60000000000002,163.2,16.32,210.1716567558739,146.30203285406867,17.382459795462623,272.4891601513719,0.6435011087932843,1.5108681716736887,256.6681905287111,0.6081086601910616,1.5030209838201811,0.4000000000000057,0.29999999999998295,0.030000000000001137,0.500899191454721,-1.1102230246251565e-16,0.0,-3.0997152317141,-9.98912232586784,4.866946340538352,-8.035873236822226,-0.02431124552807018,-0.020476555561556697,5.0,5.0,5.0
0,545,218.0,163.5,16.349999999999998,204.80564367178394,159.49125572515618,8.159948014596978,272.9900593428266,0.6435011087932844,1.5108681716736887,259.71021751983847,0.6616451899608804,1.5393717211453248,0.39999999999997726,0.30000000000001137,0.029999999999997584,0.500899191454721,1.1102230246251565e-16,0.0,-5.366013084089957,13.189222871087509,-9.222511780865645,3.0420269911273863,0.05353652976981882,0.03635073732514371,5.0,5.0,5.0
0,546,218.4,163.79999999999998,16.38,212.71894079199657,157.36325479287487,7.387581147128493,273.49095853428133,0.6435011087932843,1.5108681716736887,264.7019419760301,0.6369221938859199,1.542883647052654,0.4000000000000057,0.29999999999998295,0.030000000000001137,0.500899191454721,-1.1102230246251565e-16,0.0,7.913297120212633,-2.12800093228131,-0.7723668674684845,4.991724456191662,-0.024722996074960535,0.003511925907329072,5.0,5.0,5.0
0,547,218.8,164.1,16.41,209.75775655232846,165.66022216618643,9.071170393246067,273.9918577257361,0.6435011087932843,1.5108681716736887,267.4395478875917,0.6684714618163655,1.536871237114081,0.4000000000000057,0.30000000000001137,0.030000000000001137,0.5008991914547778,0.0,0.0,-2.961184239668114,8.29696737331156,1.6835892461175739,2.737605911561559,0.03154926793044566,-0.0060124099385729934,5.0,5.0,5.0
0,548,219.20000000000002,164.4,16.439999999999998,209.43251836987915,161.72175951897387,9.427348755774407,274.49275691719083,0.6435011087932844,1.5108681716736887,264.7730767227393,0.6575523030242716,1.535183409045759,0.4000000000000057,0.30000000000001137,0.029999999999997584,0.500899191454721,1.1102230246251565e-16,0.0,-0.32523818244931135,-3.9384626472125603,0.3561783625283397,-2.666471164852396,-0.01091915879209393,-0.001687828068321906,5.0,5.0,5.0
0,549,219.60000000000002,164.7,16.47,217.3314320951779,157.98789551481775,10.130183205240307,274.9936561086455,0.6435011087932843,1.5108681716736887,268.8786847585982,0.628581593411137,1.5331117431165935,0.4000000000000057,0.29999999999998295,0.030000000000001137,0.5008991914546641,-1.1102230246251565e-16,0.0,7.8989137252987405,-3.7338640041561177,0.7028344494659002,4.105608035858893,-0.028970709613134638,-0.0020716659291655226,5.0,5.0,5.0
0,550,220.0,165.0,16.5,216.61678029115552,156.82435672318172,9.04712928274288,275.4945553001003,0.6435011087932844,1.5108681716736887,267.5790703952855,0.626633656355247,1.5369788315888093,0.39999999999997726,0.30000000000001137,0.030000000000001137,0.5008991914547778,1.1102230246251565e-16,0.0,-0.7146518040223668,-1.1635387916360287,-1.0830539224974274,-1.2996143633126849,-0.0019479370558899145,0.0038670884722158405,5.0,5.0,5.0
0,551,220.4,165.29999999999998,16.53,208.46742502746386,161.5063700443405,8.628501145253265,275.995454491555,0.6435011087932843,1.5108681716736887,263.8511434398084,0.6591425667980426,1.538088339615427,0.4000000000000057,0.29999999999998295,0.030000000000001137,0.500899191454721,-1.1102230246251565e-16,0.0,-8.14935526369166,4.6820133211587915,-0.41862813748961436,-3.7279269554770735,0.03250891044279558,0.0011095080266176893,5.0,5.0,5.0
0,552,220.8,165.6,16.56,217.4057088833706,155.4358246236179,12.77349752156349,276.4963536830097,0.6435011087932843,1.5108681716736887,267.5606474622873,0.6206941225183084,1.5230376045356822,0.4000000000000057,0.30000000000001137,0.029999999999997584,0.500899191454721,0.0,0.0,8.938283855906747,-6.070545420722624,4.144996376310225,3.709504022478882,-0.03844844427973426,-0.01505073507974486,5.0,5.0,5.0
0,553,221.20000000000002,165.9,16.59,218.82881402664356,157.46913772654383,15.32919185738776,276.99725287446444,0.6435011087932844,1.5108681716736887,270.0325226850447,0.6237593364449223,1.5139978457234373,0.4000000000000057,0.30000000000001137,0.030000000000001137,0.500899191454721,1.1102230246251565e-16,0.0,1.4231051432729487,2.033313102925945,2.5556943358242705,2.471875222757376,0.0030652139266139633,-0.009039758812244836,5.0,5.0,5.0
0,554,221.60000000000002,166.2,16.62,212.41197069549014,165.5067653200591,9.154948676500743,277.49815206591916,0.6435011087932843,1.5108681716736887,269.43486735521117,0.6619151134455563,1.53681144841331,0.4000000000000057,0.29999999999998295,0.030000000000001137,0.500899191454721,-1.1102230246251565e-16,0.0,-6.416843331153416,8.037627593515253,-6.174243180887018,-0.5976553298335148,0.038155777000633995,0.022813602689872647,5.0,5.0,5.0
0,555,222.0,166.5,16.65,209.6241062508513,163.27989375379727,3.676622705035257,277.9990512573739,0.6435011087932844,1.5108681716736887,265.73691346938364,0.6617529379788681,1.5569603114458788,0.39999999999997726,0.30000000000001137,0.029999999999997584,0.500899191454721,1.1102230246251565e-16,0.0,-2.787864444638842,-2.2268715662618206,-5.478325971465486,-3.6979538858275305,-0.00016217546668817473,0.020148863032568798,5.0,5.0,5.0
0,556,222.4,166.79999999999998,16.68,219.41574347425282,157.2070724715,15.689098367851393,278.4999504488286,0.6435011087932843,1.5108681716736887,270.37655210283066,0.6217011942440653,1.5127368681905367,0.4000000000000057,0.29999999999998295,0.030000000000001137,0.500899191454721,-1.1102230246251565e-16,0.0,9.791637223401523,-6.072821282297269,12.012475662816136,4.639638633447021,-0.0400517437348028,-0.04422344325534211,5.0,5.0,5.0
0,557,222.8,167.1,16.71,219.9285331733112,154.93180902642027,9.33709086991115,279.0008496402834,0.6435011087932843,1.5108681716736887,269.18322090701787,0.6137158860925176,1.536102618156342,0.4000000000000057,0.30000000000001137,0.030000000000001137,0.5008991914547778,0.0,0.0,0.5127896990583736,-2.27526344507973,-6.352007497940244,-1.1933311958127888,-0.007985308151547743,0.023365749965805316,5.0,5.0,5.0
0,558,223.20000000000002,167.4,16.74,218.49765244004453,170.527015879799,18.12356100007525,279.5017488317381,0.6435011087932844,1.5108681716736887,277.75735945246015,0.662707501572753,1.505500321852796,0.4000000000000057,0.30000000000001137,0.029999999999997584,0.500899191454721,1.1102230246251565e-16,0.0,-1.4308807332666618,15.595206853378727,8.7864701301641,8.574138545442281,0.04899161548023545,-0.03060229630354594,5.0,5.0,5.0
0,559,223.60000000000002,167.7,16.77,214.53335247740478,159.3341959951114,7.66411143311786,280.0026480231928,0.6435011087932843,1.5108681716736887,267.34001560309343,0.6388135413700097,1.5421243690878448,0.4000000000000057,0.29999999999998295,0.030000000000001137,0.500899191454721,-1.1102230246251565e-16,0.0,-3.964299962639757,-11.192819884687594,-10.459449566957389,-10.417343849366716,-0.02389396020274337,0.03662404723504875,5.0,5.0,5.0
0,560,224.0,168.0,16.8,218.81832921677267,160.4824814930514,14.118052693848998,280.50354721464754,0.6435011087932844,1.5108681716736887,271.7267146955812,0.632795511014608,1.5188161142170153,0.39999999999997726,0.30000000000001137,0.030000000000001137,0.500899191454721,1.1102230246251565e-16,0.0,4.284976739367892,1.1482854979400088,6.453941260731138,4.386699092487788,-0.006018030355401716,-0.023308254870829437,5.0,5.0,5.0
0,561,224.4,168.29999999999998,16.83,227.20540720437288,163.2464136092802,6.963174802141777,281.00444640610226,0.6435011087932843,1.5108681716736887,279.8574180230395,0.6230325190441551,1.5459126074270197,0.4000000000000057,0.29999999999998295,0.029999999999997584,0.500899191454721,-1.1102230246251565e-16,0.0,8.387077987600208,2.7639321162288013,-7.154877891707221,8.130703327458264,-0.009762991970452828,0.027096493210004402,5.0,5.0,5.0
0,562,224.8,168.6,16.86,210.7801275587975,172.5545093482068,0.49742393260753914,281.505345597557,0.6435011087932843,1.5108681716736887,272.40331918071786,0.6860080682408126,1.5689702689827305,0.4000000000000057,0.30000000000001137,0.030000000000001137,0.500899191454721,0.0,0.0,-16.425279645575387,9.308095738926596,-6.465750869534238,-7.454098842321628,0.06297554919665749,0.023057661555710762,5.0,5.0,5.0
0,563,225.20000000000002,168.9,16.89,214.82187307794496,153.89989213171458,20.960685830977596,282.00624478901176,0.6435011087932844,1.5108681716736887,265.09048323426293,0.6216527077266889,1.4916437730114047,0.4000000000000057,0.30000000000001137,0.030000000000001137,0.5008991914547778,1.1102230246251565e-16,0.0,4.041745519147469,-18.654617216492227,20.463261898370057,-7.312835946454925,-0.06435536051412372,-0.07732649597132579,5.0,5.0,5.0
0,564,225.60000000000002,169.2,16.919999999999998,230.58998257524368,153.3923670154773,8.378542514445657,282.5071439804664,0.6435011087932843,1.5108681716736887,277.07608755958796,0.5869982882254344,1.5405525767419217,0.4000000000000057,0.29999999999998295,0.029999999999997584,0.5008991914546641,-1.1102230246251565e-16,0.0,15.768109497298724,-0.5075251162372751,-12.582143316531939,11.985604325325028,-0.034654419501254474,0.04890880373051698,5.0,5.0,5.0
0,565,226.0,169.5,16.95,218.46184657166194,166.74255614911976,19.766501203729238,283.0080431719212,0.6435011087932844,1.5108681716736887,275.53470381873814,0.6519318057726171,1.4989959516078257,0.39999999999997726,0.30000000000001137,0.030000000000001137,0.5008991914547778,1.1102230246251565e-16,0.0,-12.128136003581744,13.35018913364246,11.38795868928358,-1.5413837408498239,0.06493351754718268,-0.04155662513409597,5.0,5.0,5.0
0,566,226.4,169.79999999999998,16.98,215.00006392959796,173.1524138802182,11.521987081424136,283.5089423633759,0.6435011087932843,1.5108681716736887,276.2961130898915,0.6780005941584064,1.5290826411847196,0.4000000000000057,0.29999999999998295,0.030000000000001137,0.500899191454721,-1.1102230246251565e-16,0.0,-3.46178264206398,6.409857731098441,-8.244514122305102,0.7614092711533544,0.0260687883857893,0.030086689576893866,5.0,5.0,5.0
0,567,226.8,170.1,17.009999999999998,221.94144316499336,157.4775428196954,14.400719684456408,284.00984155483064,0.6435011087932843,1.5108681716736887,272.51524987442315,0.6171036245645253,1.517927981396823,0.4000000000000057,0.30000000000001137,0.029999999999997584,0.500899191454721,0.0,0.0,6.941379235395402,-15.674871060522804,2.8787326030322724,-3.7808632154683437,-0.060896969593881134,-0.011154659787896648,5.0,5.0,5.0
0,568,227.20000000000002,170.4,17.04,224.6206997580544,165.54778200288357,5.51416938706781,284.51074074628536,0.6435011087932844,1.5108681716736887,279.08947122724203,0.6351357727536204,1.551037329136132,0.4000000000000057,0.30000000000001137,0.030000000000001137,0.500899191454721,1.1102230246251565e-16,0.0,2.679256593061041,8.070239183188164,-8.886550297388599,6.574221352818881,0.018032148189095154,0.03310934773930896,5.0,5.0,5.0
0,569,227.60000000000002,170.7,17.07,224.59138940628304,161.59119674263246,12.88944341357797,285.0116399377401,0.6435011087932843,1.5108681716736887,276.9822102801417,0.6236869099109966,1.5242442394851528,0.4000000000000057,0.29999999999998295,0.030000000000001137,0.500899191454721,-1.1102230246251565e-16,0.0,-0.029310351771357546,-3.956585260251103,7.37527402651016,-2.1072609471003148,-0.011448862842623808,-0.02679308965097915,5.0,5.0,5.0
0,570,228.0,171.0,17.099999999999998,228.31021048159693,162.54045844256308,11.67011955167956,285.5125391291948,0.6435011087932844,1.5108681716736887,280.5015945252721,0.6186866334203327,1.52917984724066,0.39999999999997726,0.30000000000001137,0.029999999999997584,0.500899191454721,1.1102230246251565e-16,0.0,3.7188210753138833,0.9492616999306165,-1.2193238618984097,3.519384245130368,-0.005000276490663924,0.004935607755507165,5.0,5.0,5.0
0,571,228.4,171.29999999999998,17.13,218.61047279210752,166.88965906886912,11.965449187829194,286.0134383206495,0.6435011087932843,1.5108681716736887,275.2923338794211,0.6520291001529398,1.5273181097450759,0.4000000000000057,0.29999999999998295,0.030000000000001137,0.500899191454721,-1.1102230246251565e-16,0.0,-9.69973768948941,4.349200626306043,0.29532963614963315,-5.209260645850975,0.0333424667326071,-0.0018617374955840482,5.0,5.0,5.0
0,572,228.8,171.6,17.16,224.1268909145391,169.37243448651043,13.26740932101466,286.51433751210425,0.6435011087932843,1.5108681716736887,281.23994905595526,0.647138409250586,1.5236041149580206,0.4000000000000057,0.30000000000001137,0.030000000000001137,0.500899191454721,0.0,0.0,5.516418122431588,2.4827754176413066,1.3019601331854673,5.947615176534157,-0.004890690902353834,-0.0037139947870552525,5.0,5.0,5.0
0,573,229.20000000000002,171.9,17.189999999999998,220.60783235030107,158.27347739218365,11.214493004678703,287.015236703559,0.6435011087932844,1.5108681716736887,271.74266171042154,0.6223367982568706,1.5295158056002482,0.4000000000000057,0.30000000000001137,0.029999999999997584,0.5008991914547778,1.1102230246251565e-16,0.0,-3.519058564238037,-11.098957094326778,-2.052916316335958,-9.49728734553372,-0.02480161099371536,0.005911690642227629,5.0,5.0,5.0
0,574,229.60000000000002,172.2,17.22,225.4486507745807,169.92784853153844,14.017398961358467,287.5161358950137,0.6435011087932843,1.5108681716736887,282.66420947173026,0.6458852739412516,1.5211856929933374,0.4000000000000057,0.29999999999998295,0.030000000000001137,0.5008991914546641,-1.1102230246251565e-16,0.0,4.840818424279632,11.654371139354794,2.802905956679764,10.921547761308716,0.02354847568438101,-0.008330112606910856,5.0,5.0,5.0
0,575,230.0,172.5,17.25,227.1831867752617,167.22283242290592,6.124092158313665,288.01703508646847,0.6435011087932844,1.5108681716736887,282.1580772220888,0.6345264352162022,1.549090150074175,0.39999999999997726,0.30000000000001137,0.030000000000001137,0.5008991914547778,1.1102230246251565e-16,0.0,1.734536000681004,-2.7050161086325204,-7.893306803044801,-0.5061322496414391,-0.011358838725049392,0.027904457080837552,5.0,5.0,5.0
0,576,230.4,172.79999999999998,17.28,229.6196121153857,167.88828220320838,9.871755576046272,288.5179342779232,0.6435011087932843,1.5108681716736887,284.62096396315843,0.6313329584612339,1.5361055023756376,0.4000000000000057,0.29999999999998295,0.030000000000001137,0.500899191454721,-1.1102230246251565e-16,0.0,2.4364253401240035,0.6654497803024526,3.747663417732607,2.4628867410696103,-0.003193476754968283,-0.012984647698537355,5.0,5.0,5.0
0,577,230.8,173.1,17.31,236.50525144141233,169.5653435304566,13.71456177270958,289.0188334693779,0.6435011087932843,1.5108681716736887,291.3335354719482,0.6220195616900404,1.5237038003311099,0.4000000000000057,0.30000000000001137,0.029999999999997584,0.500899191454721,0.0,0.0,6.88563932602662,1.677061327248225,3.8428061966633074,6.712571508789779,-0.009313396771193583,-0.01240170204452773,5.0,5.0,5.0
0,578,231.20000000000002,173.4,17.34,223.22686529616757,155.99775541608037,13.15611857840511,289.5197326608327,0.6435011087932844,1.5108681716736887,272.65108938138803,0.6099406744542413,1.5225250023644235,0.4000000000000057,0.30000000000001137,0.030000000000001137,0.5008991914547778,1.1102230246251565e-16,0.0,-13.278386145244752,-13.567588114376235,-0.5584431943044699,-18.682446090560177,-0.012078887235799085,-0.0011787979666864068,5.0,5.0,5.0
0,579,231.60000000000002,173.7,17.37,221.2518289384977,165.19942024101505,14.306477448341692,290.02063185228735,0.6435011087932843,1.5108681716736887,276.4921256628797,0.6413587146319618,1.5190304077902677,0.4000000000000057,0.29999999999998295,0.030000000000001137,0.5008991914546641,-1.1102230246251565e-16,0.0,-1.9750363576698646,9.201664824934682,1.150358869936582,3.841036281491654,0.03141804017772054,-0.003494594574155796,5.0,5.0,5.0
0,580,232.0,174.0,17.4,228.777685597108,166.0697188044975,14.124556214512367,290.5215310437421,0.6435011087932844,1.5108681716736887,283.05102723578125,0.6278978530965716,1.520874498555811,0.39999999999997726,0.30000000000001137,0.029999999999997584,0.500899191454721,1.1102230246251565e-16,0.0,7.52585665861028,0.8702985634824643,-0.1819212338293248,6.558901572901561,-0.013460861535390167,0.0018440907655432603,5.0,5.0,5.0
0,581,232.4,174.29999999999998,17.43,224.5173480023088,173.6928651405524,21.400747174293635,291.02243023519685,0.6435011087932843,1.5108681716736887,284.6668982062052,0.6584522172196079,1.4955471235684177,0.4000000000000057,0.29999999999998295,0.030000000000001137,0.5008991914547778,-1.1102230246251565e-16,0.0,-4.260337594799182,7.623146336054901,7.2761909597812675,1.6158709704239413,0.03055436412303625,-0.025327374987393236,5.0,5.0,5.0
0,582,232.8,174.6,17.46,225.66528234889427,171.5830327593882,5.061174464701997,291.5233294266515,0.6435011087932843,1.5108681716736887,283.5333706558676,0.6500878744229333,1.5529450126095212,0.4000000000000057,0.30000000000001137,0.030000000000001137,0.5008991914546641,0.0,0.0,1.1479343465854583,-2.1098323811642103,-16.339572709591636,-1.1335275503375897,-0.00836434279667464,0.057397889041103545,5.0,5.0,5.0
0,583,233.20000000000002,174.9,17.49,225.4967214340613,178.5067322564634,7.20472045604328,292.0242286181063,0.6435011087932844,1.5108681716736887,287.68964672932026,0.6696075795668082,1.545750330705288,0.4000000000000057,0.30000000000001137,0.029999999999997584,0.5008991914547778,1.1102230246251565e-16,0.0,-0.1685609148329661,6.923699497075205,2.1435459913412824,4.156276073452659,0.01951970514387491,-0.007194681904233224,5.0,5.0,5.0
0,584,233.60000000000002,175.2,17.52,238.99174623700065,170.775491607054,12.225308417078232,292.525127809561,0.6435011087932843,1.5108681716736887,293.99112481320685,0.6204353758040728,1.5292003957891174,0.4000000000000057,0.29999999999998295,0.030000000000001137,0.500899191454721,-1.1102230246251565e-16,0.0,13.495024802939355,-7.731240649409415,5.020587961034952,6.301478083886593,-0.049172203762735345,-0.016549934916170628,5.0,5.0,5.0
0,585,234.0,175.5,17.55,227.04881222401374,180.372998408518,14.111621329382764,293.02602700101573,0.6435011087932844,1.5108681716736887,290.31830728315873,0.6713316087803084,1.522169754626045,0.39999999999997726,0.30000000000001137,0.030000000000001137,0.500899191454721,1.1102230246251565e-16,0.0,-11.94293401298691,9.597506801463993,1.8863129123045326,-3.672817530048121,0.05089623297623558,-0.007030641163072282,5.0,5.0,5.0
0,586,234.4,175.79999999999998,17.58,228.15273731393552,159.04847515765087,9.0717874195496,293.52692619247046,0.6435011087932843,1.5108681716736887,278.2667538905808,0.6087864474808545,1.5381895025142875,0.4000000000000057,0.29999999999998295,0.029999999999997584,0.500899191454721,-1.1102230246251565e-16,0.0,1.1039250899217734,-21.324523250867117,-5.039833909833163,-12.051553392577944,-0.06254516129945387,0.016019747888242453,5.0,5.0,5.0
0,587,234.8,176.1,17.61,230.79587404050758,169.92310482715772,4.770143476706021,294.0278253839252,0.6435011087932843,1.5108681716736887,286.6415030957859,0.6346418703141703,1.5541540624121413,0.4000000000000057,0.30000000000001137,0.030000000000001137,0.500899191454721,0.0,0.0,2.6431367265720667,10.874629669506845,-4.3016439428435795,8.374749205205092,0.025855422833315767,0.015964559897853725,5.0,5.0,5.0
0,588,235.20000000000002,176.4,17.64,224.96823518978402,177.64024187438238,14.1720678558832,294.52872457537995,0.6435011087932844,1.5108681716736887,286.9975781864837,0.6683818050181825,1.5213957922338064,0.4000000000000057,0.30000000000001137,0.030000000000001137,0.5008991914547778,1.1102230246251565e-16,0.0,-5.8276388507235595,7.717137047224668,9.401924379177178,0.3560750906978001,0.03373993470401215,-0.03275827017833488,5.0,5.0,5.0
0,589,235.60000000000002,176.7,17.669999999999998,231.02589133329212,170.143812577787,8.894153497191233,295.0296237668346,0.6435011087932843,1.5108681716736887,287.05571826960494,0.6347860149623312,1.539807300522008,0.4000000000000057,0.29999999999998295,0.029999999999997584,0.5008991914546641,-1.1102230246251565e-16,0.0,6.057656143508098,-7.49642929659538,-5.277914358691966,0.05814008312125907,-0.03359579005585123,0.018411508288201706,5.0,5.0,5.0
0,590,236.0,177.0,17.7,231.19602745295794,160.27807848550697,13.051840347553597,295.53052295828934,0.6435011087932844,1.5108681716736887,281.6221157677309,0.6061855674084788,1.5244344949788853,0.39999999999997726,0.30000000000001137,0.030000000000001137,0.500899191454721,1.1102230246251565e-16,0.0,0.17013611966581266,-9.865734092280036,4.157686850362364,-5.43360250187402,-0.02860044755385238,-0.015372805543122814,5.0,5.0,5.0
0,591,236.4,177.29999999999998,17.73,227.20479736982688,171.17676726625538,24.671250352515088,296.0314221497441,0.6435011087932843,1.5108681716736887,285.538397056414,0.6456754492775999,1.4842858924783355,0.4000000000000057,0.29999999999998295,0.030000000000001137,0.5008991914547778,-1.1102230246251565e-16,0.0,-3.9912300831310574,10.898688780748415,11.619410004961491,3.9162812886830807,0.03948988186912106,-0.040148602500549746,5.0,5.0,5.0
0,592,236.8,177.6,17.759999999999998,222.1471707865618,172.96052672008346,5.613254709973493,296.53232134119884,0.6435011087932843,1.5108681716736887,281.5958414469248,0.6615461347645759,1.550861279144094,0.4000000000000057,0.30000000000001137,0.029999999999997584,0.500899191454721,0.0,0.0,-5.05762658326509,1.7837594538280825,-19.057995642541595,-3.9425556094892045,0.01587068548697601,0.06657538666575857,5.0,5.0,5.0
0,593,237.20000000000002,177.9,17.79,234.08536856580986,174.6392134924857,15.175600289143503,297.03322053265356,0.6435011087932844,1.5108681716736887,292.4467703873662,0.6409678297492971,1.5188811722850852,0.4000000000000057,0.30000000000001137,0.030000000000001137,0.500899191454721,1.1102230246251565e-16,0.0,11.938197779248071,1.6786867724022443,9.56234557917001,10.850928940441406,-0.020578305015278797,-0.03198010685900887,5.0,5.0,5.0
0,594,237.60000000000002,178.2,17.82,228.3967116639283,173.11524667345307,8.695452524640519,297.5341197241083,0.6435011087932843,1.5108681716736887,286.72209092484377,0.6485751711537985,1.5404645655928104,0.4000000000000057,0.29999999999998295,0.030000000000001137,0.500899191454721,-1.1102230246251565e-16,0.0,-5.688656901881558,-1.523966819032637,-6.480147764502984,-5.724679462522431,0.0076073414045013665,0.021583393307725185,5.0,5.0,5.0
0,595,238.0,178.5,17.849999999999998,229.536413708271,177.3925147995074,11.145839540471872,298.035018915563,0.6435011087932844,1.5108681716736887,290.3089720694315,0.6579526178561396,1.5323938637729886,0.39999999999997726,0.30000000000001137,0.029999999999997584,0.500899191454721,1.1102230246251565e-16,0.0,1.1397020443426982,4.277268126054338,2.450387015831353,3.5868811445877213,0.009377446702341086,-0.008070701819821835,5.0,5.0,5.0
0,596,238.4,178.79999999999998,17.88,228.33600243416942,169.05668912262357,17.46564690433631,298.5359181070177,0.6435011087932843,1.5108681716736887,284.64459061522206,0.6373194460412225,1.5093982684926663,0.4000000000000057,0.29999999999998295,0.030000000000001137,0.500899191454721,-1.1102230246251565e-16,0.0,-1.200411274101583,-8.335825676883843,6.319807363864438,-5.664381454209433,-0.020633171814917084,-0.022995595280322245,5.0,5.0,5.0
0,597,238.8,179.1,17.91,228.8078988713978,179.01647683728163,9.07400526423545,299.03681729847244,0.6435011087932843,1.5108681716736887,290.6583753080447,0.6639090704153209,1.5395724549811622,0.4000000000000057,0.30000000000001137,0.030000000000001137,0.500899191454721,0.0,0.0,0.4718964372283949,9.959787714658063,-8.391641640100861,6.0137846928226395,0.026589624374098397,0.030174186488495902,5.0,5.0,5.0
0,598,239.20000000000002,179.4,17.939999999999998,228.84594648671816,178.1302452121597,15.59089743419009,299.53771648992716,0.6435011087932844,1.5108681716736887,290.42026025322247,0.6614213850607411,1.5170865894610865,0.4000000000000057,0.30000000000001137,0.029999999999997584,0.500899191454721,1.1102230246251565e-16,0.0,0.038047615320351724,-0.8862316251219227,6.516892169954641,-0.23811505482223083,-0.0024876853545797717,-0.0224858655200757,5.0,5.0,5.0
0,599,239.60000000000002,179.7,17.97,235.11188267278914,180.32646946054462,11.38875712905426,300.03861568138194,0.6435011087932843,1.5108681716736887,296.5213934119976,0.6542809932318144,1.5323790007879632,0.4000000000000057,0.29999999999998295,0.030000000000001137,0.5008991914547778,-1.1102230246251565e-16,0.0,6.265936186070974,2.196224248384908,-4.2021403051358295,6.101133158775156,-0.007140391828926673,0.015292411326876643,5.0,5.0,5.0
0,600,240.0,180.0,18.0,231.01107540120717,177.09244304253406,15.444001705270791,300.53951487283666,0.6435011087932844,1.5108681716736887,291.4899098244531,0.6540389706297174,1.5177885345896858,0.39999999999997726,0.30000000000001137,0.030000000000001137,0.500899191454721,1.1102230246251565e-16,0.0,-4.100807271581971,-3.234026418010558,4.055244576216531,-5.031483587544528,-0.0002420226020970473,-0.014590466198277419,5.0,5.0,5.0
0,601,240.4,180.29999999999998,18.029999999999998,244.18323922876695,184.74078393599981,15.275891681840319,301.0404140642914,0.6435011087932843,1.5108681716736887,306.5745658664729,0.647690245148243,1.5209480301392078,0.4000000000000057,0.29999999999998295,0.029999999999997584,0.500899191454721,-1.1102230246251565e-16,0.0,13.172163827559785,7.6483408934657575,-0.1681100234304722,15.084656042019787,-0.00634872548147436,0.0031594955495219956,5.0,5.0,5.0
0,602,240.8,180.6,18.06,236.369388323652,182.6072346720242,8.579478643612969,301.5413132557461,0.6435011087932843,1.5108681716736887,298.81348253527204,0.6577777683699475,1.5420805614160686,0.4000000000000057,0.30000000000001137,0.030000000000001137,0.500899191454721,0.0,0.0,-7.813850905114947,-2.133549263975624,-6.69641303822735,-7.761083331200837,0.010087523221704475,0.021132531276860878,5.0,5.0,5.0
0,603,241.20000000000002,180.9,18.09,241.15846518996608,183.49957965425193,14.71075653593318,302.0422124472008,0.6435011087932844,1.5108681716736887,303.3906844712387,0.6504462130430879,1.522289474962184,0.4000000000000057,0.30000000000001137,0.030000000000001137,0.500899191454721,1.1102230246251565e-16,0.0,4.789076866314076,0.8923449822277405,6.131277892320211,4.577201935966684,-0.0073315553268595846,-0.01979108645388461,5.0,5.0,5.0
0,604,241.60000000000002,181.2,18.12,243.17890896928284,184.92685537081238,11.270732445210115,302.54311163865555,0.6435011087932843,1.5108681716736887,305.71384171260485,0.6501594194733585,1.5339210348981875,0.4000000000000057,0.29999999999998295,0.030000000000001137,0.500899191454721,-1.1102230246251565e-16,0.0,2.020443779316764,1.4272757165604446,-3.4400240907230657,2.3231572413661183,-0.0002867935697293822,0.01163155993600351,5.0,5.0,5.0
0,605,242.0,181.5,18.15,231.1421662046409,182.54896462246572,14.26016656218236,303.04401083011027,0.6435011087932844,1.5108681716736887,294.87993799661797,0.668471444982117,1.5224182286104428,0.39999999999997726,0.30000000000001137,0.029999999999997584,0.500899191454721,1.1102230246251565e-16,0.0,-12.036742764641957,-2.3778907483466583,2.9894341169722445,-10.833903715986878,0.018312025508758434,-0.011502806287744693,5.0,5.0,5.0
0,606,242.4,181.79999999999998,18.18,229.95468453675258,171.5487842297583,12.524957277680073,303.54491002156504,0.6435011087932843,1.5108681716736887,287.16722804998705,0.6409434245984704,1.527166934130636,0.4000000000000057,0.29999999999998295,0.030000000000001137,0.5008991914547778,-1.1102230246251565e-16,0.0,-1.1874816678883064,-11.00018039270742,-1.735209284502286,-7.712709946630923,-0.027528020383646545,0.0047487055201931305,5.0,5.0,5.0
0,607,242.8,182.1,18.21,244.85926941154474,177.5880232815687,11.181764189384186,304.0458092130197,0.6435011087932843,1.5108681716736887,302.68564498535017,0.627482311960612,1.533846080792107,0.4000000000000057,0.30000000000001137,0.030000000000001137,0.5008991914546641,0.0,0.0,14.904584874792164,6.039239051810398,-1.3431930882958873,15.51841693536312,-0.01346111263785843,0.006679146661471069,5.0,5.0,5.0
0,608,243.20000000000002,182.4,18.24,245.4960917462125,172.87027911610875,9.265913444513211,304.5467084044745,0.6435011087932844,1.5108681716736887,300.39694009145194,0.6135172262696528,1.5399458680263176,0.4000000000000057,0.30000000000001137,0.029999999999997584,0.5008991914547778,1.1102230246251565e-16,0.0,0.6368223346677553,-4.717744165459948,-1.9158507448709745,-2.2887048938982275,-0.013965085690959222,0.006099787234210563,5.0,5.0,5.0
0,609,243.60000000000002,182.7,18.27,238.7066195658052,177.27926591290066,10.749712491414538,305.0476075959292,0.6435011087932843,1.5108681716736887,297.5304096488274,0.6387907358012068,1.5346586674878795,0.4000000000000057,0.29999999999998295,0.030000000000001137,0.500899191454721,-1.1102230246251565e-16,0.0,-6.7894721804073015,4.408986796791908,1.4837990469013267,-2.866530442624537,0.02527350953155405,-0.005287200538438119,5.0,5.0,5.0
0,610,244.0,183.0,18.3,234.84808104850703,180.83689287920214,9.8943660251287,305.54850678738393,0.6435011087932844,1.5108681716736887,296.56955588429736,0.6561890642880192,1.5374274179824234,0.39999999999997726,0.30000000000001137,0.030000000000001137,0.500899191454721,1.1102230246251565e-16,0.0,-3.8585385172981717,3.557626966301484,-0.8553464662858374,-0.960853764530043,0.01739832848681233,0.002768750494543948,5.0,5.0,5.0
0,611,244.4,183.29999999999998,18.33,236.3825917558868,176.76099180251686,17.883595338347043,306.04940597883865,0.6435011087932843,1.5108681716736887,295.7042456415961,0.6420755852720879,1.510281419137264,0.4000000000000057,0.29999999999998295,0.029999999999997584,0.500899191454721,-1.1102230246251565e-16,0.0,1.5345107073797806,-4.075901076685284,7.989229313218342,-0.8653102427012414,-0.014113479015931296,-0.027145998845159447,5.0,5.0,5.0
0,612,244.8,183.6,18.36,240.743999058256,179.66875633374266,10.005103914044016,306.55030517029337,0.6435011087932843,1.5108681716736887,300.56386540867845,0.6411329282410705,1.537502395873297,0.4000000000000057,0.30000000000001137,0.030000000000001137,0.500899191454721,0.0,0.0,4.3614073023692015,2.9077645312258085,-7.878491424303027,4.859619767082336,-0.0009426570310173688,0.027220976736032965,5.0,5.0,5.0
0,613,245.20000000000002,183.9,18.39,233.02154152621557,177.93267666026622,13.107597675730027,307.0512043617481,0.6435011087932844,1.5108681716736887,293.48063880871166,0.6521414685814368,1.5261189015191294,0.4000000000000057,0.30000000000001137,0.030000000000001137,0.500899191454721,1.1102230246251565e-16,0.0,-7.722457532040437,-1.7360796734764392,3.102493761686011,-7.0832265999667925,0.011008540340366357,-0.011383494354167523,5.0,5.0,5.0
0,614,245.60000000000002,184.2,18.419999999999998,237.9288836449649,180.69232806256304,17.443530135945558,307.55210355320287,0.6435011087932843,1.5108681716736887,299.27269811463225,0.6495143622629429,1.5124768669556399,0.4000000000000057,0.29999999999998295,0.029999999999997584,0.5008991914547778,-1.1102230246251565e-16,0.0,4.907342118749341,2.759651402296811,4.335932460215531,5.7920593059205885,-0.0026271063184939436,-0.013642034563489558,5.0,5.0,5.0
0,615,246.0,184.5,18.45,240.34031023117993,177.17340719312617,19.41398388092715,308.05300274465753,0.6435011087932844,1.5108681716736887,299.2169509044733,0.6352439081612895,1.5058680830986304,0.39999999999997726,0.30000000000001137,0.030000000000001137,0.5008991914546641,1.1102230246251565e-16,0.0,2.411426586215015,-3.5189208694368688,1.9704537449815938,-0.05574721015892692,-0.014270454101653396,-0.00660878385700947,5.0,5.0,5.0
0,616,246.4,184.79999999999998,18.48,238.18591104843287,179.38534976928244,15.592646504056463,308.5539019361123,0.6435011087932843,1.5108681716736887,298.5879477789086,0.6455023580803037,1.5185512768791687,0.4000000000000057,0.29999999999998295,0.030000000000001137,0.5008991914547778,-1.1102230246251565e-16,0.0,-2.1543991827470563,2.211942576156275,-3.821337376870689,-0.6290031255647364,0.010258449919014145,0.012683193780538282,5.0,5.0,5.0
0,617,246.8,185.1,18.509999999999998,245.16903952608018,169.17029613251097,11.714130799632375,309.05480112756703,0.6435011087932843,1.5108681716736887,298.1000971084931,0.6039930884891348,1.5314902420809395,0.4000000000000057,0.30000000000001137,0.029999999999997584,0.500899191454721,0.0,0.0,6.983128477647313,-10.215053636771472,-3.878515704424087,-0.4878506704154688,-0.04150926959116885,0.012938965201770847,5.0,5.0,5.0
0,618,247.20000000000002,185.4,18.54,236.49280835902118,182.95340414397296,21.165209748671998,309.55570031902175,0.6435011087932844,1.5108681716736887,299.7478316804142,0.6584416090480079,1.500127469183261,0.4000000000000057,0.30000000000001137,0.030000000000001137,0.500899191454721,1.1102230246251565e-16,0.0,-8.676231167059,13.78310801146199,9.451078949039623,1.6477345719210916,0.05444852055887306,-0.03136277289767864,5.0,5.0,5.0
0,619,247.60000000000002,185.7,18.57,239.5999507475734,172.67262378467822,13.43979123470304,310.0565995104765,0.6435011087932843,1.5108681716736887,295.64268871622215,0.6244645163869564,1.5253210787686131,0.4000000000000057,0.29999999999998295,0.030000000000001137,0.500899191454721,-1.1102230246251565e-16,0.0,3.107142388552205,-10.280780359294738,-7.7254185139689575,-4.105142964192055,-0.03397709266105142,0.025193609585352217,5.0,5.0,5.0
0,620,248.0,186.0,18.599999999999998,246.0778433606714,185.202901236433,25.61281015514398,310.5574987019312,0.6435011087932844,1.5108681716736887,309.0476268530055,0.6451752687015481,1.4878245797071978,0.39999999999997726,0.30000000000001137,0.029999999999997584,0.500899191454721,1.1102230246251565e-16,0.0,6.477892613098021,12.530277451754785,12.173018920440938,13.404938136783358,0.02071075231459163,-0.03749649906141528,5.0,5.0,5.0
0,621,248.4,186.29999999999998,18.63,256.42594450978356,177.30485014205732,13.693635834892463,311.0583978933859,0.6435011087932843,1.5108681716736887,312.0557491282778,0.6049623376110442,1.5269002136748064,0.4000000000000057,0.29999999999998295,0.030000000000001137,0.500899191454721,-1.1102230246251565e-16,0.0,10.348101149112154,-7.898051094375688,-11.919174320251516,3.008122275272285,-0.040212931090503834,0.0390756339676086,5.0,5.0,5.0
0,622,248.8,186.6,18.66,248.59178946713516,174.72856305836982,16.928626199909473,311.5592970848407,0.6435011087932843,1.5108681716736887,304.3263493750277,0.6126518368973002,1.5151410448036915,0.4000000000000057,0.30000000000001137,0.030000000000001137,0.5008991914547778,0.0,0.0,-7.834155042648405,-2.576287083687504,3.23499036501701,-7.729399753250107,0.007689499286255952,-0.011759168871114944,5.0,5.0,5.0
0,623,249.20000000000002,186.9,18.689999999999998,240.7854839020746,183.7321338191244,11.16501924978882,312.06019627629536,0.6435011087932844,1.5108681716736887,303.08382324124955,0.6518029489014462,1.5339499325931225,0.4000000000000057,0.30000000000001137,0.029999999999997584,0.5008991914546641,1.1102230246251565e-16,0.0,-7.806305565060569,9.003570760754599,-5.7636069501206535,-1.2425261337781421,0.039151112004146005,0.018808887789431017,5.0,5.0,5.0
0,624,249.60000000000002,187.2,18.72,240.00506932690425,178.64562347304258,12.775426488868673,312.56109546775014,0.6435011087932843,1.5108681716736887,299.466030812606,0.6398695273580334,1.5281226896422553,0.4000000000000057,0.29999999999998295,0.030000000000001137,0.5008991914547778,-1.1102230246251565e-16,0.0,-0.7804145751703402,-5.0865103460818375,1.6104072390798532,-3.617792428643554,-0.011933421543412814,-0.0058272429508672285,5.0,5.0,5.0
0,625,250.0,187.5,18.75,255.66184828210703,185.74492310265052,11.595607258343682,313.06199465920486,0.6435011087932844,1.5108681716736887,316.22557650057723,0.6283075672886995,1.5341193206675903,0.39999999999997726,0.30000000000001137,0.030000000000001137,0.500899191454721,1.1102230246251565e-16,0.0,15.656778955202782,7.099299629607941,-1.1798192305249913,16.75954568797124,-0.011561960069333854,0.005996631025334986,5.0,5.0,5.0
0,626,250.4,187.79999999999998,18.779999999999998,240.8539815141224,181.40722561581921,7.998926414831246,313.5628938506596,0.6435011087932843,1.5108681716736887,301.6342234240403,0.6455353865828216,1.5442745874997772,0.4000000000000057,0.29999999999998295,0.029999999999997584,0.500899191454721,-1.1102230246251565e-16,0.0,-14.80786676798462,-4.337697486831303,-3.596680843512436,-14.591353076536961,0.017227819294122093,0.010155266832186927,5.0,5.0,5.0
0,627,250.8,188.1,18.81,237.33357683657704,185.2470661268287,13.012084887409465,314.0637930421143,0.6435011087932843,1.5108681716736887,301.3519811711186,0.6627585815605244,1.5276038726331471,0.4000000000000057,0.30000000000001137,0.030000000000001137,0.500899191454721,0.0,0.0,-3.520404677545372,3.8398405110094984,5.013158472578219,-0.2822422529216624,0.01722319497770275,-0.016670714866630076,5.0,5.0,5.0
0,628,251.20000000000002,188.4,18.84,246.95869581050522,190.13363321732564,2.5921367165048785,314.5646922335691,0.6435011087932844,1.5108681716736887,311.6827154168213,0.6561162752996214,1.5624796429675667,0.4000000000000057,0.30000000000001137,0.030000000000001137,0.5008991914547778,1.1102230246251565e-16,0.0,9.625118973928181,4.886567090496925,-10.419948170904586,10.330734245702672,-0.006642306260903008,0.034875770334419576,5.0,5.0,5.0
0,629,251.60000000000002,188.7,18.87,241.6274305570322,179.43017030300098,10.091325595215574,315.06559142502374,0.6435011087932843,1.5108681716736887,301.1325888455549,0.6387419678571478,1.5372788142802856,0.4000000000000057,0.29999999999998295,0.030000000000001137,0.5008991914546641,-1.1102230246251565e-16,0.0,-5.3312652534730205,-10.70346291432466,7.4991888787106955,-10.55012657126639,-0.01737430744247359,-0.02520082868728113,5.0,5.0,5.0
0,630,252.0,189.0,18.9,246.69010692206135,177.650914903737,18.73259726514928,315.56649061647846,0.6435011087932844,1.5108681716736887,304.57637239229695,0.6241139179845469,1.5092537085083446,0.39999999999997726,0.30000000000001137,0.029999999999997584,0.500899191454721,1.1102230246251565e-16,0.0,5.062676365029148,-1.779255399263974,8.641271669933706,3.443783546742054,-0.014628049872600912,-0.02802510577194095,5.0,5.0,5.0
0,631,252.4,189.29999999999998,18.93,247.48412489996264,189.85168453466818,18.900992245776344,316.0673898079332,0.6435011087932843,1.5108681716736887,312.4888825318852,0.6543724055829425,1.5102740582649485,0.4000000000000057,0.29999999999998295,0.030000000000001137,0.500899191454721,-1.1102230246251565e-16,0.0,0.7940179779012908,12.200769630931177,0.16839498062706326,7.912510139588278,0.030258487598395667,0.0010203497566039221,5.0,5.0,5.0
0,632,252.8,189.6,18.96,256.7773292115288,185.85849589226817,15.365247461811117,316.56828899938796,0.6435011087932843,1.5108681716736887,317.3547984857087,0.6265290136079226,1.522360768233313,0.4000000000000057,0.30000000000001137,0.030000000000001137,0.5008991914547778,0.0,0.0,9.293204311566171,-3.993188642400014,-3.5357447839652263,4.865915953823503,-0.02784339197501995,0.012086709968364362,5.0,5.0,5.0
0,633,253.20000000000002,189.9,18.99,236.902007911959,167.1599416945531,20.62870453641224,317.0691881908427,0.6435011087932844,1.5108681716736887,290.672583693225,0.6144797860506035,1.4997677488886225,0.4000000000000057,0.30000000000001137,0.029999999999997584,0.500899191454721,1.1102230246251565e-16,0.0,-19.875321299569805,-18.698554197715055,5.263457074601122,-26.682214792483705,-0.012049227557319075,-0.02259301934469038,5.0,5.0,5.0
0,634,253.60000000000002,190.2,19.02,245.93106038478822,186.20075430053657,17.485575670608917,317.5700873822974,0.6435011087932843,1.5108681716736887,308.96367540636186,0.648046052915859,1.5141717955979805,0.4000000000000057,0.29999999999998295,0.030000000000001137,0.500899191454721,-1.1102230246251565e-16,0.0,9.029052472829221,19.04081260598346,-3.143128865803323,18.291091713136836,0.033566266865255545,0.01440404670935802,5.0,5.0,5.0
0,635,254.0,190.5,19.05,253.2949943409539,189.8184282034788,11.428890095577916,318.0709865737521,0.6435011087932844,1.5108681716736887,316.7333411130566,0.6431148731310081,1.5347048574426652,0.39999999999997726,0.30000000000001137,0.030000000000001137,0.500899191454721,1.1102230246251565e-16,0.0,7.363933956165681,3.617673902942215,-6.0566855750310005,7.769665706694752,-0.004931179784850914,0.02053306184468462,5.0,5.0,5.0
0,636,254.4,190.79999999999998,19.08,253.03077323740115,180.23111693865138,10.542075735493652,318.57188576520684,0.6435011087932843,1.5108681716736887,310.8359102145115,0.6189262993607989,1.5368745776384019,0.4000000000000057,0.29999999999998295,0.029999999999997584,0.500899191454721,-1.1102230246251565e-16,0.0,-0.26422110355275663,-9.587311264827406,-0.886814360084264,-5.89743089854511,-0.02418857377020922,0.0021697201957366907,5.0,5.0,5.0
0,637,254.8,191.1,19.11,241.7441768281918,187.79970483536727,11.6756141358365,319.07278495666156,0.6435011087932843,1.5108681716736887,306.34179625385775,0.6604667437194551,1.5326740633619538,0.4000000000000057,0.30000000000001137,0.030000000000001137,0.500899191454721,0.0,0.0,-11.286596409209352,7.568587896715883,1.1335384003428484,-4.494113960653749,0.041540444358656226,-0.004200514276448075,5.0,5.0,5.0
0,638,255.20000000000002,191.4,19.14,254.34781181587115,185.3529678678667,10.351341047263901,319.5736841481163,0.6435011087932844,1.5108681716736887,314.8899527365473,0.6297541201740833,1.5379175188597383,0.4000000000000057,0.30000000000001137,0.030000000000001137,0.500899191454721,1.1102230246251565e-16,0.0,12.603634987679357,-2.4467369675005557,-1.3242730885725997,8.548156482689535,-0.030712623545371853,0.005243455497784488,5.0,5.0,5.0
0,639,255.60000000000002,191.7,19.169999999999998,239.98716997294636,181.8733980415413,10.995077908469234,320.074583339571,0.6435011087932843,1.5108681716736887,301.31821452579675,0.6485038818581482,1.53429830291577,0.4000000000000057,0.29999999999998295,0.029999999999997584,0.500899191454721,-1.1102230246251565e-16,0.0,-14.360641842924792,-3.4795698263254167,0.6437368612053334,-13.571738210750539,0.018749761684064947,-0.0036192159439683014,5.0,5.0,5.0
0,640,256.0,192.0,19.2,246.0999896195886,180.72168299658523,12.251752129422265,320.5754825310257,0.6435011087932844,1.5108681716736887,305.57427415625267,0.6334047728546047,1.5306913896950054,0.39999999999997726,0.30000000000001137,0.030000000000001137,0.500899191454721,1.1102230246251565e-16,0.0,6.112819646642237,-1.1517150449560631,1.2566742209530304,4.256059630455923,-0.015099109003543498,-0.0036069132207645627,5.0,5.0,5.0
0,641,256.40000000000003,192.29999999999998,19.23,255.65769841461469,176.37596640677262,25.204821387837328,321.0763817224805,0.6435011087932843,1.5108681716736887,311.61614737650206,0.6039091874110163,1.4898236764802788,0.4000000000000341,0.29999999999998295,0.030000000000001137,0.5008991914547778,-1.1102230246251565e-16,0.0,9.557708795026088,-4.345716589812611,12.953069258415063,6.041873220249386,-0.029495585443588435,-0.0408677132147266,5.0,5.0,5.0
0,642,256.8,192.6,19.259999999999998,250.2908231337197,184.54453435700435,24.348076590909717,321.5772809139352,0.6435011087932844,1.5108681716736887,311.92148072820396,0.6353366662557066,1.4926584874908162,0.39999999999997726,0.30000000000001137,0.029999999999997584,0.500899191454721,1.1102230246251565e-16,0.0,-5.3668752808949876,8.168567950231733,-0.856744796927611,0.3053333517019041,0.031427478844690326,0.002834811010537397,5.0,5.0,5.0
0,643,257.2,192.9,19.29,241.76900264397472,189.3456116501924,10.703169537314471,322.07818010538995,0.6435011087932844,1.5108681716736887,307.27604711202633,0.664392584064829,1.5359568553302223,0.39999999999997726,0.30000000000001137,0.030000000000001137,0.500899191454721,0.0,0.0,-8.521820489744982,4.801077293188058,-13.644907053595245,-4.645433616177627,0.029055917809122422,0.043298367839406104,5.0,5.0,5.0
0,644,257.6,193.2,19.32,262.69124319571307,188.41987626986386,7.432579974358289,322.57907929684467,0.6435011087932843,1.5108681716736887,323.36354505468813,0.6222210907582507,1.547809089342975,0.4000000000000341,0.29999999999998295,0.030000000000001137,0.500899191454721,-1.1102230246251565e-16,0.0,20.922240551738355,-0.9257353803285469,-3.2705895629561823,16.0874979426618,-0.04217149330657832,0.011852234012752705,5.0,5.0,5.0
0,645,258.0,193.5,19.349999999999998,248.08455927819753,198.72724898959592,15.772390045709834,323.0799784882994,0.6435011087932844,1.5108681716736887,318.2565574045323,0.6753786798465279,1.521217290111484,0.39999999999997726,0.30000000000001137,0.029999999999997584,0.500899191454721,1.1102230246251565e-16,0.0,-14.60668391751554,10.307372719732058,8.339810071351545,-5.106987650155816,0.05315758908827717,-0.02659179923149102,5.0,5.0,5.0
0,646,258.40000000000003,193.79999999999998,19.38,246.13562643710887,188.92382294250996,15.48613398107089,323.5808776797541,0.6435011087932843,1.5108681716736887,310.668276176504,0.654645014587242,1.5209278474986296,0.4000000000000341,0.29999999999998295,0.030000000000001137,0.500899191454721,-1.1102230246251565e-16,0.0,-1.9489328410886628,-9.803426047085964,-0.2862560646389447,-7.588281228028336,-0.020733665259285883,-0.00028944261285435147,5.0,5.0,5.0
0,647,258.8,194.1,19.41,255.77948196427025,192.27033710682355,12.764998373734137,324.08177687120883,0.6435011087932844,1.5108681716736887,320.2404894896388,0.644590470828288,1.5309251002080526,0.39999999999997726,0.30000000000001137,0.030000000000001137,0.500899191454721,1.1102230246251565e-16,0.0,9.643855527161378,3.3465141643135894,-2.721135607336752,9.572213313134796,-0.010054543758953982,0.009997252709422977,5.0,5.0,5.0
0,648,259.2,194.4,19.439999999999998,252.1950419064899,185.55788034376118,10.116906154635604,324.58267606266355,0.6435011087932844,1.5108681716736887,313.2673265918862,0.634332392316856,1.538495908909335,0.39999999999997726,0.30000000000001137,0.029999999999997584,0.500899191454721,0.0,0.0,-3.5844400577803412,-6.712456763062363,-2.648092219098533,-6.973162897752559,-0.010258078511432012,0.007570808701282461,5.0,5.0,5.0
0,649,259.6,194.7,19.47,247.03500656755992,195.0581187206472,12.022567208617282,325.08357525411833,0.6435011087932843,1.5108681716736887,314.9896923249366,0.6683654283289248,1.532618924459446,0.4000000000000341,0.29999999999998295,0.030000000000001137,0.5008991914547778,-1.1102230246251565e-16,0.0,-5.160035338929987,9.500238376886017,1.905661053981678,1.722365733050367,0.03403303601206875,-0.0058769844498891555,5.0,5.0,5.0
0,650,260.0,195.0,19.5,262.87470489129936,175.01389986729026,21.015556491249846,325.58447444557305,0.6435011087932844,1.5108681716736887,316.5037586397396,0.5873810702408193,1.5043483652914782,0.39999999999997726,0.30000000000001137,0.030000000000001137,0.500899191454721,1.1102230246251565e-16,0.0,15.83969832373944,-20.044218853356938,8.992989282632564,1.5140663148030171,-0.08098435808810545,-0.028270559167967724,5.0,5.0,5.0
0,651,260.40000000000003,195.29999999999998,19.529999999999998,256.9732321542714,194.07223351676785,18.358890525231125,326.08537363702777,0.6435011087932843,1.5108681716736887,322.54662101364096,0.6468357995526671,1.5138469844008695,0.4000000000000341,0.29999999999998295,0.029999999999997584,0.500899191454721,-1.1102230246251565e-16,0.0,-5.901472737027973,19.05833364947759,-2.6566659660187213,6.042862373901357,0.05945472931184781,0.009498619109391315,5.0,5.0,5.0
0,652,260.8,195.6,19.56,254.40588443570454,190.97582424242853,4.202265392825961,326.5862728284825,0.6435011087932844,1.5108681716736887,318.13798659547047,0.6439321818086216,1.5575870032352506,0.39999999999997726,0.30000000000001137,0.030000000000001137,0.500899191454721,1.1102230246251565e-16,0.0,-2.5673477185668503,-3.0964092743393223,-14.156625132405164,-4.408634418170493,-0.0029036177440455724,0.043740018834381056,5.0,5.0,5.0
0,653,261.2,195.9,19.59,250.7388634504857,190.60030232245379,21.162245269337397,327.0871720199372,0.6435011087932844,1.5108681716736887,315.6680115480371,0.6499684438022355,1.5037064468278185,0.39999999999997726,0.30000000000001137,0.030000000000001137,0.500899191454721,0.0,0.0,-3.6670209852188407,-0.3755219199747444,16.959979876511436,-2.4699750474333655,0.006036261993613956,-0.053880556407432056,5.0,5.0,5.0
0,654,261.6,196.2,19.62,261.49544496655926,194.1253441650446,17.406076576243834,327.58807121139193,0.6435011087932843,1.5108681716736887,326.1402895798584,0.6385974603584645,1.5174010523302555,0.4000000000000341,0.29999999999998295,0.030000000000001137,0.500899191454721,-1.1102230246251565e-16,0.0,10.756581516073567,3.5250418425908094,-3.7561686930935636,10.472278031821304,-0.011370983443770966,0.013694605502436952,5.0,5.0,5.0
0,655,262.0,196.5,19.65,249.58000567121695,199.29937879604202,20.47380697577939,328.08897040284666,0.6435011087932844,1.5108681716736887,320.046244145146,0.6738494795021456,1.506781212020358,0.39999999999997726,0.30000000000001137,0.029999999999997584,0.500899191454721,1.1102230246251565e-16,0.0,-11.91543929534231,5.174034630997426,3.067730399535556,-6.094045434712427,0.035252019143681035,-0.010619840309897377,5.0,5.0,5.0
0,656,262.40000000000003,196.79999999999998,19.68,255.710454865498,194.91371231944336,13.736165169308393,328.58986959430143,0.6435011087932843,1.5108681716736887,321.8196299345724,0.6512912083948608,1.5281005490291033,0.4000000000000341,0.29999999999998295,0.030000000000001137,0.5008991914547778,-1.1102230246251565e-16,0.0,6.130449194281056,-4.385666476598658,-6.737641806470997,1.7733857894264133,-0.02255827110728481,0.02131933700874522,5.0,5.0,5.0
0,657,262.8,197.1,19.71,255.9010139710352,185.16103438944106,20.42595877866276,329.09076878575615,0.6435011087932844,1.5108681716736887,316.5235495181983,0.6263669967311946,1.5062192599897781,0.39999999999997726,0.30000000000001137,0.030000000000001137,0.500899191454721,1.1102230246251565e-16,0.0,0.19055910553720423,-9.752677930002307,6.689793609354368,-5.296080416374082,-0.024924211663666207,-0.02188128903932518,5.0,5.0,5.0
0,658,263.2,197.4,19.74,250.1698466504364,196.6397255423881,12.43877609231555,329.5916679772109,0.6435011087932844,1.5108681716736887,318.444433120071,0.6661612523430841,1.5317253301542446,0.39999999999997726,0.30000000000001137,0.029999999999997584,0.500899191454721,0.0,0.0,-5.731167320598814,11.47869115294705,-7.987182686347211,1.9208836018726743,0.03979425561188954,0.025506070164466488,5.0,5.0,5.0
0,659,263.6,197.7,19.77,258.5271018435132,187.95143919458286,19.187607460131577,330.0925671686656,0.6435011087932843,1.5108681716736887,320.20332628341845,0.6286235436413499,1.510837208354905,0.4000000000000341,0.29999999999998295,0.030000000000001137,0.500899191454721,-1.1102230246251565e-16,0.0,8.35725519307681,-8.688286347805246,6.748831367816027,1.7588931633474658,-0.03753770870173423,-0.02088812179933952,5.0,5.0,5.0
0,660,264.0,198.0,19.8,262.68819537366016,197.22951699869657,5.0897708084373505,330.5934663601203,0.6435011087932844,1.5108681716736887,328.5277402763606,0.6440207509747742,1.5553030401815358,0.39999999999997726,0.30000000000001137,0.030000000000001137,0.500899191454721,1.1102230246251565e-16,0.0,4.161093530146957,9.278077804113707,-14.097836651694227,8.32441399294214,0.015397207333424312,0.044465831826630664,5.0,5.0,5.0
0,661,264.40000000000003,198.29999999999998,19.83,271.85512518398673,185.42316821615617,13.304938421455688,331.09436555157504,0.6435011087932843,1.5108681716736887,329.3387037481577,0.5985881237750112,1.5303863778857076,0.4000000000000341,0.29999999999998295,0.029999999999997584,0.500899191454721,-1.1102230246251565e-16,0.0,9.166929810326565,-11.806348782540397,8.215167613018338,0.8109634717970948,-0.04543262719976293,-0.024916662295828118,5.0,5.0,5.0
0,662,264.8,198.6,19.86,258.5967715159782,193.6069233951568,20.53925401820365,331.59526474302976,0.6435011087932844,1.5108681716736887,323.6939789070063,0.6426574894171284,1.5073009791400322,0.39999999999997726,0.30000000000001137,0.030000000000001137,0.500899191454721,1.1102230246251565e-16,0.0,-13.25835366800851,8.183755179000627,7.234315596747962,-5.644724841151401,0.044069365642117164,-0.02308539874567539,5.0,5.0,5.0
0,663,265.2,198.9,19.89,258.1829230771469,200.3643579740132,11.540012608145013,332.0961639344845,0.6435011087932844,1.5108681716736887,327.01295021144745,0.659969355942713,1.5354998374008648,0.39999999999997726,0.30000000000001137,0.030000000000001137,0.500899191454721,0.0,0.0,-0.41384843883133726,6.75743457885639,-8.999241410058637,3.3189713044411633,0.017311866525584585,0.02819885826083257,5.0,5.0,5.0
0,664,265.6,199.2,19.919999999999998,260.7428998457062,189.09395832954027,20.881358088399082,332.5970631259392,0.6435011087932843,1.5108681716736887,322.7683627809545,0.6274473348830532,1.5060565502467516,0.4000000000000341,0.29999999999998295,0.029999999999997584,0.500899191454721,-1.1102230246251565e-16,0.0,2.559976768559295,-11.270399644472917,9.34134548025407,-4.24458743049297,-0.032522021059659845,-0.029443287154113262,5.0,5.0,5.0
0,665,266.0,199.5,19.95,260.05001307225353,193.79044903969242,4.589197932656317,333.097962317394,0.6435011087932844,1.5108681716736887,324.34828221458173,0.6404249400069275,1.556646872891442,0.39999999999997726,0.30000000000001137,0.030000000000001137,0.5008991914547778,1.1102230246251565e-16,0.0,-0.692886773452642,4.696490710152148,-16.292160155742764,1.5799194336272535,0.012977605123874358,0.05059032264469043,5.0,5.0,5.0
0,666,266.40000000000003,199.79999999999998,19.98,263.4664002758438,195.03152560458304,22.410970239486808,333.5988615088487,0.6435011087932843,1.5108681716736887,328.56367973505144,0.637233132296737,1.502534416611918,0.4000000000000341,0.29999999999998295,0.030000000000001137,0.500899191454721,-1.1102230246251565e-16,0.0,3.4163872035902614,1.2410765648906192,17.82177230683049,4.215397520469708,-0.003191807710190564,-0.0541124562795241,5.0,5.0,5.0
0,667,266.8,200.1,20.009999999999998,261.1268738126885,205.17050632167047,13.991895585678218,334.0997607003034,0.6435011087932844,1.5108681716736887,332.3822408516419,0.6659677958201494,1.5286880864365278,0.39999999999997726,0.30000000000001137,0.029999999999997584,0.500899191454721,1.1102230246251565e-16,0.0,-2.339526463155323,10.138980717087435,-8.41907465380859,3.8185611165904447,0.028734663523412474,0.02615366982460987,5.0,5.0,5.0
0,668,267.2,200.4,20.04,258.055178300052,193.91165780327043,16.648812287063976,334.60065989175814,0.6435011087932844,1.5108681716736887,323.2203412999469,0.6444187894393214,1.5192643498334788,0.39999999999997726,0.30000000000001137,0.030000000000001137,0.500899191454721,0.0,0.0,-3.071695512636495,-11.258848518400043,2.6569167013857573,-9.161899551695,-0.021549006380828017,-0.00942373660304896,5.0,5.0,5.0
0,669,267.6,200.7,20.07,268.8275043021698,189.8781721093947,13.993975762895726,335.10155908321286,0.6435011087932843,1.5108681716736887,329.4203677227481,0.6149548177825228,1.5283029369463157,0.4000000000000341,0.29999999999998295,0.030000000000001137,0.500899191454721,-1.1102230246251565e-16,0.0,10.772326002117836,-4.033485693875718,-2.6548365241682497,6.200026422801216,-0.029463971656798593,0.009038587112836893,5.0,5.0,5.0
0,670,268.0,201.0,20.099999999999998,263.620322462548,196.1745838893516,23.390923525664473,335.6024582746676,0.6435011087932844,1.5108681716736887,329.43478426359525,0.6397502968513633,1.4997333322004671,0.39999999999997726,0.30000000000001137,0.029999999999997584,0.500899191454721,1.1102230246251565e-16,0.0,-5.207181839621796,6.296411779956884,9.396947762768747,0.014416540847150827,0.024795479068840498,-0.028569604745848576,5.0,5.0,5.0
0,671,268.40000000000003,201.29999999999998,20.13,266.1879716490622,204.4427844570341,16.502778788910668,336.1033574661223,0.6435011087932843,1.5108681716736887,336.0434943202189,0.6549465592022942,1.521667509938099,0.4000000000000341,0.29999999999998295,0.030000000000001137,0.500899191454721,-1.1102230246251565e-16,0.0,2.5676491865141884,8.268200567682499,-6.888144736753805,6.608710056623636,0.015196262350930856,0.021934177737631844,5.0,5.0,5.0
0,672,268.8,201.6,20.16,266.92240927453156,197.9499549623059,20.65536971444155,336.604256657577,0.6435011087932844,1.5108681716736887,332.9540531973439,0.6381041134782435,1.508719768812386,0.39999999999997726,0.30000000000001137,0.030000000000001137,0.500899191454721,1.1102230246251565e-16,0.0,0.7344376254693543,-6.492829494728198,4.152590925530884,-3.089441122874973,-0.016842445724050692,-0.012947741125713064,5.0,5.0,5.0
0,673,269.2,201.9,20.189999999999998,261.87477971722694,201.91590242969184,12.084887146646302,337.1051558490318,0.6435011087932844,1.5108681716736887,330.89949592480514,0.6568312206695676,1.5342668808642281,0.39999999999997726,0.30000000000001137,0.029999999999997584,0.5008991914547778,0.0,0.0,-5.047629557304617,3.965947467385945,-8.57048256779525,-2.054557272538773,0.01872710719132409,0.025547112051842236,5.0,5.0,5.0
0,674,269.6,202.2,20.22,269.72343615882926,202.77334223670778,16.365991164638064,337.6060550404865,0.6435011087932843,1.5108681716736887,337.83961579715907,0.6446408930163916,1.5223342807020543,0.4000000000000341,0.29999999999998295,0.030000000000001137,0.500899191454721,-1.1102230246251565e-16,0.0,7.848656441602316,0.8574398070159361,4.281104017991762,6.940119872353932,-0.012190327653175959,-0.01193260016217379,5.0,5.0,5.0
0,675,270.0,202.5,20.25,265.33087676000713,204.14570134537738,12.054207104473404,338.10695423194124,0.6435011087932844,1.5108681716736887,334.9943961455888,0.6558022326233447,1.534805247376643,0.39999999999997726,0.30000000000001137,0.030000000000001137,0.500899191454721,1.1102230246251565e-16,0.0,-4.392559398822129,1.372359108669599,-4.31178406016466,-2.8452196515702894,0.011161339606953091,0.01247096667458858,5.0,5.0,5.0
0,676,270.40000000000003,202.79999999999998,20.279999999999998,266.1021219797964,208.73227114518104,16.594929029490466,338.60785342339597,0.6435011087932843,1.5108681716736887,338.60728286478076,0.6651602102150598,1.521767317859402,0.4000000000000341,0.29999999999998295,0.029999999999997584,0.500899191454721,-1.1102230246251565e-16,0.0,0.7712452197892503,4.586569799803669,4.540721925017062,3.6128867191919767,0.009357977591715083,-0.01303792951724092,5.0,5.0,5.0
0,677,270.8,203.1,20.31,267.88145470098004,198.6716426237604,13.907279351310155,339.1087526148507,0.6435011087932844,1.5108681716736887,333.8027977331702,0.6381293015600112,1.529121104143932,0.39999999999997726,0.30000000000001137,0.030000000000001137,0.500899191454721,1.1102230246251565e-16,0.0,1.779332721183664,-10.060628521420654,-2.6876496781803105,-4.804485131610534,-0.027030908655048536,0.007353786284530095,5.0,5.0,5.0
0,678,271.2,203.4,20.34,272.79515931188746,204.8127847949909,16.80001184421007,339.6096518063054,0.6435011087932844,1.5108681716736887,341.53728370039323,0.644008643696577,1.5215870752480203,0.39999999999997726,0.30000000000001137,0.030000000000001137,0.500899191454721,0.0,0.0,4.913704610907416,6.141142171230513,2.8927324928999134,7.734485967223009,0.005879342136565713,-0.007534028895911815,5.0,5.0,5.0
0,679,271.6,203.7,20.37,268.8748672607063,202.3456729830526,18.882842534689182,340.11055099776013,0.6435011087932843,1.5108681716736887,337.03713053848645,0.6451403526963645,1.5147409744261686,0.4000000000000341,0.29999999999998295,0.030000000000001137,0.500899191454721,-1.1102230246251565e-16,0.0,-3.92029205118115,-2.4671118119383095,2.0828306904791134,-4.5001531619067805,0.0011317089997875396,-0.006846100821851664,5.0,5.0,5.0
0,680,272.0,204.0,20.4,255.98821818326195,201.17961772292358,18.480702021126053,340.61145018921485,0.6435011087932844,1.5108681716736887,326.10541667224214,0.6660803757479683,1.514095004183377,0.39999999999997726,0.30000000000001137,0.029999999999997584,0.500899191454721,1.1102230246251565e-16,0.0,-12.88664907744436,-1.1660552601290135,-0.4021405135631291,-10.931713866244309,0.020940023051603807,-0.0006459702427916714,5.0,5.0,5.0
0,681,272.40000000000003,204.29999999999998,20.43,277.1212459009896,202.50557864195457,15.920466243136389,341.1123493806696,0.6435011087932843,1.5108681716736887,343.59591900403655,0.6310650356306023,1.5244448786829023,0.4000000000000341,0.29999999999998295,0.030000000000001137,0.5008991914547778,-1.1102230246251565e-16,0.0,21.133027717727657,1.3259609190309902,-2.5602357779896643,17.490502331794403,-0.035015340117365956,0.010349874499525402,5.0,5.0,5.0
0,682,272.8,204.6,20.46,273.63171060674694,205.4574908047971,15.596468053683715,341.61324857212435,0.6435011087932844,1.5108681716736887,342.5351710308408,0.6440475064087412,1.5252481217670597,0.39999999999997726,0.30000000000001137,0.030000000000001137,0.500899191454721,1.1102230246251565e-16,0.0,-3.489535294242671,2.9519121628425182,-0.32399818945267356,-1.0607479731957596,0.012982470778138855,0.0008032430841573568,5.0,5.0,5.0
0,683,273.2,204.9,20.49,263.8778090780983,197.33272192537157,21.094305182627895,342.11414776357907,0.6435011087932844,1.5108681716736887,330.176726886483,0.6421035216045591,1.5068648626052252,0.39999999999997726,0.30000000000001137,0.029999999999997584,0.500899191454721,0.0,0.0,-9.753901528648612,-8.124768879425517,5.49783712894418,-12.358444144357804,-0.0019439848041821195,-0.018383259161834475,5.0,5.0,5.0
0,684,273.6,205.2,20.52,264.98254290898643,201.92284519051668,26.312673556847916,342.6150469550338,0.6435011087932843,1.5108681716736887,334.18698395666974,0.6511516540838653,1.4919783651257748,0.4000000000000341,0.29999999999998295,0.030000000000001137,0.500899191454721,-1.1102230246251565e-16,0.0,1.104733830888108,4.59012326514511,5.21836837422002,4.0102570701867535,0.009048132479306248,-0.014886497479450478,5.0,5.0,5.0
0,685,274.0,205.5,20.55,269.987859343758,201.29937564235198,18.45515072898831,343.1159461464885,0.6435011087932844,1.5108681716736887,337.2765562790501,0.6406706524181291,1.5160508303445825,0.39999999999997726,0.30000000000001137,0.030000000000001137,0.500899191454721,1.1102230246251565e-16,0.0,5.005316434771544,-0.6234695481647066,-7.857522827859604,3.089572322380377,-0.010481001665736178,0.024072465218807793,5.0,5.0,5.0
0,686,274.40000000000003,205.79999999999998,20.58,277.8323590544093,198.68425231649152,9.712505778629405,343.61684533794323,0.6435011087932843,1.5108681716736887,341.7024796878147,0.6208035477575562,1.5423686312208371,0.4000000000000341,0.29999999999998295,0.029999999999997584,0.500899191454721,-1.1102230246251565e-16,0.0,7.844499710651348,-2.615123325860452,-8.742644950358907,4.425923408764561,-0.019867104660572954,0.02631780087625457,5.0,5.0,5.0
0,687,274.8,206.1,20.61,270.0845337685036,198.15305819505875,14.145293243084986,344.11774452939795,0.6435011087932844,1.5108681716736887,335.27657116765135,0.6329680633846064,1.5285938759303068,0.39999999999997726,0.30000000000001137,0.030000000000001137,0.500899191454721,1.1102230246251565e-16,0.0,-7.747825285905719,-0.531194121432776,4.432787464455581,-6.425908520163318,0.012164515627050232,-0.013774755290530294,5.0,5.0,5.0
0,688,275.2,206.4,20.64,272.63301563499857,206.19331768331614,8.606446348365838,344.6186437208527,0.6435011087932844,1.5108681716736887,341.93349702863804,0.6475231896733613,1.5456237262251915,0.39999999999997726,0.30000000000001137,0.030000000000001137,0.500899191454721,0.0,0.0,2.548481866494967,8.04025948825739,-5.538846894719148,6.656925860986689,0.014555126288754883,0.017029850294884685,5.0,5.0,5.0
0,689,275.6,206.7,20.669999999999998,279.8256608694652,196.06553745397773,15.127711534247187,345.11954291230745,0.6435011087932843,1.5108681716736887,342.0130744787595,0.6111757069777708,1.5265505078708514,0.4000000000000341,0.29999999999998295,0.029999999999997584,0.5008991914547778,-1.1102230246251565e-16,0.0,7.1926452344666245,-10.127780229338413,6.521265185881349,0.07957745012146233,-0.036347482695590516,-0.01907321835434006,5.0,5.0,5.0
0,690,276.0,207.0,20.7,269.16471732759237,204.35186328647777,13.995959084246078,345.6204421037622,0.6435011087932844,1.5108681716736887,338.2384010626024,0.6493678914164159,1.5294055321746924,0.39999999999997726,0.30000000000001137,0.030000000000001137,0.500899191454721,1.1102230246251565e-16,0.0,-10.660943541872825,8.28632583250004,-1.131752450001109,-3.7746734161571,0.03819218443864514,0.0028550243038409917,5.0,5.0,5.0
0,691,276.40000000000003,207.29999999999998,20.73,269.78745654830254,207.25891882253168,13.392999161598484,346.1213412952169,0.6435011087932843,1.5108681716736887,340.4715899584422,0.6550668216425903,1.5314495620440656,0.4000000000000341,0.29999999999998295,0.030000000000001137,0.500899191454721,-1.1102230246251565e-16,0.0,0.622739220710173,2.9070555360539174,-0.6029599226475941,2.2331888958398167,0.0056989302261744035,0.002044029869373132,5.0,5.0,5.0
0,692,276.8,207.6,20.759999999999998,275.4112462388971,212.42050220062515,15.534548013548235,346.6222404866716,0.6435011087932844,1.5108681716736887,348.1596566117525,0.6569847832422464,1.5261624731711776,0.39999999999997726,0.30000000000001137,0.029999999999997584,0.500899191454721,1.1102230246251565e-16,0.0,5.623789690594549,5.161583378093468,2.141548851949752,7.688066653310273,0.0019179615996560706,-0.0052870888728879795,5.0,5.0,5.0
0,693,277.2,207.9,20.79,284.92871469741715,200.27724963182342,11.62804792403243,347.12313967812634,0.6435011087932844,1.5108681716736887,348.46888050116246,0.612671633547433,1.5374211601563006,0.39999999999997726,0.30000000000001137,0.030000000000001137,0.500899191454721,0.0,0.0,9.517468458520057,-12.143252568801728,-3.9065000895158057,0.3092238894099637,-0.04431314969481337,0.011258686985123001,5.0,5.0,5.0
0,694,277.6,208.2,20.82,272.8067738027639,198.14151946267327,19.655294715391918,347.62403886958106,0.6435011087932843,1.5108681716736887,337.74239914171017,0.6281644783616681,1.5125673143098475,0.4000000000000341,0.29999999999998295,0.030000000000001137,0.500899191454721,-1.1102230246251565e-16,0.0,-12.121940894653221,-2.1357301691501505,8.027246791359488,-10.726481359452293,0.015492844814235074,-0.024853845846453115,5.0,5.0,5.0
0,695,278.0,208.5,20.849999999999998,277.82367880466774,193.01798621525074,17.910641450722416,348.1249380610358,0.6435011087932844,1.5108681716736887,338.76648385624907,0.6071937416447173,1.5179014952444294,0.39999999999997726,0.30000000000001137,0.029999999999997584,0.500899191454721,1.1102230246251565e-16,0.0,5.016905001903808,-5.123533247422529,-1.7446532646695019,1.0240847145389012,-0.020970736716950822,0.0053341809345819335,5.0,5.0,5.0
0,696,278.40000000000003,208.79999999999998,20.88,280.4784983494298,208.64675531827288,14.506589975873014,348.6258372524905,0.6435011087932843,1.5108681716736887,349.8744027417874,0.6395829109847612,1.5293221591782453,0.4000000000000341,0.29999999999998295,0.030000000000001137,0.500899191454721,-1.1102230246251565e-16,0.0,2.654819544762063,15.628769103022137,-3.4040514748494015,11.10791888553831,0.03238916934004388,0.011420663933815911,5.0,5.0,5.0
0,697,278.8,209.1,20.91,280.1188418961073,202.76521933060818,14.831885806758946,349.1267364439452,0.6435011087932844,1.5108681716736887,346.1217771131871,0.6265567915940892,1.527931561414455,0.39999999999997726,0.30000000000001137,0.030000000000001137,0.500899191454721,1.1102230246251565e-16,0.0,-0.3596564533224864,-5.881535987664705,0.3252958308859313,-3.752625628600299,-0.013026119390671997,-0.0013905977637902467,5.0,5.0,5.0
0,698,279.2,209.4,20.939999999999998,267.3146223580609,196.82958302855144,15.335744404431344,349.6276356354,0.6435011087932844,1.5108681716736887,332.31638108595274,0.6346894318811495,1.5246319070726737,0.39999999999997726,0.30000000000001137,0.029999999999997584,0.5008991914547778,0.0,0.0,-12.804219538046425,-5.935636302056736,0.5038585976723979,-13.805396027234337,0.008132640287060289,-0.003299654341781366,5.0,5.0,5.0
0,699,279.6,209.7,20.97,272.4168759880843,204.04602731658687,11.930469564035704,350.1285348268547,0.6435011087932843,1.5108681716736887,340.57021550747356,0.642874410557531,1.5357582921358441,0.4000000000000341,0.29999999999998295,0.030000000000001137,0.500899191454721,-1.1102230246251565e-16,0.0,5.1022536300234265,7.216444288035433,-3.4052748403956397,8.253834421520821,0.008184978676381571,0.01112638506317043,5.0,5.0,5.0
0,700,280.0,210.0,21.0,274.3051134506516,203.07200374073568,18.008783957058718,350.62943401830944,0.6435011087932844,1.5108681716736887,341.76870873159857,0.6372734008093183,1.5180790135475595,0.39999999999997726,0.30000000000001137,0.030000000000001137,0.500899191454721,1.1102230246251565e-16,0.0,1.8882374625673037,-0.9740235758511915,6.078314393023014,1.1984932241250021,-0.00560100974821276,-0.017679278588284664,5.0,5.0,5.0
0,701,280.40000000000003,210.29999999999998,21.029999999999998,279.9378967196297,207.5987266905104,20.881994248553852,351.13033320976416,0.6435011087932843,1.5108681716736887,349.13967839122483,0.6380959819721936,1.510950753413129,0.4000000000000341,0.29999999999998295,0.029999999999997584,0.500899191454721,-1.1102230246251565e-16,0.0,5.6327832689780735,4.526722949774722,2.873210291495134,7.370969659626269,0.0008225811628753688,-0.007128260134430464,5.0,5.0,5.0
0,702,280.8,210.6,21.06,266.47668285501135,202.11919622553592,18.890033640002972,351.6312324012189,0.6435011087932844,1.5108681716736887,334.99078399142184,0.6489109282661076,1.5143766878612441,0.39999999999997726,0.30000000000001137,0.030000000000001137,0.500899191454721,1.1102230246251565e-16,0.0,-13.461213864618344,-5.479530464974488,-1.9919606085508796,-14.148894399802998,0.010814946293913996,0.00342593444811512,5.0,5.0,5.0
0,703,281.2,210.9,21.09,272.4306720296554,217.50393798909104,14.05310748628466,352.1321315926736,0.6435011087932844,1.5108681716736887,348.88955836097057,0.673754010970918,1.5305058968242884,0.39999999999997726,0.30000000000001137,0.030000000000001137,0.500899191454721,0.0,0.0,5.95398917464405,15.384741763555127,-4.836926153718313,13.898774369548732,0.024843082704810393,0.01612920896304426,5.0,5.0,5.0
0,704,281.6,211.2,21.119999999999997,274.54020483183325,205.96686888362794,12.865486755530195,352.6330307841283,0.6435011087932843,1.5108681716736887,343.4533387467463,0.6436449620572597,1.5333283624585876,0.4000000000000341,0.29999999999998295,0.029999999999997584,0.500899191454721,-1.1102230246251565e-16,0.0,2.1095328021778528,-11.537069105463104,-1.187620730754464,-5.436219614224285,-0.030109048913658287,0.0028224656342992205,5.0,5.0,5.0
0,705,282.0,211.5,21.15,271.46280823947535,206.14267224914272,21.725751513099922,353.13392997558304,0.6435011087932844,1.5108681716736887,341.55360612660587,0.6494755658140882,1.50714474044742,0.39999999999997726,0.30000000000001137,0.030000000000001137,0.500899191454721,1.1102230246251565e-16,0.0,-3.0773965923579,0.17580336551478126,8.860264757569727,-1.899732620140412,0.005830603756828423,-0.02618362201116753,5.0,5.0,5.0
0,706,282.40000000000003,211.79999999999998,21.18,277.874626550776,208.22107834606226,19.192686557632335,353.6348291670378,0.6435011087932843,1.5108681716736887,347.762396997763,0.6430751310714063,1.5155791927418898,0.4000000000000341,0.29999999999998295,0.030000000000001137,0.5008991914547778,-1.1102230246251565e-16,0.0,6.411818311300635,2.0784060969195366,-2.5330649554675873,6.2087908711571345,-0.006400434742681815,0.008434452294469708,5.0,5.0,5.0
0,707,282.8,212.1,21.21,272.15447332875993,212.00931825139463,25.343143423533565,354.13572835849254,0.6435011087932844,1.5108681716736887,345.91658430445574,0.6618065054099612,1.497466884419823,0.39999999999997726,0.30000000000001137,0.030000000000001137,0.500899191454721,1.1102230246251565e-16,0.0,-5.720153222016052,3.788239905332375,6.15045686590123,-1.8458126933072663,0.018731374338554874,-0.018112308322066895,5.0,5.0,5.0
0,708,283.2,212.4,21.24,268.7572483127932,210.34568693294412,15.533416328350327,354.63662754994726,0.6435011087932844,1.5108681716736887,341.6387764215098,0.6640782998076572,1.525313277513537,0.39999999999997726,0.30000000000001137,0.029999999999997584,0.500899191454721,0.0,0.0,-3.3972250159667396,-1.6636313184505127,-9.809727095183238,-4.277807882945922,0.002271794397695981,0.02784639309371406,5.0,5.0,5.0
0,709,283.6,212.7,21.27,277.2685715237686,213.52534886653717,6.605029060126023,355.137526741402,0.6435011087932843,1.5108681716736887,350.0208019136758,0.6562433543649219,1.5519248166272424,0.4000000000000341,0.29999999999998295,0.030000000000001137,0.500899191454721,-1.1102230246251565e-16,0.0,8.511323210975434,3.179661933593053,-8.928387268224304,8.382025492166008,-0.00783494544273533,0.026611539113705396,5.0,5.0,5.0
0,710,284.0,213.0,21.3,289.1941460858066,208.1012984288012,9.73139387634868,355.6384259328567,0.6435011087932844,1.5108681716736887,356.4184402704614,0.6237531681444928,1.5434896494224777,0.39999999999997726,0.30000000000001137,0.030000000000001137,0.500899191454721,1.1102230246251565e-16,0.0,11.92557456203798,-5.4240504377359855,3.1263648162226563,6.397638356785592,-0.032490186220429096,-0.00843516720476467,5.0,5.0,5.0
0,711,284.40000000000003,213.29999999999998,21.33,272.0753113178937,212.12038629217295,36.140562939365864,356.1393251243114,0.6435011087932843,1.5108681716736887,346.88063306999965,0.6622014939082798,1.4664195895603047,0.4000000000000341,0.29999999999998295,0.029999999999997584,0.500899191454721,-1.1102230246251565e-16,0.0,-17.118834767912915,4.019087863371766,26.409169063017185,-9.53780720046177,0.038448325763786984,-0.07707005986217297,5.0,5.0,5.0
0,712,284.8,213.6,21.36,292.27751020384017,209.81366321710374,12.59213860388734,356.64022431576615,0.6435011087932844,1.5108681716736887,360.00899738500374,0.6226107306388504,1.535811902323595,0.39999999999997726,0.30000000000001137,0.030000000000001137,0.500899191454721,1.1102230246251565e-16,0.0,20.202198885946473,-2.3067230750692147,-23.548424335478522,13.128364315004092,-0.03959076326942934,0.06939231276329028,5.0,5.0,5.0
0,713,285.2,213.9,21.39,281.00333920513685,217.17676513668852,7.402313041201177,357.14112350722087,0.6435011087932844,1.5108681716736887,355.22305414771927,0.6579728729465785,1.5499563255816406,0.39999999999997726,0.30000000000001137,0.030000000000001137,0.500899191454721,0.0,0.0,-11.274170998703312,7.363101919584778,-5.189825562686163,-4.785943237284471,0.03536214230772805,0.014144423258045657,5.0,5.0,5.0
0,714,285.6,214.2,21.419999999999998,291.80077218027117,204.0090829416445,27.24763668594823,357.6420226986756,0.6435011087932843,1.5108681716736887,357.0851862968593,0.6101473784917629,1.4944163785613862,0.4000000000000341,0.29999999999998295,0.029999999999997584,0.500899191454721,-1.1102230246251565e-16,0.0,10.797432975134313,-13.167682195044023,19.845323644747054,1.8621321491400522,-0.04782549445481554,-0.05553994702025444,5.0,5.0,5.0
0,715,286.0,214.5,21.45,277.9527855518801,201.61621914861206,24.402537334718204,358.1429218901303,0.6435011087932844,1.5108681716736887,344.2416805795064,0.6275450321921006,1.4998490170396188,0.39999999999997726,0.30000000000001137,0.030000000000001137,0.500899191454721,1.1102230246251565e-16,0.0,-13.847986628391084,-2.392863793032433,-2.8450993512300258,-12.843505717352912,0.017397653700337634,0.00543263847823261,5.0,5.0,5.0
0,716,286.40000000000003,214.79999999999998,21.48,284.78850701387427,201.82398628041562,17.448508162449738,358.6438210815851,0.6435011087932843,1.5108681716736887,349.488004947815,0.616527900494886,1.520849648394048,0.4000000000000341,0.29999999999998295,0.030000000000001137,0.5008991914547778,-1.1102230246251565e-16,0.0,6.835721461994183,0.2077671318035641,-6.954029172268466,5.246324368308592,-0.011017131697214522,0.02100063135442909,5.0,5.0,5.0
0,717,286.8,215.1,21.509999999999998,289.38259180169325,205.3765037737816,21.521061309977604,359.1447202730398,0.6435011087932844,1.5108681716736887,355.50660868697696,0.617210265781806,1.510222973110167,0.39999999999997726,0.30000000000001137,0.029999999999997584,0.500899191454721,1.1102230246251565e-16,0.0,4.594084787818986,3.5525174933659684,4.0725531475278665,6.018603739161961,0.0006823652869200059,-0.010626675283880838,5.0,5.0,5.0
0,718,287.2,215.4,21.54,285.93944680858465,212.7859292950598,9.819954324034054,359.64561946449453,0.6435011087932844,1.5108681716736887,356.5608650007565,0.6397557893934492,1.5432520921173714,0.39999999999997726,0.30000000000001137,0.030000000000001137,0.500899191454721,0.0,0.0,-3.4431449931086036,7.4094255212781945,-11.70110698594355,1.0542563137795469,0.022545523611643192,0.03302911900720429,5.0,5.0,5.0
0,719,287.6,215.7,21.57,285.63674687044073,215.28849727314892,14.888973216393442,360.14651865594925,0.6435011087932843,1.5108681716736887,357.99325376925384,0.6458740180439734,1.529194233079047,0.4000000000000341,0.29999999999998295,0.030000000000001137,0.500899191454721,-1.1102230246251565e-16,0.0,-0.3026999381439168,2.5025679780891323,5.069018892359388,1.4323887684973329,0.006118228650524138,-0.01405785903832446,5.0,5.0,5.0
0,720,288.0,216.0,21.599999999999998,282.6152641880189,214.19561662240665,13.202153052055209,360.647417847404,0.6435011087932844,1.5108681716736887,354.8597562101493,0.6485413551487696,1.5335838779438449,0.39999999999997726,0.30000000000001137,0.029999999999997584,0.500899191454721,1.1102230246251565e-16,0.0,-3.0214826824218335,-1.0928806507422735,-1.6868201643382328,-3.133497559104512,0.0026673371047962746,0.004389644864797981,5.0,5.0,5.0
0,721,288.40000000000003,216.29999999999998,21.63,280.0642104377897,214.3177110176075,9.367097369633576,361.14831703885875,0.6435011087932843,1.5108681716736887,352.78291588043413,0.6531866703324448,1.5442411906302635,0.4000000000000341,0.29999999999998295,0.030000000000001137,0.5008991914547778,-1.1102230246251565e-16,0.0,-2.551053750229187,0.12209439520086107,-3.8350556824216326,-2.0768403297151963,0.004645315183675169,0.010657312686418674,5.0,5.0,5.0
0,722,288.8,216.6,21.66,284.2514569226536,211.8019386482126,17.002321268680447,361.6492162303134,0.6435011087932844,1.5108681716736887,354.89157626846514,0.6403717014185021,1.5228694861617549,0.39999999999997726,0.30000000000001137,0.030000000000001137,0.5008991914546641,1.1102230246251565e-16,0.0,4.187246484863863,-2.5157723693949094,7.635223899046871,2.108660388031012,-0.012814968913942737,-0.021371704468508668,5.0,5.0,5.0
0,723,289.2,216.9,21.689999999999998,285.4383655740596,216.41660002000432,15.825863178435682,362.1501154217682,0.6435011087932844,1.5108681716736887,358.5549654532086,0.648722326743342,1.5266440830644346,0.39999999999997726,0.30000000000001137,0.029999999999997584,0.5008991914547778,0.0,0.0,1.1869086514060427,4.614661371791726,-1.1764580902447648,3.663389184743437,0.008350625324839878,0.003774596902679672,5.0,5.0,5.0
0,724,289.6,217.2,21.72,288.1225907155338,222.72399118498495,9.772166935494035,362.6510146132229,0.6435011087932843,1.5108681716736887,364.30220803148507,0.6580707052318671,1.5439687670954576,0.4000000000000341,0.29999999999998295,0.030000000000001137,0.500899191454721,-1.1102230246251565e-16,0.0,2.684225141474201,6.307391164980629,-6.053696242941648,5.747242578276484,0.0093483784885251,0.017324684031023052,5.0,5.0,5.0
0,725,290.0,217.5,21.75,280.2020901619618,220.18002985334175,19.067104825261325,363.15191380467763,0.6435011087932844,1.5108681716736887,356.8697400505794,0.6660161144619816,1.5173421222194494,0.39999999999997726,0.30000000000001137,0.030000000000001137,0.500899191454721,1.1102230246251565e-16,0.0,-7.920500553572026,-2.543961331643203,9.29493788976729,-7.432467980905642,0.007945409230114553,-0.026626644876008188,5.0,5.0,5.0
0,726,290.40000000000003,217.79999999999998,21.779999999999998,282.6986944028517,212.60808521091639,7.431335730935993,363.65281299613235,0.6435011087932843,1.5108681716736887,353.8021685417927,0.6448220582076837,1.5497905701247876,0.4000000000000341,0.29999999999998295,0.029999999999997584,0.500899191454721,-1.1102230246251565e-16,0.0,2.4966042408898943,-7.571944642425365,-11.635769094325331,-3.0675715087867275,-0.021194056254297933,0.032448447905338185,5.0,5.0,5.0
0,727,290.8,218.1,21.81,287.5699213716402,223.1256861835216,16.315450223069146,364.1537121875871,0.6435011087932844,1.5108681716736887,364.3456126105269,0.6598725035296034,1.526001199927861,0.39999999999997726,0.30000000000001137,0.030000000000001137,0.500899191454721,1.1102230246251565e-16,0.0,4.8712269687885055,10.517600972605209,8.884114492133152,10.543444068734232,0.015050445321919681,-0.023789370196926507,5.0,5.0,5.0
0,728,291.2,218.4,21.84,290.1858378710718,213.0422400767041,16.732114665122594,364.6546113790418,0.6435011087932844,1.5108681716736887,360.3814371176778,0.6332848638304015,1.524350727241339,0.39999999999997726,0.30000000000001137,0.030000000000001137,0.500899191454721,0.0,0.0,2.6159164994315915,-10.08344610681749,0.4166644420534489,-3.964175492849108,-0.02658763969920186,-0.0016504726865220753,5.0,5.0,5.0
0,729,291.6,218.7,21.869999999999997,288.9734556182725,222.26707218117934,19.789179412087723,365.1555105704965,0.6435011087932843,1.5108681716736887,365.1026171499776,0.6556517052640175,1.516568061005543,0.4000000000000341,0.29999999999998295,0.029999999999997584,0.500899191454721,-1.1102230246251565e-16,0.0,-1.212382252799273,9.22483210447524,3.0570647469651284,4.721180032299799,0.022366841433616003,-0.007782666235796043,5.0,5.0,5.0
0,730,292.0,219.0,21.9,288.5764806791813,211.10282892013953,18.844926758010242,365.65640976195124,0.6435011087932844,1.5108681716736887,358.0445794084619,0.6315762128353731,1.518139089453662,0.39999999999997726,0.30000000000001137,0.030000000000001137,0.500899191454721,1.1102230246251565e-16,0.0,-0.3969749390911943,-11.164243261039815,-0.9442526540774807,-7.0580377415157045,-0.024075492428644374,0.0015710284481189607,5.0,5.0,5.0
0,731,292.40000000000003,219.29999999999998,21.93,293.519359966885,225.12311871574227,20.69138378426211,366.157308953406,0.6435011087932843,1.5108681716736887,370.48909109254436,0.6542792631485737,1.5149184189242937,0.4000000000000341,0.29999999999998295,0.030000000000001137,0.5008991914547778,-1.1102230246251565e-16,0.0,4.942879287703704,14.020289795602736,1.8464570262518691,12.444511684082443,0.022703050313200523,-0.0032206705293682525,5.0,5.0,5.0
0,732,292.8,219.6,21.96,286.8530805175813,217.82712458552325,21.41945561286992,366.65820814486074,0.6435011087932844,1.5108681716736887,360.8214781389472,0.649469883719847,1.5113983775237068,0.39999999999997726,0.30000000000001137,0.030000000000001137,0.500899191454721,1.1102230246251565e-16,0.0,-6.666279449303715,-7.2959941302190146,0.7280718286078098,-9.667612953597143,-0.004809379428726612,-0.0035200414005869263,5.0,5.0,5.0
0,733,293.2,219.9,21.99,292.9261469786672,205.97608662124915,18.653654324226153,367.15910733631546,0.6435011087932844,1.5108681716736887,358.58030434369897,0.6128485047114823,1.5187519794475002,0.39999999999997726,0.30000000000001137,0.029999999999997584,0.500899191454721,0.0,0.0,6.073066461085887,-11.851037964274099,-2.765801288643768,-2.241173795248244,-0.03662137900836471,0.007353601923793418,5.0,5.0,5.0
0,734,293.6,220.2,22.02,289.7677302575645,213.61957829508066,16.607357725469186,367.6600065277702,0.6435011087932843,1.5108681716736887,360.3810012475831,0.6352649300466758,1.5246972226473026,0.4000000000000341,0.29999999999998295,0.030000000000001137,0.500899191454721,-1.1102230246251565e-16,0.0,-3.1584167211026966,7.643491673831505,-2.0462965987569675,1.800696903884102,0.0224164253351935,0.005945243199802386,5.0,5.0,5.0
0,735,294.0,220.5,22.05,288.6266997832816,216.6795661508104,18.802295342254062,368.1609057192249,0.6435011087932844,1.5108681716736887,361.39857847704565,0.643965583196531,1.5187463492623192,0.39999999999997726,0.30000000000001137,0.030000000000001137,0.500899191454721,1.1102230246251565e-16,0.0,-1.1410304742828998,3.05998785572973,2.194937616784877,1.0175772294625745,0.008700653149855131,-0.005950873384983346,5.0,5.0,5.0
0,736,294.40000000000003,220.79999999999998,22.08,297.72698839227326,211.22632702760222,20.087368842705363,368.6618049106796,0.6435011087932843,1.5108681716736887,365.5973512400319,0.6170488768929894,1.5158246775577637,0.4000000000000341,0.29999999999998295,0.029999999999997584,0.500899191454721,-1.1102230246251565e-16,0.0,9.100288608991661,-5.453239123208164,1.2850735004513005,4.198772762986266,-0.026916706303541593,-0.002921671704555484,5.0,5.0,5.0
0,737,294.8,221.1,22.11,293.5454717757585,214.39041815196643,23.790139738110074,369.16270410213434,0.6435011087932844,1.5108681716736887,364.2775948973344,0.6308048956341186,1.5054420919292388,0.39999999999997726,0.30000000000001137,0.030000000000001137,0.500899191454721,1.1102230246251565e-16,0.0,-4.181516616514784,3.164091124364205,3.7027708954047114,-1.3197563426975307,0.013756018741129195,-0.010382585628524899,5.0,5.0,5.0
0,738,295.2,221.4,22.14,290.7050961878309,220.5808168093192,21.728996806014905,369.66360329358906,0.6435011087932844,1.5108681716736887,365.56463039528086,0.6490958035724532,1.5113217213257224,0.39999999999997726,0.30000000000001137,0.030000000000001137,0.500899191454721,0.0,0.0,-2.8403755879275536,6.190398657352773,-2.0611429320951693,1.2870354979464764,0.018290907938334655,0.0058796293964835655,5.0,5.0,5.0
0,739,295.6,221.7,22.169999999999998,278.8197579913136,215.46949678747725,26.458368138366083,370.1645024850438,0.6435011087932843,1.5108681716736887,353.36610864191357,0.6579287238741766,1.4958509590096378,0.4000000000000341,0.29999999999998295,0.029999999999997584,0.500899191454721,-1.1102230246251565e-16,0.0,-11.885338196517296,-5.111320021841948,4.729371332351178,-12.198521753367288,0.008832920301723335,-0.015470762316084574,5.0,5.0,5.0
0,740,296.0,222.0,22.2,287.93695582296897,225.41942076798685,9.567410817922333,370.6654016764985,0.6435011087932844,1.5108681716736887,365.8047855588169,0.6642129658442127,1.544638927269966,0.39999999999997726,0.30000000000001137,0.030000000000001137,0.500899191454721,1.1102230246251565e-16,0.0,9.117197831655346,9.949923980509595,-16.89095732044375,12.438676916903319,0.006284241970036186,0.048787968260328274,5.0,5.0,5.0
0,741,296.40000000000003,222.29999999999998,22.23,290.8230310773977,209.83740892296876,12.701560339321533,371.1663008679533,0.6435011087932843,1.5108681716736887,358.8469077804679,0.6250296616938293,1.535393446816119,0.4000000000000341,0.29999999999998295,0.030000000000001137,0.5008991914547778,-1.1102230246251565e-16,0.0,2.886075254428704,-15.582011845018087,3.1341495213992,-6.957877778348973,-0.0391833041503834,-0.0092454804538471,5.0,5.0,5.0
0,742,296.8,222.6,22.259999999999998,286.9024957962702,214.62968609848255,5.940877220855697,371.667200059408,0.6435011087932844,1.5108681716736887,358.3493243624373,0.6422793711003256,1.5542171148711508,0.39999999999997726,0.30000000000001137,0.029999999999997584,0.500899191454721,1.1102230246251565e-16,0.0,-3.9205352811274565,4.792277175513789,-6.7606831184658365,-0.4975834180306151,0.017249709406496283,0.018823668055031773,5.0,5.0,5.0
0,743,297.2,222.9,22.29,293.3826328458042,218.9420496515128,17.342439973597216,372.1680992508627,0.6435011087932844,1.5108681716736887,366.48294719588154,0.6411083010855262,1.5234573738271369,0.39999999999997726,0.30000000000001137,0.030000000000001137,0.500899191454721,0.0,0.0,6.480137049533994,4.312363553030252,11.401562752741519,8.133622833444235,-0.0011710700147994357,-0.03075974104401391,5.0,5.0,5.0
0,744,297.6,223.2,22.32,291.3512684942382,213.2402582609499,15.953701400617607,372.66899844231745,0.6435011087932843,1.5108681716736887,361.4021167408657,0.6318167087575116,1.5266380702007578,0.4000000000000341,0.29999999999998295,0.030000000000001137,0.500899191454721,-1.1102230246251565e-16,0.0,-2.031364351566026,-5.701791390562903,-1.3887385729796087,-5.080830455015814,-0.009291592328014575,0.0031806963736209504,5.0,5.0,5.0
0,745,298.0,223.5,22.349999999999998,288.61163213880235,214.0015405405784,10.862593938968644,373.16989763377217,0.6435011087932844,1.5108681716736887,359.4597745320707,0.6380299685488836,1.5405725057235755,0.39999999999997726,0.30000000000001137,0.029999999999997584,0.500899191454721,1.1102230246251565e-16,0.0,-2.7396363554358345,0.7612822796284888,-5.0911074616489636,-1.9423422087950257,0.0062132597913719945,0.0139344355228177,5.0,5.0,5.0
0,746,298.40000000000003,223.79999999999998,22.38,286.2493843913787,214.73544946690595,21.249775071572138,373.67079682522694,0.6435011087932843,1.5108681716736887,358.47116517621026,0.6436093383216519,1.5114826578060614,0.4000000000000341,0.29999999999998295,0.030000000000001137,0.5008991914547778,-1.1102230246251565e-16,0.0,-2.3622477474236234,0.7339089263275582,10.387181132603494,-0.988609355860433,0.0055793697727682945,-0.029089847917514122,5.0,5.0,5.0
0,747,298.8,224.1,22.41,287.840323711327,211.02324081245644,14.351359181376296,374.1716960166816,0.6435011087932844,1.5108681716736887,357.1957749296405,0.6326140304477407,1.5306076567894396,0.39999999999997726,0.30000000000001137,0.030000000000001137,0.5008991914546641,1.1102230246251565e-16,0.0,1.5909393199482906,-3.712208654449512,-6.898415890195842,-1.2753902465697706,-0.010995307873911231,0.01912499898337816,5.0,5.0,5.0
0,748,299.2,224.4,22.439999999999998,289.79840624037735,217.46134871708438,19.590856986715806,374.6725952081364,0.6435011087932844,1.5108681716736887,362.8448099708608,0.6437496082891203,1.5167776735632703,0.39999999999997726,0.30000000000001137,0.029999999999997584,0.5008991914547778,0.0,0.0,1.9580825290503299,6.438107904627941,5.239497805339511,5.649035041220316,0.01113557784137964,-0.01382998322616924,5.0,5.0,5.0
0,749,299.6,224.7,22.47,299.9994339205971,217.70613950985825,7.39133085183979,375.1734943995911,0.6435011087932843,1.5108681716736887,370.74284255360334,0.6277593357631523,1.55085846225778,0.4000000000000341,0.29999999999998295,0.030000000000001137,0.500899191454721,-1.1102230246251565e-16,0.0,10.201027680219738,0.24479079277386973,-12.199526134876017,7.89803258274253,-0.015990272525967963,0.03408078869450959,5.0,5.0,5.0
0,750,300.0,225.0,22.5,300.11184815552906,221.36086079056847,16.193490883673032,375.6743935910458,0.6435011087932844,1.5108681716736887,373.2693146245327,0.6355142247820835,1.5273998457280926,0.39999999999997726,0.30000000000001137,0.030000000000001137,0.500899191454721,1.1102230246251565e-16,0.0,0.11241423493197544,3.65472128071022,8.802160031833242,2.5264720709293442,0.007754889018931177,-0.02345861652968728,5.0,5.0,5.0
0,751,300.40000000000003,225.29999999999998,22.529999999999998,298.4853486169382,219.19369408081613,16.451930583552723,376.17529278250055,0.6435011087932843,1.5108681716736887,370.688609055762,0.6334117710330046,1.5263996659375059,0.4000000000000341,0.29999999999998295,0.029999999999997584,0.500899191454721,-1.1102230246251565e-16,0.0,-1.6264995385908492,-2.167166709752337,0.2584396998796912,-2.580705568770668,-0.002102453749078914,-0.0010001797905867527,5.0,5.0,5.0
0,752,300.8,225.6,22.56,289.7591452121042,220.64529557671526,11.459614459817335,376.67619197395527,0.6435011087932844,1.5108681716736887,364.38445556548237,0.6508068260500651,1.5393418995902846,0.39999999999997726,0.30000000000001137,0.030000000000001137,0.500899191454721,1.1102230246251565e-16,0.0,-8.726203404833996,1.4516014958991263,-4.992316123735389,-6.304153490279646,0.017395055017060512,0.01294223365277869,5.0,5.0,5.0
0,753,301.2,225.9,22.59,303.60029604330265,227.7738343661165,13.173848089198195,377.17709116541,0.6435011087932844,1.5108681716736887,379.7731028560361,0.6436562680977339,1.536100632299618,0.39999999999997726,0.30000000000001137,0.030000000000001137,0.500899191454721,0.0,0.0,13.841150831198433,7.128538789401233,1.7142336293808604,15.388647290553706,-0.007150557952331216,-0.0032412672906665385,5.0,5.0,5.0
0,754,301.6,226.2,22.619999999999997,294.45459149054824,215.69085209790438,18.294670410709536,377.6779903568647,0.6435011087932843,1.5108681716736887,365.45963538265374,0.6322130417356818,1.5207160493759382,0.4000000000000341,0.29999999999998295,0.029999999999997584,0.500899191454721,-1.1102230246251565e-16,0.0,-9.14570455275441,-12.082982268212106,5.120822321511341,-14.313467473382332,-0.011443226362052084,-0.015384582923679835,5.0,5.0,5.0
0,755,302.0,226.5,22.65,298.40814536576954,225.42058488586696,7.956239291373363,378.17888954831943,0.6435011087932844,1.5108681716736887,374.0657202345414,0.6469547145110386,1.5495250932127487,0.39999999999997726,0.30000000000001137,0.030000000000001137,0.500899191454721,1.1102230246251565e-16,0.0,3.953553875221303,9.729732787962575,-10.338431119336173,8.606084851887658,0.014741672775356762,0.02880904383681049,5.0,5.0,5.0
0,756,302.40000000000003,226.79999999999998,22.68,292.02620845320513,220.63932680674182,19.171506345943342,378.67978873977415,0.6435011087932843,1.5108681716736887,366.50861601449367,0.6470413131836703,1.5184639693526196,0.4000000000000341,0.29999999999998295,0.030000000000001137,0.500899191454721,-1.1102230246251565e-16,0.0,-6.381936912564413,-4.781258079125138,11.21526705456998,-7.557104220047734,8.659867263172139e-05,-0.031061123860129047,5.0,5.0,5.0
0,757,302.8,227.1,22.71,298.10869184589893,217.91779775892965,10.295273846774228,379.18068793122893,0.6435011087932844,1.5108681716736887,369.40892165424884,0.6312305569874057,1.5429231313840808,0.39999999999997726,0.30000000000001137,0.030000000000001137,0.5008991914547778,1.1102230246251565e-16,0.0,6.082483392693803,-2.7215290478121688,-8.876232499169115,2.9003056397551745,-0.015810756196264597,0.024459162031461146,5.0,5.0,5.0
0,758,303.2,227.4,22.74,294.56250755203314,223.6372080709562,21.589856574232417,379.6815871226836,0.6435011087932844,1.5108681716736887,370.46834358148556,0.649374681122976,1.5124860923154437,0.39999999999997726,0.30000000000001137,0.029999999999997584,0.5008991914546641,0.0,0.0,-3.5461842938657924,5.719410312026554,11.29458272745819,1.0594219272367127,0.018144124135570316,-0.03043703906863704,5.0,5.0,5.0
0,759,303.6,227.7,22.77,295.5469028453706,215.6569815936902,19.704847333281304,380.1824863141384,0.6435011087932843,1.5108681716736887,366.39348588644435,0.6303740877480306,1.516989806321177,0.4000000000000341,0.29999999999998295,0.030000000000001137,0.5008991914547778,-1.1102230246251565e-16,0.0,0.9843952933374567,-7.980226477266001,-1.8850092409511134,-4.074857695041203,-0.019000593374945418,0.00450371400573335,5.0,5.0,5.0
0,760,304.0,228.0,22.8,297.84194348115676,219.2074204999215,18.456325322891832,380.6833855055931,0.6435011087932844,1.5108681716736887,370.2733482756846,0.6344714794538182,1.5209305275454974,0.39999999999997726,0.30000000000001137,0.030000000000001137,0.500899191454721,1.1102230246251565e-16,0.0,2.2950406357861652,3.5504389062313066,-1.2485220103894719,3.879862389240259,0.004097391705787601,0.0039407212243203205,5.0,5.0,5.0
0,761,304.40000000000003,228.29999999999998,22.83,306.1608951916083,222.16694014255424,18.52819665039554,381.1842846970478,0.6435011087932843,1.5108681716736887,378.72937185799043,0.6277368682820095,1.5218547955109551,0.4000000000000341,0.29999999999998295,0.029999999999997584,0.500899191454721,-1.1102230246251565e-16,0.0,8.318951710451529,2.9595196426327277,0.0718713275037075,8.456023582305818,-0.006734611171808735,0.0009242679654577479,5.0,5.0,5.0
0,762,304.8,228.6,22.86,304.9805062431563,228.84057020422267,21.983335402972877,381.68518388850254,0.6435011087932844,1.5108681716736887,381.9219590376616,0.6437218140114538,1.5132047378803557,0.39999999999997726,0.30000000000001137,0.030000000000001137,0.500899191454721,1.1102230246251565e-16,0.0,-1.1803889484519914,6.673630061668433,3.455138752577337,3.192587179671193,0.01598494572944431,-0.00865005763059945,5.0,5.0,5.0
0,763,305.2,228.9,22.89,294.4137946919956,231.3064413787995,26.38931431389065,382.18608307995726,0.6435011087932844,1.5108681716736887,375.33791207153837,0.6659300000742108,1.5004301223566319,0.39999999999997726,0.30000000000001137,0.030000000000001137,0.500899191454721,0.0,0.0,-10.566711551160722,2.4658711745768187,4.405978910917774,-6.584046966123253,0.022208186062756985,-0.012774615523723831,5.0,5.0,5.0
0,764,305.6,229.2,22.919999999999998,301.14954852288,225.17006870238524,17.508925690115287,382.686982271412,0.6435011087932843,1.5108681716736887,376.42950587565974,0.6420286571207681,1.5242663791631044,0.4000000000000341,0.29999999999998295,0.029999999999997584,0.500899191454721,-1.1102230246251565e-16,0.0,6.735753830884448,-6.136372676414254,-8.880388623775364,1.0915938041213735,-0.023901342953442706,0.0238362568064725,5.0,5.0,5.0
0,765,306.0,229.5,22.95,303.1182618634004,215.79662790564842,18.282626604928648,383.18788146286676,0.6435011087932844,1.5108681716736887,372.5360650005756,0.6186827237100749,1.5217004804158578,0.39999999999997726,0.30000000000001137,0.030000000000001137,0.5008991914547778,1.1102230246251565e-16,0.0,1.9687133405203667,-9.373440796736816,0.7737009148133609,-3.8934408750841385,-0.02334593341069313,-0.0025658987472465533,5.0,5.0,5.0
0,766,306.40000000000003,229.79999999999998,22.98,303.76095200619716,223.13744145555478,15.726031903304847,383.6887806543215,0.6435011087932843,1.5108681716736887,377.23777889080264,0.633560589170551,1.5290969233474994,0.4000000000000341,0.29999999999998295,0.030000000000001137,0.500899191454721,-1.1102230246251565e-16,0.0,0.6426901427967664,7.340813549906358,-2.5565947016238013,4.70171389022704,0.014877865460476092,0.007396442931641545,5.0,5.0,5.0
0,767,306.8,230.1,23.009999999999998,299.87541114416564,227.10887742266584,2.9536530868381377,384.1896798457762,0.6435011087932844,1.5108681716736887,376.18137710368285,0.6481847962677714,1.562944573317361,0.39999999999997726,0.30000000000001137,0.029999999999997584,0.500899191454721,1.1102230246251565e-16,0.0,-3.885540862031519,3.971435967111063,-12.77237881646671,-1.0564017871197962,0.014624207097220343,0.03384764996986167,5.0,5.0,5.0
0,768,307.20000000000005,230.39999999999998,23.04,304.4114413457136,231.58460096916264,15.452962226269936,384.6905790372309,0.6435011087932843,1.5108681716736887,382.8009235487653,0.6503531678368962,1.5304172123597777,0.4000000000000341,0.29999999999998295,0.030000000000001137,0.500899191454721,-1.1102230246251565e-16,0.0,4.536030201547987,4.475723546496795,12.499309139431798,6.619546445082449,0.0021683715691248606,-0.03252736095758335,5.0,5.0,5.0
0,769,307.6,230.7,23.07,300.5101254398089,226.9764947380867,21.89671291084122,385.19147822868564,0.6435011087932843,1.5108681716736887,377.2321973158418,0.6468870248281563,1.5127179658669307,0.39999999999997726,0.30000000000001137,0.030000000000001137,0.500899191454721,0.0,0.0,-3.90131590590471,-4.608106231075936,6.443750684571285,-5.5687262329234954,-0.0034661430087399303,-0.017699246492846932,5.0,5.0,5.0
0,770,308.0,231.0,23.099999999999998,309.91117828181626,223.37961494913193,12.286741500045714,385.69237742014036,0.6435011087932844,1.5108681716736887,382.2229124680192,0.6245404601136397,1.5386453014859052,0.39999999999997726,0.30000000000001137,0.029999999999997584,0.500899191454721,1.1102230246251565e-16,0.0,9.401052842007346,-3.596879788954766,-9.609971410795506,4.990715152177415,-0.02234656471451657,0.025927335618974423,5.0,5.0,5.0
0,771,308.40000000000003,231.29999999999998,23.13,312.0149617330477,227.5666349469583,13.668565838075564,386.19327661159514,0.6435011087932843,1.5108681716736887,386.42818139782094,0.6301505022234005,1.5354173913734432,0.4000000000000341,0.29999999999998295,0.030000000000001137,0.5008991914547778,-1.1102230246251565e-16,0.0,2.103783451231436,4.187019997826354,1.3818243380298494,4.2052689298017185,0.005610042109760793,-0.003227910112461929,5.0,5.0,5.0
0,772,308.8,231.6,23.16,308.6134046653792,217.11981961202818,14.350626645654785,386.6941758030498,0.6435011087932844,1.5108681716736887,377.60983844788757,0.6130933998044952,1.532783325416063,0.39999999999997726,0.30000000000001137,0.030000000000001137,0.5008991914546641,1.1102230246251565e-16,0.0,-3.4015570676684774,-10.446815334930108,0.6820608075792212,-8.818342949933367,-0.017057102418905346,-0.0026340659573802494,5.0,5.0,5.0
0,773,309.20000000000005,231.89999999999998,23.189999999999998,307.6509829071214,230.3975283565408,25.365489110532362,387.1950749945045,0.6435011087932843,1.5108681716736887,385.1954781592554,0.6427919624008811,1.5048976891431192,0.4000000000000341,0.29999999999998295,0.029999999999997584,0.500899191454721,-1.1102230246251565e-16,0.0,-0.9624217582578467,13.277708744512609,11.014862464877577,7.585639711367833,0.029698562596385925,-0.027885636272943826,5.0,5.0,5.0
0,774,309.6,232.2,23.22,297.56203252996545,227.8712081191325,21.912127930791122,387.69597418595924,0.6435011087932843,1.5108681716736887,375.43120813737977,0.6535328543199604,1.5123979113868034,0.39999999999997726,0.30000000000001137,0.030000000000001137,0.500899191454721,0.0,0.0,-10.088950377155925,-2.5263202374082994,-3.45336117974124,-9.764270021875632,0.010740891919079343,0.007500222243684185,5.0,5.0,5.0
0,775,310.0,232.5,23.25,310.4020075212247,221.89505254971274,23.54422857582522,388.196873377414,0.6435011087932844,1.5108681716736887,382.28412381169704,0.6206319416593429,1.509169026801601,0.39999999999997726,0.30000000000001137,0.030000000000001137,0.5008991914547778,1.1102230246251565e-16,0.0,12.839974991259226,-5.9761555694197455,1.6321006450340967,6.852915674317273,-0.032900912660617565,-0.0032288845852024295,5.0,5.0,5.0
0,776,310.40000000000003,232.79999999999998,23.279999999999998,300.6784402691639,227.68106705467542,11.415669703529398,388.69777256886874,0.6435011087932843,1.5108681716736887,377.32812014562717,0.6481087470496255,1.5405377500390658,0.4000000000000341,0.29999999999998295,0.029999999999997584,0.500899191454721,-1.1102230246251565e-16,0.0,-9.723567252060775,5.786014504962679,-12.128558872295821,-4.956003666069876,0.027476805390282633,0.03136872323746487,5.0,5.0,5.0
0,777,310.8,233.1,23.31,298.0449062671507,214.87827951507285,20.741780463287263,389.19867176032346,0.6435011087932844,1.5108681716736887,368.0131283200908,0.6246546208945345,1.5144049210069248,0.39999999999997726,0.30000000000001137,0.030000000000001137,0.500899191454721,1.1102230246251565e-16,0.0,-2.6335340020132207,-12.802787539602576,9.326110759757865,-9.314991825536367,-0.023454126155091015,-0.02613282903214098,5.0,5.0,5.0
0,778,311.20000000000005,233.39999999999998,23.34,303.61319940293055,226.96623958912346,19.688172233657024,389.69957095177824,0.6435011087932843,1.5108681716736887,379.5817077926875,0.6419316704150857,1.5189049675101898,0.4000000000000341,0.29999999999998295,0.030000000000001137,0.5008991914547778,-1.1102230246251565e-16,0.0,5.568293135779868,12.087960074050613,-1.053608229630239,11.568579472596696,0.017277049520551202,0.004500046503264965,5.0,5.0,5.0
0,779,311.6,233.7,23.369999999999997,300.84011557725745,225.5396548205396,19.26849959156223,390.2004701432329,0.6435011087932843,1.5108681716736887,376.4892908352319,0.6433086984721931,1.519594548265279,0.39999999999997726,0.30000000000001137,0.029999999999997584,0.5008991914546641,0.0,0.0,-2.7730838256730976,-1.426584768583865,-0.4196726420947954,-3.0924169574556117,0.0013770280571073767,0.0006895807550892918,5.0,5.0,5.0
0,780,312.0,234.0,23.4,309.90900808253986,220.23738823466547,14.03255850313928,390.7013693346876,0.6435011087932844,1.5108681716736887,380.4536938515311,0.6178390939973405,1.533904209952161,0.39999999999997726,0.30000000000001137,0.030000000000001137,0.500899191454721,1.1102230246251565e-16,0.0,9.068892505282406,-5.302266585874122,-5.235941088422949,3.9644030162992294,-0.02546960447485258,0.014309661686881858,5.0,5.0,5.0
0,781,312.40000000000003,234.29999999999998,23.43,300.26031932221736,227.72772605523383,17.112958634113692,391.20226852614235,0.6435011087932843,1.5108681716736887,377.2386909199273,0.6488772457126437,1.5254170116304435,0.4000000000000341,0.29999999999998295,0.030000000000001137,0.500899191454721,-1.1102230246251565e-16,0.0,-9.6486887603225,7.490337820568357,3.0804001309744127,-3.215002931603806,0.03103815171530322,-0.008487198321717404,5.0,5.0,5.0
0,782,312.8,234.6,23.46,314.59478761908116,229.82299542493325,17.963505175546608,391.7031677175971,0.6435011087932844,1.5108681716736887,390.01432940518424,0.6309277002148385,1.5247214491152432,0.39999999999997726,0.30000000000001137,0.030000000000001137,0.5008991914547778,1.1102230246251565e-16,0.0,14.334468296863804,2.095269369699423,0.8505465414329159,12.775638485256934,-0.017949545497805253,-0.0006955625152003098,5.0,5.0,5.0
0,783,313.20000000000005,234.89999999999998,23.49,303.27896439622043,222.8590820967902,23.460425989624476,392.20406690905185,0.6435011087932843,1.5108681716736887,377.087115009095,0.63372269259548,1.5085412505778597,0.4000000000000341,0.29999999999998295,0.029999999999997584,0.500899191454721,-1.1102230246251565e-16,0.0,-11.315823222860729,-6.9639133281430645,5.496920814077868,-12.927214396089255,0.0027949923806415145,-0.016180198537383506,5.0,5.0,5.0
0,784,313.6,235.2,23.52,312.60542923258384,232.51213735760382,21.37997300569228,392.70496610050657,0.6435011087932843,1.5108681716736887,390.18092168891775,0.6395134989058063,1.5159738452899085,0.39999999999997726,0.30000000000001137,0.030000000000001137,0.500899191454721,0.0,0.0,9.326464836363414,9.65305526081363,-2.0804529839321972,13.093806679822762,0.005790806310326357,0.007432594712048823,5.0,5.0,5.0
0,785,314.0,235.5,23.55,311.22876505230465,231.64441356343508,13.255158380389638,393.2058652919613,0.6435011087932844,1.5108681716736887,388.1986318301748,0.6398365907585848,1.5366443892376402,0.39999999999997726,0.30000000000001137,0.030000000000001137,0.500899191454721,1.1102230246251565e-16,0.0,-1.3766641802791924,-0.8677237941687395,-8.12481462530264,-1.982289858742945,0.00032309185277845653,0.020670543947731712,5.0,5.0,5.0
0,786,314.40000000000003,235.79999999999998,23.58,309.9450751106249,229.7738882107306,14.998830085891745,393.706764483416,0.6435011087932843,1.5108681716736887,386.1177983371832,0.6379339787338965,1.531941332807696,0.4000000000000341,0.29999999999998295,0.029999999999997584,0.500899191454721,-1.1102230246251565e-16,0.0,-1.2836899416797678,-1.870525352704476,1.7436717055021074,-2.0808334929915873,-0.0019026120246883327,-0.004703056429944175,5.0,5.0,5.0
0,787,314.8,236.1,23.61,314.3633734832436,228.94868505103358,15.022692059431844,394.20766367487073,0.6435011087932844,1.5108681716736887,389.1882735271904,0.6294633606967304,1.5321866714369554,0.39999999999997726,0.30000000000001137,0.030000000000001137,0.500899191454721,1.1102230246251565e-16,0.0,4.418298372618722,-0.8252031596970255,0.023861973540098447,3.070475190007187,-0.008470618037166089,0.0002453386292593507,5.0,5.0,5.0
0,788,315.20000000000005,236.39999999999998,23.64,297.86451059948945,234.1332679791138,21.955563506916995,394.70856286632545,0.6435011087932843,1.5108681716736887,379.5045462417534,0.6661702782513634,1.5129107764400462,0.4000000000000341,0.29999999999998295,0.030000000000001137,0.500899191454721,-1.1102230246251565e-16,0.0,-16.498862883754157,5.184582928080232,6.932871447485152,-9.683727285436987,0.03670691755463307,-0.019275894996909182,5.0,5.0,5.0
0,789,315.6,236.7,23.669999999999998,305.68247557093906,235.20623517324208,26.335147513238034,395.2094620577802,0.6435011087932843,1.5108681716736887,386.5970627540931,0.6558309898835251,1.5026231297969947,0.39999999999997726,0.30000000000001137,0.029999999999997584,0.500899191454721,0.0,0.0,7.817964971449612,1.0729671941282675,4.379584006321039,7.092516512339671,-0.010339288367838373,-0.010287646643051485,5.0,5.0,5.0
0,790,316.0,237.0,23.7,301.28172686694876,235.17240753076376,17.298726714162306,395.7103612492349,0.6435011087932844,1.5108681716736887,382.5911475108613,0.6627825034369406,1.5255662517977917,0.39999999999997726,0.30000000000001137,0.030000000000001137,0.500899191454721,1.1102230246251565e-16,0.0,-4.400748703990303,-0.0338276424783146,-9.036420799075728,-4.0059152432318115,0.0069515135534155,0.022943122000796956,5.0,5.0,5.0
0,791,316.40000000000003,237.29999999999998,23.73,300.77813689769556,232.027590490584,21.11025468709071,396.21126044068967,0.6435011087932843,1.5108681716736887,380.4601598557579,0.6570723136820873,1.5152817052821272,0.4000000000000341,0.29999999999998295,0.030000000000001137,0.5008991914547778,-1.1102230246251565e-16,0.0,-0.5035899692531984,-3.1448170401797597,3.8115279729284026,-2.130987655103354,-0.005710189754853268,-0.010284546515664461,5.0,5.0,5.0
0,792,316.8,237.6,23.759999999999998,307.7626710846105,230.1157970233885,20.266890199329527,396.7121596321444,0.6435011087932844,1.5108681716736887,384.81409614409284,0.6420309172899309,1.5181052444299172,0.39999999999997726,0.30000000000001137,0.029999999999997584,0.500899191454721,1.1102230246251565e-16,0.0,6.984534186914914,-1.9117934671955084,-0.8433644877611819,4.353936288334921,-0.015041396392156403,0.0028235391477899885,5.0,5.0,5.0
0,793,317.20000000000005,237.89999999999998,23.79,311.34482223113815,233.4811554303751,20.43039049448994,397.2130588235991,0.6435011087932843,1.5108681716736887,389.70046077339885,0.6434446571090275,1.5183463995410198,0.4000000000000341,0.29999999999998295,0.030000000000001137,0.500899191454721,-1.1102230246251565e-16,0.0,3.5821511465276785,3.3653584069866156,0.1635002951604143,4.8863646293060015,0.0014137398190966488,0.0002411551111025645,5.0,5.0,5.0
0,794,317.6,238.2,23.82,314.7310574575306,230.28640434045516,17.860729682669458,397.71395801505383,0.6435011087932843,1.5108681716736887,390.3927153741325,0.6316810875810098,1.5250296778730066,0.39999999999997726,0.30000000000001137,0.030000000000001137,0.500899191454721,0.0,0.0,3.3862352263924436,-3.194751089919947,-2.5696608118204836,0.6922546007336337,-0.011763569528017714,0.006683278331986786,5.0,5.0,5.0
0,795,318.0,238.5,23.849999999999998,307.97893623433526,229.68989886845196,16.034867929724328,398.21485720650855,0.6435011087932844,1.5108681716736887,384.53295280867167,0.6408060333479151,1.5290846386097865,0.39999999999997726,0.30000000000001137,0.029999999999997584,0.500899191454721,1.1102230246251565e-16,0.0,-6.752121223195331,-0.5965054720032015,-1.82586175294513,-5.859762565460812,0.009124945766905257,0.004054960736779911,5.0,5.0,5.0
0,796,318.40000000000003,238.79999999999998,23.88,313.19683260392264,226.6629053855412,24.741304898394745,398.71575639796333,0.6435011087932843,1.5108681716736887,387.40219513965025,0.6264604961597402,1.5068881846820188,0.4000000000000341,0.29999999999998295,0.030000000000001137,0.5008991914547778,-1.1102230246251565e-16,0.0,5.217896369587379,-3.0269934829107683,8.706436968670417,2.8692423309785795,-0.014345537188174884,-0.0221964539277677,5.0,5.0,5.0
0,797,318.8,239.1,23.91,311.4540792568148,237.89773722680889,16.63313614123352,399.216655589418,0.6435011087932844,1.5108681716736887,392.26985364827476,0.6522932411848354,1.5283813303566016,0.39999999999997726,0.30000000000001137,0.030000000000001137,0.5008991914546641,1.1102230246251565e-16,0.0,-1.7427533471078505,11.234831841267692,-8.108168757161224,4.867658508624515,0.02583274502509525,0.021493145674582825,5.0,5.0,5.0
0,798,319.20000000000005,239.39999999999998,23.939999999999998,314.5042019594376,241.75234718862936,21.340694555828406,399.7175547808727,0.6435011087932843,1.5108681716736887,397.2562342688651,0.6553480272706554,1.517050229308636,0.4000000000000341,0.29999999999998295,0.029999999999997584,0.500899191454721,-1.1102230246251565e-16,0.0,3.0501227026227866,3.854609961820472,4.707558414594885,4.986380620590353,0.0030547860858199938,-0.01133110104796553,5.0,5.0,5.0
0,799,319.6,239.7,23.97,311.3476662037317,235.5361613279298,12.157905163318919,400.2184539723275,0.6435011087932843,1.5108681716736887,390.59245666239786,0.6476515205319492,1.5396644678200722,0.39999999999997726,0.30000000000001137,0.030000000000001137,0.5008991914547778,0.0,0.0,-3.1565357557058746,-6.216185860699568,-9.182789392509488,-6.663777606467249,-0.007696506738706255,0.02261423851143607,5.0,5.0,5.0
0,800,320.0,240.0,24.0,314.5106722061282,238.4686480275751,25.24230366798809,400.7193531637822,0.6435011087932844,1.5108681716736887,395.50149546887565,0.6487419246062917,1.506929381585558,0.39999999999997726,0.30000000000001137,0.030000000000001137,0.500899191454721,1.1102230246251565e-16,0.0,3.1630060023965143,2.932486699645324,13.08439850466917,4.909038806477781,0.0010904040743424659,-0.032735086234514155,5.0,5.0,5.0
0,801,320.40000000000003,240.29999999999998,24.029999999999998,323.9864952934097,231.0229905439813,16.64911800623612,401.2202523552369,0.6435011087932843,1.5108681716736887,398.2663234856503,0.6194398086471224,1.5289801598246175,0.4000000000000341,0.29999999999998295,0.029999999999997584,0.5008991914546641,-1.1102230246251565e-16,0.0,9.47582308728147,-7.445657483593806,-8.59318566175197,2.7648280167746293,-0.029302115959169206,0.022050778239059543,5.0,5.0,5.0
0,802,320.8,240.6,24.06,320.60825745947886,233.33953086446903,18.781911845663657,401.72115154669166,0.6435011087932844,1.5108681716736887,396.9757569774662,0.6291427797787521,1.5234661669220044,0.39999999999997726,0.30000000000001137,0.030000000000001137,0.5008991914547778,1.1102230246251565e-16,0.0,-3.378237833930825,2.316540320487718,2.1327938394275385,-1.2905665081840993,0.009702971131629656,-0.0055139929026131185,5.0,5.0,5.0
0,803,321.20000000000005,240.89999999999998,24.09,309.2550609045368,247.60499933991468,21.087095019698424,402.22205073814644,0.6435011087932843,1.5108681716736887,396.7260943895142,0.675137029616523,1.5176184863741204,0.4000000000000341,0.29999999999998295,0.030000000000001137,0.5008991914547778,-1.1102230246251565e-16,0.0,-11.353196554942087,14.265468475445658,2.3051831740347666,-0.24966258795200247,0.045994249837770895,-0.005847680547883982,5.0,5.0,5.0
0,804,321.6,241.2,24.119999999999997,312.2462465927057,239.2349036070477,23.767377180451348,402.7229499296011,0.6435011087932843,1.5108681716736887,394.07606604961944,0.6537722584819996,1.5104480544218524,0.39999999999997726,0.30000000000001137,0.029999999999997584,0.5008991914546641,0.0,0.0,2.991185688168912,-8.370095732866986,2.680282160752924,-2.6500283398947317,-0.021364771134523397,-0.007170431952268075,5.0,5.0,5.0
0,805,322.0,241.5,24.15,317.3134933897466,245.1463667319944,18.189498134355844,403.2238491210558,0.6435011087932844,1.5108681716736887,401.3918933554613,0.6577891002306591,1.5254647451463244,0.39999999999997726,0.30000000000001137,0.030000000000001137,0.500899191454721,1.1102230246251565e-16,0.0,5.067246797040923,5.9114631249466925,-5.577879046095504,7.315827305841879,0.004016841748659461,0.015016690724471982,5.0,5.0,5.0
0,806,322.40000000000003,241.79999999999998,24.18,318.4147642308465,232.81050031151668,16.52642586792713,403.7247483125106,0.6435011087932843,1.5108681716736887,394.7933812609482,0.6313307212421974,1.5289231416985192,0.4000000000000341,0.29999999999998295,0.030000000000001137,0.5008991914547778,-1.1102230246251565e-16,0.0,1.101270841099904,-12.335866420477714,-1.6630722664287134,-6.598512094513126,-0.026458378988461706,0.00345839655219482,5.0,5.0,5.0
0,807,322.8,242.1,24.21,317.0777510785594,241.04602856217863,24.705353942830317,404.22564750396526,0.6435011087932844,1.5108681716736887,399.06370748049244,0.6500042519114387,1.5088484175555354,0.39999999999997726,0.30000000000001137,0.030000000000001137,0.5008991914546641,1.1102230246251565e-16,0.0,-1.3370131522871134,8.235528250661957,8.178928074903187,4.270326219544245,0.01867353066924138,-0.020074724142983724,5.0,5.0,5.0
0,808,323.20000000000005,242.39999999999998,24.24,316.570810574889,237.5461190063047,9.673573041193519,404.72654669542004,0.6435011087932843,1.5108681716736887,395.902531917116,0.6437396449191023,1.5463596660228416,0.4000000000000341,0.29999999999998295,0.029999999999997584,0.5008991914547778,-1.1102230246251565e-16,0.0,-0.5069405036704211,-3.499909555873927,-15.031780901636798,-3.161175563376446,-0.006264606992336441,0.037511248467306135,5.0,5.0,5.0
0,809,323.6,242.7,24.27,317.4144156015715,234.84158513544128,17.12362681625596,405.22744588687476,0.6435011087932843,1.5108681716736887,395.2160168008835,0.636978548600547,1.5274555000628305,0.39999999999997726,0.30000000000001137,0.030000000000001137,0.500899191454721,0.0,0.0,0.8436050266824964,-2.704533870863429,7.450053775062441,-0.6865151162324992,-0.00676109631855526,-0.0189041659600111,5.0,5.0,5.0
0,810,324.0,243.0,24.3,320.5047320013476,242.00183173502555,22.221840645889703,405.7283450783295,0.6435011087932844,1.5108681716736887,402.2213072427349,0.6467346891373154,1.5155203866789884,0.39999999999997726,0.30000000000001137,0.030000000000001137,0.500899191454721,1.1102230246251565e-16,0.0,3.0903163997761,7.160246599584269,5.0982138296337425,7.0052904418514,0.00975614053676832,-0.011935113383842122,5.0,5.0,5.0
0,811,324.40000000000003,243.29999999999998,24.33,315.34455717996724,245.1162670488003,23.32190951037623,406.2292442697842,0.6435011087932843,1.5108681716736887,400.0850979206531,0.6607433176645233,1.5124708909156128,0.4000000000000341,0.29999999999998295,0.029999999999997584,0.500899191454721,-1.1102230246251565e-16,0.0,-5.160174821380338,3.1144353137747487,1.100068864486527,-2.136209322081811,0.014008628527207967,-0.0030494957633755426,5.0,5.0,5.0
0,812,324.8,243.6,24.36,314.48729569464734,245.67683734473292,18.441758541236624,406.7301434612389,0.6435011087932844,1.5108681716736887,399.499018796212,0.6631706828810695,1.524617703805289,0.39999999999997726,0.30000000000001137,0.030000000000001137,0.500899191454721,1.1102230246251565e-16,0.0,-0.8572614853198957,0.5605702959326209,-4.880150969139606,-0.5860791244410848,0.0024273652165461845,0.012146812889676228,5.0,5.0,5.0
0,813,325.20000000000005,243.89999999999998,24.39,315.97198418541444,240.42932708832697,14.455315946538919,407.23104265269365,0.6435011087932843,1.5108681716736887,397.3078306217079,0.6504532047379242,1.5344051311012084,0.4000000000000341,0.29999999999998295,0.030000000000001137,0.500899191454721,-1.1102230246251565e-16,0.0,1.4846884907670983,-5.2475102564059455,-3.9864425946977047,-2.1911881745040773,-0.012717478143145278,0.009787427295919304,5.0,5.0,5.0
0,814,325.6,244.2,24.419999999999998,314.98665766957276,242.6552188572873,18.678184728790846,407.73194184414837,0.6435011087932843,1.5108681716736887,398.05404700026537,0.6564088600295085,1.5238553496646383,0.39999999999997726,0.30000000000001137,0.029999999999997584,0.500899191454721,0.0,0.0,-0.9853265158416775,2.225891768960338,4.222868782251927,0.7462163785574489,0.005955655291584261,-0.010549781436570038,5.0,5.0,5.0
0,815,326.0,244.5,24.45,326.1475703917193,236.51226623423224,19.571677718714547,408.2328410356031,0.6435011087932844,1.5108681716736887,403.35262528016233,0.627419276667783,1.522254766200213,0.39999999999997726,0.30000000000001137,0.030000000000001137,0.500899191454721,1.1102230246251565e-16,0.0,11.16091272214652,-6.142952623055066,0.8934929899237005,5.298578279896958,-0.028989583361725524,-0.0016005834644252648,5.0,5.0,5.0
0,816,326.40000000000003,244.79999999999998,24.48,318.093393561395,238.24557361855383,22.181061763441882,408.73374022705787,0.6435011087932843,1.5108681716736887,398.04065103603665,0.6428479563091941,1.5150418259641134,0.4000000000000341,0.29999999999998295,0.030000000000001137,0.5008991914547778,-1.1102230246251565e-16,0.0,-8.054176830324309,1.7333073843215914,2.609384044727335,-5.311974244125679,0.015428679641411147,-0.007212940236099641,5.0,5.0,5.0
0,817,326.8,245.1,24.509999999999998,317.7088315686215,251.44284472193826,25.932128503862735,409.2346394185126,0.6435011087932844,1.5108681716736887,405.99862205098714,0.6694906257864235,1.506880362420704,0.39999999999997726,0.30000000000001137,0.029999999999997584,0.500899191454721,1.1102230246251565e-16,0.0,-0.38456199277345604,13.197271103384423,3.7510667404208533,7.957971014950488,0.026642669477229375,-0.00816146354340952,5.0,5.0,5.0
0,818,327.20000000000005,245.39999999999998,24.54,325.8999641851005,243.40608622601428,22.9071942861509,409.7355386099673,0.6435011087932843,1.5108681716736887,407.408945677165,0.6414972215404674,1.5145401212716305,0.4000000000000341,0.29999999999998295,0.030000000000001137,0.500899191454721,-1.1102230246251565e-16,0.0,8.191132616478967,-8.036758495923976,-3.0249342177118343,1.410323626177842,-0.02799340424595609,0.0076597588509266235,5.0,5.0,5.0
0,819,327.6,245.7,24.57,320.8276392839905,239.81226699962383,15.20841103744344,410.236437801422,0.6435011087932843,1.5108681716736887,400.8386125341732,0.6418864033588572,1.5328457356568879,0.39999999999997726,0.30000000000001137,0.030000000000001137,0.500899191454721,0.0,0.0,-5.072324901109994,-3.593819226390451,-7.698783248707461,-6.570333142991785,0.00038918181838976107,0.01830561438525735,5.0,5.0,5.0
0,820,328.0,246.0,24.599999999999998,327.5923563676947,238.97991856772364,12.2444154653878,410.73733699287675,0.6435011087932844,1.5108681716736887,405.68223912227603,0.6302540796519965,1.5406094610750736,0.39999999999997726,0.30000000000001137,0.029999999999997584,0.500899191454721,1.1102230246251565e-16,0.0,6.764717083704227,-0.8323484319001864,-2.963995572055641,4.843626588102836,-0.011632323706860626,0.007763725418185707,5.0,5.0,5.0
0,821,328.40000000000003,246.29999999999998,24.63,320.87714991466606,239.5814434430224,18.803337120563572,411.2382361843315,0.6435011087932843,1.5108681716736887,400.8927273803689,0.6413506964899501,1.5238754497585372,0.4000000000000341,0.29999999999998295,0.030000000000001137,0.5008991914547778,-1.1102230246251565e-16,0.0,-6.715206453028657,0.6015248752987645,6.558921655175773,-4.78951174190712,0.011096616837953599,-0.0167340113165364,5.0,5.0,5.0
0,822,328.8,246.6,24.66,321.23992503679915,237.18856341368217,18.908460408316245,411.7391353757862,0.6435011087932844,1.5108681716736887,399.7637226248869,0.6360054659884988,1.523479582447795,0.39999999999997726,0.30000000000001137,0.030000000000001137,0.5008991914546641,1.1102230246251565e-16,0.0,0.3627751221330868,-2.3928800293402332,0.10512328775267221,-1.1290047554820148,-0.0053452305014513035,-0.00039586731074225945,5.0,5.0,5.0
0,823,329.20000000000005,246.89999999999998,24.689999999999998,327.72984560129294,238.6871661702628,26.059920863081906,412.2400345672409,0.6435011087932843,1.5108681716736887,406.2727340932788,0.6294708797979256,1.5066083511395683,0.4000000000000341,0.29999999999998295,0.029999999999997584,0.500899191454721,-1.1102230246251565e-16,0.0,6.4899205644937865,1.498602756580624,7.151460454765662,6.509011468391918,-0.006534586190573233,-0.016871231308226653,5.0,5.0,5.0
0,824,329.6,247.2,24.72,315.2881394261116,240.2699300517777,17.026243641713858,412.74093375869563,0.6435011087932843,1.5108681716736887,396.76963482909366,0.6511778454644882,1.5278709817370815,0.39999999999997726,0.30000000000001137,0.030000000000001137,0.500899191454721,0.0,0.0,-12.44170617518131,1.582763881514893,-9.033677221368048,-9.503099264185153,0.021706965666562605,0.02126263059751321,5.0,5.0,5.0
0,825,330.0,247.5,24.75,327.4742004940302,239.25883196886372,17.40582340555957,413.2418329501504,0.6435011087932844,1.5108681716736887,405.9397779877389,0.6309813664928569,1.5279053310620594,0.39999999999997726,0.30000000000001137,0.030000000000001137,0.5008991914547778,1.1102230246251565e-16,0.0,12.186061067918558,-1.0110980829139748,0.3795797638457117,9.17014315864526,-0.02019647897163135,3.4349324977922535e-05,5.0,5.0,5.0
0,826,330.40000000000003,247.79999999999998,24.779999999999998,334.73046903251725,248.3409641411546,17.603042385296966,413.74273214160513,0.6435011087932843,1.5108681716736887,417.16614012945223,0.6383054561699838,1.5285870754451456,0.4000000000000341,0.29999999999998295,0.029999999999997584,0.500899191454721,-1.1102230246251565e-16,0.0,7.256268538487063,9.08213217229087,0.19721897973739644,11.22636214171331,0.007324089677126944,0.0006817443830862135,5.0,5.0,5.0
0,827,330.8,248.1,24.81,315.89744676440876,246.99464405800697,15.847271393207894,414.24363133305985,0.6435011087932844,1.5108681716736887,401.30871791704703,0.6635955623186193,1.531297077887897,0.39999999999997726,0.30000000000001137,0.030000000000001137,0.500899191454721,1.1102230246251565e-16,0.0,-18.833022268108493,-1.3463200831476172,-1.7557709920890723,-15.857422212405197,0.02529010614863547,0.0027100024427513247,5.0,5.0,5.0
0,828,331.20000000000005,248.39999999999998,24.84,325.09950447462245,244.09146089706243,16.448405850026237,414.7445305245146,0.6435011087932843,1.5108681716736887,406.8671517184871,0.6440261958983089,1.5303583374912604,0.4000000000000341,0.29999999999998295,0.030000000000001137,0.500899191454721,-1.1102230246251565e-16,0.0,9.202057710213694,-2.903183160944536,0.6011344568183432,5.55843380144006,-0.019569366420310375,-0.0009387403966365504,5.0,5.0,5.0
0,829,331.6,248.7,24.869999999999997,333.0076323074713,240.72467123107157,22.242210080536182,415.2454297159693,0.6435011087932843,1.5108681716736887,411.5059737398744,0.6259174221969946,1.5167192153828788,0.39999999999997726,0.30000000000001137,0.029999999999997584,0.500899191454721,0.0,0.0,7.908127832848834,-3.366789665990865,5.793804230509945,4.638822021387284,-0.01810877370131425,-0.013639122108381585,5.0,5.0,5.0
0,830,332.0,249.0,24.9,336.16162670206796,238.40421399266887,18.162345788342947,415.746328907424,0.6435011087932844,1.5108681716736887,412.5179745429017,0.6168706214285524,1.5267540792287584,0.39999999999997726,0.30000000000001137,0.030000000000001137,0.500899191454721,1.1102230246251565e-16,0.0,3.1539943945966797,-2.320457238402696,-4.0798642921932355,1.0120008030273198,-0.00904680076844222,0.010034863845879594,5.0,5.0,5.0
0,831,332.40000000000003,249.29999999999998,24.93,326.0930096772101,236.53391345662226,17.752701494256556,416.24722809887874,0.6435011087932843,1.5108681716736887,403.2370290360126,0.6275422881313546,1.526756617980839,0.4000000000000341,0.29999999999998295,0.030000000000001137,0.500899191454721,-1.1102230246251565e-16,0.0,-10.068617024857872,-1.8703005360466136,-0.4096442940863909,-9.280945506889111,0.010671666702802174,2.5387520805608688e-06,5.0,5.0,5.0
0,832,332.8,249.6,24.96,330.40148375593736,252.66685878391235,21.3816413310756,416.74812729033346,0.6435011087932844,1.5108681716736887,416.4887232349337,0.6528598098429275,1.5194358854381171,0.39999999999997726,0.30000000000001137,0.030000000000001137,0.500899191454721,1.1102230246251565e-16,0.0,4.308474078727272,16.132945327290088,3.6289398368190433,13.251694198921086,0.025317521711572866,-0.007320732542721808,5.0,5.0,5.0
0,833,333.20000000000005,249.89999999999998,24.99,333.0624499880822,235.10413126946335,18.52374496747976,417.24902648178823,0.6435011087932843,1.5108681716736887,408.1025327777972,0.6146654075345246,1.5253907976425738,0.4000000000000341,0.29999999999998295,0.029999999999997584,0.5008991914547778,-1.1102230246251565e-16,0.0,2.660966232144858,-17.562727514448994,-2.857896363595838,-8.386190457136479,-0.038194402308402875,0.005954912204456653,5.0,5.0,5.0
0,834,333.6,250.2,25.02,328.73852576496597,248.46286276967697,22.383375445843555,417.7499256732429,0.6435011087932843,1.5108681716736887,412.6788436474253,0.647207210140266,1.516530484825995,0.39999999999997726,0.30000000000001137,0.030000000000001137,0.5008991914546641,0.0,0.0,-4.323924223116251,13.358731500213622,3.859630478363794,4.5763108696281165,0.032541802605741466,-0.00886031281657873,5.0,5.0,5.0
0,835,334.0,250.5,25.05,331.64592723210313,238.93048356330166,27.06495320981745,418.2508248646977,0.6435011087932844,1.5108681716736887,409.64534504578984,0.6243117623616014,1.5046789335021042,0.39999999999997726,0.30000000000001137,0.030000000000001137,0.5008991914547778,1.1102230246251565e-16,0.0,2.907401467137163,-9.53237920637531,4.681577763973895,-3.033498601635472,-0.0228954477786647,-0.011851551323890819,5.0,5.0,5.0
0,836,334.40000000000003,250.79999999999998,25.08,332.9963349833488,246.10709737019704,12.023183195732777,418.75172405615245,0.6435011087932843,1.5108681716736887,414.2460855849871,0.6364681528170527,1.541767997200748,0.4000000000000341,0.29999999999998295,0.029999999999997584,0.5008991914547778,-1.1102230246251565e-16,0.0,1.3504077512456547,7.176613806895375,-15.041770014084673,4.600740539197261,0.01215639045545136,0.03708906369864384,5.0,5.0,5.0
0,837,334.8,251.1,25.11,330.80846888898856,240.2257262795851,19.547274685351358,419.2526232476071,0.6435011087932844,1.5108681716736887,409.2978604914221,0.6280796928042115,1.5230200863400585,0.39999999999997726,0.30000000000001137,0.030000000000001137,0.5008991914546641,1.1102230246251565e-16,0.0,-2.1878660943602313,-5.881371090611935,7.524091489618581,-4.948225093564986,-0.008388460012841215,-0.01874791086068961,5.0,5.0,5.0
0,838,335.20000000000005,251.39999999999998,25.14,335.7328846170353,249.93933463491342,22.273695463787696,419.7535224390619,0.6435011087932843,1.5108681716736887,419.1447939801142,0.6399453636839085,1.5176304699977547,0.4000000000000341,0.29999999999998295,0.030000000000001137,0.5008991914547778,-1.1102230246251565e-16,0.0,4.9244157280467675,9.713608355328319,2.7264207784363386,9.84693348869206,0.011865670879697032,-0.005389616342303727,5.0,5.0,5.0
0,839,335.6,251.7,25.169999999999998,329.4716808556372,241.25006062103208,28.33971448106388,420.25442163051656,0.6435011087932843,1.5108681716736887,409.3364382172185,0.632032970887626,1.5015075933763529,0.39999999999997726,0.30000000000001137,0.029999999999997584,0.5008991914546641,0.0,0.0,-6.2612037613981215,-8.689274013881345,6.066019017276183,-9.808355762895701,-0.00791239279628253,-0.016122876621401883,5.0,5.0,5.0
0,840,336.0,252.0,25.2,337.3271666808845,248.22026500233022,28.516712532904428,420.75532082197134,0.6435011087932844,1.5108681716736887,419.78103843845133,0.6343797196506771,1.502811618656238,0.39999999999997726,0.30000000000001137,0.030000000000001137,0.5008991914547778,1.1102230246251565e-16,0.0,7.8554858252472854,6.970204381298146,0.17699805184054895,10.44460022123286,0.0023467487630510764,0.001304025279885046,5.0,5.0,5.0
0,841,336.40000000000003,252.29999999999998,25.23,324.9482782431798,244.81539616780395,28.77794336626014,421.25622001342606,0.6435011087932843,1.5108681716736887,407.8653353233117,0.645672310086128,1.5001801887479507,0.4000000000000341,0.29999999999998295,0.030000000000001137,0.500899191454721,-1.1102230246251565e-16,0.0,-12.378888437704688,-3.404868834526269,0.26123083335571096,-11.91570311513965,0.011292590435450944,-0.0026314299082872417,5.0,5.0,5.0
0,842,336.8,252.6,25.259999999999998,337.2286565001166,249.98866683171252,22.99255436528373,421.7571192048808,0.6435011087932844,1.5108681716736887,420.411890727904,0.6379118533282198,1.5160784838211177,0.39999999999997726,0.30000000000001137,0.029999999999997584,0.500899191454721,1.1102230246251565e-16,0.0,12.280378256936785,5.173270663908568,-5.785389000976409,12.546555404592311,-0.007760456757908263,0.01589829507316698,5.0,5.0,5.0
0,843,337.20000000000005,252.89999999999998,25.29,327.31379064979376,247.63195410932232,24.362369149319623,422.2580183963355,0.6435011087932843,1.5108681716736887,411.15620787737873,0.6476852035684391,1.5115082822056694,0.4000000000000341,0.29999999999998295,0.030000000000001137,0.500899191454721,-1.1102230246251565e-16,0.0,-9.914865850322826,-2.356712722390199,1.369814784035892,-9.255682850525261,0.009773350240219303,-0.004570201615448299,5.0,5.0,5.0
0,844,337.6,253.2,25.32,334.6058297633142,256.62038615973154,16.367853379749885,422.7589175877902,0.6435011087932843,1.5108681716736887,421.9988039421755,0.6542506934024515,1.5320001028431818,0.39999999999997726,0.30000000000001137,0.030000000000001137,0.500899191454721,0.0,0.0,7.292039113520445,8.988432050409216,-7.9945157695697375,10.842596064796794,0.006565489834012395,0.020491820637512426,5.0,5.0,5.0
0,845,338.0,253.5,25.349999999999998,323.3967661481525,245.105924251568,23.62941070220067,423.25981677924494,0.6435011087932844,1.5108681716736887,406.4735311289427,0.6485448701347161,1.5126308176195618,0.39999999999997726,0.30000000000001137,0.029999999999997584,0.500899191454721,1.1102230246251565e-16,0.0,-11.20906361516171,-11.514461908163526,7.261557322450784,-15.525272813232846,-0.005705823267735388,-0.019369285223620025,5.0,5.0,5.0
0,846,338.40000000000003,253.79999999999998,25.38,327.73900964857893,249.02965205720437,24.40965933422751,423.76071597069966,0.6435011087932843,1.5108681716736887,412.3402205921424,0.649769878579961,1.5115638351316978,0.4000000000000341,0.29999999999998295,0.030000000000001137,0.500899191454721,-1.1102230246251565e-16,0.0,4.342243500426434,3.9237278056363607,0.78024863202684,5.866689463199691,0.0012250084452449794,-0.0010669824878639655,5.0,5.0,5.0
0,847,338.8,254.1,25.41,330.1251204323373,249.87998628262363,6.455258829437085,424.2616151621544,0.6435011087932844,1.5108681716736887,414.0824471667743,0.647918453711018,1.5552063872340036,0.39999999999997726,0.30000000000001137,0.030000000000001137,0.500899191454721,1.1102230246251565e-16,0.0,2.3861107837583972,0.8503342254192603,-17.954400504790424,1.7422265746319,-0.0018514248689430746,0.04364255210230583,5.0,5.0,5.0
0,848,339.20000000000005,254.39999999999998,25.439999999999998,340.51982558317707,257.0948332536718,20.555861601259966,424.7625143536091,0.6435011087932843,1.5108681716736887,427.16981207372413,0.646697859871206,1.522656681592399,0.4000000000000341,0.29999999999998295,0.029999999999997584,0.500899191454721,-1.1102230246251565e-16,0.0,10.39470515083974,7.214846971048189,14.100602771822881,13.087364906949858,-0.0012205938398119898,-0.03254970564160464,5.0,5.0,5.0
0,849,339.6,254.7,25.47,337.4881682540466,247.63704196646182,23.590070408556056,425.2634135450638,0.6435011087932843,1.5108681716736887,419.25989515723,0.6330295550139327,1.5145006123840232,0.39999999999997726,0.30000000000001137,0.030000000000001137,0.500899191454721,0.0,0.0,-3.0316573291304394,-9.45779128721,3.034208807296089,-7.909916916494126,-0.013668304857273328,-0.008156069208375749,5.0,5.0,5.0
0,850,340.0,255.0,25.5,334.98879071875416,252.66452737670286,23.242296513109007,425.7643127365186,0.6435011087932844,1.5108681716736887,420.234526959541,0.6462141032836031,1.515460172987632,0.39999999999997726,0.30000000000001137,0.030000000000001137,0.5008991914547778,1.1102230246251565e-16,0.0,-2.499377535292467,5.027485410241042,-0.3477738954470482,0.9746318023109666,0.013184548269670415,0.0009595606036088,5.0,5.0,5.0
0,851,340.40000000000003,255.29999999999998,25.529999999999998,327.89398361293297,255.625252621908,20.998993389244067,426.2652119279733,0.6435011087932843,1.5108681716736887,416.2927959873125,0.6621758497190032,1.520332064478861,0.4000000000000341,0.29999999999998295,0.029999999999997584,0.500899191454721,-1.1102230246251565e-16,0.0,-7.0948071058211895,2.96072524520514,-2.2433031238649406,-3.94173097222847,0.01596174643540016,0.004871891491228908,5.0,5.0,5.0
0,852,340.8,255.6,25.56,332.13219240484096,247.89584235033334,14.888136583222238,426.76611111942805,0.6435011087932844,1.5108681716736887,414.71170528108837,0.6411783786974697,1.5348886438420748,0.39999999999997726,0.30000000000001137,0.030000000000001137,0.500899191454721,1.1102230246251565e-16,0.0,4.238208791907994,-7.729410271574665,-6.110856806021829,-1.5810907062241313,-0.020997471021533487,0.014556579363213862,5.0,5.0,5.0
0,853,341.20000000000005,255.89999999999998,25.59,332.85407022391223,247.54068014614612,15.460419020713061,427.2670103108828,0.6435011087932843,1.5108681716736887,415.0990784718002,0.6394513069738168,1.5335425806317566,0.4000000000000341,0.29999999999998295,0.030000000000001137,0.5008991914547778,-1.1102230246251565e-16,0.0,0.7218778190712669,-0.35516220418722355,0.5722824374908235,0.3873731907118554,-0.0017270717236529398,-0.0013460632103181602,5.0,5.0,5.0
0,854,341.6,256.2,25.619999999999997,336.98814999377595,249.34540888978572,16.267006527365346,427.7679095023375,0.6435011087932843,1.5108681716736887,419.5220633911921,0.6370208145685314,1.5320115119559858,0.39999999999997726,0.30000000000001137,0.029999999999997584,0.5008991914546641,0.0,0.0,4.1340797698637175,1.8047287436396005,0.806587506652285,4.422984919391865,-0.002430492405285367,-0.001531068675770797,5.0,5.0,5.0
0,855,342.0,256.5,25.65,337.37512317474864,256.15613929431555,20.721031291941564,428.2688086937922,0.6435011087932844,1.5108681716736887,424.10765446186804,0.6494025375100805,1.5219189160659274,0.39999999999997726,0.30000000000001137,0.030000000000001137,0.500899191454721,1.1102230246251565e-16,0.0,0.3869731809726886,6.810730404529835,4.454024764576218,4.585591070675946,0.012381722941549045,-0.010092595890058398,5.0,5.0,5.0
0,856,342.40000000000003,256.8,25.68,334.40798210938607,257.5665272716272,19.484912033796302,428.769707885247,0.6435011087932844,1.5108681716736887,422.5504422742948,0.656314585082062,1.5246673394125605,0.4000000000000341,0.30000000000001137,0.030000000000001137,0.5008991914547778,0.0,0.0,-2.9671410653625685,1.4103879773116432,-1.236119258145262,-1.5572121875732137,0.0069120475719814944,0.0027484233466330554,5.0,5.0,5.0
0,857,342.8,257.09999999999997,25.709999999999997,338.7662280344185,257.8775603282613,19.58638054138104,429.27060707670165,0.6435011087932843,1.5108681716736887,426.20068005604526,0.6506469327671319,1.5248243652163007,0.39999999999997726,0.2999999999999545,0.029999999999997584,0.5008991914546641,-1.1102230246251565e-16,0.0,4.358245925032406,0.3110330566341304,0.10146850758473747,3.650237781750434,-0.0056676523149300495,0.00015702580374021835,5.0,5.0,5.0
0,858,343.20000000000005,257.4,25.74,331.2755828789931,257.26448502569957,23.236712569129683,429.77150626815643,0.6435011087932843,1.5108681716736887,420.0815062322731,0.6603011219713327,1.5154533083000334,0.4000000000000341,0.30000000000001137,0.030000000000001137,0.5008991914547778,0.0,0.0,-7.490645155425398,-0.6130753025617537,3.650332027748643,-6.119173823772144,0.009654189204200803,-0.009371056916267273,5.0,5.0,5.0
0,859,343.6,257.7,25.77,341.20267281273743,251.62840708884957,20.86923601171321,430.2724054596111,0.6435011087932843,1.5108681716736887,424.46630514133903,0.6354367353105639,1.5216106724571838,0.39999999999997726,0.30000000000001137,0.030000000000001137,0.5008991914546641,0.0,0.0,9.927089933744355,-5.6360779368500005,-2.367476557416474,4.384798909065921,-0.024864386660768845,0.006157364157150402,5.0,5.0,5.0
0,860,344.0,258.0,25.8,343.72734377033686,242.65510615792272,19.630640509392734,430.77330465106587,0.6435011087932844,1.5108681716736887,421.2070149543252,0.6147096302643167,1.5241737555824846,0.39999999999997726,0.30000000000001137,0.030000000000001137,0.5008991914547778,1.1102230246251565e-16,0.0,2.524670957599426,-8.973300930926854,-1.238595502320475,-3.259290187013846,-0.020727105046247196,0.002563083125300736,5.0,5.0,5.0
0,861,344.40000000000003,258.3,25.83,333.81773850266967,252.29921187114832,21.235843926465805,431.27420384252065,0.6435011087932844,1.5108681716736887,418.9751017866199,0.6472023385386731,1.5200893830822917,0.4000000000000341,0.30000000000001137,0.029999999999997584,0.5008991914547778,0.0,0.0,-9.909605267667189,9.6441057132256,1.6052034170730707,-2.2319131677052724,0.03249270827435646,-0.00408437250019289,5.0,5.0,5.0
0,862,344.8,258.59999999999997,25.86,346.18194463563447,256.2085484048332,16.801036274791137,431.7751030339753,0.6435011087932843,1.5108681716736887,431.00699981244867,0.6371336194516176,1.5318055584688772,0.39999999999997726,0.2999999999999545,0.030000000000001137,0.5008991914546641,-1.1102230246251565e-16,0.0,12.364206132964796,3.9093365336848933,-4.434807651674667,12.031898025828752,-0.010068719087055533,0.011716175386585537,5.0,5.0,5.0
0,863,345.20000000000005,258.9,25.89,344.08000666876575,258.47427642800005,22.963231511831037,432.2760022254301,0.6435011087932843,1.5108681716736887,430.9609176777194,0.6442712219011413,1.5174872898662364,0.4000000000000341,0.30000000000001137,0.030000000000001137,0.5008991914547778,0.0,0.0,-2.101937966868718,2.2657280231668437,6.162195237039899,-0.046082134729260815,0.007137602449523661,-0.014318268602640849,5.0,5.0,5.0
0,864,345.6,259.2,25.919999999999998,343.7484783971847,256.56664493088056,23.718275734272662,432.77690141688475,0.6435011087932843,1.5108681716736887,429.5951772253447,0.6411796368835676,1.5155574802341423,0.39999999999997726,0.30000000000001137,0.029999999999997584,0.5008991914546641,0.0,0.0,-0.33152827158102127,-1.907631497119496,0.7550442224416258,-1.3657404523747232,-0.0030915850175736725,-0.0019298096320941038,5.0,5.0,5.0
0,865,346.0,259.5,25.95,341.5608308881464,252.7588924086825,23.71399034489432,433.2778006083395,0.6435011087932844,1.5108681716736887,425.5739797341264,0.6370776647538642,1.5150450812445966,0.39999999999997726,0.30000000000001137,0.030000000000001137,0.500899191454721,1.1102230246251565e-16,0.0,-2.1876475090382996,-3.807752522198058,-0.00428538937834233,-4.021197491218288,-0.004101972129703424,-0.0005123989895456926,5.0,5.0,5.0
0,866,346.40000000000003,259.8,25.98,347.0513333331672,246.34103502418623,18.374414536647,433.77869979979425,0.6435011087932844,1.5108681716736887,425.98844187921463,0.6172805709212589,1.5276493417422943,0.4000000000000341,0.30000000000001137,0.030000000000001137,0.5008991914547778,0.0,0.0,5.490502445020752,-6.417857384496273,-5.3395758082473215,0.41446214508823687,-0.019797093832605306,0.012604260497697695,5.0,5.0,5.0
0,867,346.8,260.09999999999997,26.009999999999998,351.68299728890634,249.26210887686662,24.72030424442078,434.279598991249,0.6435011087932843,1.5108681716736887,431.76801982753256,0.6165871805897287,1.513511329933202,0.39999999999997726,0.2999999999999545,0.029999999999997584,0.500899191454721,-1.1102230246251565e-16,0.0,4.631663955739157,2.9210738526803937,6.345889707773782,5.779577948317922,-0.0006933903315301526,-0.014138011809092355,5.0,5.0,5.0
0,868,347.20000000000005,260.4,26.04,332.65427680784296,251.24661725686235,19.12294419284398,434.7804981827037,0.6435011087932843,1.5108681716736887,417.31213444634926,0.6468707869041883,1.5249561954254978,0.4000000000000341,0.30000000000001137,0.030000000000001137,0.500899191454721,0.0,0.0,-19.028720481063374,1.9845083799957308,-5.5973600515768,-14.455885381183293,0.030283606314459588,0.011444865492295841,5.0,5.0,5.0
0,869,347.6,260.7,26.07,336.54171055454304,250.57903584023913,21.363091645825868,435.2813973741584,0.6435011087932843,1.5108681716736887,420.12683540839146,0.6400171748734832,1.5199252403305794,0.39999999999997726,0.30000000000001137,0.030000000000001137,0.500899191454721,0.0,0.0,3.887433746700083,-0.6675814166232215,2.240147452981887,2.8147009620421954,-0.006853612030705114,-0.005030955094918355,5.0,5.0,5.0
0,870,348.0,261.0,26.099999999999998,340.73003133189013,251.2483388239873,27.002708876867825,435.78229656561314,0.6435011087932844,1.5108681716736887,424.2072940201911,0.6353768382090577,1.5070987479133249,0.39999999999997726,0.30000000000001137,0.029999999999997584,0.500899191454721,1.1102230246251565e-16,0.0,4.188320777347087,0.6693029837481674,5.639617231041957,4.080458611799656,-0.004640336664425537,-0.012826492417254531,5.0,5.0,5.0
0,871,348.40000000000003,261.3,26.13,341.04541041593956,249.09661344420562,11.84982328131559,436.2831957570679,0.6435011087932844,1.5108681716736887,422.4943941722151,0.630833001863745,1.5427453571094663,0.4000000000000341,0.30000000000001137,0.030000000000001137,0.5008991914547778,0.0,0.0,0.3153790840494253,-2.1517253797816807,-15.152885595552235,-1.7128998479760185,-0.004543836345312635,0.03564660919614138,5.0,5.0,5.0
0,872,348.8,261.59999999999997,26.16,338.7044936583503,258.2693176497845,23.9148234274849,436.7840949485226,0.6435011087932843,1.5108681716736887,426.60953252735993,0.6514665597336153,1.514709051010952,0.39999999999997726,0.2999999999999545,0.030000000000001137,0.5008991914546641,-1.1102230246251565e-16,0.0,-2.340916757589241,9.172704205578896,12.06500014616931,4.115138355144836,0.02063355786987031,-0.028036306098514263,5.0,5.0,5.0
0,873,349.20000000000005,261.9,26.189999999999998,338.7246830601615,252.3288169450992,26.94050802306274,437.2849941399773,0.6435011087932843,1.5108681716736887,423.2375618345576,0.6402534145811831,1.5070998678154321,0.4000000000000341,0.30000000000001137,0.029999999999997584,0.500899191454721,0.0,0.0,0.02018940181119433,-5.94050070468532,3.0256845955778395,-3.3719706928023356,-0.011213145152432213,-0.007609183195519842,5.0,5.0,5.0
0,874,349.6,262.2,26.22,348.3883996473159,247.67044724496495,28.170078364323565,437.7858933314321,0.6435011087932843,1.5108681716736887,428.3791320342192,0.6180061641626448,1.5049891511329263,0.39999999999997726,0.30000000000001137,0.030000000000001137,0.5008991914547778,0.0,0.0,9.663716587154397,-4.658369700134244,1.2295703412608248,5.141570199661601,-0.022247250418538367,-0.002110716682505842,5.0,5.0,5.0
0,875,350.0,262.5,26.25,350.2745621825036,262.44760028231707,26.042851127732302,438.2867925228868,0.6435011087932844,1.5108681716736887,438.46236087143524,0.6430289528987227,1.5113654829173078,0.39999999999997726,0.30000000000001137,0.030000000000001137,0.500899191454721,1.1102230246251565e-16,0.0,1.8861625351876796,14.777153037352122,-2.1272272365912634,10.08322883721604,0.025022788736077994,0.0063763317843814615,5.0,5.0,5.0
0,876,350.40000000000003,262.8,26.279999999999998,341.1972100534541,267.263239021181,21.244173680834606,438.7876917143415,0.6435011087932844,1.5108681716736887,433.9314346711186,0.6644810338146157,1.5218193050834974,0.4000000000000341,0.30000000000001137,0.029999999999997584,0.500899191454721,0.0,0.0,-9.077352129049473,4.815638738863925,-4.798677446897695,-4.530926200316628,0.0214520809158929,0.010453822166189619,5.0,5.0,5.0
0,877,350.8,263.09999999999997,26.31,346.4815458055732,258.0623864992262,22.99011388914903,439.28859090579624,0.6435011087932843,1.5108681716736887,432.6363394886421,0.6401702350523905,1.5176317043770007,0.39999999999997726,0.2999999999999545,0.030000000000001137,0.500899191454721,-1.1102230246251565e-16,0.0,5.284335752119091,-9.2008525219548,1.7459402083144226,-1.2950951824765298,-0.024310798762225194,-0.004187600706496708,5.0,5.0,5.0
0,878,351.20000000000005,263.4,26.34,352.70922521142137,257.5066324186504,16.170040737989893,439.78949009725096,0.6435011087932843,1.5108681716736887,437.00678885608096,0.6306312038556301,1.5337860714619325,0.4000000000000341,0.30000000000001137,0.030000000000001137,0.500899191454721,0.0,0.0,6.227679405848164,-0.5557540805758094,-6.820073151159136,4.37044936743888,-0.009539031196760361,0.016154367084931787,5.0,5.0,5.0
0,879,351.6,263.7,26.369999999999997,343.1374587439421,261.33730498451985,19.172657285225355,440.2903892887057,0.6435011087932843,1.5108681716736887,431.7500357350295,0.650890905819417,1.5263748731595435,0.39999999999997726,0.30000000000001137,0.029999999999997584,0.500899191454721,0.0,0.0,-9.571766467479279,3.830672565869463,3.002616547235462,-5.256753121051474,0.020259701963786902,-0.0074111983023890105,5.0,5.0,5.0
0,880,352.0,264.0,26.4,338.9291828815402,248.96479823537956,22.689859462536567,440.7912884801604,0.6435011087932844,1.5108681716736887,421.1547120614483,0.6335479299372941,1.5168948753871971,0.39999999999997726,0.30000000000001137,0.030000000000001137,0.500899191454721,1.1102230246251565e-16,0.0,-4.208275862401877,-12.372506749140285,3.517202177311212,-10.595323673581163,-0.017342975882122857,-0.009479997772346316,5.0,5.0,5.0
0,881,352.40000000000003,264.3,26.43,342.495162241992,259.66993051078225,18.794125067725798,441.2921876716152,0.6435011087932844,1.5108681716736887,430.21463028086833,0.6487101287397163,1.5270969573866715,0.4000000000000341,0.30000000000001137,0.030000000000001137,0.5008991914547778,0.0,0.0,3.565979360451763,10.70513227540269,-3.89573439481077,9.059918219420013,0.0151621988024222,0.010202081999474366,5.0,5.0,5.0
0,882,352.8,264.59999999999997,26.459999999999997,342.5756684432583,260.34381285740716,27.528483551635276,441.79308686306985,0.6435011087932843,1.5108681716736887,431.1552004894879,0.6498451085113017,1.506904666318745,0.39999999999997726,0.2999999999999545,0.029999999999997584,0.5008991914546641,-1.1102230246251565e-16,0.0,0.08050620126630292,0.6738823466249073,8.734358483909478,0.9405702086195902,0.001134979771585387,-0.020192291067926416,5.0,5.0,5.0
0,883,353.20000000000005,264.9,26.49,348.5597565475603,255.8812452392889,18.354229922541798,442.2939860545246,0.6435011087932843,1.5108681716736887,432.78862427951265,0.6332537847413804,1.5283743795438132,0.4000000000000341,0.30000000000001137,0.030000000000001137,0.5008991914547778,0.0,0.0,5.984088104302032,-4.462567618118271,-9.174253629093478,1.6334237900247217,-0.01659132376992134,0.021469713225068077,5.0,5.0,5.0
0,884,353.6,265.2,26.52,349.2410216520028,267.1619667727669,24.85443097129763,442.7948852459793,0.6435011087932843,1.5108681716736887,440.41179642845026,0.6530188009950889,1.5143318018216043,0.39999999999997726,0.30000000000001137,0.030000000000001137,0.5008991914546641,0.0,0.0,0.6812651044425024,11.280721533478015,6.500201048755834,7.623172148937613,0.019765016253708523,-0.014042577722208849,5.0,5.0,5.0
0,885,354.0,265.5,26.55,351.1071488471401,266.84621190610153,28.393653557574464,443.29578443743407,0.6435011087932844,1.5108681716736887,441.9155239890893,0.649879076770086,1.5065007220340516,0.39999999999997726,0.30000000000001137,0.030000000000001137,0.5008991914547778,1.1102230246251565e-16,0.0,1.8661271951372669,-0.31575486666537245,3.539222586276832,1.5037275606390494,-0.00313972422500286,-0.007831079787552708,5.0,5.0,5.0
0,886,354.40000000000003,265.8,26.58,350.6401362551276,259.9315835239538,31.612808487335915,443.79668362888884,0.6435011087932844,1.5108681716736887,437.62118656063893,0.6379135915852276,1.49849551404309,0.4000000000000341,0.30000000000001137,0.029999999999997584,0.5008991914547778,0.0,0.0,-0.4670125920125088,-6.9146283821477255,3.2191549297614515,-4.294337428450376,-0.011965485184858404,-0.008005207990961605,5.0,5.0,5.0
0,887,354.8,266.09999999999997,26.61,353.3453713678208,261.5165068244767,17.72319477915343,444.2975828203435,0.6435011087932843,1.5108681716736887,439.95220927041566,0.6371451773983909,1.5305010594191855,0.39999999999997726,0.2999999999999545,0.030000000000001137,0.5008991914546641,-1.1102230246251565e-16,0.0,2.705235112693231,1.5849233005229166,-13.889613708182484,2.3310227097767324,-0.0007684141868367078,0.03200554537609546,5.0,5.0,5.0
0,888,355.20000000000005,266.4,26.64,340.80446356376984,256.9469919069446,16.593048007557265,444.7984820117983,0.6435011087932843,1.5108681716736887,427.1355385322058,0.6460195799328174,1.5319392830626342,0.4000000000000341,0.30000000000001137,0.030000000000001137,0.5008991914547778,0.0,0.0,-12.54090780405096,-4.5695149175321035,-1.1301467715961664,-12.816670738209837,0.008874402534426507,0.0014382236434486995,5.0,5.0,5.0
0,889,355.6,266.7,26.669999999999998,353.98869564743904,259.8427272029277,16.976060412274528,445.299381203253,0.6435011087932843,1.5108681716736887,439.4478651143404,0.6332098057855173,1.5321562812827911,0.39999999999997726,0.30000000000001137,0.029999999999997584,0.500899191454721,0.0,0.0,13.184232083669201,2.8957352959830587,0.38301240471726317,12.312326582134574,-0.012809774147300113,0.000216998220156972,5.0,5.0,5.0
0,890,356.0,267.0,26.7,353.09608935143785,260.7228110704339,23.700514695160866,445.8002803947077,0.6435011087932844,1.5108681716736887,439.562221903297,0.6360295552607761,1.516851714973252,0.39999999999997726,0.30000000000001137,0.030000000000001137,0.500899191454721,1.1102230246251565e-16,0.0,-0.8926062960011905,0.8800838675062437,6.724454282886338,0.1143567889565702,0.0028197494752587593,-0.015304566309539025,5.0,5.0,5.0
0,891,356.40000000000003,267.3,26.73,355.96063345736235,256.18928447650103,28.651855551747328,446.30117958616245,0.6435011087932844,1.5108681716736887,439.50182124594943,0.6238336221722938,1.5055583962141663,0.4000000000000341,0.30000000000001137,0.030000000000001137,0.500899191454721,0.0,0.0,2.8645441059244945,-4.533526593932891,4.951340856586462,-0.060400657347543074,-0.012195933088482325,-0.01129331875908579,5.0,5.0,5.0
0,892,356.8,267.59999999999997,26.759999999999998,351.5642340057097,262.8519850724218,21.13509961651043,446.80207877761717,0.6435011087932843,1.5108681716736887,439.47157942730934,0.6420045077444514,1.5226856954339936,0.39999999999997726,0.2999999999999545,0.029999999999997584,0.500899191454721,-1.1102230246251565e-16,0.0,-4.396399451652655,6.662700595920796,-7.516755935236898,-0.030241818640092788,0.018170885572157625,0.017127299219827252,5.0,5.0,5.0
0,893,357.20000000000005,267.9,26.79,355.229246917934,262.20439745609804,28.342340202096118,447.3029779690719,0.6435011087932843,1.5108681716736887,442.42768014595254,0.6358591645612506,1.5066914739426251,0.4000000000000341,0.30000000000001137,0.030000000000001137,0.500899191454721,0.0,0.0,3.665012912224313,-0.6475876163237899,7.207240585585687,2.9561007186431993,-0.006145343183200813,-0.01599422149136842,5.0,5.0,5.0
0,894,357.6,268.2,26.82,353.05109438400746,261.92726729996883,20.812494408935443,447.8038771605266,0.6435011087932843,1.5108681716736887,440.09559021250897,0.638294474354389,1.5234878322659149,0.39999999999997726,0.30000000000001137,0.030000000000001137,0.500899191454721,0.0,0.0,-2.17815253392655,-0.27713015612920344,-7.529845793160675,-2.3320899334435694,0.0024353097931384404,0.01679635832328974,5.0,5.0,5.0
0,895,358.0,268.5,26.849999999999998,357.86819495542164,258.0240553268962,24.878791111395834,448.30477635198133,0.6435011087932844,1.5108681716736887,441.88800881575565,0.6246833268078897,1.5144654173066485,0.39999999999997726,0.30000000000001137,0.029999999999997584,0.500899191454721,1.1102230246251565e-16,0.0,4.817100571414187,-3.9032119730726436,4.0662967024603915,1.7924186032466878,-0.01361114754649928,-0.009022414959266367,5.0,5.0,5.0
0,896,358.40000000000003,268.8,26.88,348.7388858595473,261.92341271009235,23.273966653787163,448.8056755434361,0.6435011087932844,1.5108681716736887,436.76579783685133,0.6441784030447512,1.517484013159627,0.4000000000000341,0.30000000000001137,0.030000000000001137,0.5008991914547778,0.0,0.0,-9.129309095874362,3.899357383196161,-1.6048244576086717,-5.12221097890432,0.01949507623686142,0.0030185958529784784,5.0,5.0,5.0
0,897,358.8,269.09999999999997,26.91,354.5999310423097,262.3197603184624,21.31737126370828,449.3065747348908,0.6435011087932843,1.5108681716736887,441.59619344638963,0.6369169009680776,1.5225041094297247,0.39999999999997726,0.2999999999999545,0.030000000000001137,0.5008991914546641,-1.1102230246251565e-16,0.0,5.861045182762439,0.3963476083700357,-1.9565953900788813,4.8303956095383,-0.007261502076673532,0.005020096270097696,5.0,5.0,5.0
0,898,359.20000000000005,269.4,26.939999999999998,351.8386724085196,268.320851167255,22.24588797916272,449.8074739263455,0.6435011087932843,1.5108681716736887,443.0365787441159,0.6515320571217975,1.5205628976124594,0.4000000000000341,0.30000000000001137,0.029999999999997584,0.500899191454721,0.0,0.0,-2.761258633790135,6.0010908487926145,0.9285167154544389,1.440385297726266,0.014615156153719888,-0.0019412118172652537,5.0,5.0,5.0
0,899,359.6,269.7,26.97,365.7939680987596,259.36422507359123,26.5052690412622,450.3083731178002,0.6435011087932843,1.5108681716736887,449.1965690345492,0.6167703849734516,1.5117560856373764,0.39999999999997726,0.30000000000001137,0.030000000000001137,0.500899191454721,0.0,0.0,13.955295690240007,-8.956626093663772,4.259381062099479,6.1599902904333135,-0.03476167214834591,-0.00880681197508304,5.0,5.0,5.0
0,900,360.0,270.0,27.0,352.2829870501368,269.6133094875372,26.04302499170703,450.809272309255,0.6435011087932844,1.5108681716736887,444.37920604873943,0.6532413556404746,1.5121573185006205,0.39999999999997726,0.30000000000001137,0.030000000000001137,0.5008991914547778,1.1102230246251565e-16,0.0,-13.510981048622796,10.24908441394598,-0.46224404955517073,-4.81736298580978,0.036470970667022984,0.00040123286324411644,5.0,5.0,5.0
0,901,360.40000000000003,270.3,27.029999999999998,353.02454296259924,266.42726049697137,20.93192014774842,451.3101715007097,0.6435011087932844,1.5108681716736887,442.77303254708823,0.6465016755553592,1.5235040953114876,0.4000000000000341,0.30000000000001137,0.029999999999997584,0.500899191454721,0.0,0.0,0.7415559124624451,-3.186048990565837,-5.111104843958607,-1.6061735016511989,-0.006739680085115385,0.011346776810867043,5.0,5.0,5.0
0,902,360.8,270.59999999999997,27.06,352.83745106603055,265.9423809114669,20.886989153605178,451.81107069216444,0.6435011087932843,1.5108681716736887,442.33006132924777,0.6458808007103333,1.5235583907987045,0.39999999999997726,0.2999999999999545,0.030000000000001137,0.500899191454721,-1.1102230246251565e-16,0.0,-0.1870918965686883,-0.48487958550447274,-0.0449309941432432,-0.44297121784046567,-0.0006208748450259316,5.429548721691546e-05,5.0,5.0,5.0
0,903,361.20000000000005,270.9,27.09,362.81978263549524,259.53343382924214,15.456981365873752,452.31196988361916,0.6435011087932843,1.5108681716736887,446.35716216927744,0.6209361799252964,1.5361602245250465,0.4000000000000341,0.30000000000001137,0.030000000000001137,0.500899191454721,0.0,0.0,9.98233156946469,-6.408947082224756,-5.430007787731427,4.027100840029675,-0.024944620785036897,0.012601833726342049,5.0,5.0,5.0
0,904,361.6,271.2,27.119999999999997,359.57219736181594,267.13096784508684,15.143942837407177,452.8128690750739,0.6435011087932843,1.5108681716736887,448.19689657796624,0.6389501717696444,1.5370013005546235,0.39999999999997726,0.30000000000001137,0.029999999999997584,0.500899191454721,0.0,0.0,-3.247585273679306,7.597534015844701,-0.3130385284665742,1.8397344086887983,0.018013991844348043,0.0008410760295769482,5.0,5.0,5.0
0,905,362.0,271.5,27.15,359.3442686070703,254.9939103029606,12.674753506504693,453.3137682665286,0.6435011087932844,1.5108681716736887,440.80704060710656,0.6171458565562243,1.542038844505359,0.39999999999997726,0.30000000000001137,0.030000000000001137,0.500899191454721,1.1102230246251565e-16,0.0,-0.22792875474561924,-12.137057542126257,-2.469189330902484,-7.389855970859685,-0.021804315213420078,0.0050375439507355235,5.0,5.0,5.0
0,906,362.40000000000003,271.8,27.18,353.3480347008343,267.770907399473,16.229206049530884,453.8146674579834,0.6435011087932844,1.5108681716736887,443.64341492405504,0.6484812188764396,1.5342065175375794,0.4000000000000341,0.30000000000001137,0.030000000000001137,0.5008991914547778,0.0,0.0,-5.996233906236,12.776997096512417,3.5544525430261906,2.836374316948479,0.031335362320215276,-0.00783232696777958,5.0,5.0,5.0
0,907,362.8,272.09999999999997,27.209999999999997,353.8969989098009,264.6431006519753,28.33049078192674,454.31556664943804,0.6435011087932843,1.5108681716736887,442.8111033702746,0.64208967288645,1.506773871891041,0.39999999999997726,0.2999999999999545,0.029999999999997584,0.5008991914546641,-1.1102230246251565e-16,0.0,0.5489642089665949,-3.1278067474976865,12.101284732395857,-0.8323115537804142,-0.006391545989989589,-0.027432645646538356,5.0,5.0,5.0
0,908,363.20000000000005,272.4,27.24,354.80159972595794,279.11027553195197,23.687050152909073,454.81646584089276,0.6435011087932843,1.5108681716736887,452.0484458778367,0.6665572682205342,1.518372956366956,0.4000000000000341,0.30000000000001137,0.030000000000001137,0.500899191454721,0.0,0.0,0.9046008161570285,14.467174879976653,-4.643440629017668,9.237342507562062,0.024467595334084158,0.011599084475914845,5.0,5.0,5.0
0,909,363.6,272.7,27.27,357.7261456118142,268.2365189436262,23.3988021803525,455.3173650323475,0.6435011087932843,1.5108681716736887,447.7346639392069,0.6433971726729948,1.5185120876607876,0.39999999999997726,0.30000000000001137,0.030000000000001137,0.500899191454721,0.0,0.0,2.9245458858562756,-10.873756588325762,-0.2882479725565723,-4.313781938629802,-0.023160095547539394,0.00013913129383169576,5.0,5.0,5.0
0,910,364.0,273.0,27.3,362.5810559958105,264.48053351319953,21.73908826589348,455.81826422380226,0.6435011087932844,1.5108681716736887,449.3189988561535,0.6302112734962377,1.5223951272414094,0.39999999999997726,0.30000000000001137,0.030000000000001137,0.5008991914547778,1.1102230246251565e-16,0.0,4.854910383996298,-3.7559854304266764,-1.6597139144590223,1.5843349169466023,-0.013185899176757054,0.00388303958062175,5.0,5.0,5.0
0,911,364.40000000000003,273.3,27.33,349.9391870414986,268.9125999289781,20.84105290410649,456.319163415257,0.6435011087932844,1.5108681716736887,441.82097111157975,0.6552082115461835,1.5236080064803093,0.4000000000000341,0.30000000000001137,0.029999999999997584,0.500899191454721,0.0,0.0,-12.641868954311917,4.432066415778593,-0.8980353617869881,-7.498027744573733,0.02499693804994574,0.0012128792388999,5.0,5.0,5.0
0,912,364.8,273.59999999999997,27.36,361.07137368177683,271.19904359516454,22.136421699301167,456.8200626067117,0.6435011087932843,1.5108681716736887,452.1188774039706,0.6442017887394194,1.5218152364077497,0.39999999999997726,0.2999999999999545,0.030000000000001137,0.500899191454721,-1.1102230246251565e-16,0.0,11.132186640278235,2.2864436661864147,1.2953687951946762,10.297906292390849,-0.011006422806764116,-0.001792770072559513,5.0,5.0,5.0
0,913,365.20000000000005,273.9,27.39,352.5610627676228,263.6829573444508,23.771073791254803,457.3209617981665,0.6435011087932843,1.5108681716736887,440.9002936299095,0.6421603708762592,1.5168553211699556,0.4000000000000341,0.30000000000001137,0.030000000000001137,0.5008991914547778,0.0,0.0,-8.510310914154047,-7.516086250713727,1.6346520919536367,-11.218583774061074,-0.0020414178631601443,-0.004959915237794155,5.0,5.0,5.0
0,914,365.6,274.2,27.419999999999998,354.1789940515425,275.2878881101437,23.943622315107017,457.82186098962114,0.6435011087932843,1.5108681716736887,449.2209681404844,0.6607182251973353,1.5174707353037693,0.39999999999997726,0.30000000000001137,0.029999999999997584,0.5008991914546641,0.0,0.0,1.6179312839196882,11.60493076569287,0.17254852385221398,8.320674510574861,0.01855785432107604,0.0006154141338137187,5.0,5.0,5.0
0,915,366.0,274.5,27.45,351.21719857300644,272.60673988280286,19.867005209192047,458.32276018107586,0.6435011087932844,1.5108681716736887,445.0423048418912,0.6600450375039503,1.5261407752008782,0.39999999999997726,0.30000000000001137,0.030000000000001137,0.500899191454721,1.1102230246251565e-16,0.0,-2.9617954785360325,-2.6811482273408274,-4.07661710591497,-4.178663298593165,-0.0006731876933849801,0.008670039897108905,5.0,5.0,5.0
0,916,366.40000000000003,274.8,27.48,360.82455436948874,262.82868856126595,21.282241684637178,458.82365937253064,0.6435011087932844,1.5108681716736887,446.907386801671,0.629540581864213,1.5231571639231192,0.4000000000000341,0.30000000000001137,0.030000000000001137,0.5008991914547778,0.0,0.0,9.607355796482295,-9.778051321536907,1.4152364754451305,1.8650819597797863,-0.03050445563973725,-0.002983611277759035,5.0,5.0,5.0
0,917,366.8,275.09999999999997,27.509999999999998,361.40156065007034,273.5916137256501,21.41896781720008,459.3245585639853,0.6435011087932843,1.5108681716736887,453.78654819602804,0.6479847787859394,1.5235782480037718,0.39999999999997726,0.2999999999999545,0.029999999999997584,0.5008991914546641,-1.1102230246251565e-16,0.0,0.5770062805815996,10.762925164384171,0.13672613256290234,6.879161394357027,0.018444196921726386,0.0004210840806526672,5.0,5.0,5.0
0,918,367.20000000000005,275.4,27.54,361.6974698680494,271.5166227317617,24.684365905233776,459.8254577554401,0.6435011087932843,1.5108681716736887,452.94111543196624,0.6439318628467859,1.5162713558938523,0.4000000000000341,0.30000000000001137,0.030000000000001137,0.5008991914547778,0.0,0.0,0.29590921797904457,-2.0749909938884343,3.2653980880336952,-0.8454327640617976,-0.0040529159391534675,-0.007306892109919527,5.0,5.0,5.0
0,919,367.6,275.7,27.57,364.1096564344729,271.8032628106626,29.390937450995477,460.3263569468948,0.6435011087932843,1.5108681716736887,455.32041771438315,0.6412492378579782,1.5062014058841569,0.39999999999997726,0.30000000000001137,0.030000000000001137,0.500899191454721,0.0,0.0,2.412186566423543,0.28664007890091625,4.706571545761701,2.3793022824169157,-0.0026826249888077802,-0.01006995000969546,5.0,5.0,5.0
0,920,368.0,276.0,27.599999999999998,360.0246094735722,265.2987132103345,21.77439035202262,460.8272561383495,0.6435011087932844,1.5108681716736887,447.74462669345314,0.63505809771686,1.5221458663733936,0.39999999999997726,0.30000000000001137,0.029999999999997584,0.500899191454721,1.1102230246251565e-16,0.0,-4.0850469609007405,-6.504549600328119,-7.616547098972855,-7.575791020930012,-0.006191140141118212,0.0159444604892367,5.0,5.0,5.0
0,921,368.40000000000003,276.3,27.63,354.30370443147655,269.86108671527086,22.86141861098143,461.3281553298043,0.6435011087932844,1.5108681716736887,445.9582553983283,0.6509256390814604,1.5195102628546648,0.4000000000000341,0.30000000000001137,0.030000000000001137,0.5008991914547778,0.0,0.0,-5.720905042095637,4.5623735049363745,1.08702825895881,-1.7863712951248658,0.015867541364600446,-0.002635603518728713,5.0,5.0,5.0
0,922,368.8,276.59999999999997,27.66,365.358257692642,270.99207483238,23.28850737480215,461.82905452125897,0.6435011087932843,1.5108681716736887,455.4840454526453,0.638178249952784,1.5196448840118244,0.39999999999997726,0.2999999999999545,0.030000000000001137,0.5008991914546641,-1.1102230246251565e-16,0.0,11.054553261165438,1.1309881171091547,0.4270887638207199,9.525790054317042,-0.012747389128676345,0.00013462115715956458,5.0,5.0,5.0
0,923,369.20000000000005,276.9,27.689999999999998,366.2688150962268,274.0677234923822,17.716328597967944,462.32995371271375,0.6435011087932843,1.5108681716736887,457.7988971931693,0.6423925641376284,1.5320877285287933,0.4000000000000341,0.30000000000001137,0.029999999999997584,0.5008991914547778,0.0,0.0,0.9105574035847894,3.075648660002173,-5.572178776834207,2.3148517405239772,0.004214314184844303,0.012442844516968865,5.0,5.0,5.0
0,924,369.6,277.2,27.72,359.5215169992982,275.21398145781666,27.60807117263979,462.83085290416847,0.6435011087932843,1.5108681716736887,453.60849018643125,0.6533479871471054,1.5098954725304874,0.39999999999997726,0.30000000000001137,0.030000000000001137,0.500899191454721,0.0,0.0,-6.747298096928546,1.1462579654344722,9.891742574671845,-4.190407006738042,0.01095542300947705,-0.022192255998305876,5.0,5.0,5.0
0,925,370.0,277.5,27.75,356.3630774837335,267.6040920316306,22.240328864766166,463.3317520956232,0.6435011087932844,1.5108681716736887,446.207603357186,0.6440967003252407,1.520932658606125,0.39999999999997726,0.30000000000001137,0.030000000000001137,0.500899191454721,1.1102230246251565e-16,0.0,-3.158439515564737,-7.609889426186044,-5.367742307873623,-7.40088682924528,-0.009251286821864713,0.011037186075637528,5.0,5.0,5.0
0,926,370.40000000000003,277.8,27.779999999999998,368.3584901315958,284.3781828632392,17.748358130380726,463.83265128707797,0.6435011087932844,1.5108681716736887,465.69725397188154,0.6574423099370728,1.5326757295595967,0.4000000000000341,0.30000000000001137,0.029999999999997584,0.5008991914547778,0.0,0.0,11.995412647862281,16.77409083160859,-4.49197073438544,19.489650614695563,0.013345609611832066,0.011743070953471824,5.0,5.0,5.0
0,927,370.8,278.09999999999997,27.81,360.99514114735723,266.7894094370069,23.18828805865469,464.33355047853263,0.6435011087932843,1.5108681716736887,449.4794518360527,0.6364489414318004,1.5191842096396548,0.39999999999997726,0.2999999999999545,0.030000000000001137,0.5008991914546641,-1.1102230246251565e-16,0.0,-7.363348984238542,-17.588773426232308,5.439929928273962,-16.217802135828833,-0.020993368505272336,-0.013491519919941908,5.0,5.0,5.0
0,928,371.20000000000005,278.4,27.84,362.4366112001814,275.20921996894305,20.795553901153376,464.83444966998735,0.6435011087932843,1.5108681716736887,455.5577537000565,0.649446015562514,1.5251319016442633,0.4000000000000341,0.30000000000001137,0.030000000000001137,0.500899191454721,0.0,0.0,1.4414700528241724,8.41981053193615,-2.3927341575013124,6.078301864003777,0.012997074130713604,0.005947692004608429,5.0,5.0,5.0
0,929,371.6,278.7,27.869999999999997,369.6548875643481,278.42152432262776,21.843289660426574,465.33534886144207,0.6435011087932843,1.5108681716736887,463.2930070803311,0.6455415861004385,1.5236309474468752,0.39999999999997726,0.30000000000001137,0.029999999999997584,0.500899191454721,0.0,0.0,7.218276364166684,3.212304353684715,1.0477357592731984,7.735253380274628,-0.003904429462075476,-0.0015009541973880491,5.0,5.0,5.0
0,930,372.0,279.0,27.9,358.28127428304197,273.0345390758206,17.166578967276397,465.8362480528968,0.6435011087932844,1.5108681716736887,450.78600517725243,0.6511797221796144,1.5327056792805627,0.39999999999997726,0.30000000000001137,0.030000000000001137,0.500899191454721,1.1102230246251565e-16,0.0,-11.37361328130612,-5.386985246807171,-4.676710693150177,-12.507001903078674,0.005638136079175848,0.009074731833687455,5.0,5.0,5.0
0,931,372.40000000000003,279.3,27.93,365.46468666954445,276.6255883130319,33.74331381541356,466.33714724435157,0.6435011087932844,1.5108681716736887,459.59195438915685,0.6479118392817833,1.4973100463388975,0.4000000000000341,0.30000000000001137,0.030000000000001137,0.5008991914547778,0.0,0.0,7.183412386502482,3.5910492372113367,16.57673484813716,8.80594921190442,-0.003267882897831087,-0.035395632941665145,5.0,5.0,5.0
0,932,372.8,279.59999999999997,27.959999999999997,377.5912925285457,284.7809295599381,25.065755227073428,466.83804643580623,0.6435011087932843,1.5108681716736887,473.6070672187058,0.6461863559793231,1.5178463739871182,0.39999999999997726,0.2999999999999545,0.029999999999997584,0.5008991914546641,-1.1102230246251565e-16,0.0,12.126605859001245,8.155341246906175,-8.67755858834013,14.015112829548968,-0.0017254833024602512,0.020536327648220665,5.0,5.0,5.0
0,933,373.20000000000005,279.9,27.99,372.82465108442625,284.4792681239547,26.87221772978296,467.338945627261,0.6435011087932843,1.5108681716736887,469.7326798662,0.651793159679792,1.5135576079722242,0.4000000000000341,0.30000000000001137,0.030000000000001137,0.5008991914547778,0.0,0.0,-4.766641444119443,-0.3016614359834193,1.8064625027095325,-3.8743873525058348,0.005606803700468954,-0.00428876601489403,5.0,5.0,5.0
0,934,373.6,280.2,28.02,360.60815906857624,279.5296676580653,20.70608597785367,467.83984481871573,0.6435011087932843,1.5108681716736887,456.73167339738796,0.6594111424279442,1.525445442241989,0.39999999999997726,0.30000000000001137,0.030000000000001137,0.500899191454721,0.0,0.0,-12.216492015850008,-4.949600465889375,-6.166131751929289,-13.001006468812022,0.0076179827481521745,0.011887834269764808,5.0,5.0,5.0
0,935,374.0,280.5,28.05,367.2953350890413,280.1135776947121,19.712312487216092,468.34074401017045,0.6435011087932844,1.5108681716736887,462.33976126945464,0.6515408264719498,1.528147410794978,0.39999999999997726,0.30000000000001137,0.030000000000001137,0.500899191454721,1.1102230246251565e-16,0.0,6.687176020465074,0.5839100366467846,-0.9937734906375795,5.608087872066676,-0.007870315955994411,0.002701968552988987,5.0,5.0,5.0
0,936,374.40000000000003,280.8,28.08,370.38884308986314,276.70606591456965,27.547761787110826,468.8416432016252,0.6435011087932844,1.5108681716736887,463.15550431668714,0.6416227032258315,1.5112827725220057,0.4000000000000341,0.30000000000001137,0.029999999999997584,0.500899191454721,0.0,0.0,3.093508000821828,-3.4075117801424426,7.835449299894734,0.8157430472325018,-0.009918123246118293,-0.016864638272972243,5.0,5.0,5.0
0,937,374.8,281.09999999999997,28.11,381.48827455580636,270.916958870721,26.270120836725614,469.3425423930799,0.6435011087932843,1.5108681716736887,468.6357023062822,0.6175109454386654,1.5147103340266543,0.39999999999997726,0.2999999999999545,0.030000000000001137,0.500899191454721,-1.1102230246251565e-16,0.0,11.099431465943212,-5.789107043848674,-1.2776409503852122,5.480197989595069,-0.02411175778716612,0.003427561504648624,5.0,5.0,5.0
0,938,375.20000000000005,281.4,28.14,367.923734446127,284.1953400126961,25.114334291346168,469.8434415845347,0.6435011087932843,1.5108681716736887,465.5809225479644,0.6577024631629239,1.5168282014275958,0.4000000000000341,0.30000000000001137,0.030000000000001137,0.5008991914547778,0.0,0.0,-13.564540109679342,13.278381141975103,-1.1557865453794456,-3.0547797583178067,0.04019151772425855,0.002117867400941442,5.0,5.0,5.0
0,939,375.6,281.7,28.169999999999998,369.8776640213532,276.58341224967035,29.098136241912087,470.34434077598934,0.6435011087932843,1.5108681716736887,462.76837813999026,0.6420723655834439,1.5078764169716514,0.39999999999997726,0.30000000000001137,0.029999999999997584,0.5008991914546641,0.0,0.0,1.9539295752261978,-7.611927763025733,3.983801950565919,-2.812544407974144,-0.015630097579479973,-0.008951784455944356,5.0,5.0,5.0
0,940,376.0,282.0,28.2,365.9099273353719,289.18563494225515,27.29634331248839,470.84523996744406,0.6435011087932844,1.5108681716736887,467.1867899863668,0.6688100667720468,1.5123359889876329,0.39999999999997726,0.30000000000001137,0.030000000000001137,0.500899191454721,1.1102230246251565e-16,0.0,-3.967736685981322,12.602222692584803,-1.8017929294236978,4.418411846376557,0.026737701188602858,0.004459572015981461,5.0,5.0,5.0
0,941,376.40000000000003,282.3,28.23,373.11911974131857,270.49600587782794,15.407746440514908,471.34613915889884,0.6435011087932844,1.5108681716736887,461.1110119730059,0.6272812155369285,1.5373757086291338,0.4000000000000341,0.30000000000001137,0.030000000000001137,0.5008991914547778,0.0,0.0,7.2091924059466805,-18.68962906442721,-11.888596871973482,-6.075778013360946,-0.04152885123511829,0.025039719641500868,5.0,5.0,5.0
0,942,376.8,282.59999999999997,28.259999999999998,372.74853467264313,278.50776802827664,23.373983372225716,471.84703835035356,0.6435011087932843,1.5108681716736887,465.8909636936309,0.6416895911931139,1.5206047540608292,0.39999999999997726,0.2999999999999545,0.029999999999997584,0.500899191454721,-1.1102230246251565e-16,0.0,-0.37058506867543883,8.011762150448703,7.966236931710808,4.779951720625036,0.014408375656185357,-0.016770954568304575,5.0,5.0,5.0
0,943,377.20000000000005,282.9,28.29,370.0132643363829,277.51623103916575,30.584584970586253,472.3479375418083,0.6435011087932843,1.5108681716736887,463.5304640612876,0.6435119758383812,1.5047665334728713,0.4000000000000341,0.30000000000001137,0.030000000000001137,0.500899191454721,0.0,0.0,-2.735270336260214,-0.991536989110898,7.210601598360537,-2.3604996323433056,0.0018223846452672943,-0.01583822058795792,5.0,5.0,5.0
0,944,377.6,283.2,28.32,370.5738106349765,275.4373063760229,24.49187062070816,472.848836733263,0.6435011087932843,1.5108681716736887,462.37485939301246,0.6391815586575333,1.5178017969435096,0.39999999999997726,0.30000000000001137,0.030000000000001137,0.500899191454721,0.0,0.0,0.5605462985935787,-2.078924663142857,-6.092714349878094,-1.1556046682751457,-0.004330417180847812,0.013035263470638325,5.0,5.0,5.0
0,945,378.0,283.5,28.349999999999998,378.5240641758297,281.1258799834219,24.063828073793374,473.3497359247177,0.6435011087932844,1.5108681716736887,472.11364667652435,0.6388060021892658,1.5198038168062373,0.39999999999997726,0.30000000000001137,0.029999999999997584,0.500899191454721,1.1102230246251565e-16,0.0,7.950253540853225,5.688573607399007,-0.42804254691478505,9.738787283511897,-0.0003755564682675905,0.002002019862727744,5.0,5.0,5.0
0,946,378.40000000000003,283.8,28.38,373.630274018105,284.80565181991176,26.67519626847261,473.85063511617244,0.6435011087932844,1.5108681716736887,470.55861172373693,0.651305236726611,1.5140775601916332,0.4000000000000341,0.30000000000001137,0.030000000000001137,0.500899191454721,0.0,0.0,-4.893790157724709,3.679771836489863,2.611368194679237,-1.5550349527874232,0.01249923453734525,-0.0057262566146041305,5.0,5.0,5.0
0,947,378.8,284.09999999999997,28.41,372.5472001593361,280.9154034550068,28.55851114623278,474.35153430762716,0.6435011087932843,1.5108681716736887,467.4617297744695,0.6460815492907072,1.5096655343644791,0.39999999999997726,0.2999999999999545,0.030000000000001137,0.500899191454721,-1.1102230246251565e-16,0.0,-1.0830738587688984,-3.8902483649049486,1.8833148777601707,-3.096881949267413,-0.005223687435903845,-0.0044120258271540536,5.0,5.0,5.0
0,948,379.20000000000005,284.4,28.439999999999998,369.4263063354537,284.73967917054233,18.560916180662886,474.85243349908194,0.6435011087932843,1.5108681716736887,466.79437476930406,0.6566567795024275,1.5310233311340278,0.4000000000000341,0.30000000000001137,0.029999999999997584,0.5008991914547778,0.0,0.0,-3.1208938238823976,3.8242757155355207,-9.997594965569895,-0.6673550051654615,0.010575230211720354,0.02135779676954863,5.0,5.0,5.0
0,949,379.6,284.7,28.47,374.9673348400499,271.34027014367274,18.72977253424244,475.3533326905366,0.6435011087932843,1.5108681716736887,463.22440434186524,0.626414266641723,1.5303518261137101,0.39999999999997726,0.30000000000001137,0.030000000000001137,0.5008991914546641,0.0,0.0,5.54102850459617,-13.399409026869591,0.1688563535795531,-3.569970427438818,-0.030242512860704562,-0.0006715050203176531,5.0,5.0,5.0
0,950,380.0,285.0,28.5,373.72126233571123,279.4936286063324,28.300806775682915,475.8542318819914,0.6435011087932844,1.5108681716736887,467.53096797697424,0.6421342976353315,1.510226823410923,0.39999999999997726,0.30000000000001137,0.030000000000001137,0.5008991914547778,1.1102230246251565e-16,0.0,-1.246072504338656,8.15335846265964,9.571034241440476,4.306563635109001,0.015720030993608525,-0.020125002702787054,5.0,5.0,5.0
0,951,380.40000000000003,285.3,28.529999999999998,378.8615562261197,284.56248006938193,28.90618415622956,476.35513107344616,0.6435011087932844,1.5108681716736887,474.7077536040343,0.6442040034207365,1.5098660441426823,0.4000000000000341,0.30000000000001137,0.029999999999997584,0.5008991914547778,0.0,0.0,5.140293890408486,5.068851463049555,0.6053773805466456,7.176785627060042,0.002069705785404996,-0.0003607792682407407,5.0,5.0,5.0
0,952,380.8,285.59999999999997,28.56,372.9327395538362,282.56815110038326,14.487475819811275,476.8560302649008,0.6435011087932843,1.5108681716736887,468.1169460754952,0.648405836520651,1.5398429728674798,0.39999999999997726,0.2999999999999545,0.030000000000001137,0.5008991914546641,-1.1102230246251565e-16,0.0,-5.928816672283517,-1.9943289689986727,-14.418708336418286,-6.590807528539074,0.004201833099914509,0.029976928724797514,5.0,5.0,5.0
0,953,381.20000000000005,285.9,28.59,374.5926723401663,283.5235962809552,28.819945203391864,477.35692945635554,0.6435011087932843,1.5108681716736887,470.67599159141287,0.647893002703404,1.509527035514839,0.4000000000000341,0.30000000000001137,0.030000000000001137,0.500899191454721,0.0,0.0,1.6599327863301028,0.9554451805719282,14.33246938358059,2.55904551591766,-0.0005128338172469826,-0.03031593735264093,5.0,5.0,5.0
0,954,381.6,286.2,28.619999999999997,380.94027354232355,284.40265298371,33.07871231956483,477.85782864781027,0.6435011087932843,1.5108681716736887,476.5443969237215,0.6413091575178239,1.5013267580666245,0.39999999999997726,0.30000000000001137,0.029999999999997584,0.500899191454721,0.0,0.0,6.34760120215725,0.8790567027548377,4.258767116172965,5.868405332308612,-0.006583845185580084,-0.008200277448214388,5.0,5.0,5.0
0,955,382.0,286.5,28.65,379.141847481856,282.07524594283115,22.26044341027358,478.358727839265,0.6435011087932844,1.5108681716736887,473.0861572974691,0.639639360082186,1.5237252689222422,0.39999999999997726,0.30000000000001137,0.030000000000001137,0.500899191454721,1.1102230246251565e-16,0.0,-1.7984260604675342,-2.3274070408788816,-10.818268909291248,-3.458239626252407,-0.0016697974356378875,0.022398510855617726,5.0,5.0,5.0
0,956,382.40000000000003,286.8,28.68,375.6870926932603,283.90093544733037,22.58976236155999,478.85962703071976,0.6435011087932844,1.5108681716736887,471.43486308050586,0.6471293115390541,1.5228609329908203,0.4000000000000341,0.30000000000001137,0.030000000000001137,0.5008991914547778,0.0,0.0,-3.4547547885957215,1.8256895044992234,0.3293189512864103,-1.6512942169632083,0.007489951456868038,-0.0008643359314219889,5.0,5.0,5.0
0,957,382.8,287.09999999999997,28.709999999999997,378.0227800444802,280.00430910035345,29.566027854316225,479.3605262221744,0.6435011087932843,1.5108681716736887,471.3573860144826,0.6375273353948356,1.5080298339525866,0.39999999999997726,0.2999999999999545,0.029999999999997584,0.5008991914546641,-1.1102230246251565e-16,0.0,2.335687351219917,-3.896626346976916,6.976265492756234,-0.07747706602327753,-0.009601976144218427,-0.014831099038233653,5.0,5.0,5.0
0,958,383.20000000000005,287.4,28.74,378.84276568718184,281.6654554110161,14.00624171133153,479.8614254136292,0.6435011087932843,1.5108681716736887,472.28534244912186,0.6393210740107143,1.5411356654541009,0.4000000000000341,0.30000000000001137,0.030000000000001137,0.5008991914547778,0.0,0.0,0.8199856427016243,1.661146310662673,-15.559786142984695,0.9279564346392704,0.001793738615878615,0.03310583150151425,5.0,5.0,5.0
0,959,383.6,287.7,28.77,375.4756125494475,286.91699144476326,25.672329209057903,480.3623246050839,0.6435011087932843,1.5108681716736887,473.24662078678955,0.6524912364413475,1.5165224322677,0.39999999999997726,0.30000000000001137,0.030000000000001137,0.500899191454721,0.0,0.0,-3.3671531377343626,5.251536033747129,11.666087497726373,0.961278337667693,0.013170162430633292,-0.02461323318640085,5.0,5.0,5.0
0,960,384.0,288.0,28.799999999999997,379.7104498063721,290.77711519863715,15.866059228815114,480.86322379653865,0.6435011087932844,1.5108681716736887,478.5217740613808,0.6535281149355352,1.5376338489758328,0.39999999999997726,0.30000000000001137,0.029999999999997584,0.500899191454721,1.1102230246251565e-16,0.0,4.234837256924607,3.860123753873893,-9.806269980242789,5.2751532745912755,0.001036878494187654,0.02111141670813277,5.0,5.0,5.0
0,961,384.40000000000003,288.3,28.83,380.3202726377829,286.7140489553892,23.045482808064424,481.36412298799337,0.6435011087932844,1.5108681716736887,476.84331800448626,0.6459766728897717,1.522448237039186,0.4000000000000341,0.30000000000001137,0.030000000000001137,0.500899191454721,0.0,0.0,0.6098228314108383,-4.063066243247931,7.17942357924931,-1.6784560568945608,-0.007551442045763523,-0.015185611936646692,5.0,5.0,5.0
0,962,384.8,288.59999999999997,28.86,376.2724908012245,284.3659748733965,26.149340865887876,481.8650221794481,0.6435011087932843,1.5108681716736887,472.365095055906,0.6471676479984125,1.5154096871795943,0.39999999999997726,0.2999999999999545,0.030000000000001137,0.500899191454721,-1.1102230246251565e-16,0.0,-4.047781836558443,-2.3480740819927064,3.1038580578234516,-4.478222948580253,0.001190975108640857,-0.007038549859591736,5.0,5.0,5.0
0,963,385.20000000000005,288.9,28.89,386.54578049828297,280.50704469445077,22.12599083714013,482.3659213709028,0.6435011087932843,1.5108681716736887,478.1123320044847,0.6277512298834113,1.5245019842080505,0.4000000000000341,0.30000000000001137,0.030000000000001137,0.500899191454721,0.0,0.0,10.273289697058487,-3.858930178945741,-4.023350028747746,5.7472369485786885,-0.019416418115001277,0.009092297028456153,5.0,5.0,5.0
0,964,385.6,289.2,28.919999999999998,373.43487484169884,288.2664042124885,16.800529197920994,482.86682056235753,0.6435011087932843,1.5108681716736887,472.0523099477041,0.6573905927374025,1.5351984117490787,0.39999999999997726,0.30000000000001137,0.029999999999997584,0.500899191454721,0.0,0.0,-13.110905656584123,7.759359518037741,-5.325461639219135,-6.0600220567806105,0.02963936285399127,0.010696427541028175,5.0,5.0,5.0
0,965,386.0,289.5,28.95,381.885430135984,277.1676700923567,18.17948628013132,483.3677197538123,0.6435011087932844,1.5108681716736887,472.21699759324684,0.6278241783948282,1.5322886491124128,0.39999999999997726,0.30000000000001137,0.030000000000001137,0.5008991914547778,1.1102230246251565e-16,0.0,8.450555294285152,-11.098734120131837,1.3789570822103272,0.16468764554275594,-0.029566414342574343,-0.002909762636665869,5.0,5.0,5.0
0,966,386.40000000000003,289.8,28.98,383.5337416228816,281.7239978180589,34.915802421733474,483.86861894526703,0.6435011087932844,1.5108681716736887,477.1641805171366,0.6335383550624436,1.4975573079151263,0.4000000000000341,0.30000000000001137,0.030000000000001137,0.500899191454721,0.0,0.0,1.6483114868976259,4.556327725702204,16.736316141602153,4.947182923889727,0.005714176667615423,-0.03473134119728649,5.0,5.0,5.0
0,967,386.8,290.09999999999997,29.009999999999998,373.63757772980847,290.4533464852949,23.84105370448058,484.3695181367217,0.6435011087932843,1.5108681716736887,473.85291158548915,0.6607868774569717,1.520461880794827,0.39999999999997726,0.2999999999999545,0.029999999999997584,0.5008991914546641,-1.1102230246251565e-16,0.0,-9.896163893073151,8.729348667236025,-11.074748717252895,-3.311268931647419,0.02724852239452813,0.022904572879700602,5.0,5.0,5.0
0,968,387.20000000000005,290.4,29.04,383.9747705467269,286.41899830628086,30.887492195188138,484.8704173281765,0.6435011087932843,1.5108681716736887,480.02760772823547,0.640892383499524,1.506406601136625,0.4000000000000341,0.30000000000001137,0.030000000000001137,0.5008991914547778,0.0,0.0,10.337192816918446,-4.034348179014046,7.046438490707558,6.174696142746313,-0.01989449395744769,-0.014055279658201858,5.0,5.0,5.0
0,969,387.6,290.7,29.07,375.392298320822,297.2584219819749,35.395565214818276,485.3713165196312,0.6435011087932843,1.5108681716736887,480.14038896418555,0.6697582347994706,1.4970101918639311,0.39999999999997726,0.30000000000001137,0.030000000000001137,0.500899191454721,0.0,0.0,-8.582472225904894,10.839423675694036,4.508073019630139,0.11278123595008083,0.028865851299946566,-0.009396409272693917,5.0,5.0,5.0
0,970,388.0,291.0,29.099999999999998,387.7550722564215,280.9944577370965,21.190440207572244,485.8722157110859,0.6435011087932844,1.5108681716736887,479.3338253198268,0.6270918358469235,1.5265738091160617,0.39999999999997726,0.30000000000001137,0.029999999999997584,0.500899191454721,1.1102230246251565e-16,0.0,12.362773935599478,-16.263964244878366,-14.205125007246032,-0.8065636443587323,-0.04266639895254709,0.029563617252130525,5.0,5.0,5.0
0,971,388.40000000000003,291.3,29.13,383.15452426676995,287.9780183422537,24.750083968799032,486.3731149025407,0.6435011087932844,1.5108681716736887,479.94926312151875,0.6445227847516535,1.519205318011886,0.4000000000000341,0.30000000000001137,0.030000000000001137,0.5008991914547778,0.0,0.0,-4.600547989651545,6.983560605157152,3.5596437612267877,0.6154378016919395,0.01743094890472996,-0.00736849110417559,5.0,5.0,5.0
0,972,388.8,291.59999999999997,29.16,383.54881634910254,282.9775949576119,24.93727283820135,486.87401409399536,0.6435011087932843,1.5108681716736887,477.2922389348048,0.6356393058152612,1.5185251387318761,0.39999999999997726,0.2999999999999545,0.030000000000001137,0.5008991914546641,-1.1102230246251565e-16,0.0,0.3942920823325835,-5.000423384641749,0.18718886940231627,-2.6570241867139544,-0.008883478936392297,-0.0006801792800099626,5.0,5.0,5.0
0,973,389.20000000000005,291.9,29.189999999999998,387.17375328081596,286.6084189911827,26.866850092496833,487.37491328545013,0.6435011087932843,1.5108681716736887,482.4621526089608,0.6372369362556318,1.515080546372792,0.4000000000000341,0.30000000000001137,0.029999999999997584,0.5008991914547778,0.0,0.0,3.624936931713421,3.630824033570775,1.9295772542954843,5.169913674156021,0.0015976304403706454,-0.003444592359084009,5.0,5.0,5.0
0,974,389.6,292.2,29.22,381.6043599305956,286.33803064787463,23.352503597118634,487.87581247690485,0.6435011087932843,1.5108681716736887,477.65750777894846,0.6437270816553771,1.5218871898423745,0.39999999999997726,0.30000000000001137,0.030000000000001137,0.500899191454721,0.0,0.0,-5.569393350220366,-0.2703883433080705,-3.5143464953781987,-4.804644830012364,0.00649014539974524,0.006806643469582374,5.0,5.0,5.0
0,975,390.0,292.5,29.25,366.7633385473791,286.91835976184035,29.81783587887164,488.3767116683596,0.6435011087932844,1.5108681716736887,466.61182476159297,0.6638536773486376,1.5068498822688365,0.39999999999997726,0.30000000000001137,0.030000000000001137,0.500899191454721,1.1102230246251565e-16,0.0,-14.841021383216514,0.5803291139657176,6.465332281753007,-11.045683017355486,0.020126595693260585,-0.015037307573537939,5.0,5.0,5.0
0,976,390.40000000000003,292.8,29.279999999999998,385.39903237596013,291.85456710275065,22.494211578512264,488.87761085981435,0.6435011087932844,1.5108681716736887,483.96021742453087,0.6481433713910254,1.5243001111036483,0.4000000000000341,0.30000000000001137,0.029999999999997584,0.5008991914547778,0.0,0.0,18.635693828581054,4.9362073409103004,-7.323624300359377,17.348392662937897,-0.015710305957612247,0.017450228834811732,5.0,5.0,5.0
0,977,390.8,293.09999999999997,29.31,387.91854929517206,285.4999158202969,34.216545123723364,489.378510051269,0.6435011087932843,1.5108681716736887,482.86827891348514,0.6344671298342126,1.4998758569829556,0.39999999999997726,0.2999999999999545,0.030000000000001137,0.5008991914546641,-1.1102230246251565e-16,0.0,2.5195169192119238,-6.354651282453744,11.7223335452111,-1.0919385110457256,-0.013676241556812796,-0.024424254120692712,5.0,5.0,5.0
0,978,391.20000000000005,293.4,29.34,382.5298174141956,286.3814191890138,22.23771609702451,489.87940924272374,0.6435011087932843,1.5108681716736887,478.3700392843006,0.6426373384516055,1.5242931361484326,0.4000000000000341,0.30000000000001137,0.030000000000001137,0.500899191454721,0.0,0.0,-5.388731880976479,0.881503368716892,-11.978829026698854,-4.498239629184525,0.008170208617392927,0.02441727916547709,5.0,5.0,5.0
0,979,391.6,293.7,29.369999999999997,380.6637670411773,288.45094139979415,21.724377366561306,490.38030843417846,0.6435011087932843,1.5108681716736887,478.10124210712104,0.6484476452640893,1.525341811950864,0.39999999999997726,0.30000000000001137,0.029999999999997584,0.500899191454721,0.0,0.0,-1.866050373018254,2.069522210780349,-0.5133387304632038,-0.26879717717957874,0.005810306812483734,0.001048675802431287,5.0,5.0,5.0
0,980,392.0,294.0,29.4,390.95604904261836,294.6062489582092,20.582848289511013,490.8812076256332,0.6435011087932844,1.5108681716736887,489.9623739145176,0.6457713905652929,1.5287749223755664,0.39999999999997726,0.30000000000001137,0.030000000000001137,0.500899191454721,1.1102230246251565e-16,0.0,10.292282001441038,6.155307558415075,-1.1415290770502935,11.861131807396589,-0.0026762546987963987,0.0034331104247025124,5.0,5.0,5.0
0,981,392.40000000000003,294.3,29.43,387.61904067370386,295.51390529002447,31.08788481263422,491.38210681708796,0.6435011087932844,1.5108681716736887,488.40909644957236,0.6513788113595167,1.5071019454860162,0.4000000000000341,0.30000000000001137,0.030000000000001137,0.5008991914547778,0.0,0.0,-3.3370083689144963,0.9076563318152466,10.505036523123206,-1.5532774649452676,0.0056074207942238274,-0.021672976889550277,5.0,5.0,5.0
0,982,392.8,294.59999999999997,29.459999999999997,390.55401720870753,288.4895545957255,19.964454294341532,491.8830060085426,0.6435011087932843,1.5108681716736887,485.9601248085797,0.6362087618158724,1.5297022669118605,0.39999999999997726,0.2999999999999545,0.029999999999997584,0.5008991914546641,-1.1102230246251565e-16,0.0,2.9349765350036705,-7.02435069429896,-11.123430518292686,-2.4489716409926814,-0.015170049543644315,0.02260032142584434,5.0,5.0,5.0
0,983,393.20000000000005,294.9,29.49,395.04074503161047,288.7741169580882,37.36424228501165,492.3839051999974,0.6435011087932843,1.5108681716736887,490.7583595432548,0.6312287033739987,1.4945868564112266,0.4000000000000341,0.30000000000001137,0.030000000000001137,0.5008991914547778,0.0,0.0,4.486727822902935,0.28456236236269206,17.399787990670116,4.798234734675134,-0.004980058441873658,-0.03511541050063394,5.0,5.0,5.0
0,984,393.6,295.2,29.52,385.9658482069378,283.6399172762727,25.82115282017702,492.8848043914521,0.6435011087932843,1.5108681716736887,479.674859240668,0.6337561192295923,1.5169397632286927,0.39999999999997726,0.30000000000001137,0.030000000000001137,0.500899191454721,0.0,0.0,-9.074896824672692,-5.134199681815517,-11.54308946483463,-11.083500302586799,0.0025274158555935733,0.022352906817466156,5.0,5.0,5.0
0,985,394.0,295.5,29.549999999999997,389.020576482854,280.14736076160864,31.08879545040054,493.38570358290684,0.6435011087932844,1.5108681716736887,480.4019836254882,0.6241120039179102,1.5060369438959205,0.39999999999997726,0.30000000000001137,0.029999999999997584,0.500899191454721,1.1102230246251565e-16,0.0,3.0547282759162044,-3.492556514664045,5.26764263022352,0.727124384820172,-0.009644115311682078,-0.010902819332772262,5.0,5.0,5.0
0,986,394.40000000000003,295.8,29.58,393.9603744766352,294.53254729261386,28.607557933854977,493.8866027743616,0.6435011087932844,1.5108681716736887,492.7195860156011,0.6419759922370037,1.5127031314481958,0.4000000000000341,0.30000000000001137,0.030000000000001137,0.5008991914547778,0.0,0.0,4.939797993781212,14.385186531005218,-2.481237516545562,12.317602390112938,0.017863988319093527,0.006666187552275327,5.0,5.0,5.0
0,987,394.8,296.09999999999997,29.61,385.1230710812727,292.73647940447523,17.644875599079974,494.3875019658163,0.6435011087932843,1.5108681716736887,484.0720688989448,0.6499411294400178,1.5343373231862316,0.39999999999997726,0.2999999999999545,0.030000000000001137,0.5008991914546641,-1.1102230246251565e-16,0.0,-8.837303395362483,-1.796067888138623,-10.962682334775003,-8.647517116656331,0.007965137203014061,0.021634191738035824,5.0,5.0,5.0
0,988,395.20000000000005,296.4,29.64,399.04687112045053,283.4074256493025,29.943640322852993,494.88840115727106,0.6435011087932843,1.5108681716736887,490.3619029451317,0.6175460748256412,1.5096939436402592,0.4000000000000341,0.30000000000001137,0.030000000000001137,0.5008991914547778,0.0,0.0,13.92380003917782,-9.329053755172708,12.298764723773019,6.289834046186911,-0.03239505461437664,-0.0246433795459724,5.0,5.0,5.0
0,989,395.6,296.7,29.669999999999998,401.68763418521405,294.3169011677491,12.888684757088576,495.3893003487257,0.6435011087932843,1.5108681716736887,498.1380450889779,0.6323374628327436,1.544919718149271,0.39999999999997726,0.30000000000001137,0.029999999999997584,0.5008991914546641,0.0,0.0,2.6407630647635187,10.909475518446584,-17.054955565764416,7.776142143846187,0.014791388007102446,0.035225774509011876,5.0,5.0,5.0
0,990,396.0,297.0,29.7,392.0730189326463,286.54689505231954,22.015594622344555,495.89019954018045,0.6435011087932844,1.5108681716736887,486.12247597252656,0.6311325845706244,1.5254926669255326,0.39999999999997726,0.30000000000001137,0.030000000000001137,0.500899191454721,1.1102230246251565e-16,0.0,-9.614615252567773,-7.770006115429567,9.126909865255978,-12.015569116451331,-0.0012048782621192355,-0.019427051223738445,5.0,5.0,5.0
0,991,396.40000000000003,297.3,29.73,400.57746168659634,292.3664683412617,24.412068358570178,496.3910987316352,0.6435011087932844,1.5108681716736887,496.52432337516154,0.6304880532364994,1.5216105909051354,0.4000000000000341,0.30000000000001137,0.030000000000001137,0.5008991914547778,0.0,0.0,8.504442753950059,5.819573288942138,2.396473736225623,10.401847402634985,-0.0006445313341250092,-0.0038820760203972515,5.0,5.0,5.0
0,992,396.8,297.59999999999997,29.759999999999998,388.43771774984435,291.99673817216774,29.657456479263562,496.89199792308995,0.6435011087932843,1.5108681716736887,486.85266806161457,0.6446015545880113,1.5098418913177012,0.39999999999997726,0.2999999999999545,0.029999999999997584,0.500899191454721,-1.1102230246251565e-16,0.0,-12.139743936751984,-0.3697301690939412,5.245388120693384,-9.671655313546978,0.014113501351511903,-0.011768699587434206,5.0,5.0,5.0
0,993,397.20000000000005,297.9,29.79,393.75186536758537,294.490763801851,25.24332698786079,497.39289711454467,0.6435011087932843,1.5108681716736887,492.3439519304231,0.6421618506916115,1.5195021047462303,0.4000000000000341,0.30000000000001137,0.030000000000001137,0.500899191454721,0.0,0.0,5.314147617741014,2.4940256296832786,-4.414129491402772,5.491283868808523,-0.002439703896399803,0.009660213428529074,5.0,5.0,5.0
0,994,397.6,298.2,29.82,394.65618296093993,293.45142772180304,35.81853360869282,497.8937963059994,0.6435011087932843,1.5108681716736887,493.10263691359484,0.6393681820503495,1.4980931915739024,0.39999999999997726,0.30000000000001137,0.030000000000001137,0.500899191454721,0.0,0.0,0.9043175933545626,-1.039336080047974,10.575206620832027,0.7586849831717473,-0.0027936686412619594,-0.021408913172327848,5.0,5.0,5.0
0,995,398.0,298.5,29.849999999999998,394.81601867932443,297.59327969702605,19.54423271817314,498.3946954974541,0.6435011087932844,1.5108681716736887,494.79634776255887,0.6458979316696942,1.5312864990102963,0.39999999999997726,0.30000000000001137,0.029999999999997584,0.500899191454721,1.1102230246251565e-16,0.0,0.15983571838449961,4.141851975223005,-16.274300890519676,1.693710848964031,0.006529749619344716,0.033193307436393926,5.0,5.0,5.0
0,996,398.40000000000003,298.8,29.88,392.9684778945763,296.56309461007646,23.188612316832327,498.8955946889089,0.6435011087932844,1.5108681716736887,492.8606349107886,0.6464857662476609,1.523729926477081,0.4000000000000341,0.30000000000001137,0.030000000000001137,0.5008991914547778,0.0,0.0,-1.8475407847481051,-1.0301850869495865,3.644379598659185,-1.9357128517702904,0.0005878345779666283,-0.0075565725332154,5.0,5.0,5.0
0,997,398.8,299.09999999999997,29.91,404.7722315933316,298.722492482321,25.699921491604407,499.39649388036355,0.6435011087932843,1.5108681716736887,503.72231730247034,0.6357777059046337,1.5197541486891548,0.39999999999997726,0.2999999999999545,0.030000000000001137,0.5008991914546641,-1.1102230246251565e-16,0.0,11.803753698755258,2.15939787224454,2.51130917477208,10.861682391681768,-0.010708060343027181,-0.003975777787926127,5.0,5.0,5.0
0,998,399.20000000000005,299.4,29.939999999999998,385.26398498445565,291.3405320537559,25.759578942086826,499.8973930718183,0.6435011087932843,1.5108681716736887,483.7056952845832,0.6474637654890639,1.51751646943027,0.4000000000000341,0.30000000000001137,0.029999999999997584,0.5008991914547778,0.0,0.0,-19.508246608875936,-7.381960428565094,0.059657450482418994,-20.01662201788713,0.011686059584430253,-0.0022376792588847394,5.0,5.0,5.0
0,999,399.6,299.7,29.97,395.31034835287653,296.67189035245315,39.16703969188086,500.39829226327305,0.6435011087932843,1.5108681716736887,495.800906653463,0.6438072349095951,1.4917164145126274,0.39999999999997726,0.30000000000001137,0.030000000000001137,0.500899191454721,0.0,0.0,10.046363368420884,5.331358298697239,13.407460749794033,12.095211368879802,-0.0036565305794687974,-0.0258000549176427,5.0,5.0,5.0
0,1000,400.0,300.0,30.0,400.72592026861724,297.2724094426799,19.840057699031735,500.89919145472777,0.6435011087932844,1.5108681716736887,499.3453479111299,0.6382548293762855,1.5310537287028483,0.39999999999997726,0.30000000000001137,0.030000000000001137,0.500899191454721,1.1102230246251565e-16,0.0,5.415571915740713,0.6005190902267259,-19.326981992849124,3.5444412576669038,-0.005552405533309601,0.03933731419022091,5.0,5.0,5.0
0,1001,400.00000000000136,300.0000000000009,30.0,405.03060952047247,298.43556806736683,21.204631116718517,500.8991914547294,0.6435011087932841,1.510868171673689,503.55061246811476,0.6350138716435535,1.528673643344691,1.3642420526593924e-12,9.094947017729282e-13,0.0,1.6484591469634324e-12,-2.220446049250313e-16,2.220446049250313e-16,4.304689251855223,1.1631586246869574,1.3645734176867812,4.205264556984844,-0.0032409577327320305,-0.002380085358157258,5.0,5.0,5.0
0,1002,400.2399950907911,300.18000654536627,38.0,400.03891577177683,299.3884281342807,28.328828551092,501.74105871440565,0.6435011251471088,1.4949874582023663,500.46686959243493,0.6424752062239587,1.5141612522046388,0.2399950907897619,0.18000654536535876,8.0,0.8418672596762349,1.6353824627834967e-08,-0.015880713471322583,-4.9916937486956385,0.9528600669138427,7.124197434373482,-3.0837428756798317,0.00746133458040521,-0.014512391140052205,5.0,5.0,5.0
0,1003,400.47998036268564,300.36002618110524,46.0,390.2198203418988,299.0881513334951,42.804387749383785,502.7090212029334,0.6435011741693787,1.4791639225212885,493.5153959770161,0.6539529828413586,1.483953569309612,0.23998527189451124,0.18001963573897228,8.0,0.9679624885277462,4.9022269910103944e-08,-0.01582353568107786,-9.819095429878018,-0.30027680078558205,14.475559198291787,-6.95147361541882,0.011477776617399904,-0.030207682895026844,5.0,5.0,5.0
0,1004,400.71995581497004,300.54005890668213,54.0,398.8390454238642,303.49361071251565,47.69692276928705,503.80235211438173,0.6435012558013972,1.4634051337696465,503.44409057967755,0.6504676529317222,1.4759127691970229,0.23997545228439776,0.18003272557689343,8.0,1.0933309114483336,8.16320184782171e-08,-0.01575878875164194,8.619225081965396,4.405459379020556,4.892535019903264,9.928694602661437,-0.0034853299096364587,-0.00804080011258912,5.0,5.0,5.0
0,1005,400.9599214469299,300.72010472156126,62.0,397.49100353488006,294.2779833569491,57.032783834947956,505.02023720884193,0.6435013699846073,1.4477184707596256,497.8467312454334,0.6372891659604908,1.455985341668238,0.2399656319598762,0.1800458148791222,8.0,1.2178850944602004,1.1418321010925325e-07,-0.015686663010020974,-1.3480418889841417,-9.21562735556654,9.335861065660907,-5.5973593342441745,-0.013178486971231362,-0.019927427528784847,5.0,5.0,5.0
0,1006,401.19987725785313,300.9001636252069,70.0,394.9227921265383,299.14605075098336,62.646628915958686,506.36177776506065,0.6435015166605897,1.4321111030628784,499.3765828865674,0.6482710402268053,1.4450152551121123,0.23995581092322027,0.18005890364565857,8.0,1.3415405562187175,1.4667598247086744e-07,-0.015607367696747199,-2.5682114083417673,4.868067394034256,5.61384508101073,1.5298516411340302,0.010981874266314473,-0.010970086556125747,5.0,5.0,5.0
0,1007,401.4398232470239,301.0802356170834,78.0,390.23742311635476,304.6785705826206,78.2540827091099,507.825993789054,0.6435016957710692,1.4165899735679992,501.2364504237556,0.6628935445755151,1.4140329540550383,0.23994598917079202,0.18007199187650258,8.0,1.4642160239933446,1.7911047944796366e-07,-0.01552112949487916,-4.6853690101835355,5.532519831637217,15.607453793151208,1.8598675371882223,0.01462250434870982,-0.030982301057074002,5.0,5.0,5.0
0,1008,401.6797594137297,301.26032069665507,86.0,400.3349201152437,293.7921671915539,79.88579367708941,509.4118274529197,0.6435019072579056,1.4011617825967106,502.9548943973078,0.6330951029814378,1.4112878742244876,0.23993616670577467,0.1800850795716542,8.0,1.5858336638656851,2.114868363767286e-07,-0.015428190971288558,10.097496998888914,-10.886403391066665,1.6317109679795152,1.718443973552155,-0.029798441594077296,-0.002745079830550612,5.0,5.0,5.0
0,1009,401.91968575725605,301.4404188633862,94.0,392.77328876180735,297.5607494006447,90.5493559644043,511.11814673688235,0.6435021510631,1.3858329736473125,501.0114188461255,0.6483404452947543,1.3890645333525458,0.23992634352634923,0.18009816673111345,8.0,1.7063192839626709,2.43805194477531e-07,-0.015328808949398143,-7.561631353436326,3.7685822090907664,10.663562287314889,-1.9434755511823028,0.015245342313316534,-0.022223340871941888,5.0,5.0,5.0
0,1010,402.1596022768881,301.62053011674107,102.0,389.88044792148025,295.8614949820733,104.33958870720784,512.9437492468436,0.6435024271287929,1.3706097208146437,500.4273550237544,0.6491422572233421,1.360754334381443,0.23991651963206095,0.18011125335488032,8.0,1.825602509961243,2.760656928613159e-07,-0.015223252832668788,-2.8928408403270964,-1.6992544185713996,13.79023274280354,-0.5840638223710926,0.0008018119285877479,-0.028310198971102762,5.0,5.0,5.0
0,1011,402.39950897191375,301.8006544561831,110.0,398.90552110939444,300.07261241006864,110.21006551601023,514.8873661792622,0.6435027353972576,1.355497917916704,511.19022489793764,0.6449330451279756,1.3534951902235883,0.23990669502563833,0.1801243394420453,8.0,1.9436169324186494,3.0826846464382385e-07,-0.015111802897939786,9.025073187914188,4.211117427995362,5.870476808802394,10.762869874183252,-0.00420921209536651,-0.007259144157854669,5.0,5.0,5.0
0,1012,402.639405841619,301.98079188117754,118.0,404.6551276363506,306.0163985347,120.05946173328846,516.9476664050966,0.64350307581091,1.34050316933949,521.3502496846304,0.6474827694053191,1.3384251529102211,0.23989686970526236,0.18013742499442742,8.0,2.0603002258343395,3.404136524887136e-07,-0.014994748577213945,5.749606526956143,5.943786124631345,9.849396217278226,10.160024786692759,0.002549724277343568,-0.015070037313367202,5.0,5.0,5.0
0,1013,402.87929288528903,302.16094239118775,126.0,397.13538266845006,295.6563482522501,116.85283994544106,519.1232606447925,0.6435034483123022,1.325630782593835,508.70794630356124,0.6399540756040073,1.339021595830199,0.23988704367002356,0.18015051001020765,8.0,2.175594239695897,3.72501392176261e-07,-0.014872386745655053,-7.519744967900522,-10.36005028244989,-3.2066217878473964,-12.642303381069155,-0.007528693801311825,0.0005964429199778465,5.0,5.0,5.0
0,1014,403.1191701022108,302.34110598567713,134.0,398.64831748071,298.18384364103645,133.08361234298826,521.4127057068495,0.6435038528441201,1.3108857625613275,515.3109095614043,0.6422116795491056,1.3095768316421588,0.2398772169217409,0.18016359448938601,8.0,2.289445062056984,4.0453181793242976e-07,-0.014745020032507439,1.512934812259914,2.527495388786349,16.2307723975472,6.602963257843044,0.00225760394509833,-0.029444764188040207,5.0,5.0,5.0
0,1015,403.3590374916712,302.5212826641109,142.0,397.04553479415557,292.42114466359953,136.21471060685528,523.8145087633086,0.6435042893491894,1.2962728073909453,511.5757323525581,0.6348002538168814,1.3012802684978344,0.23986738946041442,0.1801766784337815,8.0,2.40180305645913,4.365050692012318e-07,-0.014612955170382191,-1.6027826865544057,-5.762698977436912,3.131098263867017,-3.73517720884621,-0.007411425732224197,-0.008296563144324365,5.0,5.0,5.0
0,1016,403.5988950529554,302.7014724259525,150.0,408.3701214031426,309.1326459710712,154.86755017794826,526.3271316365956,0.6435047577704709,1.2817963059940654,535.082336615602,0.6479605723374776,1.277167627780844,0.23985756128422508,0.1801897618415751,8.0,2.5126228732870004,4.6842128154089835e-07,-0.014476501396879948,11.324586608987033,16.71150130747168,18.652839571092983,23.506604263043926,0.013160318520596181,-0.024112640716990486,5.0,5.0,5.0
0,1017,403.8387427853504,302.88167527066435,158.0,398.385817187849,299.8232499524307,154.9194911812381,528.9489950734537,0.6435052580510572,1.267460337073115,522.1161645614142,0.6451599627270226,1.2695458469437662,0.2398477323949919,0.18020284471185732,8.0,2.6218634368581206,5.002805862908133e-07,-0.014335968920950348,-9.984304215293605,-9.309396018640541,0.05194100328984064,-12.966172054187837,-0.0028006096104550293,-0.007621780837077763,5.0,5.0,5.0
0,1018,404.07858068814267,303.0618911977135,166.0,397.3116541688359,293.76715626647706,150.08251451851353,531.678482983164,0.6435057901341844,1.253268669608379,516.4111286595877,0.6366742530380776,1.275915286880772,0.23983790279226014,0.18021592704917566,8.0,2.729487909710315,5.320831272248583e-07,-0.01419166746473599,-1.074163019013099,-6.056093685953613,-4.836976662724567,-5.705035901826477,-0.00848570968894502,0.006369439937005783,5.0,5.0,5.0
0,1019,404.31840876061824,303.2421202065616,174.0,401.59636274681975,297.5223673811071,169.4078524321707,534.5139466188783,0.6435063539632149,1.2392247647184622,527.7293038378803,0.63761886458752,1.2439976530722163,0.23982807247557503,0.18022900884807314,8.0,2.835463635714291,5.638290304643689e-07,-0.014043904889916803,4.284708577983849,3.755211114630015,19.325337913657165,11.318175178292563,0.0009446115494424756,-0.03191763380855561,5.0,5.0,5.0
0,1020,404.55822700206363,303.42236229667196,182.0,394.2427076621022,304.9402930954204,173.8491079953041,537.4537086826605,0.6435069494816477,1.2253317788026057,527.8630572872377,0.6583620311548171,1.2351864384097948,0.23981824144539132,0.18024209011036874,8.0,2.9397620637821547,5.955184327888219e-07,-0.013892985915856526,-7.353655084717559,7.417925714313299,4.44125556313341,0.13375344935741396,0.020743166567297022,-0.008811214662421518,5.0,5.0,5.0
0,1021,404.7980354117667,303.60261746750984,190.0,391.00144177512925,301.58167906777163,186.0839187511535,540.4960673366172,0.6435075766331174,1.2115925678674309,527.6939088499621,0.6569979621295412,1.2104096528759032,0.23980840970307327,0.18025517083788145,8.0,3.0423586539567395,6.271514697564484e-07,-0.013739210935174828,-3.24126588697294,-3.3586140276487413,12.234810755849395,-0.16914843727556672,-0.0013640690252758603,-0.02477678553389162,5.0,5.0,5.0
0,1022,405.0378339890117,303.78288571853864,198.0,408.26445408577337,291.3622942291091,186.20607285745731,543.6393001043917,0.6435082353613936,1.1980096929367006,535.0182730873789,0.6198354997994138,1.215320111922176,0.23979857724498288,0.1802682510287923,8.0,3.1432327677745207,6.587282761483237e-07,-0.013582874930730293,17.263012310644115,-10.219384838662506,0.1221541063038103,7.32436423741683,-0.03716246233012743,0.0049104590462727415,5.0,5.0,5.0
0,1023,405.277622733086,303.96316704922083,206.0,401.66865219800223,297.72635526087754,204.20113986388372,546.8816676492037,0.6435089256103734,1.1845854264402658,540.071101149835,0.6378606242492884,1.1830527368239085,0.2397887440743034,0.18028133068219176,8.0,3.242367544811941,6.902489798621403e-07,-0.0134242664964348,-6.595801887771131,6.364061031768415,17.99506700642641,5.052828062456115,0.018025124449874586,-0.03226737509826738,5.0,5.0,5.0
0,1024,405.5174016432775,304.14346145902164,214.0,391.12545689024284,291.5840095423724,204.89161901721218,550.2214174164711,0.6435096473240915,1.1713217594773606,529.1322454660101,0.6406148520252203,1.173179762818782,0.23977891019148956,0.18029440980080835,8.0,3.339749767267449,7.217137181214639e-07,-0.013263666962905152,-10.54319530775939,-6.142345718505112,0.6904791533284538,-10.938855683824954,0.002754227775931928,-0.009872974005126656,5.0,5.0,5.0
0,1025,405.7571707188713,304.32376894740355,222.0,408.34817115256396,311.38276423648284,217.24584432973646,553.6567871309228,0.643510400446713,1.1582204098497302,557.5869543181017,0.651479991672016,1.1705796832268274,0.23976907559381289,0.18030748838191357,8.0,3.4353697144516673,7.531226214885223e-07,-0.013101349627630432,17.22271426232112,19.798754694110414,12.354225312524278,28.454708852091585,0.010865139646795696,-0.0026000795919545183,5.0,5.0,5.0
0,1026,405.9969299591544,304.50408951382997,230.0,399.9140703981131,298.95337202357433,225.7150353551107,557.1860081399254,0.6435111849225348,1.145282830761614,547.952242017506,0.6419274280193084,1.146231097627607,0.23975924028309237,0.18032056642641692,8.0,3.52922100900264,7.844758217467884e-07,-0.012937579088116102,-8.434100754450867,-12.42939221290851,8.469191025374244,-9.634712300595652,-0.009552563652707624,-0.024348585599220263,5.0,5.0,5.0
0,1027,406.23667936341326,304.6844231577652,238.0,402.0375445690686,298.86287460289014,236.37455276301696,560.8073085964489,0.6435120006959871,1.1325102200861439,553.9188877921974,0.6392447484472449,1.1299208991566556,0.23974940425887326,0.18033364393522788,8.0,3.6213004565234996,8.157734523450699e-07,-0.012772610675470197,2.1234741709554896,-0.09049742068418709,10.659517407906264,5.966645774691415,-0.0026826795720634733,-0.016310198470951498,5.0,5.0,5.0
0,1028,406.4764189309358,304.86476987867263,246.0,410.1110609246975,294.8393061041529,242.95295920363228,564.5189164767587,0.6435128477116286,1.1199035301011815,560.4885717858671,0.6233150501293936,1.1224605445332243,0.2397395675225198,0.18034672090743697,8.0,3.7116078803097707,8.470156415141261e-07,-0.012606689984962394,8.073516355628897,-4.023568498737234,6.578406440615311,6.569683993669628,-0.015929698317851293,-0.007460354623431309,5.0,5.0,5.0
0,1029,406.71614866100754,305.0451296760157,254.0,396.9869643279883,292.414267311136,258.839799856272,568.3190624294596,0.6435137259141516,1.1074634776018515,556.8687417723272,0.6348594674873047,1.0873729912352716,0.23972973007175824,0.1803597973430442,8.0,3.800145952700859,8.782025229248092e-07,-0.012440052499330001,-13.124096596709194,-2.425038793016938,15.886840652639734,-3.619830013539854,0.011544417357911119,-0.035087553297952656,5.0,5.0,5.0
0,1030,406.95586855291504,305.2255025492568,262.0,404.01595103667665,305.5410702140812,255.88748280578466,572.205982453962,0.643514635248376,1.095190554301849,567.505628286026,0.6474954333528856,1.1030245142126005,0.2397198919074981,0.18037287324114004,8.0,3.8869200245023876,9.093342244748115e-07,-0.012272923300002514,7.028986708688365,13.126802902945201,-2.952317050487352,10.636886513698755,0.012635965865580912,0.015651522977328858,5.0,5.0,5.0
0,1031,407.19557860594614,305.40588849786036,270.0,408.1909700255507,291.64152508268546,267.3986910242489,576.1779204077493,0.6435155756592533,1.0830850374409267,568.4863297603878,0.620373647709985,1.0810867638841541,0.2397100530311036,0.1803859486035435,8.0,3.9719379537873465,9.404108772814723e-07,-0.012105516860922316,4.175018988874058,-13.899545131395712,11.511208218464219,0.9807014743618083,-0.027121785642900575,-0.02193775032844636,5.0,5.0,5.0
0,1032,407.43527881938644,305.5862875212897,278.0,403.6667199865507,302.6798491794899,275.1806884806148,580.2331303430334,0.6435165470918661,1.071147000521622,574.7054230096356,0.6433898143368727,1.071485733021899,0.239700213440301,0.1803990234293451,8.0,4.055209935284097,9.714326127951978e-07,-0.011938036919304729,-4.524250039000037,11.038324096804445,7.7819974563659,6.219093249247862,0.023016166626887657,-0.009601030862255167,5.0,5.0,5.0
0,1033,407.67496919252426,305.76669961900734,286.0,405.37395390369613,300.1420734891683,275.734697631717,584.3698786744794,0.6435175494914216,1.05937632410423,574.8416566846454,0.6373338402032872,1.0705169499490879,0.23969037313781882,0.18041209771763533,8.0,4.136748331446029,1.0023995554719889e-06,-0.011770676417391934,1.7072339171454587,-2.5377756903216095,0.5540091511022069,0.13623367500974837,-0.0060559741335854955,-0.0009687830728111191,5.0,5.0,5.0
0,1034,407.9146497246452,305.9471247904776,294.0,412.0043101398052,306.5410820864702,283.24231250516766,588.5864461806269,0.6435185828032618,1.0477727065950289,586.4649982512136,0.6396654652030035,1.0667581916064541,0.23968053212092855,0.18042517147023318,8.0,4.2165675061474985,1.0333118402039432e-06,-0.011603617509201136,6.630356236109094,6.399008597301929,7.507614873450677,11.623341566568229,0.0023316249997162863,-0.003758758342633728,5.0,5.0,5.0
0,1035,408.15432041503664,306.127563035162,302.0,400.78641207827627,288.0703861064675,297.0001172998601,592.8811298424899,0.643519646972851,1.0363356749688784,576.0411141005803,0.6232078065901243,1.0291021052005416,0.23967069039144917,0.18043824468441017,8.0,4.294683661863019,1.0641695892266156e-06,-0.011437031626150507,-11.217898061528956,-18.470695980002745,13.757804794692447,-10.423884150633285,-0.016457658612879178,-0.03765608640591256,5.0,5.0,5.0
0,1036,408.39398126298556,306.3080143525249,310.0,398.62167826499626,309.199769791226,290.200552473569,597.2522445235501,0.6435207419457869,1.0250645953733244,581.9966500571237,0.6597299171231393,1.0487796363512805,0.23966084794892595,0.18045131736289477,8.0,4.371114681060135,1.0949729358777915e-06,-0.011271079595553957,-2.1647338132800087,21.129383684758523,-6.799564826291089,5.955535956543372,0.03652211053301502,0.01967753115073889,5.0,5.0,5.0
0,1037,408.6336322677789,306.48847874203057,318.0,405.42854787241146,301.2222945571491,311.8030268182734,601.6981244959655,0.6435218676677943,1.01395868356726,593.5724940571649,0.6389883688593806,1.0177298877261718,0.23965100479335888,0.180464389505687,8.0,4.445879972415469,1.1257220073890295e-06,-0.01110591180606435,6.806869607415194,-7.9774752340769055,21.602474344704376,11.57584400004123,-0.020741548263758736,-0.031049748625108675,5.0,5.0,5.0
0,1038,408.8732734287032,306.6689562031388,326.0,404.1151437430577,301.1361341251533,321.34538043497076,606.217124818349,0.6435230240847194,1.0030170151529283,597.708017517927,0.6404053645786576,1.003173285261328,0.23964116092429322,0.18047746110823937,8.0,4.5190003223834765,1.1564169251077061e-06,-0.010941668414331751,-1.3134041293537848,-0.08616043199577916,9.542353616697369,4.135523460762101,0.0014169957192770033,-0.014556602464843804,5.0,5.0,5.0
0,1039,409.11290474504585,306.8494467353157,334.0,414.27003498423073,307.0025609863623,332.98893575799644,610.8076225708863,0.6435242111425443,0.9922385355655668,613.8011613505337,0.6377605369232753,0.9973825724895825,0.23963131634263846,0.18049053217691835,8.0,4.590497752537317,1.1870578249251196e-06,-0.010778479587361445,10.154891241173061,5.866426861208993,11.64355532302568,16.093143832606643,-0.0026448276553823202,-0.0057907127717454765,5.0,5.0,5.0
0,1040,409.35252621609425,307.0299503380238,342.0,408.2743717176447,305.0766337391512,334.5312364808075,615.4680179538718,0.6435254287873721,0.9816220697902018,609.6481470786471,0.6417287401847045,0.9899539320091666,0.2396214710483946,0.18050360270808596,8.0,4.6603953829854845,1.2176448277445573e-06,-0.010616465775365014,-5.995663266586007,-1.9259272472111206,1.542300722811035,-4.1530142718866045,0.003968203261429215,-0.007428640480415916,5.0,5.0,5.0
0,1041,409.5921378411349,307.21046701072373,350.0,402.59876621996307,295.5526222706336,346.7191156431028,620.1967352560139,0.6435266769654301,0.9711663317800728,607.98952642724,0.6332550647861597,0.96395996600992,0.23961162504065214,0.18051667269992322,8.0,4.7287173021420585,1.2481780580220203e-06,-0.010455738010129001,-5.675605497681659,-9.524011468517585,12.187879162295303,-1.658620651407091,-0.008473675398544822,-0.025993965999246638,5.0,5.0,5.0
0,1042,409.8317396194557,307.3909967528816,358.0,395.44859630085006,298.64571550812406,349.54402868266885,624.9922236990149,0.6435279556230791,0.9608699335557702,606.4238482244762,0.6468255378847899,0.9564773083148467,0.23960177832077534,0.18052974215788709,8.0,4.795488443000977,1.2786576489842716e-06,-0.010296398224302616,-7.1501699191130115,3.09309323749045,2.82491303956607,-1.56567820276382,0.013570473098630242,-0.00748265769507328,5.0,5.0,5.0
0,1043,410.0713315503431,307.57153956395814,366.0,417.8202696312206,290.4777456293483,359.13570999750743,629.8529581650108,0.6435292647067982,0.9507313939684344,622.8399125104525,0.6075118918481868,0.9562229922014753,0.23959193088739994,0.1805428110765206,8.0,4.860734465995961,1.3090837190921079e-06,-0.010138539587335793,22.371673330370527,-8.16796987877575,9.591681314838581,16.41606428597629,-0.039313646036603145,-0.0002543161133713445,5.0,5.0,5.0
0,1044,410.31091363308406,307.7520954434167,374.0,403.7445927050817,300.47600167591236,355.0391400029146,634.7774398135381,0.6435306041631955,0.9407491471143575,615.9125868625713,0.6397935483801191,0.9564260824233545,0.2395820827409807,0.18055587945855223,8.0,4.924481648527262,1.3394563973534446e-06,-0.009982246854076893,-14.075676926138897,9.998256046564052,-4.096569994592812,-6.927325647881162,0.03228165653193238,0.00020309022187914305,5.0,5.0,5.0
0,1045,410.550485866966,307.9326643907207,382.0,409.7274054685393,295.6843499073298,394.29455628371096,639.7641965946282,0.6435319739390035,0.9309215503918776,640.9165146000449,0.6251162037728646,0.9081513215129559,0.23957223388197235,0.18056894730398199,8.0,4.986756781090094,1.3697758080022382e-06,-0.009827596722479903,5.982812763457616,-4.79165176858254,39.25541628079634,25.003927737473646,-0.014677344607254561,-0.04827476091039862,5.0,5.0,5.0
0,1046,410.7900482512764,308.1132464053326,390.0,402.4418553884113,299.7104123874305,389.21294345218337,644.8117836645971,0.6435333739810777,0.9212468921947548,635.037395444255,0.6401195914692924,0.911073738379103,0.2395623843103749,0.18058201461190038,8.0,5.047587069968927,1.4000420741622221e-06,-0.009674658197122876,-7.285550080128019,4.026062480100677,-5.081612831527593,-5.879119155789908,0.015003387696427839,0.0029224168661471372,5.0,5.0,5.0
0,1047,411.02960078530214,308.293841486714,398.0,406.6940066319146,294.6325530861869,397.68830581128145,649.9187837109803,0.643534804236397,0.9117233992391389,640.5968661704893,0.6269525566393148,0.9010220949470735,0.23955253402573362,0.1805950813813979,8.0,5.1070000463831775,1.4302553192901968e-06,-0.009523492955615831,4.252151243503306,-5.07785930124362,8.475362359098085,5.559470726234281,-0.013167034829977609,-0.010051643432029467,5.0,5.0,5.0
0,1048,411.2691434683311,308.4744496343292,406.0,408.3465899635776,309.07223699431415,395.4589679380504,655.0838071929247,0.6435362646520671,0.9023492435238628,647.0397055345055,0.6478942558006464,0.9132433138863459,0.23954268302895798,0.18060814761520305,8.0,5.165023481944445,1.4604156701736315e-06,-0.009374155715276111,1.6525833316630383,14.439683908127279,-2.2293378732310316,6.4428393640162085,0.020941699161331595,0.012221218939272416,5.0,5.0,5.0
0,1049,411.5086762996498,308.6550708476416,414.0,408.05750056851855,308.3203828751343,410.89485179213517,660.305492503169,0.6435377551753175,0.8931225489260844,656.0540842764235,0.6470632168761148,0.8939823570015668,0.23953283131868375,0.18062121331240633,8.0,5.221685310244311,1.490523250380349e-06,-0.009226694597778362,-0.2890893950590794,-0.7518541191798249,15.43588385408475,9.014378741917994,-0.0008310389245316241,-0.019260956884779135,5.0,5.0,5.0
0,1050,411.7481992785465,308.83570512611095,422.0,413.9133434543055,296.96054541262725,420.2132417347062,665.5825060575645,0.6435392757534929,0.8840413974363526,660.3703430276662,0.6223390974503425,0.8810653593445193,0.2395229788967299,0.18063427846936975,8.0,5.277013554395467,1.5205781753735437e-06,-0.009081151489731876,5.855842885786956,-11.359837462507073,9.318389942571002,4.316258751242685,-0.02472411942577224,-0.012916997657047458,5.0,5.0,5.0
0,1051,411.9877124043078,309.0163524692007,430.0,410.5658393505744,311.59507220494476,431.728635935426,670.9135423178637,0.6435408263340683,0.8751038350388956,672.3432252582828,0.6491985613145308,0.8735288176177263,0.23951312576127748,0.1806473430897313,8.0,5.331036260299243,1.5505805753823765e-06,-0.008937562397457022,-3.3475041037311257,14.634526792317502,11.515394200719811,11.97288223061662,0.02685946386418825,-0.007536541726793078,5.0,5.0,5.0
0,1052,412.22721567622193,309.197012876376,438.0,402.39707411171736,305.12192798946353,428.88603150565876,676.2973237532766,0.6435424068646418,0.8663078772444391,662.5451110787485,0.6487670923686444,0.8667187002359261,0.23950327191414544,0.18066040717530996,8.0,5.383781435412857,1.5805305735305808e-06,-0.00879595779445641,-8.16876523885702,-6.473144215481227,-2.8426044297672206,-9.79811417953431,-0.00043146894588641516,-0.0068101173818001515,5.0,5.0,5.0
0,1053,412.466709093575,309.37768634709573,446.0,406.1324020071689,304.87725712953676,450.7165222877336,681.7326007460446,0.6435440172929267,0.8576515142841021,678.9985665213818,0.6439389787272698,0.8449134926329196,0.23949341735306007,0.18067347071973927,8.0,5.435276992767967,1.610428284837262e-06,-0.008656362960337005,3.735327895451519,-0.24467085992677085,21.830490782074833,16.4534554426333,-0.004828113641374587,-0.021805207603006527,5.0,5.0,5.0
0,1054,412.70619265565483,309.5583728808242,454.0,415.525248940651,305.18960953984714,446.9887572032988,687.2181514460673,0.6435456575667635,0.8491327159740076,682.349528720013,0.633485688982878,0.8565170855130534,0.23948356207984034,0.1806865337284762,8.0,5.4855507000227135,1.6402738368670455e-06,-0.0085187983100945,9.392846933482133,0.31235241031038186,-3.727765084434793,3.350962198631237,-0.010453289744391747,0.011603592880133795,5.0,5.0,5.0
0,1055,412.9456663617502,309.7390724770248,462.0,398.05578974120596,310.01288724192233,445.1454391016653,692.7527815793146,0.6435473276341123,0.8407494362610287,672.8379180423636,0.6616907823546272,0.8478540094806027,0.23947370609539576,0.18069959620061127,8.0,5.534630133247333,1.670067348746862e-06,-0.00838327971297892,-17.469459199445055,4.823277702075188,-1.8433181016334856,-9.5116106776494,0.028205093371749146,-0.008663076032450645,5.0,5.0,5.0
0,1056,413.1851302111477,309.9197851351573,470.0,407.84984039660316,302.64236759729715,467.95339221785474,698.3353242145389,0.6435490274430506,0.8324996174608044,690.5898002900344,0.6383895416378187,0.8262828280990896,0.23946384939745258,0.18071265813250648,8.0,5.582542635224286,1.6998089383823967e-06,-0.008249818800224351,9.7940506553972,-7.370519644625176,22.807953116189424,17.75188224767078,-0.023301240716808502,-0.02157118138151315,5.0,5.0,5.0
0,1057,413.42458420313415,310.10051085468604,478.0,407.4649709268196,308.8566883778134,475.0084295605134,703.9646394925469,0.6435507569417834,0.824381194199664,697.8919433849691,0.6485987363873995,0.8221697429791156,0.23945399198646555,0.1807257195287093,8.0,5.629315278007994,1.7294987327831635e-06,-0.008118423261140317,-0.38486946978355263,6.214320780516232,7.055037342658636,7.3021430949346495,0.010209194749580819,-0.0041130851199739915,5.0,5.0,5.0
0,1058,413.66402833699885,310.28124963507344,486.0,409.9164013521055,306.5098824844367,484.48876794609987,709.6396143220136,0.6435525160786302,0.816392097072427,704.775943420328,0.642051562684528,0.812842883654023,0.23944413386470842,0.18073878038740077,8.0,5.6749748294666915,1.7591368467462232e-06,-0.007989097127237055,2.451430425285878,-2.346805893376711,9.480338385586492,6.884000035358895,-0.0065471737028715005,-0.009326859325092585,5.0,5.0,5.0
0,1059,413.90346261202785,310.4620014757802,494.0,413.0053935422642,314.76357152595995,494.69510148263646,715.3591620455935,0.6435543048020309,0.8085302560283085,717.1978837710653,0.6512188659035962,0.809637473510254,0.23943427502899794,0.18075184070676187,8.0,5.719547723579922,1.788723400730774e-06,-0.007861841044118467,3.088992190158706,8.253689041523273,10.20633353653659,12.421940350737373,0.009167303219068224,-0.003205410143769072,5.0,5.0,5.0
0,1060,414.142887027509,310.6427663762697,502.0,404.8453291820962,302.74191300176454,492.85313403177156,721.1222220798509,0.6435561230605482,0.8007936034972863,706.0146019548513,0.642089365159895,0.7980868829045046,0.23942441548115312,0.1807649004895211,8.0,5.763060034257364,1.8182585173054377e-06,-0.007736652531022181,-8.160064360168008,-12.021658524195402,-1.8419674508648995,-11.183281816214048,-0.009129500743701224,-0.011550590605749367,5.0,5.0,5.0
0,1061,414.38230158273154,310.8235443360045,510.0,409.8830072088524,305.78795640188343,502.93622723254174,726.9277595322648,0.6435579708028597,0.7931800772692706,717.255325906971,0.6409600659451642,0.7937233790484441,0.23941455522253818,0.18077795973476896,8.0,5.805537452413887,1.8477423114893199e-06,-0.007613526228015699,5.037678026756225,3.04604340011889,10.083093200770179,11.240723952119765,-0.0011292992147308167,-0.0043635038560604356,5.0,5.0,5.0
0,1062,414.6217062769806,311.0043353544452,518.0,413.31966177579295,310.76681677574453,512.7171216299048,732.7747647983622,0.6435598479777647,0.7856876231383843,728.2087640449266,0.6447032689907182,0.7896697719211011,0.2394046942490604,0.18079101844068646,8.0,5.847005266097426,1.8771749049628639e-06,-0.0074924541308863946,3.436654566940547,4.978860373861096,9.780894397363056,10.953438137955573,0.0037432030455539778,-0.00405360712734304,5.0,5.0,5.0
0,1063,414.86110110954587,311.1851394310552,526.0,415.8294693258081,305.04398242975304,515.9860376144835,738.66225314182,0.6435617545341794,0.778314197324531,729.5255785710888,0.6329089085682509,0.7851392303564012,0.23939483256526728,0.18080407661000208,8.0,5.88748834345779,1.9065564147435765e-06,-0.007373425813853252,2.5098075500151253,-5.722834345991487,3.2689159845787117,1.3168145261621476,-0.011794360422467287,-0.004530541564699897,5.0,5.0,5.0
0,1064,415.1004860797143,311.3659565652961,534.0,414.24929407439834,307.63687011249726,520.4106211025708,744.5892642601268,0.643563690421139,0.7710577686841775,732.8506915123396,0.6387721371262708,0.7811302396901946,0.2393849701684303,0.18081713424089685,8.0,5.927011118306837,1.9358869596253214e-06,-0.007256428640353474,-1.5801752514097416,2.5928876827442195,4.424583488087251,3.3251129412508362,0.005863228558019906,-0.0040089906662066355,5.0,5.0,5.0
0,1065,415.3398611867742,311.54678675662944,542.0,403.65214422971115,310.1335472737996,539.2319972512554,750.5548618382467,0.6435656555877944,0.7639163207220869,741.5450205789609,0.6551224517059022,0.7566007317230394,0.23937510705991372,0.18083019133337075,8.0,5.965597578119855,1.96516665540436e-06,-0.007141447962090597,-10.59714984468718,2.4966771613023298,18.821376148684635,8.694329066621322,0.01635031457963143,-0.02452950796715514,5.0,5.0,5.0
0,1066,415.57922643001257,311.7276300045187,550.0,410.37614934831356,308.70019339260773,548.3786864313056,756.5581330924953,0.6435676499834188,0.7568878534153946,751.2812902546601,0.6449313610195637,0.7525847099777271,0.2393652432383533,0.18084324788924278,8.0,6.003271254248602,1.9943956243162475e-06,-0.007028467306692376,6.724005118602406,-1.433353881191863,9.146689180050203,9.73626967569919,-0.0101910906863385,-0.004016021745312348,5.0,5.0,5.0
0,1067,415.81858180871814,311.9084863084254,558.0,408.7258819973796,312.76811856758553,547.3496746617404,762.5981883066776,0.6435696735573975,0.7499703848611081,751.3137886124254,0.653175434670352,0.7546324109927404,0.239355378705568,0.18085630390669394,8.0,6.040055214182303,2.0235739787155538e-06,-0.006917468554286432,-1.650267350933973,4.067925174977802,-1.0290117695651588,0.03249835776523469,0.008244073650788275,0.0020477010150132813,5.0,5.0,5.0
0,1068,416.05792732217833,312.0893556678093,566.0,403.34665836097116,305.80702026316845,570.5638756211983,768.6741603623575,0.6435717262592312,0.7431619527577467,762.7251120928706,0.6487120881293703,0.7256629321229691,0.23934551346019362,0.18086935938390525,8.0,6.075972055679927,2.0527018337324066e-06,-0.006808432103361461,-5.379223636408426,-6.961098304417078,23.214200959457912,11.411323480445276,-0.004463346540981683,-0.028969478869771303,5.0,5.0,5.0
0,1069,416.2972629696801,312.2702380821347,574.0,413.9330400266516,305.06567121666535,564.7652840699747,774.7852042649757,0.6435738080385449,0.7364606157314573,763.78364179342,0.635124397486481,0.7385715723983588,0.23933564750177538,0.18088241432542418,8.0,6.111043902618235,2.0817793137117846e-06,-0.006701337026289389,10.586381665680449,-0.7413490465031032,-5.798591551223694,1.058529700549343,-0.013587690642889338,0.012908640275389738,5.0,5.0,5.0
0,1070,416.5365887505136,312.45113355086323,582.0,421.34743394893076,304.36724561736617,577.5721800442512,780.9304966673628,0.6435759188450717,0.7298644545165401,777.0216878962386,0.6255798134061279,0.7327833430103956,0.23932578083349654,0.18089546872852225,8.0,6.145292402387099,2.1108065267894105e-06,-0.006596161214917129,7.414393922279146,-0.6984255992991848,12.806895974276586,13.238046102818657,-0.00954458408035308,-0.005788229387963195,5.0,5.0,5.0
0,1071,416.77590466396487,312.6320420734555,590.0,408.98356784698524,304.68976899833007,576.6070469964624,787.1092353920675,0.6435780586286639,0.723371572999908,769.7915956589068,0.6402887213913967,0.7241798314156211,0.23931591345126435,0.18090852259228996,8.0,6.178738724704658,2.139783592203237e-06,-0.006492881516632187,-12.363866101945518,0.32252338096390076,-0.9651330477888678,-7.23009223733186,0.014708907985268804,-0.00860351159477446,5.0,5.0,5.0
0,1072,417.0152107093227,312.81296364937407,598.0,411.956172542126,310.0088287021563,593.1164371465746,793.3206389537874,0.6435802273392888,0.7169800991386122,785.8756071938404,0.6451174913027722,0.7155683371185457,0.2393060453578073,0.1809215759185463,8.0,6.211403561719862,2.1687106248613475e-06,-0.006391473861295793,2.972604695140774,5.319059703826213,16.509390150112267,16.084011534933666,0.004828769911375486,-0.008611494297075417,5.0,5.0,5.0
0,1073,417.25450688587534,312.99389827808136,606.0,417.69870299980465,306.1640324421382,602.271680864753,799.5639460830415,0.6435824249270294,0.7106881857591103,794.3171903091387,0.6325178394125303,0.7102089384718495,0.23929617655267066,0.18093462870729127,8.0,6.243307129254163,2.1975877406710254e-06,-0.006291913379501857,5.74253045767864,-3.844796260018086,9.155243718178326,8.441583115298272,-0.012599651890241925,-0.005359398646696212,5.0,5.0,5.0
0,1074,417.49379319290983,313.17484595903716,614.0,417.5655300677994,314.2761795158088,603.5121810983724,805.838415252134,0.6435846513420811,0.7044940112465725,798.3466926379602,0.645188047462429,0.7136883932860658,0.23928630703449016,0.18094768095579639,8.0,6.2744691690925265,2.226415051653774e-06,-0.006194174512537787,-0.13317293200526592,8.112147073670599,1.2405002336194002,4.029502328821536,0.012670208049898712,0.0034794548142162984,5.0,5.0,5.0
0,1075,417.7330696297149,313.35580669170395,622.0,407.9170678556522,298.15750714721185,610.5803108941235,812.1433242043382,0.6435869065347557,0.6983957801321006,792.5292104192482,0.6311820801985598,0.6912967373681649,0.2392764368050848,0.18096073266679014,8.0,6.304908952204187,2.2551926746050555e-06,-0.0060982311144719414,-9.648462212147194,-16.118672368596947,7.068129795751133,-5.81748221871203,-0.014005967263869157,-0.022391655917900932,5.0,5.0,5.0
0,1076,417.9723361955789,313.5367804755442,630.0,412.46190271843517,303.2832786737072,614.9098776961796,818.4779694871204,0.6435891904554794,0.6923917235853109,800.1373169684789,0.6340266032038128,0.6942942913022091,0.23926656586399986,0.18097378384027252,8.0,6.334645282782162,2.283920723655797e-06,-0.0060040565467897045,4.544834862782977,5.125771526495328,4.3295668020560925,7.608106549230683,0.0028445230052529524,0.002997553934044217,5.0,5.0,5.0
0,1077,418.21159288978924,313.71776731001864,638.0,414.38535564610925,306.3422938993863,632.290602561556,824.8416659901449,0.6435915030547908,0.6864800998193608,815.6912590515765,0.6365978923060202,0.6838292423005897,0.2392566942103258,0.18098683447442454,8.0,6.363696503024471,2.312599311493635e-06,-0.005911623765950114,1.9234529276740773,3.0590152256791043,17.380724865376465,15.553942083097581,0.002571289102207386,-0.010465049001619375,5.0,5.0,5.0
0,1078,418.4508397116351,313.8987671945897,646.0,413.79629556075537,304.48953637345085,641.8540561830082,831.2337464887092,0.643593844283343,0.6806591944151015,822.1422513283837,0.6343795637135639,0.6749963294615775,0.23924682184588164,0.1809998845710652,8.0,6.392080498564383,2.3412285521384746e-06,-0.00582090540425928,-0.5890600853538785,-1.8527575259354307,9.56345362145214,6.450992276807256,-0.002218328592456298,-0.008832912839012219,5.0,5.0,5.0
0,1079,418.6900766604035,314.0797801287172,654.0,415.83537449745404,302.84216738705595,651.5766214976957,837.6535611931689,0.6435962140919,0.6749273205706441,830.1713863495169,0.629450980251451,0.6683100092724091,0.23923694876839363,0.181012934127466,8.0,6.419814704459668,2.3698085570567073e-06,-0.005731873844457391,2.0390789366986724,-1.6473689863948948,9.722565314687472,8.02913502113313,-0.00492858346211289,-0.006686320189168371,5.0,5.0,5.0
0,1080,418.9293037353841,314.26080611186353,662.0,411.7696383529937,310.0744067349135,666.2915287780464,844.1004773048597,0.6435986124313404,0.6692828192823046,842.4041631561124,0.6454367399643761,0.6584518993593929,0.23922707498059026,0.18102598314635543,8.0,6.446916111690825,2.39833944037926e-06,-0.005644501288339487,-4.065736144460345,7.232239347857558,14.714907280350758,12.232776806595552,0.01598575971292515,-0.009858109913016277,5.0,5.0,5.0
0,1081,419.16852093586294,314.44184514349035,670.0,408.8427839550963,311.9033540226743,664.0250182918605,850.5738785789284,0.6436010392526573,0.6637240594624851,839.8603152669216,0.6517017800037707,0.6589469267054773,0.23921720047883355,0.181039031626824,8.0,6.473401274068692,2.426821316903194e-06,-0.005558759819819459,-2.9268543978973867,1.8289472877607977,-2.2665104861858936,-2.543847889190829,0.006265040039394543,0.0004950273460844201,5.0,5.0,5.0
0,1082,419.40772826113016,314.6228972230592,678.0,409.3992245428074,305.8966492363594,669.9644354532865,857.0731648944527,0.6436034945069522,0.6582494379997668,842.6344580199205,0.6416965866569923,0.6516517080349467,0.23920732526721622,0.1810520795688717,8.0,6.499286315524273,2.455254294875253e-06,-0.0054746214627183765,0.5564405877111085,-6.006704786314913,5.939417161425922,2.774142752998955,-0.010005193346778407,-0.007295218670530623,5.0,5.0,5.0
0,1083,419.6469257104741,314.8039623500308,686.0,413.16169359001145,303.36357386921173,688.6385634616149,863.5977518321431,0.6436059781454386,0.6528573797661164,858.4608984032667,0.6333440442619632,0.639862045288028,0.2391974493439193,0.18106512697158905,8.0,6.524586937690401,2.4836384864279637e-06,-0.00539205823365041,3.7624690472040356,-2.53307536714766,18.674128008328466,15.826440383346153,-0.008352542395029028,-0.011789662746918617,5.0,5.0,5.0
0,1084,419.88611328318257,314.9850405238658,694.0,420.51204547671534,304.6175958073488,683.6536933094245,870.1470702598953,0.6436084901194422,0.6475463375758358,858.4897392759433,0.6269127244758106,0.6495688850813635,0.239187572708488,0.18107817383497604,8.0,6.549318427752155,2.5119740035828286e-06,-0.005311042190280557,7.350351886703891,1.2540219381370434,-4.98487015219041,0.02884087267659652,-0.006431319786152634,0.00970683979333542,5.0,5.0,5.0
0,1085,420.1252909785435,315.16613174402664,702.0,416.09733534326153,314.4545312195079,693.3924689294985,876.7205659263954,0.6436110303804028,0.6423147921005629,867.6472558893901,0.6471540915383767,0.644893117506641,0.23917769536092237,0.18109122016085166,8.0,6.573495666500094,2.540260960581797e-06,-0.005231545475272936,-4.414710133453809,9.836935412159107,9.738775620073966,9.157516613446774,0.020241367062566074,-0.004675767574722434,5.0,5.0,5.0
0,1086,420.3644587958456,315.34723600997495,710.0,411.4321577896859,306.8927816290999,700.7752884941983,883.3176990629447,0.6436135988798687,0.637161251744358,868.6458454650262,0.640880584643851,0.6321744473694512,0.23916781730213188,0.18110426594830642,8.0,6.59713313654936,2.568499465893659e-06,-0.005153540356204855,-4.6651775535756315,-7.561749590407999,7.382819564699844,0.9985895756361742,-0.00627350689452566,-0.012718670137189858,5.0,5.0,5.0
0,1087,420.6036167343782,315.52835332117047,718.0,414.0159683255483,311.6322614164701,718.6621789924671,889.9379439936299,0.6436161955694955,0.6320842524826403,886.0018148391601,0.6452306357191693,0.6247156381586131,0.23915793853257128,0.18111731119552132,8.0,6.620244930685203,2.596689626765958e-06,-0.005076999261717674,2.5838105358623693,4.739479787370215,17.886890498268826,17.355969374133906,0.004350051075318273,-0.00745880921083808,5.0,5.0,5.0
0,1088,420.8427647934277,315.7094836770748,726.0,406.32680113143186,302.8028600229441,726.8990447177908,896.5807887539313,0.6436188204010549,0.6270823576684855,886.100029662235,0.6404348852639852,0.6087994209733749,0.23914805904951209,0.18113035590431537,8.0,6.6428447603013865,2.6248315594390448e-06,-0.005001894814154806,-7.689167194116408,-8.829401393525984,8.236865725323696,0.09821482307484075,-0.0047957504551841,-0.01591621718523817,5.0,5.0,5.0
0,1089,421.0819029722852,315.8906270771504,734.0,413.7822085927751,307.2950214111781,740.7147976230167,903.2457347178321,0.643621473326425,0.6221541578095577,902.3881414057466,0.6387799663322469,0.607919042607589,0.23913817885750177,0.18114340007559804,8.0,6.664945963900777,2.652925370161263e-06,-0.004928199858927784,7.4554074613432135,4.492161388233967,13.81575290522585,16.28811174351165,-0.0016549189317383028,-0.0008803783657859166,5.0,5.0,5.0
0,1090,421.32103127023765,316.071783520857,742.0,427.1410368524116,313.6479477798831,738.6468078404265,909.9322962334462,0.643624154297594,0.6172982703186942,909.0784384434257,0.6333745485541693,0.6223296606038969,0.2391282979524476,0.18115644370664086,8.0,6.68656151561413,2.6809711689557147e-06,-0.00485588749086352,13.358828259636539,6.3529263687050275,-2.067989782590189,6.690297037679102,-0.00540541777807757,0.01441061799630794,5.0,5.0,5.0
0,1091,421.5601496865729,316.25295300765447,750.0,414.4973871619845,311.22365323419535,753.7991643055485,916.6400002671863,0.6436268632666583,0.6125133392409947,914.8122356004504,0.6440422488497906,0.6023731470487599,0.2391184163352591,0.18116948679744382,8.0,6.707704033740129,2.708969064291189e-06,-0.004784931077699506,-12.64364969042714,-2.424294545687758,15.152356465122011,5.733797157024696,0.010667700295621252,-0.019956513555137056,5.0,5.0,5.0
0,1092,421.7992582205811,316.4341355370061,758.0,410.7376755687968,313.2759962781636,759.7439117907481,923.3683860564454,0.6436296001858264,0.6077980349600174,918.726346350665,0.6515894916270639,0.5971287520086738,0.23910853400820997,0.18118252935164492,8.0,6.72838578925905,2.736919168078167e-06,-0.004715304280977328,-3.75971159318766,2.0523430439682215,5.944747485199628,3.914110750214604,0.007547242777273366,-0.005244395040086114,5.0,5.0,5.0
0,1093,422.0383568715497,316.6153311083717,766.0,421.5072119873246,313.5201817420812,762.093862758099,930.1170047707446,0.6436323650074132,0.6031510538855018,925.6080648797715,0.6395260474349851,0.6035181444679544,0.23909865096857175,0.18119557136560616,8.0,6.748618714299255,2.7648215867870363e-06,-0.004646981074515555,10.769536418527764,0.2441854639176313,2.3499509673508783,6.881718529106479,-0.012063444192078832,0.006389392459280607,5.0,5.0,5.0
0,1094,422.2774456387683,316.79653972121287,774.0,423.43779591137576,324.08562430703716,766.0003866222509,936.8854191813089,0.6436351576838418,0.598571118124887,933.3207654360872,0.653264125984253,0.6081161633569059,0.23908876721861816,0.18120861284114653,8.0,6.768414410564219,2.7926764286645422e-06,-0.004579935760614884,1.9305839240511773,10.565442564955958,3.9065238641518363,7.712700556315667,0.013738078549267896,0.004598018888951505,5.0,5.0,5.0
0,1095,422.5165245215253,316.9777613749884,782.0,413.45109859499206,311.881764331785,776.2811783375283,943.6732033389778,0.6436379781676415,0.5940569751406803,933.1797863719587,0.6462714824461604,0.5883335221860891,0.23907888275698497,0.18122165377553756,8.0,6.787784157668966,2.8204837996259613e-06,-0.004514142984206604,-9.986697316383697,-12.203859975252158,10.280791715277473,-0.14097906412848715,-0.006992643538092591,-0.01978264117081674,5.0,5.0,5.0
0,1096,422.75559351910897,317.15899606916264,790.0,410.6213794663862,300.40047668316384,778.3497193374324,950.479942260379,0.6436408264114571,0.5896073973956135,929.8809866101197,0.6316046747389235,0.5789414360326799,0.23906899758367217,0.1812346941742362,8.0,6.80673892140112,2.8482438156895995e-06,-0.004449577745066824,-2.829719128605859,-11.481287648621162,2.0685409999040303,-3.29879976183895,-0.01466680770723694,-0.009392086153409251,5.0,5.0,5.0
0,1097,422.9946526308072,317.3402438031926,798.0,416.2891645292187,307.3684348450223,797.5731511756621,957.3052316222486,0.6436437023680308,0.5852211819873311,950.7339032136117,0.6360053888900883,0.5755324690604933,0.23905911169822502,0.18124773402996652,8.0,6.825289361869636,2.8759565736669046e-06,-0.0043862154082824345,5.667785062832479,6.967958161858462,19.22343183822977,20.852916603491963,0.004400714151164831,-0.0034089669721866223,5.0,5.0,5.0
0,1098,423.2337018559115,317.5215045765426,806.0,413.3520087313315,301.9124791069369,792.3709383619121,964.1486774638079,0.6436466059902188,0.5808971502742727,943.325358571082,0.6308389220602033,0.5735567943999395,0.2390492251042815,0.18126077335000446,8.0,6.843445841559287,2.9036221880218704e-06,-0.004324031713058396,-2.937155797887158,-5.455955738085379,-5.202212813750066,-7.408544642529705,-0.005166466829884975,-0.0019756746605538167,5.0,5.0,5.0
0,1099,423.47274119370786,317.7027783886706,814.0,417.468743716456,313.02011007797626,806.3320292020685,971.0098958970468,0.6436495372309807,0.5766341474942022,960.433799181677,0.6433762337781268,0.574342253631665,0.23903933779638464,0.18127381212798355,8.0,6.861218433238946,2.931240761894216e-06,-0.004263002780070524,4.116734985124481,11.107630971039328,13.96109084015643,17.10844061059504,0.012537311717923494,0.0007854592317255715,5.0,5.0,5.0
0,1100,423.71177064348603,317.88406523903814,822.0,417.3472360968918,319.17097494839743,821.5816985966078,977.8885128248185,0.643652496043384,0.5724310423768098,975.215521921238,0.652881538649293,0.5689601218873297,0.23902944977817242,0.18128685036754177,8.0,6.878616927771645,2.9588124033086416e-06,-0.004203105117392414,-0.12150761956422684,6.150864870421174,15.249669394539296,14.781722739560905,0.009505304871166187,-0.005382131744335328,5.0,5.0,5.0
0,1101,423.9507902045357,318.0653651271059,830.0,414.23867849008815,315.12746031579576,823.385497691916,984.784163666582,0.6436554823806013,0.5682867267516061,974.0958252716528,0.6503386274722479,0.5637039326851898,0.23901956104964484,0.18129988806776964,8.0,6.8956508417635405,2.9863372172922453e-06,-0.004144315625203676,-3.108557606803629,-4.043514632601671,1.80379909530825,-1.1196966495851939,-0.002542911177045082,-0.005256189202139883,5.0,5.0,5.0
0,1102,424.1897998761442,318.2466780523346,838.0,421.41511438285085,326.05016345241285,839.5813129743427,991.6964930916664,0.6436584961959139,0.5642001151522831,994.38231521552,0.6584992882725329,0.5654931421019442,0.23900967160852815,0.18131292522866715,8.0,6.912329425084408,3.0138153125358613e-06,-0.004086611599322998,7.176435892762697,10.922703136617088,16.19581528242668,20.286489943867196,0.008160660800284991,0.0017892094167544226,5.0,5.0,5.0
0,1103,424.42879965760176,318.4280040141857,846.0,416.04085890991325,315.5591549777566,845.0761697176499,998.6251547599084,0.6436615374427066,0.5601701444185994,993.3888006200938,0.6489069938053653,0.5534801766055809,0.23899978145755085,0.1813259618511438,8.0,6.9286616682419435,3.04124679273432e-06,-0.004029970733683719,-5.374255472937591,-10.491008474656269,5.494856743307196,-0.993514595426177,-0.009592294467167584,-0.012012965496363326,5.0,5.0,5.0
0,1104,424.66778954819665,318.6093430121182,854.0,417.78469321314225,316.27573135178363,852.9741471277559,1005.5698110695075,0.6436646060744678,0.5561957732967375,1001.0690704410099,0.6479854292627009,0.55088190232034,0.23898989059489395,0.1813389979324711,8.0,6.944656309599168,3.068631761249385e-06,-0.0039743711218618305,1.7438343032289936,0.7165763740270563,7.897977410106023,7.6802698209161235,-0.0009215645426644548,-0.0025982742852409535,5.0,5.0,5.0
0,1105,424.9067695472181,318.79069504559266,862.0,417.6840751877619,306.9631243846934,842.131567699847,1012.5301329119567,0.6436677020447932,0.5522759820390293,988.8740686832023,0.6337778936939187,0.5517538755961247,0.23897999902146694,0.18135203347446804,8.0,6.9603218424491615,3.095970325328601e-06,-0.003919791257708249,-0.10061802538035636,-9.312606967090233,-10.842579427908959,-12.195001757807631,-0.014207535568782181,0.0008719732757846987,5.0,5.0,5.0
0,1106,425.14573965395493,318.9720601140707,870.0,422.06987478668657,313.3633385295089,867.1397980074341,1019.5057994338839,0.6436708253073844,0.5484097720038315,1014.0369768530054,0.6386478451954871,0.544982679371205,0.23897010673681507,0.18136506847804412,8.0,6.975666521927224,3.1232625912203105e-06,-0.0038662100351978257,4.385799598924677,6.400214144815493,25.008230307587155,25.16290816980313,0.004869951501568437,-0.006771196224919618,5.0,5.0,5.0
0,1107,425.3846998676963,319.1534382170121,878.0,420.7473878798006,307.9727415914013,876.8595045609987,1026.4964978056526,0.6436739758160448,0.5445961652562792,1020.1755558284857,0.631859029894088,0.5364699756223081,0.2389602137413931,0.18137810294138035,8.0,6.990698371768644,3.1505086603988985e-06,-0.0038136067475522673,-1.3224869068859562,-5.390596938107592,9.719706553564606,6.1385789754803,-0.006788815301399076,-0.0085127037488969,5.0,5.0,5.0
0,1108,425.6236501877306,319.33482935387656,886.0,414.66966468212297,310.63313951283016,888.9350246756427,1033.5019229965646,0.6436771535246829,0.5408342041705743,1028.9068744382396,0.6429311835522162,0.5277136840201363,0.2389503200342915,0.18139113686447672,8.0,7.005425190912092,3.177708638113508e-06,-0.0037619610857049235,-6.077723197677642,2.660397921428853,12.07552011464395,8.731318609753885,0.011072153658128192,-0.00875629160217184,5.0,5.0,5.0
0,1109,425.8625906133475,319.5162335241248,894.0,418.9770170722311,318.564126248513,890.4790667192583,1040.5217775565077,0.643680358387311,0.5371229510343946,1034.3973180709745,0.6500846323236276,0.533824147285052,0.23894042561687456,0.18140417024824274,8.0,7.019854559943042,3.2048626280589687e-06,-0.003711253136179704,4.307352390108122,7.930986735682836,1.5440420436156046,5.490443632734923,0.00715344877141133,0.006110463264915711,5.0,5.0,5.0
0,1110,426.1015211438371,319.6976507272184,902.0,424.27677912221907,315.51081012243054,891.8679591191519,1047.5557714038878,0.6436835903580456,0.5334614876559571,1036.815467240819,0.6394207351949657,0.5351359287735367,0.238930530489597,0.1814172030935879,8.0,7.0339938473800885,3.2319707345962456e-06,-0.003661463378437424,5.299762049987976,-3.05331612608245,1.3888923998936207,2.4181491698445825,-0.010663897128661892,0.0013117814884846535,5.0,5.0,5.0
0,1111,426.3404417784859,319.87908096261526,910.0,420.8630965302118,320.45561377162375,907.5285824115891,1054.603621619688,0.6436868493911057,0.5298489149742027,1050.4407048057187,0.6507729957624873,0.5277341460550173,0.23892063464882085,0.1814302353968742,8.0,7.047850215800281,3.2590330600879014e-06,-0.0036125726817544113,-3.4136825920072624,4.944803649193204,15.660623292437208,13.625237564899635,0.011352260567521588,-0.007401782718519323,5.0,5.0,5.0
0,1112,426.579352516585,320.060524229777,918.0,430.86903955164456,314.37306224678275,910.8241003595539,1061.6650522475102,0.6436901354408133,0.5262843526725498,1055.4994520635087,0.630333441558663,0.5297531102329164,0.23891073809909358,0.18144326716173964,8.0,7.061430627822119,3.286049707673655e-06,-0.003564562301652918,10.005943021432756,-6.082551524840994,3.295517947964754,5.058747257789946,-0.02043955420382426,0.002018964177899041,5.0,5.0,5.0
0,1113,426.81825335742406,320.2419805281643,926.0,417.8679109996652,304.0241356377378,928.1090487585365,1068.739794099426,0.6436934484615936,0.5227669387965661,1062.2761752392705,0.6289844003565148,0.5080424814586827,0.23890084083905094,0.18145629838727473,8.0,7.07474185191586,3.313020780271181e-06,-0.0035174138759836993,-13.001128551979377,-10.348926609044952,17.28494839898258,6.776723175761845,-0.0013490412021481824,-0.021710628774233687,5.0,5.0,5.0
0,1114,427.0571443002914,320.42344985723594,934.0,421.99206073727987,320.81986454465556,929.2624868707921,1075.827584567496,0.643696788407973,0.5192958293759131,1069.8277685296061,0.6500295001367481,0.5184073623718229,0.2388909428673287,0.18146932907166047,8.0,7.0877904680698975,3.3399463793548634e-06,-0.0034711094206529847,4.124149737614687,16.79572890691776,1.1534381122556852,7.5515932903356315,0.02104509978023328,0.01036488091314025,5.0,5.0,5.0
0,1115,427.2960253444753,320.60493221645356,942.0,423.4409594241268,305.1202344523034,935.2068562047041,1082.9281674408064,0.6437001552345838,0.5158701980508575,1070.9866794141465,0.6244004954663871,0.5090253874289523,0.23888104418392686,0.18148235921762534,8.0,7.100582873310486,3.366826610839979e-06,-0.003425631325055578,1.448898686846917,-15.699630092352152,5.944369333911936,1.1589108845403189,-0.025629004670361,-0.00938197494287063,5.0,5.0,5.0
0,1116,427.5348964892669,320.786427605276,950.0,426.0472334640781,318.93175785262576,945.0351152248177,1090.0412927278687,0.6437035488961538,0.5124892357036019,1084.5852111832178,0.6425936745017815,0.5128835218900741,0.2388711447915739,0.18149538882244087,8.0,7.113125287062303,3.3936615699836636e-06,-0.0033809623472556005,2.606274039951302,13.811523400322358,9.828259020113592,13.598531769071315,0.018193179035394413,0.0038581344611218205,5.0,5.0,5.0
0,1117,427.7737577339544,320.967936023163,958.0,420.57327570487246,319.443250870218,955.7040603703653,1097.1667164842347,0.6437069693475161,0.5091521500946599,1091.9231299739292,0.6495803482321396,0.5048470127898494,0.23886124468754133,0.18150841788701655,8.0,7.12542375636599,3.4204513623681265e-06,-0.003337085608942081,-5.473957759205632,0.5114930175922154,10.668945145547582,7.337918790711456,0.006986673730358106,-0.008036509100224687,5.0,5.0,5.0
0,1118,428.01260907782716,321.1494574695753,966.0,421.920098570947,308.3076169918219,963.8888436530465,1104.3042006451897,0.6437104165436062,0.5058581655044777,1096.4268599373606,0.6310506355250801,0.49678740024443563,0.23885134387273865,0.18152144641226187,8.0,7.137484160954955,3.4471960900228638e-06,-0.003293984590182153,1.3468228660745467,-11.135633878396106,8.184783282681224,4.503729963431397,-0.018529712707059498,-0.008059612545413819,5.0,5.0,5.0
0,1119,428.25145052017524,321.33099194397346,974.0,424.93453322938706,312.4524510514893,970.7040781128437,1111.453512863373,0.6437138904394589,0.5026065223804598,1104.7453548052902,0.63402361839828,0.49773184210015964,0.23884144234807536,0.18153447439817683,8.0,7.1493122181832405,3.4738958527569253e-06,-0.0032516431240179333,3.0144346584400523,4.144834059667403,6.815234459797239,8.31849486792953,0.002972982873199914,0.0009444418557240097,5.0,5.0,5.0
0,1120,428.4902820602874,321.5125394458155,982.0,418.96699420731596,319.36379176947173,973.6410325243405,1118.6144263511899,0.6437173909902079,0.49939647698953626,1107.0245859706781,0.6513044817793234,0.4959612879311099,0.2388315401121872,0.18154750184203294,8.0,7.16091348781697,3.500550748936071e-06,-0.0032100453909235105,-5.967539022071094,6.911340717982455,2.9369544114967994,2.279231165387955,0.0172808633810434,-0.001770554169049754,5.0,5.0,5.0
0,1121,428.72910369745387,321.69409997456387,990.0,413.61119061694546,315.583489928268,988.887659467327,1125.7867197278829,0.643720918151092,0.4962273010764004,1117.3924821501355,0.6517665007875268,0.4843113252879776,0.23882163716643845,0.1815605287483777,8.0,7.1722933766930055,3.5271608841425106e-06,-0.0031691759131358688,-5.355803590370499,-3.780301841203709,15.246626942986495,10.367896179457375,0.0004620190082034181,-0.011649962643132283,5.0,5.0,5.0
0,1122,428.9679154309624,321.87567352967653,998.0,424.4735563264575,315.5863514442357,994.7770812296103,1132.970176871116,0.6437244718774465,0.4930982815274889,1126.656108392449,0.6393133392494281,0.48869449265085824,0.23881173350855533,0.1815735551126636,8.0,7.183457143233227,3.553726354521558e-06,-0.0031290195489114825,10.862365709512062,0.0028615159676519397,5.889421762283291,9.263626242313421,-0.012453161538098723,0.004383167362880636,5.0,5.0,5.0
0,1123,429.20671726010414,322.05726011061233,1006.0,425.1034866052496,312.3378329759563,999.2304155829777,1140.1645867729578,0.6437280521247043,0.4900087200408023,1129.9244752009695,0.6336588324764288,0.48573122485965686,0.2388018291417211,0.18158658093580016,8.0,7.194409901841709,3.5802472577728395e-06,-0.0030895614866865984,0.6299302787920738,-3.2485184682793715,4.4533343533673815,3.268366808520568,-0.005654506772999279,-0.002963267791201374,5.0,5.0,5.0
0,1124,429.44550918416826,322.23885971683376,1014.0,419.8499834429549,317.70372793635534,1014.0798664700594,1147.369743400119,0.6437316588484052,0.48695793280159894,1142.6143894252516,0.6477802522253537,0.47888685969275024,0.23879192406411676,0.18159960622142535,8.0,7.205156627161159,3.6067237009218545e-06,-0.0030507872392033786,-5.253503162294692,5.365894960399032,14.84945088708173,12.68991422428212,0.01412141974892489,-0.0068443651669066186,5.0,5.0,5.0
0,1125,429.684291202444,322.42047234779784,1022.0,432.52854829978287,315.3324413272039,1009.6896099505791,1154.5854455583285,0.6437352920041804,0.4839452501640109,1142.7985833425962,0.6299539672124242,0.4874636738336159,0.2387820182757423,0.1816126309640822,8.0,7.215702158209524,3.6331557752289356e-06,-0.0030126826375880267,12.678564856827961,-2.3712866091514115,-4.390256519480317,0.18419391734460078,-0.017826285012929488,0.00857681414086564,5.0,5.0,5.0
0,1126,429.9230633142206,322.60209800296616,1030.0,428.35471392473283,321.5362291082524,1016.0129890233688,1161.8114967607262,0.6437389515477671,0.4809700163386109,1148.5450367464457,0.643904679922697,0.4851419760289466,0.23877211177659774,0.1816256551683182,8.0,7.226051202397684,3.6595435866093595e-06,-0.002975233825399992,-4.173834375050035,6.203787781048504,6.3233790727897485,5.7464534038495,0.013950712710272706,-0.002321697804669287,5.0,5.0,5.0
0,1127,430.1618255187882,322.78373668179756,1038.0,427.20316077371876,316.4841880696531,1030.0661911842474,1169.047705100147,0.6437426374349958,0.4780315890859252,1159.181236948729,0.637605328190519,0.47647908347373913,0.23876220456759256,0.18163867883140483,8.0,7.2362083394207275,3.6858872287659494e-06,-0.002938427252685727,-1.1515531510140704,-5.052041038599327,14.053202160878527,10.636200202283362,-0.0062993517321779935,-0.008662892555207469,5.0,5.0,5.0
0,1128,430.4005778154369,322.9653883837518,1046.0,420.16436433890965,319.0363480043372,1041.152813630147,1176.2938831251863,0.6437463496217974,0.4751293394159022,1167.1852748121166,0.6494349605133439,0.46900122382517956,0.23875229664872677,0.18165170195425162,8.0,7.246178025039399,3.7121868016187776e-06,-0.002902249670023005,-7.0387964348091145,2.5521599346840844,11.086622445899593,8.004037863387566,0.011829632322824968,-0.0074778596485595705,5.0,5.0,5.0
0,1129,430.63932020345555,323.14705310828776,1054.0,424.83744791630556,313.21467946729507,1046.440635109617,1183.549847719928,0.6437500880642011,0.4722626512933149,1172.0188972002366,0.6352960346850792,0.4671552218689461,0.23874238801863612,0.18166472453594906,8.0,7.255964594741727,3.738442403644626e-06,-0.00286668812258728,4.673083577395914,-5.821668537042115,5.28782147947004,4.83362238811992,-0.014138925828264703,-0.0018460019562334673,5.0,5.0,5.0
0,1130,430.8780526821338,323.3287308548661,1062.0,420.47096579787126,315.75765018162974,1054.3723486166818,1190.8154199872313,0.6437538527183355,0.4694309213490786,1178.2188999734628,0.6441164023049938,0.462619199522234,0.2387324786782301,0.18167774657831615,8.0,7.2655722673032415,3.7646541344305007e-06,-0.0028317299442363053,-4.3664821184343054,2.542970714334672,7.931713507064842,6.200002773226288,0.00882036761991456,-0.004536022346712076,5.0,5.0,5.0
0,1131,431.11677525076175,323.5104216229456,1070.0,429.22313860689366,315.5401068230036,1070.6809731762678,1198.090425135462,0.6437576435404242,0.4666335585974444,1195.8912191546124,0.6339242042120643,0.46169294075574835,0.23872256862796348,0.18169076807953388,8.0,7.275005148230775,3.790822088678425e-06,-0.0027973627516342248,8.752172809022397,-0.2175433586261306,16.30862455958595,17.672319181149533,-0.010192198092929483,-0.0009262587664856659,5.0,5.0,5.0
0,1132,431.3554879086287,323.6921254119861,1078.0,426.67349436713187,327.5504807334185,1074.8234522723776,1205.374692368568,0.6437614604867901,0.4638699841590317,1201.908915758122,0.6547232346768593,0.46401316733361014,0.23871265786692675,0.18170378904051177,8.0,7.284267233105993,3.816946365864382e-06,-0.002763574438412686,-2.5496442397617898,12.010373910414899,4.14247909610981,6.017696603509648,0.020799030464795032,0.0023202265778617948,5.0,5.0,5.0
0,1133,431.59419065502516,323.87384222144647,1086.0,424.5250961920336,316.9418556461694,1085.0287181149708,1212.6680547793978,0.6437653035138509,0.46113963098964855,1207.4605651082397,0.6413085761250327,0.45421927266070544,0.23870274639648414,0.1817168094603403,8.0,7.293362410829786,3.843027060801418e-06,-0.0027303531693831373,-2.1483981750982934,-10.608625087249095,10.205265842593235,5.551649350117714,-0.013414658551826664,-0.009793894672904702,5.0,5.0,5.0
0,1134,431.8328834892409,324.0555720507864,1094.0,422.53891295003064,317.6156283967981,1084.2089477318107,1219.9703492461588,0.643769172578123,0.45844194361484314,1206.2039059382153,0.6445778287727567,0.4536341755189203,0.23869283421572618,0.18172982933992898,8.0,7.302294466760941,3.8690642721883606e-06,-0.002697687374805413,-1.9861832420029373,0.6737727506287001,-0.8197703831601757,-1.2566591700244771,0.0032692526477240413,-0.0005850971417851181,5.0,5.0,5.0
0,1135,432.07156641056554,324.23731489946476,1102.0,424.48228538093576,319.6249583129328,1093.4057378915977,1227.2814163319244,0.643773067636219,0.45577637787012815,1215.6814682444722,0.645403007083501,0.45236028346046847,0.23868292132465285,0.18174284867836832,8.0,7.311067085765671,3.895058095948478e-06,-0.0026655657447149927,1.9433724309051286,2.009329916134675,9.196790159787042,9.477562306256914,0.0008251783107442456,-0.0012738920584518532,5.0,5.0,5.0
0,1136,432.3102394182879,324.41907076694133,1110.0,425.6957439015644,319.0869409930889,1107.4119377600416,1234.601100187094,0.6437769886448492,0.4531424006468091,1228.574190751899,0.6432231179896433,0.4478509540428651,0.23867300772235467,0.1817558674765678,8.0,7.319683855169615,3.9210086302254865e-06,-0.0026339772233190395,1.2134585206286488,-0.5380173198439024,14.0061998684439,12.892722507426924,-0.00217988909385769,-0.004509329417603347,5.0,5.0,5.0
0,1137,432.548902511699,324.60083965267586,1118.0,427.5250065807184,321.98360426034725,1109.484013107672,1241.9292484547168,0.6437809355608183,0.4505394896433486,1231.8302837671397,0.6455038323796897,0.4494659206387098,0.23866309341110536,0.18176888573452743,8.0,7.328148267622737,3.946915969055276e-06,-0.002602911003460495,1.8292626791539988,2.8966632672583614,2.072075347630289,3.2560930152405945,0.002280714390046401,0.0016149665958447024,5.0,5.0,5.0
0,1138,432.787555690089,324.7826215561263,1126.0,425.52816825246924,320.84759227095566,1119.5032198623985,1249.265712178587,0.6437849083410246,0.44796713312218556,1239.8809857097774,0.6460552286992725,0.44429982928896433,0.23865317838999545,0.18178190345042822,8.0,7.336463723870111,3.972780206362714e-06,-0.002572356521163055,-1.9968383282491686,-1.1360119893915908,10.01920675472661,8.050701942637716,0.0005513963195827865,-0.005166091349745494,5.0,5.0,5.0
0,1139,433.0261989527471,324.9644164767533,1134.0,429.094307160313,320.0839232675186,1125.4544432136277,1256.6103457140327,0.6437889069424674,0.4454248296719397,1246.2838144343416,0.6409056004824514,0.4439823101342916,0.23864326265811542,0.18179492062699865,8.0,7.344633535445837,3.998601442734007e-06,-0.002542303450245864,3.566138907843765,-0.7636690034370304,5.951223351229146,6.402828724564188,-0.005149628216821078,-0.0003175191546727074,5.0,5.0,5.0
0,1140,433.2648322989635,325.1462244140139,1142.0,438.96065014126384,312.03121123053796,1134.4009234583239,1263.9630066413088,0.6437929313222347,0.4429120879749132,1255.7529153052108,0.6179647835324276,0.4432486542040261,0.23863334621637478,0.18180793726060074,8.0,7.35266092727602,4.024379767320063e-06,-0.002512741697026477,9.866342980950833,-8.052712036980665,8.946480244696204,9.46910087086917,-0.022940816950023812,-0.000733655930265531,5.0,5.0,5.0
0,1141,433.50345572802917,325.32804536736876,1150.0,433.69875912543694,330.2322639998454,1142.553664083031,1271.3235556815173,0.6437969814375141,0.4404284265798127,1265.929238608133,0.6507777508910777,0.4451606696258664,0.238623429065683,0.18182095335487247,8.0,7.360549040208525,4.050115279374822e-06,-0.0024836613951005337,-5.2618910158269045,18.20105276930741,8.152740624707121,10.176323302922128,0.032812967358650136,0.0019120154218403296,5.0,5.0,5.0
0,1142,433.74206923923293,325.50987933627675,1158.0,433.6985707880007,322.1131286721703,1160.4322716286124,1278.6918566149739,0.6438010572455876,0.43797337367959577,1280.0212400595822,0.6388204424909258,0.4357051276982777,0.2386135112037664,0.18183396890799486,8.0,7.368300933456567,4.075808073489284e-06,-0.002455052900216914,-0.00018833743621371468,-8.119135327675053,17.878607545581417,14.092001451449278,-0.011957308400151856,-0.00945554192758874,5.0,5.0,5.0
0,1143,433.98067283186447,325.6917263201958,1166.0,428.152064600094,315.3327838058029,1160.4526921132954,1286.0677762019493,0.6438051587038296,0.4355464668943669,1276.4793008885945,0.6348031407238423,0.4296677644768566,0.2386035926315344,0.1818469839190584,8.0,7.375919586975442,4.101458242034006e-06,-0.0024269067852288884,-5.546506187906743,-6.780344866367443,0.02042048468297253,-3.541939170987689,-0.004017301767083592,-0.006037363221421066,5.0,5.0,5.0
0,1144,434.2192665052157,325.8735863185866,1174.0,429.9741701868,317.31047258236157,1175.457210962733,1293.4511841057106,0.6438092857697104,0.43314725305922924,1291.2255332987168,0.6357610123195546,0.42668593713421404,0.2385936733512608,0.1818599983907916,8.0,7.383407903761281,4.127065880821235e-06,-0.002399213835137637,1.8221055867060159,1.9776887765586935,15.004518849437545,14.746232410122275,0.0009578715957123674,-0.0029818273426425734,5.0,5.0,5.0
0,1145,434.4578502585755,326.05545933090707,1182.0,434.0678679712737,323.3578908110589,1179.2228982618947,1300.8419528177863,0.6438134384007932,0.43077528801699466,1297.5137314649455,0.6402598333895597,0.43031906960264643,0.23858375335976234,0.18187301232046593,8.0,7.390768712075669,4.152631082776637e-06,-0.0023719650422345806,4.093697784473704,6.047418228697325,3.7656872991617547,6.288198166228767,0.004498821070005099,0.0036331324684323874,5.0,5.0,5.0
0,1146,434.69642409123344,326.23734535661606,1190.0,430.78468525651414,318.8149821262272,1190.1130240270006,1308.2399575853956,0.643817616554736,0.42843013641567673,1305.2154794662806,0.6371217986567468,0.4231171740292979,0.23857383265794851,0.18188602570899093,8.0,7.398004767609336,4.178153942824281e-06,-0.0023451516013179297,-3.283182714759562,-4.542908684831673,10.89012576510595,7.7017480013350905,-0.003138034732812933,-0.007201895573348549,5.0,5.0,5.0
0,1147,434.934988002482,326.41924439517334,1198.0,423.2606834242935,329.7067505695059,1193.7569053663617,1315.6450763409694,0.6438218201892881,0.42611137151066747,1308.7825245676897,0.6617846684035137,0.4223882489338203,0.2385639112485478,0.18189903855727607,8.0,7.405118755573767,4.203634552113478e-06,-0.002318764905009263,-7.52400183222062,10.891768443278693,3.643881339361087,3.5670451014091213,0.024662869746766902,-0.0007289250954775617,5.0,5.0,5.0
0,1148,435.173541991609,326.60115644603684,1206.0,431.0024867780001,321.2260272605365,1203.951849672975,1323.057189633695,0.6438260492622948,0.4238185749714998,1318.5026964437293,0.6404861283895757,0.41992258033564567,0.23855398912701276,0.18191205086350237,8.0,7.412113292725735,4.229073006678519e-06,-0.0022927965391676963,7.741803353706587,-8.480723308969402,10.194944306613252,9.720171876039558,-0.02129854001393794,-0.002465668598174653,5.0,5.0,5.0
0,1149,435.41208605790507,326.7830815086645,1214.0,424.1260735597988,311.9765403964321,1212.3157649287148,1330.4761805630324,0.643830303731691,0.4215513366931229,1321.7116939505656,0.6342050144035337,0.40972193897287695,0.23854406629607183,0.18192506262766983,8.0,7.418990929337269,4.254469396225424e-06,-0.002267238278376882,-6.876413218201321,-9.249486864104426,8.363915255739812,3.20899750683634,-0.006281113986042031,-0.010200641362768714,5.0,5.0,5.0
0,1150,435.65062020066216,326.965019582517,1222.0,427.55760862441684,323.28628950129576,1202.1172185268867,1337.9019347141318,0.643834583555507,0.41930925461158425,1316.2086995423501,0.6474085453189071,0.4194376689576277,0.23853414275708928,0.18193807385250693,8.0,7.425754151099454,4.27982381601133e-06,-0.0022420820815386433,3.4315350646180605,11.30974910486367,-10.198546401828025,-5.5029944082155,0.013203530915373407,0.009715729984750732,5.0,5.0,5.0
0,1151,435.88914441916904,327.1469706670514,1230.0,434.44344607219034,327.3144096391506,1215.1374536991182,1345.3343400950946,0.6438388886918637,0.4170919345240267,1331.3282322458585,0.6456804866208201,0.4208900030047011,0.23852421850688188,0.1819510845343757,8.0,7.432405380962791,4.305136356630435e-06,-0.0022173200875575394,6.885837447773497,4.028120137854842,13.020235172231423,15.119532703508412,-0.0017280586980870094,0.0014523340470734003,5.0,5.0,5.0
0,1152,436.1276587127163,327.3289347617274,1238.0,434.06737689031087,324.3208887535833,1230.0611481498136,1352.7732870760285,0.6438432190989761,0.4148989899129262,1344.1164215758943,0.6416856238377046,0.4149293693061796,0.2385142935472686,0.1819640946760046,8.0,7.438946980933906,4.330407112451695e-06,-0.0021929446111005335,-0.3760691818794726,-2.9935208855673068,14.923694450695393,12.78818933003572,-0.00399486278311556,-0.005960633698521511,5.0,5.0,5.0
0,1153,436.366163080595,327.5109118660039,1246.0,430.1671183543335,329.6448503398758,1235.1528053582388,1360.218668329832,0.6438475747351498,0.41273004177446276,1348.8187163785938,0.6538631585486889,0.4134770679406562,0.23850436787870422,0.18197710427648417,8.0,7.445381253803589,4.355636173625221e-06,-0.0021689481384634113,-3.9002585359773434,5.323961586292512,5.091657208425204,4.702294802699498,0.012177534710984372,-0.0014523013655233785,5.0,5.0,5.0
0,1154,436.60465752209484,327.6929019793379,1254.0,425.926308553499,325.1199750477826,1247.2297504721191,1367.6703787746612,0.64385195555878,0.41058471845094424,1357.4602273937257,0.6519743746141081,0.4057755668267331,0.23849444149982446,0.1819901133339954,8.0,7.451710444829132,4.380823630301123e-06,-0.002145323323518522,-4.2408098008345405,-4.524875292093213,12.076945113880356,8.641511015131982,-0.0018887839345808066,-0.007701501113923093,5.0,5.0,5.0
0,1155,436.8431420365059,327.87490510118914,1262.0,426.41390802507664,331.39432642565714,1260.6689283727678,1375.128315518025,0.6438563615283581,0.4084626554671971,1371.4726273276024,0.6606617764386258,0.40473131342123786,0.2384845144110841,0.18200312185126677,8.0,7.457936743363689,4.405969578069602e-06,-0.0021220629837471194,0.4875994715776528,6.274351377874552,13.439177900648701,14.012399933876623,0.00868740182451766,-0.0010442534054952435,5.0,5.0,5.0
0,1156,437.08161662311977,328.0569212310156,1270.0,429.8562758153802,313.5476255286491,1253.0796158031646,1382.5923778024571,0.6438607926024615,0.4063634953708301,1361.3585328171007,0.6302021104724997,0.40153385147632226,0.23847458661384735,0.1820161298264793,8.0,7.464062284432202,4.431074103417032e-06,-0.0020991600963670143,3.4423677903035355,-17.84670089700802,-7.58931256960318,-10.114094510501673,-0.030459665966126037,-0.0031974619449156028,5.0,5.0,5.0
0,1157,437.32008128122607,328.2389503682771,1278.0,431.30460750010076,319.346015166554,1273.5288848193857,1390.0624669527217,0.6438652487397638,0.4042868875762888,1381.9845738367999,0.6373408505810296,0.39881507120108806,0.23846465810629525,0.18202913726145198,8.0,7.4700891502645845,4.456137302266683e-06,-0.0020766077945413297,1.4483316847205856,5.798389637904904,20.449269016221024,20.626041019699187,0.007138740108529884,-0.0027187802752342005,5.0,5.0,5.0
0,1158,437.55853601011586,328.4209925124296,1286.0,432.2211228074295,326.22824993382096,1287.2755333077964,1397.5384863244967,0.6438697298990221,0.40223248821261554,1396.5379582054582,0.6465479766848763,0.3981961770581996,0.23845472888979202,0.18204214415254683,8.0,7.47601937177501,4.48115925832937e-06,-0.0020543993636732427,0.9165153073287229,6.882234767266937,13.746648488410756,14.553384368658271,0.009207126103846663,-0.0006188941428884598,5.0,5.0,5.0
0,1159,437.7969808090793,328.603047662933,1294.0,433.9751392704832,315.1453473395855,1292.2915002727873,1405.0203412545006,0.6438742360390906,0.40019995997483165,1399.1670140236706,0.6280831443340462,0.3933900262943433,0.23844479896342818,0.18205515050340182,8.0,7.481854930003919,4.506140068416542e-06,-0.0020325282377838816,1.7540164630537447,-11.082902594235463,5.0159669649908665,2.629055818212464,-0.018464832350830074,-0.0048061507638563206,5.0,5.0,5.0
0,1160,438.0354156774074,328.78511581924613,1302.0,436.2479265179591,313.0929068304664,1295.0723066652017,1412.5079390120093,0.6438787671189111,0.3981889719788567,1401.9813483744697,0.6225032739875846,0.3930522596532453,0.23843486832811323,0.18206815631310747,8.0,7.487597757508638,4.531079820568884e-06,-0.0020109879959749333,2.2727872474758897,-2.0524405091190943,2.7808063924144335,2.814334350799072,-0.005579870346461568,-0.0003377666410979696,5.0,5.0,5.0
0,1161,438.2738406143899,328.9671969808269,1310.0,430.2455524965737,319.2109063354667,1306.8064665774116,1420.0011887517242,0.643883323097516,0.39619919961988304,1412.3561800251136,0.6383145075318589,0.38905762314889747,0.2384249369824829,0.18208116158075427,8.0,7.493249739714884,4.5559786048254836e-06,-0.001989772358973685,-6.002374021385435,6.117999505000284,11.734159912209861,10.374831650643955,0.015811233544274272,-0.003994636504347837,5.0,5.0,5.0
0,1162,438.51225561931824,329.1492911471332,1318.0,429.55202623187205,317.0153177840838,1313.2499261891385,1427.500001467952,0.6438879039340247,0.39423032443413125,1417.6173755937912,0.6357856952527186,0.3861172365209116,0.2384150049283562,0.18209416630634223,8.0,7.498812716227803,4.580836508782937e-06,-0.001968875185751784,-0.6935262647016316,-2.1955885513829116,6.443459611726894,5.261195568677522,-0.002528812279140369,-0.002940386627985847,5.0,5.0,5.0
0,1163,438.7506606914826,329.3313983176231,1326.0,436.779760033667,328.913561794979,1324.794446404533,1435.0042899500522,0.6438925095876482,0.3922820339638987,1433.1925952683468,0.6454452320901466,0.39142603385175884,0.2384050721643689,0.18210717048987135,8.0,7.5042884821002644,4.605653623479533e-06,-0.0019482904702325388,7.227733801794955,11.898244010895212,11.544520215394414,15.575219674555683,0.00965953683742804,0.005308797330847215,5.0,5.0,5.0
0,1164,438.9890558301745,329.51351849175444,1334.0,421.8266431183567,316.77053387731445,1332.2417861571842,1442.513968739119,0.6438971400176852,0.3903540216258324,1432.8815250259543,0.6441085530294715,0.3770247920456096,0.23839513869188522,0.18212017413134163,8.0,7.509678789066811,4.630430036955957e-06,-0.0019280123380663317,-14.953116915310318,-12.14302791766454,7.44733975265126,-0.3110702423925886,-0.0013366790606751389,-0.014401241806149212,5.0,5.0,5.0
0,1165,439.22744103468403,329.695651668987,1342.0,427.3006738613764,320.3177407008002,1343.2131321884563,1450.0289540858537,0.643901795183527,0.3884459865823423,1445.479449654534,0.6432647709955431,0.3784161945713675,0.23838520450954093,0.18213317723257205,8.0,7.5149853467346475,4.655165841804809e-06,-0.001908035043490075,5.474030743019739,3.5472068234857375,10.971346031272105,12.597924628579676,-0.0008437820339283197,0.0013914025257578677,5.0,5.0,5.0
0,1166,439.46581630430137,329.87779784877785,1350.0,431.47623669167484,327.2532148421097,1342.9662213927395,1457.549163909597,0.6439064750446503,0.3865576336160855,1448.041671104806,0.6488873033411645,0.38329832535949043,0.23837526961733602,0.18214617979083414,8.0,7.520209823743244,4.679861123291218e-06,-0.0018883529662567788,4.175562830298418,6.9354741413094985,-0.246910795716758,2.562221450272091,0.005622532345621378,0.00488213078812294,5.0,5.0,5.0
0,1167,439.704181638318,330.0599570305849,1358.0,432.5388132949481,328.3118961074187,1357.686181678631,1465.074517758484,0.6439111795606196,0.38468867300744797,1462.2552082496925,0.6492581799886972,0.3804763526832922,0.23836533401663473,0.18215918180703738,8.0,7.525353848887107,4.704515969344847e-06,-0.0018689606086375599,1.0625766032732713,1.0586812653090192,14.719960285891602,14.213537144886459,0.0003708766475326586,-0.0028219726761982145,5.0,5.0,5.0
0,1168,439.94253703602544,330.242129213867,1366.0,427.15029810000635,323.480914865255,1361.0563853081594,1472.6049367706885,0.6439159086910895,0.3828388204149479,1462.7275082656713,0.6481567528731789,0.37504238618494856,0.23835539770743708,0.18217218328209128,8.0,7.530419012204447,4.729130469893761e-06,-0.0018498525925000897,-5.3885151949417605,-4.830981242163716,3.370203629528305,0.4723000159788171,-0.0011014271155183053,-0.005433966498343656,5.0,5.0,5.0
0,1169,440.1808824967129,330.42431439808115,1374.0,433.46055012716516,317.90345001800443,1373.1997508177578,1480.1403436367198,0.643920662395802,0.3810077967584915,1474.6620655919264,0.6327974104939,0.37311545426047027,0.2383454606874693,0.18218518421417684,8.0,7.5354068660312805,4.753704712534557e-06,-0.0018310236564563764,6.3102520271588105,-5.577464847250553,12.143365509598425,11.934557326255117,-0.015359342379278829,-0.0019269319244782923,5.0,5.0,5.0
0,1170,440.4192180196728,330.60651258268626,1382.0,434.5663198275727,332.5952043328461,1372.7079709417733,1487.680662562751,0.6439254406345865,0.37919532810541934,1477.7667710977832,0.653252759301928,0.37934591793847916,0.23833552295991467,0.18219818460511306,8.0,7.540318926031205,4.778238784419742e-06,-0.0018124686530721634,1.1057697004075635,14.69175431484166,-0.4917798759845482,3.1047055058568276,0.020455348808028018,0.006230463678008891,5.0,5.0,5.0
0,1171,440.6575436041953,330.78872376713935,1390.0,435.149309093583,327.0647753448745,1386.2324903017382,1495.225819234933,0.6439302433673593,0.37740114555926124,1489.283990931271,0.6445339480224015,0.37418816607407135,0.2383255845224994,0.18221118445308093,8.0,7.5451566721819745,4.8027327728128455e-06,-0.0017941825461580962,0.5829892660102587,-5.530428987971618,13.52451935996487,11.517219833487843,-0.008718811279526562,-0.005157751864407811,5.0,5.0,5.0
0,1172,440.895859249571,330.97094795089924,1398.0,436.94792529914025,322.90682019497984,1392.197236376691,1502.7757407846768,0.6439350705541264,0.3756249851511481,1494.4582459629148,0.6364272679835073,0.3720799413085812,0.2383156453756783,0.18222418375989946,8.0,7.549921549743885,4.827186767086822e-06,-0.0017761604081131255,1.7986162055572663,-4.157955149894633,5.964746074952927,5.174255031643725,-0.008106680038894143,-0.002108224765490163,5.0,5.0,5.0
0,1173,441.1341649550909,331.1531851334221,1406.0,438.7808793055039,331.5983269401407,1400.9939265605212,1510.330355754871,0.6439399221549765,0.37386658773380654,1505.0814239545575,0.6471559898737097,0.3740843376696148,0.23830570551990604,0.18223718252284016,8.0,7.5546149701942795,4.8516008501753305e-06,-0.0017583974173415728,1.83295400636365,8.691506745160837,8.796690183830151,10.623177991642706,0.010728721890202353,0.0020043963610336113,5.0,5.0,5.0
0,1174,441.372460720047,331.3354353141676,1414.0,432.04171307365823,323.1427040742221,1406.5002045181482,1517.8895940670054,0.6439447981300893,0.37212569887807806,1506.4275868230818,0.6421835200099341,0.36628030925155985,0.23829576495609217,0.182250180745541,8.0,7.559238312134312,4.875975112783593e-06,-0.001740888855728484,-6.739166231845672,-8.455622865918599,5.506277957626935,1.3461628685242886,-0.0049724698637756415,-0.007804028418054942,5.0,5.0,5.0
0,1175,441.6107465437299,331.5176984925929,1422.0,441.7938034783112,333.01967319453564,1416.1366771852163,1525.4533869891718,0.6439496984397287,0.3704020687718947,1520.3706640144085,0.6459221869422225,0.372441380459271,0.23828582368287243,0.1822631784252735,8.0,7.563792922166385,4.90030963939958e-06,-0.0017236301061833714,9.75209040465296,9.87696912031356,9.63647266706812,13.943077191326665,0.0037386669322884147,0.006161071207711144,5.0,5.0,5.0
0,1176,441.8490224254301,331.69997466815494,1430.0,429.6114736704147,324.34151026429475,1434.6700635250832,1533.0216671049247,0.6439546230442449,0.36869545212165744,1532.3320869722904,0.6466709714043847,0.35895124467671663,0.23827588170024683,0.18227617556203768,8.0,7.568280115752941,4.9246045161766006e-06,-0.001706616650237247,-12.182329807896508,-8.678162930240887,18.533386339866865,11.96142295788195,0.0007487844621621997,-0.013490135782554369,5.0,5.0,5.0
0,1177,442.08728836443925,331.8822638403126,1438.0,436.84976409494874,331.158053577866,1431.5978964185465,1540.594368282967,0.6439595719040758,0.36700560805595656,1532.9631143211832,0.6486391786645478,0.3656926845840874,0.23826593900912485,0.1822891721576525,8.0,7.57270117804228,4.948859830933294e-06,-0.001689844065700885,7.238290424534057,6.8165433135712306,-3.0721671065366536,0.6310273488927578,0.001968207260163113,0.00674143990737075,5.0,5.0,5.0
0,1178,442.3255443600474,332.0645660085229,1446.0,438.0837515624644,309.03291026182103,1435.8642288562885,1548.1714256476384,0.6439645449797442,0.3653323000315694,1532.6854852568408,0.6143540956847342,0.3573444284900239,0.23825599560814226,0.182302168210299,8.0,7.577057364671418,4.973075668379678e-06,-0.0016733080243871434,1.2339874675156466,-22.125143316044955,4.266332437741994,-0.27762906434236356,-0.034285082979813586,-0.008348256094063478,5.0,5.0,5.0
0,1179,442.56379041154696,332.2468811722438,1454.0,440.8571567498647,332.4653071346624,1443.3163479579543,1555.7527755501897,0.6439695422318573,0.3636752957416899,1545.3317745352958,0.6461415306021546,0.3653891773497961,0.2382460514995728,0.18231516372088663,8.0,7.58134990255121,4.997252113114747e-06,-0.0016570042898795267,2.7734051874003285,23.432396872841366,7.452119101665858,12.646289278455015,0.03178743491742042,0.008044748859772188,5.0,5.0,5.0
0,1180,442.80202651822856,332.4292093309323,1462.0,434.73720767704384,327.6737008590675,1463.4635186748076,1563.3383555408084,0.6439745636211085,0.3620343670263236,1561.4390684447342,0.6458829015038863,0.356130200624178,0.23823610668159745,0.18232815868850594,8.0,7.585579990618726,5.021389251180786e-06,-0.0016409287153663077,-6.119949072820873,-4.791606275594916,20.147170716853225,16.10729390943834,-0.0002586290982683481,-0.009258976725618095,5.0,5.0,5.0
0,1181,443.04025267938414,332.61155048404726,1470.0,431.4035766501318,331.4481664690058,1462.5572560143466,1570.928104341384,0.6439796091082775,0.36040928978480413,1560.4616817219214,0.6551117687353797,0.35611219461154536,0.23822616115558048,0.1823411531149759,8.0,7.589748800575535,5.045487168953144e-06,-0.0016250772415194459,-3.3336310269120304,3.774465609938318,-0.906262660460925,-0.9773867228127529,0.00922886723149341,-1.8006012632632018e-05,5.0,5.0,5.0
0,1182,443.2784688943034,332.7939046310439,1478.0,436.3525385070826,330.1151029089249,1474.8100816166068,1578.5219618189842,0.643984678654226,0.35879984389036806,1573.0366479736342,0.6476691458264905,0.3552599953736492,0.23821621491924816,0.18235414699665853,8.0,7.593857477600295,5.069545948588328e-06,-0.001609445894436068,4.9489618569508025,-1.333063560080916,12.252825602260145,12.574966251712794,-0.007442622908889196,-0.0008521992378961452,5.0,5.0,5.0
0,1183,443.5166751622787,332.9762717713811,1486.0,435.5060659101065,337.21900844692783,1483.2035767155637,1586.1198689600262,0.6439897722199032,0.3572058131067502,1582.1741506813555,0.6588821537544541,0.35557499049076935,0.23820626797532896,0.1823671403371918,8.0,7.597907141042015,5.09356567712782e-06,-0.0015940307836178613,-0.8464725969761275,7.103905538002948,8.393495098956919,9.137502707721296,0.011213007927963647,0.0003149951171201315,5.0,5.0,5.0
0,1184,443.7548714826012,333.1586519045168,1494.0,427.17459344794804,326.3132802913768,1483.5027431477429,1593.7217678451202,0.6439948897663423,0.3556269850067338,1577.8906423161322,0.6523299474867951,0.3476352220100343,0.23819632032245863,0.18238013313566626,8.0,7.601898885093988,5.117546439170617e-06,-0.0015788281000164162,-8.331472462158445,-10.905728155551003,0.29916643217916317,-4.28350836522327,-0.0065522062676590664,-0.007939768480735077,5.0,5.0,5.0
0,1185,443.99305785456227,333.34104502990795,1502.0,449.656182943426,336.6176305634353,1502.4971228755464,1601.3276016245632,0.6440000312546598,0.3540631508926177,1604.0572671555988,0.6426116497152039,0.3577545941288858,0.23818637196109194,0.18239312539117236,8.0,7.605833779442946,5.141488317428333e-06,-0.0015638341141160916,22.481589495477976,10.304350272058457,18.99437972780356,26.16662483946652,-0.009718297771591167,0.0101193721188515,5.0,5.0,5.0
0,1186,444.23123427745213,333.52345114701075,1510.0,438.4576230327128,325.5360008696584,1497.499567618783,1608.9373144944714,0.6440051966460556,0.3525141057185482,1593.96478319822,0.6386561865814939,0.3496841746533834,0.23817642288986463,0.18240611710280064,8.0,7.609712869908208,5.165391395833829e-06,-0.0015490451740695077,-11.198559910713243,-11.081629693776904,-4.997555256763462,-10.092483957378818,-0.00395546313370998,-0.008070419475502355,5.0,5.0,5.0
0,1187,444.46940075056455,333.70587025528494,1518.0,440.1197123304768,324.5335271660862,1520.9086127441574,1616.5508516735263,0.6440103859018154,0.35097964801467385,1616.2272054869266,0.6353723987926567,0.34515206400171533,0.23816647311241468,0.18241910827418906,8.0,7.613537179054902,5.189255759763256e-06,-0.0015344577038743368,1.6620892977639983,-1.0024737035722069,23.409045125374405,22.262422288706603,-0.0032837877888372002,-0.0045321106516680865,5.0,5.0,5.0
0,1188,444.70755727318874,333.8883023541857,1526.0,435.0765232008989,323.7593045106232,1525.6478484945771,1624.1681593803169,0.6440155989833063,0.3494595798130642,1619.1704746301166,0.6397423082047033,0.34153871552072623,0.23815652262419462,0.18243209890079015,8.0,7.617307706790598,5.213081490929028e-06,-0.001520068201609659,-5.043189129577854,-0.7742226554629497,4.739235750419766,2.9432691431900366,0.004369909412046624,-0.003613348480989098,5.0,5.0,5.0
0,1189,444.9457038446167,334.07074744317015,1534.0,434.9517216034156,328.39739517160683,1528.9245371684387,1631.7891848112672,0.644020835851979,0.34795370657536917,1623.1568284170805,0.6467063891378512,0.34241945993498374,0.23814657142793294,0.1824450889844229,8.0,7.62102543095034,5.236868672708894e-06,-0.0015058732376950212,-0.12480159748332653,4.6380906609836074,3.2766886738615995,3.986353786963946,0.00696408093314782,0.000880744414257506,5.0,5.0,5.0
0,1190,445.1838404641403,334.25320552169615,1542.0,443.94970672546253,329.6515093765982,1532.955130989268,1639.4138761191239,0.6440260964693684,0.34646183712215767,1629.6358161755702,0.6387111764960456,0.34618673223187774,0.23813661952362963,0.18245807852599683,8.0,7.624691307856665,5.2606173893687824e-06,-0.0014918694532115029,8.997985122046941,1.2541142049913674,4.030593820829154,6.478987758489666,-0.007995212641805582,0.0037672722968939976,5.0,5.0,5.0
0,1191,445.4219671310507,334.43567658922166,1550.0,439.0492524985588,329.33109962446645,1552.242692715943,1647.0421823919949,0.6440313807970932,0.34498378356390064,1646.41446676997,0.6435654778719794,0.3398583239714568,0.2381266669103752,0.1824710675255119,8.0,7.6283062728709865,5.284327724841553e-06,-0.0014780535582570309,-4.900454226903719,-0.32040975213175216,19.287561726674994,16.778650594399778,0.004854301375933789,-0.006328408260420915,5.0,5.0,5.0
0,1192,445.66008384463976,334.6181606452019,1558.0,434.94758868181844,328.7759542169989,1554.3082355130796,1654.674053632917,0.64403668879685,0.3435193612335576,1647.163356791065,0.6472650696881596,0.33737368856931715,0.23811671358907915,0.18248405598023965,8.0,7.631871240922237,5.307999756842818e-06,-0.0014644223303430515,-4.10166381674037,-0.5551454074675348,2.065542797136686,0.7488900210951215,0.003699591816180181,-0.0024846354021396677,5.0,5.0,5.0
0,1193,445.89819060419904,334.8006576890966,1566.0,437.94378886262325,332.09477831696523,1561.4013028123818,1662.3094407399456,0.6440420204304252,0.3420683886207277,1655.3113702300689,0.6487948845775782,0.3384590575266632,0.23810675955928673,0.18249704389472754,8.0,7.635387107028464,5.3316335751896204e-06,-0.0014509726128298928,2.9962001808048058,3.3188240999663208,7.09306729930222,8.148013439003762,0.0015298148894186125,0.0010853689573460668,5.0,5.0,5.0
0,1194,446.13628740901913,334.98316772036014,1574.0,444.39082625512873,337.0789261816363,1569.6336227748304,1669.9482954867406,0.6440473756596801,0.3406306873073187,1665.7896381838614,0.6489310703097256,0.34143238869874054,0.23809680482008844,0.1825100312635186,8.0,7.638854746795005,5.355229254822014e-06,-0.0014377013134089789,6.447037392505479,4.984147864671058,8.232319962448628,10.47826795379251,0.00013618573214746466,0.0029733311720773203,5.0,5.0,5.0
0,1195,446.37437425839335,335.1656907384504,1582.0,440.8808564987059,331.4910726319853,1583.5300644152517,1677.590570503648,0.6440527544465607,0.33920608190471013,1676.8511340511739,0.6447055045393969,0.33519119524622076,0.23808684937421276,0.18252301809025084,8.0,7.642275016907433,5.3787868806720596e-06,-0.0014246054026085808,-3.5099697564228336,-5.587853549651015,13.896441640421244,11.061495867312487,-0.004225565770328732,-0.006241193452519778,5.0,5.0,5.0
0,1196,446.6124511516123,335.3482267428253,1590.0,438.60716038196045,328.9456670191349,1578.0901647542125,1685.2362192592493,0.6440581567530976,0.3377943999923559,1670.6136779887108,0.643486949979656,0.33437059858665136,0.23807689321893122,0.18253600437492423,8.0,7.645648755601314,5.402306536894663e-06,-0.0014116819123542457,-2.273696116745441,-2.545405612850402,-5.439899661039135,-6.237456062463025,-0.0012185545597408476,-0.0008205966595694059,5.0,5.0,5.0
0,1197,446.850518087967,335.5307757329401,1598.0,442.0000872485155,331.359377394819,1592.545672031804,1692.8851960423758,0.6440635825413987,0.33639547205780357,1685.6348452800826,0.6432973665164742,0.3338889471438192,0.23806693635469856,0.1825489901148103,8.0,7.6489767831265,5.425788301094414e-06,-0.0013989279345523187,3.392926866555058,2.4137103756841043,14.45550727759155,15.02116729137174,-0.0001895834631818749,-0.0004816514428321317,5.0,5.0,5.0
0,1198,447.0885750667503,335.7133377082537,1606.0,443.48316296754143,332.72551692316006,1606.2301582827185,1700.5374559445709,0.6440690317736565,0.3350091314380933,1699.2230303360434,0.6436643703219298,0.33236511817017156,0.23805697878333376,0.182561975313547,8.0,7.6522599021950555,5.4492322577592844e-06,-0.001386340619710269,1.4830757190259192,1.3661395283410798,13.68448625091446,13.588185055960821,0.0003670038054556235,-0.0015238289736476673,5.0,5.0,5.0
0,1199,447.32662208725424,335.8959126682212,1614.0,440.0972540298805,336.24985722830803,1613.1868857736322,1708.1929548429857,0.6440745044121403,0.33363521426249193,1705.6146950359946,0.652423382057194,0.33071725672444463,0.23804702050392734,0.1825749599674964,8.0,7.655498898414862,5.47263848382773e-06,-0.001373917175601369,-3.385908937660929,3.524340305147973,6.956727490913636,6.391664699951207,0.008759011735264166,-0.001647861445726928,5.0,5.0,5.0
0,1200,447.56465914876844,336.07850061230056,1622.0,454.8520988168072,330.4954134207491,1607.5979380416486,1715.8516493837005,0.644080000419207,0.3322735593965427,1703.082141438271,0.6283559706616899,0.3364443416810256,0.23803706151420556,0.18258794407938694,8.0,7.658694540714805,5.496007066674302e-06,-0.0013616548659492467,14.754844786926697,-5.754443807558914,-5.5889477319835805,-2.532553597723563,-0.024067411395504057,0.0057270849565809745,5.0,5.0,5.0
0,1201,447.80268625058716,336.26110153994705,1630.0,442.3773603488798,333.8857333507684,1622.5458124500256,1723.5134969654575,0.6440855197572851,0.33092400838738995,1714.5939243399694,0.646536229959874,0.32915779059126005,0.2380271018187159,0.18260092764649016,8.0,7.6618475817570015,5.519338078130431e-06,-0.0013495510091527385,-12.47473846792741,3.3903199300193023,14.947874408376947,11.511782901698325,0.01818025929818412,-0.007286551089765558,5.0,5.0,5.0
0,1202,448.040703392001,336.4437154506195,1638.0,439.7523020654286,330.6766549458496,1631.3433983368457,1731.178455723793,0.6440910623888931,0.32958640541034717,1721.6301637097408,0.6447550755897944,0.32529215581424437,0.23801714141382035,0.18261391067244404,8.0,7.664958758335388,5.54263160801316e-06,-0.0013376029770427733,-2.62505828345121,-3.2090784049188414,8.797585886820116,7.036239369771465,-0.0017811543700796406,-0.0038656347770156807,5.0,5.0,5.0
0,1203,448.2787105723023,336.6263423437731,1646.0,445.3829442011629,336.9996045400817,1643.9667343848746,1738.8464845155577,0.6440966282766224,0.32826059721667955,1736.2492114352526,0.6477443978294504,0.32749991531591904,0.23800718030133794,0.18262689315361058,8.0,7.668028791764755,5.565887729264141e-06,-0.0013258081936676214,5.63064213573432,6.322949594232114,12.623336048028932,14.619047725511791,0.002989322239655978,0.0022077595016746776,5.0,5.0,5.0
0,1204,448.51670779078177,336.808982218864,1654.0,444.02189810016944,329.73173567349886,1649.1400990089307,1746.5175429038177,0.6441022173831478,0.32694643308257065,1739.4083849579206,0.638749821604433,0.3235773570818042,0.23799721847944966,0.1826398750908993,8.0,7.671058388260008,5.589106525372145e-06,-0.0013141641341088972,-1.3610461009934625,-7.26786886658283,5.173364624056148,3.1591735226679702,-0.008994576225017314,-0.003922558234114859,5.0,5.0,5.0
0,1205,448.7546950467331,336.99163507535104,1662.0,441.7713930914037,332.1597656408569,1661.774777703007,1754.191591143124,0.6441078296712244,0.325643764759246,1751.2816693708603,0.6447042221060675,0.3210942469215059,0.23798725595133874,0.18265285648703866,8.0,7.67404823930633,5.612288076606298e-06,-0.0013026683233246517,-2.2505050087657423,2.428029967358043,12.634678694076229,11.87328441293971,0.005954400501634427,-0.0024831101602982852,5.0,5.0,5.0
0,1206,448.9926723394465,337.1743009126885,1670.0,442.32801177251207,336.94076941666583,1665.881780626753,1761.8685901651343,0.6441134651036845,0.32435244642421474,1756.2304117392682,0.6509750840707323,0.32215486652045316,0.2379772927133672,0.1826658373374812,8.0,7.67699902201025,5.635432460127099e-06,-0.0012913183350312663,0.5566186811083753,4.7810037758089265,4.107002923745995,4.94874236840792,0.0062708619646648645,0.0010606195989472655,5.0,5.0,5.0
0,1207,449.23063966821564,337.3569797303344,1678.0,445.69638031743665,338.35592586605753,1666.183261173883,1769.5485015645907,0.644119123643441,0.32307233463361995,1757.6395124748358,0.6493392908501081,0.3240098225593885,0.23796732876917304,0.1826788176458649,8.0,7.679911399456387,5.65853975653674e-06,-0.0012801117905947845,3.3683685449245786,1.4151564493917022,0.3014805471300406,1.4091007355675629,-0.0016357932206242376,0.0018549560389353181,5.0,5.0,5.0
0,1208,449.4685970323312,337.53967152774385,1686.0,435.76484039117764,332.0556042314474,1680.6810770193808,1777.231287585628,0.6441248052534858,0.3218032882756496,1767.7219247024364,0.6511410360000223,0.3151141509238278,0.237957364115573,0.1826917974094613,8.0,7.682786021037373,5.6816100447720785e-06,-0.0012690463579703715,-9.931539926259006,-6.300321634610157,14.497815845497826,10.082412227600571,0.001801745149914158,-0.008895671635560709,5.0,5.0,5.0
0,1209,449.70654443108606,337.72237630437394,1694.0,439.5516740709817,334.655367283174,1684.5131525611664,1784.9169111084195,0.6441305098968898,0.3205451685249995,1772.7900186377399,0.6507295121662777,0.31690467156416,0.23794739875484083,0.18270477663008933,8.0,7.685623522791502,5.704643403992016e-06,-0.0012581197506500996,3.786833679804033,2.5997630517265975,3.8320755417855707,5.068093935303523,-0.0004115238337445426,0.0017905206403322493,5.0,5.0,5.0
0,1210,449.9444818637712,337.9050940596826,1702.0,450.38617398279774,331.3308421088565,1694.7423108848586,1792.6053356361351,0.6441362375368058,0.31929783879835055,1784.5950053025415,0.6342598016673224,0.3186764456089147,0.23793743268515755,0.18271775530865852,8.0,7.688424527715597,5.727639916019989e-06,-0.001247329726648927,10.834499911816067,-3.3245251743175004,10.229158323692218,11.804986664801618,-0.016469710498955292,0.0017717740447547037,5.0,5.0,5.0
0,1211,450.18240932967956,338.0878247931241,1710.0,445.4384949332053,334.0077344608262,1707.7455368553365,1800.2965252822162,0.6441419881364585,0.3180611647108403,1796.2102989620494,0.643398892654347,0.31515218700468517,0.23792746590834213,0.1827307334415309,8.0,7.691189646081057,5.750599652687427e-06,-0.00123667408751027,-4.947679049592466,2.676892351969741,13.003225970477843,11.61529365950787,0.00913909098702459,-0.0035242586042295576,5.0,5.0,5.0
0,1212,450.4203268281035,338.27056850415556,1718.0,447.1321106525086,329.49169396443546,1713.0448738571881,1807.990444757953,0.644147761659155,0.3168350140335053,1800.837205473196,0.6350643171257854,0.3135352672569205,0.23791749842393983,0.18274371103143494,8.0,7.69391947573672,5.7735226964839015e-06,-0.0012261506773350028,1.6936157193032955,-4.516040496390758,5.299337001851654,4.626906511146672,-0.00833457552856165,-0.001616919747764678,5.0,5.0,5.0
0,1213,450.6582343583341,338.453325192233,1726.0,429.79182226731064,328.95935663897586,1723.5709060719057,1815.6870593603544,0.644153558068281,0.315619256651666,1806.5525005008058,0.6532796279281652,0.30426862101143654,0.23790753023058642,0.18275668807746115,8.0,7.696614602401496,5.796409126013202e-06,-0.0012157573818392664,-17.340288385197937,-0.5323373254595936,10.526032214717588,5.715295027609727,0.018215310802379814,-0.009266646245483956,5.0,5.0,5.0
0,1214,450.89613191966464,338.63609485681354,1734.0,449.2336383428558,336.54973036996563,1731.5542591577862,1823.3863349603091,0.6441593773272989,0.3144137645242374,1820.2628203746638,0.642965940937251,0.31348042675828497,0.23789756133055562,0.18276966458051902,8.0,7.699275599954717,5.819259017880718e-06,-0.001205492127428598,19.441816075545148,7.590373730989768,7.983353085880481,13.710319873857998,-0.010313686990914173,0.009211805746848434,5.0,5.0,5.0
0,1215,451.13401951138667,338.81887749735233,1742.0,444.29930506638016,330.6608683558273,1737.2872862426755,1831.0882379910222,0.6441652193997482,0.3132184116439349,1823.4323670717097,0.6397980647329045,0.30861015220340543,0.23788759172202845,0.18278264053878956,8.0,7.701903030713083,5.842072449357971e-06,-0.001195352880302536,-4.934333276475627,-5.88886201413834,5.733027084889272,3.1695466970459165,-0.0031678762043465536,-0.004870274554879539,5.0,5.0,5.0
0,1216,451.3718971327926,339.0016731133055,1750.0,445.95795430574077,331.708578620528,1739.1437753077173,1838.792735436726,0.6441710842492465,0.31203307399836117,1825.7957578356327,0.6395285794715857,0.3093220825011177,0.2378776214059144,0.18279561595318228,8.0,7.704497445703737,5.864849498271596e-06,-0.0011853376455737141,1.6586492393606136,1.0477102647006973,1.856489065041842,2.3633907639230074,-0.00026948526131875816,0.000711930297712271,5.0,5.0,5.0
0,1217,451.6097647831748,339.18448170413103,1758.0,446.68560685972324,340.585631453272,1754.271113934293,1846.499794821655,0.6441769718394912,0.310857629531949,1842.0080740627411,0.6514360359387246,0.3098843239502021,0.23786765038221347,0.18280859082551615,8.0,7.707059384929153,5.887590244668672e-06,-0.0011754444664121566,0.7276525539824661,8.877052832744027,15.127338626575693,16.21231622710843,0.011907456467138866,0.0005622414490843997,5.0,5.0,5.0
0,1218,451.84762246182527,339.3673032692832,1766.0,449.1104599437657,336.92599244727836,1758.508248916107,1854.2093841992792,0.6441828821342522,0.3096919581087359,1845.9606147270524,0.6436338344007899,0.3090432135133299,0.23785767865047092,0.1828215651521532,8.0,7.70958937762407,5.910294761046764e-06,-0.0011656714232131105,2.424853084042468,-3.659639005993654,4.237134981814052,3.9525406643113,-0.00780220153793465,-0.0008411104368721833,5.0,5.0,5.0
0,1219,452.0854701680364,339.5501378082181,1774.0,440.0239429393049,336.1047707102363,1771.0730607803353,1861.9214721417857,0.6441888150973785,0.30853594147595853,1855.6096771346765,0.6522955523878653,0.3030099117383084,0.23784770621114149,0.18283453893491242,8.0,7.712087942506514,5.932963126231705e-06,-0.001156016632777368,-9.086517004460802,-0.8212217370420376,12.564811864228204,9.649062407624115,0.008661717987075379,-0.006033301775021538,5.0,5.0,5.0
0,1220,452.3233079011011,339.7329853203928,1782.0,442.24755695346914,335.67982395131065,1776.3179552987608,1869.6360277298095,0.6441947706927965,0.30738946322843974,1861.0667167396405,0.6492562520309467,0.30294424490461147,0.23783773306467992,0.1828475121747033,8.0,7.7145555880238135,5.95559541805013e-06,-0.0011464782475187896,2.223614014164241,-0.424946758925671,5.2448945184255535,5.4570396049639385,-0.003039300356918573,-6.566683369690907e-05,5.0,5.0,5.0
0,1221,452.5611356603117,339.9158458052625,1790.0,445.778024412184,344.83757609323555,1787.3256822921983,1877.353020542396,0.6442007488845072,0.3062524087737506,1874.0768648900075,0.6584119361120664,0.3054560249505587,0.23782775921063148,0.18286048486970685,8.0,7.716992812586568,5.978191710664937e-06,-0.001137054454689146,3.5304674587148384,9.157752141924902,11.007726993437473,13.010148150367058,0.009155684081119664,0.0025117800459472095,5.0,5.0,5.0
0,1222,452.7989534449589,340.09871926228243,1798.0,445.0233246014313,339.85268700909336,1791.6994181802183,1885.0724206472003,0.6442067496365901,0.3051246652981313,1877.1607319070854,0.6521951059498993,0.3029079354743128,0.23781778464717718,0.18287345701992308,8.0,7.719400104804208,6.000752082901961e-06,-0.0011277434756192806,-0.7546998107526974,-4.984889084142196,4.3737358880200645,3.083867017077864,-0.00621683016216712,-0.002548089476245907,5.0,5.0,5.0
0,1223,453.0367612543382,340.2816056909114,1806.0,453.7087020447994,334.17393503533293,1803.684482541196,1892.79419859091,0.6442127729132001,0.3040061217331538,1889.6564549483796,0.634829947472697,0.30280460977586715,0.23780780937931922,0.18288642862898996,8.0,7.72177794370964,6.023276610034323e-06,-0.0011185435649775366,8.685377443368111,-5.678751973760427,11.98506436097773,12.49572304129424,-0.017365158477202214,-0.00010332569844562212,5.0,5.0,5.0
0,1224,453.2745590877389,340.46450509060196,1814.0,450.69423888918215,339.40786035568857,1808.887547721704,1900.518325389885,0.6442188186785661,0.3028966687230946,1894.8343339040925,0.6454680412796454,0.30234277709607144,0.23779783340069116,0.18289939969054103,8.0,7.724126798975021,6.045765366002875e-06,-0.0011094530100591582,-3.01446315561725,5.233925320355638,5.20306518050802,5.177878955712913,0.010638093806948357,-0.0004618326797957151,5.0,5.0,5.0
0,1225,453.51234694445566,340.647417460812,1822.0,451.1599824794067,332.70531308912103,1808.6146912339539,1908.2447725210172,0.6442248868969951,0.30179619859302764,1893.4955126685247,0.6354168508287159,0.30055468995817214,0.23778785671674996,0.18291237021003326,8.0,7.726447131132318,6.06821842896732e-06,-0.0011004701300669772,0.46574359022457656,-6.702547266567535,-0.2728564877502322,-1.3388212355678206,-0.010051190450929504,-0.0017880871378992969,5.0,5.0,5.0
0,1226,453.7501248237804,340.83034280099673,1830.0,445.5894419710891,341.3064005881696,1828.7176274782362,1915.973511912793,0.6442309775328678,0.3007046053175887,1912.9161432034043,0.6536413413411867,0.29780037963761957,0.23777787932476713,0.18292534018473816,8.0,7.728739391775662,6.090635872757488e-06,-0.0010915932754389512,-5.570540508317606,8.60108749904856,20.10293624428232,19.420630534879592,0.01822449051247077,-0.0027543103205525665,5.0,5.0,5.0
0,1227,453.9878927250047,341.0132811106114,1838.0,442.1170961146503,331.3589673695276,1829.7416224343137,1923.7045159365603,0.6442370905506416,0.2996217844904191,1911.3400264739932,0.6431697408925351,0.29325414211623463,0.23776790122428793,0.18293830961465574,8.0,7.731004023767355,6.113017773756724e-06,-0.001082820827169595,-3.472345856438835,-9.947433218642004,1.0239949560775585,-1.5761167294110692,-0.010471600448651586,-0.004546237521384944,5.0,5.0,5.0
0,1228,454.2256506474232,341.196232389113,1846.0,444.46734678770974,332.6782662700814,1840.7237464392483,1931.4377573979962,0.6442432259148477,0.2985476332942623,1922.625798722756,0.6425324246235147,0.292933406821151,0.23775792241849558,0.18295127850160497,8.0,7.7332414614359095,6.1353642061279245e-06,-0.0010741511961567807,2.3502506730594632,1.3192989005538038,10.982124004934576,11.285772248762669,-0.0006373162690204159,-0.0003207352950836406,5.0,5.0,5.0
0,1229,454.4633985903274,341.37919663595494,1854.0,450.6351103377648,338.63195548119614,1843.0593111321843,1939.1732095287623,0.6442493835900905,0.2974820504716948,1927.3326719311303,0.6444315857912557,0.2968090426211197,0.23774794290420687,0.1829642468419479,8.0,7.735452130766134,6.1576752428127435e-06,-0.0010655828225675235,6.167763550055042,5.9536892111147495,2.335564692936032,4.706873208374418,0.0018991611677410258,0.003875635799968691,5.0,5.0,5.0
0,1230,454.70113655300884,341.5621738505952,1862.0,447.2875281461352,338.1103455565263,1853.2379659733165,1946.910845978352,0.6442555635410561,0.2964249362964864,1936.201357589739,0.647274541541598,0.2937961191598257,0.23773796268142178,0.18297721464023198,8.0,7.737636449589672,6.179950965523595e-06,-0.0010571141752083735,-3.3475821916296127,-0.5216099246698604,10.17865484113213,8.868685658608683,0.002842955750342324,-0.0030129234612940037,5.0,5.0,5.0
0,1231,454.9388645347617,341.7451640324889,1870.0,457.20501716520727,338.0458780546669,1867.1389637295447,1954.6506408061189,0.6442617657324974,0.295376192545566,1951.799004320841,0.6366662421779103,0.29561000607270965,0.2377279817528688,0.18299018189372873,8.0,7.7397948277669,6.20219144131795e-06,-0.0010487437509204,9.917489019072093,-0.06446750185938299,13.900997756228207,15.597646731102031,-0.010608299363687679,0.0018138869128839774,5.0,5.0,5.0
0,1232,455.1765825348789,341.92816718109043,1878.0,452.1968086563312,338.78171741253925,1866.297779449481,1962.3925684734825,0.644267990129243,0.29433572247158046,1949.95446290164,0.6429830600835265,0.2939802221008656,0.2377180001171837,0.18300314860152866,8.0,7.741927667363598,6.224396745579952e-06,-0.0010404700739855555,-5.008208508876066,0.7358393578723508,-0.8411842800637714,-1.8445414192010503,0.006316817905616112,-0.0016297839718440454,5.0,5.0,5.0
0,1233,455.41429055265235,342.1111832958559,1886.0,457.6092698819145,344.05689714569513,1877.0254897814993,1970.1366038363092,0.6442742366961982,0.2933034307760363,1962.398043630512,0.6446887592192501,0.29605183895768633,0.23770801777345696,0.18301611476545077,8.0,7.744035362826708,6.246566955248056e-06,-0.0010322916955441408,5.412461225583286,5.2751797331558805,10.727710332018432,12.443580728871893,0.001705699135723604,0.002071616856820724,5.0,5.0,5.0
0,1234,455.65198858737403,342.2942123762423,1894.0,445.4755636021439,324.5923426390788,1887.820846253919,1977.882722137463,0.6442805053983444,0.2922792235830062,1966.6408452530004,0.6296914825377358,0.28407430249997395,0.2376980347216886,0.18302908038640453,8.0,7.746118301153729,6.2687021461504955e-06,-0.0010242071930301466,-12.133706279770593,-19.46455450661631,10.795356472419599,4.242801622488514,-0.014997276681514293,-0.011977536457712379,5.0,5.0,5.0
0,1235,455.88967663833864,342.4772544217021,1902.0,453.33574789266123,346.2675240679939,1892.0960488739427,1985.6308989995184,0.6442867962007266,0.291263008413388,1976.2191064520052,0.6522882506006482,0.2928247067596436,0.2376880509646071,0.18304204545984248,8.0,7.748176862055516,6.290802382236116e-06,-0.0010162151696181954,7.8601842905173385,21.675181428915096,4.27520262002372,9.578261199004828,0.022596768062912442,0.008750404259669664,5.0,5.0,5.0
0,1236,456.1273547048381,342.66030943169335,1910.0,458.28708527935294,334.6945043313428,1898.4708245793897,1993.3811104176384,0.6442931090684747,0.29025469415970573,1981.473930068876,0.6307840327235503,0.29046633205778666,0.23767806649948398,0.1830550099912216,8.0,7.750211418119989,6.312867748103912e-06,-0.001008314253682252,4.951337386691705,-11.573019736651133,6.374775705447064,5.254823616870681,-0.021504217877097886,-0.002358374701856958,5.0,5.0,5.0
0,1237,456.3650227861649,342.84337740567025,1918.0,457.0140906821748,341.386014531346,1907.036325552724,2001.1333327526038,0.6442994439667862,0.2892541910614345,1990.526020170871,0.6415734111074223,0.2906546673425833,0.23766808132677397,0.18306797397690389,8.0,7.752222334965381,6.334898311477488e-06,-0.0010005030982712104,-1.2729945971781262,6.691510200003222,8.565500973334338,9.05209010199519,0.01078937838387195,0.00018833528479661465,5.0,5.0,5.0
0,1238,456.60268088161274,343.02645834308896,1926.0,453.4707939461446,339.08031413195977,1925.2268557940308,2008.8875427240018,0.6443058008609324,0.28826141068084477,2006.7659720716179,0.6420560564776125,0.28604294264305336,0.23765809544784133,0.18308093741870834,8.0,7.754209971398041,6.356894146186676e-06,-0.0009927803805897528,-3.543296736030186,-2.3057003993862395,18.19053024130676,16.239951900746746,0.0004826453701902711,-0.004611724699529918,5.0,5.0,5.0
0,1239,456.8403289904736,343.2095522434038,1934.0,457.6537428087016,343.4141694304497,1924.3577249595462,2016.6437174035582,0.6443121797162578,0.2872762658793446,2007.6187122269755,0.6437441999947763,0.28900652162094037,0.23764810886086707,0.18309390031481598,8.0,7.756174679556352,6.378855325395172e-06,-0.000985144801500193,4.182948862556998,4.333855298489937,-0.869130834484622,0.852740155357651,0.0016881435171637316,0.002963578977887016,5.0,5.0,5.0
0,1240,457.0779671120413,343.392659106069,1942.0,460.1641324275136,339.00919861904435,1929.9787023171145,2024.4018342086172,0.6443185804981769,0.28629867079431687,2012.8328437599448,0.6349434779485869,0.2879183613618256,0.23763812156767017,0.1831068626652268,8.0,7.7581168050589895,6.4007819191580495e-06,-0.0009775950850277049,2.5103896188119847,-4.404970811405349,5.620977357568336,5.214131532969304,-0.008800722046189424,-0.0010881602591147899,5.0,5.0,5.0
0,1241,457.3155952456086,343.5757789305426,1950.0,453.9674466577682,344.90055799168624,1941.1349908433551,2032.1618708957647,0.6443250031721838,0.2853285408164356,2023.128243637655,0.6497102723844951,0.2856736123150706,0.23762813356734114,0.18311982447357877,8.0,7.760036687147476,6.422674006856255e-06,-0.0009701299778812622,-6.196685769745386,5.891359372641887,11.156288526240587,10.295399877710224,0.014766794435908226,-0.002244749046754979,5.0,5.0,5.0
0,1242,457.55321339046804,343.7589117162788,1958.0,453.2127382029825,340.58773453643863,1943.1377250049052,2039.923805554586,0.6443314477038395,0.28436579256744743,2024.1506883933682,0.6444581077211685,0.28387691146990596,0.23761814485942523,0.18313278573623393,8.0,7.761934658821247,6.444531655769303e-06,-0.0009627482489881767,-0.7547084547857139,-4.31282345524761,2.002734161550052,1.0224447557131953,-0.005252164663326564,-0.001796700845164645,5.0,5.0,5.0
0,1243,457.7908215459129,343.9420574627311,1966.0,456.13446924275235,340.4891757109975,1965.0951379483308,2047.6876166015602,0.6443379140587759,0.2834103438784144,2045.871558528514,0.6412359360536485,0.28194052201011294,0.23760815544483194,0.18314574645228276,8.0,7.763811046974297,6.466354936396357e-06,-0.0009554486890330227,2.9217310397698384,-0.09855882544115957,21.957412943425652,21.720870135145788,-0.003222171667520035,-0.0019363894597930198,5.0,5.0,5.0
0,1244,458.028419711236,344.12521616935646,1974.0,454.05988883644926,333.95672145658057,1977.5557590306232,2055.4532827740886,0.6443444022027018,0.2824621137684037,2056.3132676057367,0.6341501554235184,0.277659358813393,0.2375981653231065,0.18315870662536327,8.0,7.765666172528427,6.488143925897916e-06,-0.0009482301100107171,-2.0745804063030846,-6.532454254416905,12.460621082292391,10.44170907722264,-0.007085780630130101,-0.00428116319671995,5.0,5.0,5.0
0,1245,458.26600788573114,344.3083878356092,1982.0,450.7612201795532,341.6772453835645,1982.2297636788958,2063.220783124647,0.6443509121013936,0.28152102242361154,2061.350007554552,0.6486018178076824,0.2779597637827716,0.23758817449515846,0.18317166625274695,8.0,7.767500350558294,6.50989869177554e-06,-0.0009410913447921443,-3.298668656896041,7.720523926983958,4.6740046482725575,5.036739948815466,0.014451662384164066,0.0003004049693786093,5.0,5.0,5.0
0,1246,458.5035860686912,344.49157246094455,1990.0,455.77179146688366,336.74113217143025,1988.775106860847,2070.990097015064,0.6443574437207011,0.28058699117691555,2067.9334954641076,0.6363185231564126,0.2775814084247258,0.23757818296007827,0.1831846253353433,8.0,7.7693138904169246,6.531619307525993e-06,-0.0009340312466959988,5.0105712873304356,-4.9361132121342735,6.545343181951239,6.583487909555515,-0.012283294651269872,-0.0003783553580458121,5.0,5.0,5.0
0,1247,458.74115425940863,344.6747700448168,1998.0,452.894175084859,344.8982775901548,1999.8223836716045,2078.761204110925,0.6443639970265453,0.2796599424878429,2079.2685064571215,0.650847635176981,0.27732477672147804,0.2375681907174112,0.18319758387224283,8.0,7.771107095861225,6.55330584420355e-06,-0.0009270486890726182,-2.877616382024655,8.157145418724554,11.047276810757467,11.335010993013839,0.014529112020568391,-0.000256631703247745,5.0,5.0,5.0
0,1248,458.9787124571785,344.85798058668206,2006.0,460.3726884794897,335.05559854044174,1993.3146148305486,2086.5340843760914,0.6443705719849179,0.2787397999229489,2073.043275020612,0.6291358901267724,0.27824019560911756,0.23755819776988574,0.18321054186526453,8.0,7.77288026516635,6.574958372529416e-06,-0.0009201425648940331,7.478513394630681,-9.84267904971307,-6.507768841055849,-6.225231436509603,-0.021711745050208564,0.0009154188876395186,5.0,5.0,5.0
0,1249,459.21626066129147,345.04120408599374,2014.0,453.8846543000413,340.168398615521,2007.6998882009482,2094.308718067337,0.6443771685618827,0.27782648813658634,2086.2848942337228,0.6431554271100608,0.2753409328776545,0.2375482041129544,0.18322349931167992,8.0,7.774633691245526,6.596576964779111e-06,-0.0009133117863625584,-6.488034179448391,5.112800075079292,14.385273370399545,13.24161921311088,0.014019536983288394,-0.0028992627314630703,5.0,5.0,5.0
0,1250,459.4537988710417,345.22444054220887,2022.0,457.1058166726857,346.8027168801885,2020.6971383817893,2102.085085729099,0.6443837867235757,0.2769199328520736,2100.579628849103,0.6490410839935234,0.27666691420786216,0.2375382097502552,0.18323645621512696,8.0,7.776367661761924,6.618161693006108e-06,-0.0009065552845127223,3.2211623726444145,6.634318264667456,12.997250180841093,14.294734615380094,0.005885656883462653,0.0013259813302076706,5.0,5.0,5.0
0,1251,459.69132708572397,345.4076899547799,2030.0,458.8019697972709,346.63955608047235,2022.9587648360286,2109.863168188338,0.6443904264361968,0.27602006084323394,2103.097808842098,0.6470321786672543,0.2769466729835216,0.23752821468224283,0.1832494125710582,8.0,7.778082459239158,6.639712621159255e-06,-0.000899872008839675,1.6961531245851802,-0.16316079971613817,2.2616264542393765,2.518179992995101,-0.0020089053262691836,0.0002797587756594444,5.0,5.0,5.0
0,1252,459.9288453046297,345.59095232316304,2038.0,453.3343391527598,338.89577592816755,2022.6291114442138,2117.6429465495075,0.644397087666025,0.2751267999163103,2100.331138763275,0.6419393167084652,0.27285716376964037,0.2375182189057341,0.1832623683831116,8.0,7.7797783611695195,6.661229828175408e-06,-0.0008932609269236558,-5.467630644511075,-7.743780152304794,-0.3296533918148725,-2.7666700788231537,-0.005092861958789108,-0.004089509213881237,5.0,5.0,5.0
0,1253,460.1663535270527,345.7742276468134,2046.0,453.7088113975106,332.3214466224193,2044.4247920242206,2125.4244021896275,0.6444037703794061,0.27424007889224333,2120.3683547129817,0.6321776535300325,0.2684476786035257,0.23750822242300274,0.1832753236503777,8.0,7.78145564011993,6.682713381112038e-06,-0.0008867210240669499,0.3744722447507911,-6.574329305748279,21.795680580006774,20.037215949706933,-0.009761663178432634,-0.004409485166114668,5.0,5.0,5.0
0,1254,460.40385175228766,345.95751592518445,2054.0,450.15269028129217,339.8791812708602,2046.521857530257,2133.207516753461,0.6444104745427522,0.27335982758930216,2122.829954513062,0.6467131036631119,0.26893808540616193,0.23749822523495823,0.18328827837103745,8.0,7.783114563833351,6.7041633461384365e-06,-0.0008802513029411707,-3.556121116218435,7.557734648440942,2.097065506036415,2.461599800080421,0.01453545013307933,0.000490406802636234,5.0,5.0,5.0
0,1255,460.6413399796256,346.14081715773136,2062.0,455.1235189183369,337.38816354251964,2059.170429772358,2140.992272148792,0.6444172001225522,0.27248597680606246,2135.6851474925047,0.6379170478115356,0.2684875118803146,0.2374882273379626,0.1833012325469099,8.0,7.7847553953311035,6.725579799971015e-06,-0.0008738507832397047,4.970828637044747,-2.49101772834058,12.648572242101181,12.855192979442563,-0.008796055851576279,-0.0004505735258473198,5.0,5.0,5.0
0,1256,460.8788182083613,346.32413134390936,2070.0,463.3536799953523,344.35010105671205,2059.107059560887,2148.7786505418026,0.6444239470853608,0.2716184583047254,2138.503099739742,0.6391149289966467,0.2733457878081989,0.23747822873565383,0.183314186177995,8.0,7.7863783930106365,6.746962808557022e-06,-0.000867518501337039,8.230161077015396,6.961937514192414,-0.06337021147101041,2.817952247237372,0.0011978811851111049,0.004858275927884292,5.0,5.0,5.0
0,1257,461.11628643778886,346.50745848317274,2078.0,457.44758413875206,343.0913265585492,2072.028927954885,2156.5666343525404,0.6444307153978015,0.2707572047947649,2149.4822234379976,0.643508997324442,0.26926556397744794,0.23746822942757717,0.1833271392633833,8.0,7.787983810737842,6.768312440730284e-06,-0.0008612535099605245,-5.9060958566002455,-1.2587744981628362,12.921868393998011,10.979123698255535,0.00439406832779532,-0.004080223830750962,5.0,5.0,5.0
0,1258,461.3537446672008,346.6907985749758,2086.0,452.1220555937149,347.06287781643516,2079.65383345393,2164.3562062504875,0.6444375050265694,0.2699021499168992,2156.3457657138706,0.6546897507189531,0.26750153536458265,0.23745822941191363,0.18334009180307476,8.0,7.7895718979470985,6.789628767878142e-06,-0.0008550548778656908,-5.325528545037173,3.971551257885949,7.624905499044871,6.863542275872987,0.011180753394511078,-0.0017640286128652871,5.0,5.0,5.0
0,1259,461.5911928958908,346.8741516187729,2094.0,458.0454535145328,337.93653022535915,2093.159526911887,2172.1473491502124,0.6444443159384273,0.2690532282273811,2169.17577458538,0.6356339811274394,0.26552006508512754,0.23744822869002746,0.1833530437970694,8.0,7.791142899724946,6.810911857946245e-06,-0.0008489216895181118,5.9233979208179335,-9.126347591076012,13.505693457957022,12.830008871509563,-0.01905576959151367,-0.001981470279455111,5.0,5.0,5.0
0,1260,461.8286311231527,347.05751761401916,2102.0,448.1459980928354,343.91524725172013,2094.978296481018,2179.9400462071176,0.6444511481002084,0.2682103751825962,2169.803354137269,0.6545556689212205,0.263380943815622,0.23743822726191866,0.18336599524627673,8.0,7.792697056905126,6.832161781100687e-06,-0.0008428530447848748,-9.89945542169744,5.978717026360982,1.8187695691308363,0.6275795518886298,0.018921687793781117,-0.0021391212695055506,5.0,5.0,5.0
0,1261,462.0660593482794,347.24089656016804,2110.0,452.7693113513641,342.3363203776142,2104.0370477196134,2187.7342808132703,0.6444580014788134,0.26737352712396256,2179.2581544479626,0.6473900998278093,0.2635042988151106,0.23742822512667772,0.18337894614887773,8.0,7.794234606152713,6.853378604954052e-06,-0.0008368480586336546,4.623313258528697,-1.578926874105946,9.058751238595505,9.454800310693827,-0.0071655690934112615,0.00012335499948862294,5.0,5.0,5.0
0,1262,462.30347757056506,347.42428845667473,2118.0,453.95495611234236,343.86047469006655,2107.032744098358,2195.53003659332,0.6444648760412125,0.2665426212631292,2182.636504994749,0.6482692908457244,0.26397186811866785,0.2374182222856689,0.1833918965066914,8.0,7.795755780049603,6.874562399117323e-06,-0.000830905860833342,1.1856447609782776,1.5241543124523673,2.9956963787444693,3.3783505467863506,0.0008791910179151152,0.0004675693035572359,5.0,5.0,5.0
0,1263,462.5408857893035,347.60769330299354,2126.0,454.5472284539879,338.48943597874796,2122.518520454117,2203.3272974004976,0.6444717717544439,0.26571759566746117,2196.8780464184047,0.6400836510736402,0.2609233803325935,0.23740821873843743,0.18340484631880827,8.0,7.797260807177736,6.895713231425127e-06,-0.0008250255956680497,0.5922723416455256,-5.37103871131859,15.485776355759299,14.24154142365569,-0.008185639772084197,-0.003048487786074361,5.0,5.0,5.0
0,1264,462.7782840037876,347.79111109857877,2134.0,451.44841671902697,341.43076515569976,2133.014969556849,2211.1260473126977,0.6444786885856154,0.26489838924580844,2206.8378963364135,0.6475213927416856,0.2593842307435753,0.23739821448407383,0.1834177955852283,8.0,7.798749912200037,6.916831171488447e-06,-0.0008192064216527295,-3.0988117349609183,2.941329176951797,10.49644910273173,9.959849918008786,0.00743774166804545,-0.001539149589018185,5.0,5.0,5.0
0,1265,463.0156722133115,347.9745418428847,2142.0,457.472043119863,341.3760609474816,2125.9090709087363,2218.9262706286368,0.6444856265019012,0.2640849417345523,2201.2059565148206,0.6410793034508913,0.2623125076539939,0.23738820952394235,0.18343074430595152,8.0,7.800223315939093,6.937916285809642e-06,-0.0008134475112561157,6.023626400836008,-0.05470420821814059,-7.105898648112543,-5.631939821592823,-0.006442089290794373,0.0029282769104185813,5.0,5.0,5.0
0,1266,463.25305041716956,348.1579855353657,2150.0,463.7156051470086,339.39542526386435,2152.306319544108,2226.7279518640926,0.6444925854705438,0.26327719368392105,2227.69924143642,0.6318188886174962,0.260906267408645,0.23737820385804298,0.18344369248097792,8.0,7.801681235455817,6.958968642556407e-06,-0.000807748050631274,6.243562027145629,-1.9806356836172654,26.397248635371852,26.493284921599297,-0.009260414833395014,-0.001406240245348911,5.0,5.0,5.0
0,1267,463.4904186146541,348.341442175476,2158.0,452.34148304288675,343.08975046409716,2156.262337992085,2234.5310757482157,0.6444995654588551,0.2624750864445706,2229.751256171425,0.6489031427186269,0.2574529024139197,0.23736819748455673,0.1834566401103075,8.0,7.803123884123124,6.979988311339724e-06,-0.0008021072393504247,-11.374122104121852,3.694325200232811,3.9560184479769305,2.0520147350052866,0.01708425410113068,-0.003453364994725261,5.0,5.0,5.0
0,1268,463.7277768050599,348.52491176266903,2166.0,461.78134678122393,339.70005348390606,2158.918367801647,2242.335627219917,0.6445065664342116,0.261678562154425,2233.7337928686525,0.6342404741470162,0.2595461225452617,0.23735819040575734,0.18346958719303075,8.0,7.804551471701416,7.000975356441508e-06,-0.0007965242901456504,9.43986373833718,-3.389696980191104,2.6560298095619146,3.9825366972272604,-0.014662668571610693,0.0020932201313419996,5.0,5.0,5.0
0,1269,463.96512498768107,348.7083942964,2174.0,463.3607875460525,341.3060710053362,2164.6068144549004,2250.141591424328,0.6445135883640599,0.2608875637257689,2239.8026061965793,0.6348621312461834,0.25985403878063995,0.23734818262119006,0.18348253373096668,8.0,7.805964204410884,7.021929848360919e-06,-0.0007909984286560978,1.5794407648285755,1.6060175214301466,5.688446653253322,6.068813327926819,0.0006216570991671722,0.0003079162353782361,5.0,5.0,5.0
0,1270,464.20246316181056,348.8918897761223,2182.0,468.0355018504692,336.8758824048798,2172.5503143316246,2257.9489537093273,0.6445206312159131,0.2601020348325871,2247.7805630089715,0.6238687030382372,0.2594496351555701,0.23733817412949065,0.1834954797222963,8.0,7.807362284999272,7.042851853156229e-06,-0.0007855288931817861,4.674714304416682,-4.430188600456404,7.943499876724218,7.977956812392222,-0.010993428207946243,-0.00040440362506982686,5.0,5.0,5.0
0,1271,464.4397913267421,349.0753982012902,2190.0,458.3134467083225,341.8868569393151,2187.0983002419553,2265.757699622141,0.6445276949573514,0.2593219198981486,2260.6054085803557,0.6409151985615628,0.2557120408840325,0.2373281649315686,0.1835084251679291,8.0,7.80874591281372,7.0637414383289965e-06,-0.0007801149344384695,-9.7220551421467,5.01097453443532,14.54798591033068,12.82484557138423,0.0170464955233256,-0.0037375942715376365,5.0,5.0,5.0
0,1272,464.67710948177137,349.2589195713581,2198.0,461.16616497340374,352.88353604795145,2188.2351201550273,2273.5678149060095,0.6445347795560206,0.25854716408282635,2263.97304816331,0.6531572347468285,0.25939063989149114,0.23731815502924292,0.18352137006786506,8.0,7.810115283868527,7.084598669160336e-06,-0.00077475581532227,2.8527182650812506,10.996679108636329,1.1368199130720313,3.3676395829543253,0.012242036185265759,0.0036785990074586494,5.0,5.0,5.0
0,1273,464.9144176261907,349.4424538857793,2206.0,458.94027587506724,346.0066041589358,2194.052333068904,2281.379285496915,0.6445418849796352,0.2577777132721469,2268.0856216613565,0.6460084585604277,0.2562047975767176,0.23730814441933035,0.18353431442119472,8.0,7.811470590905628,7.105423614595097e-06,-0.0007694508106794729,-2.225889098336495,-6.87693188901568,5.817212913876574,4.1125734980464586,-0.0071487761864008625,-0.003185842314773535,5.0,5.0,5.0
0,1274,465.1517157592939,349.6260011440081,2214.0,466.1156002332649,349.6148322763189,2205.5285822724345,2289.1920975203816,0.644549011195976,0.25701351406507067,2281.1949962572403,0.64353973445456,0.2582814319620921,0.23729813310319514,0.18354725822882756,8.0,7.812812023466449,7.126216340802571e-06,-0.0007641992070762105,7.175324358197656,3.6082281173831348,11.476249203530642,13.109374595883764,-0.0024687241058676257,0.002076634385374476,5.0,5.0,5.0
0,1275,465.3890038803761,349.80956134549797,2222.0,460.8941516708627,348.50499511488647,2216.9052822704734,2297.0062372883317,0.6445561581728878,0.2562545137624921,2290.9710127417934,0.6474253413376564,0.25497106236289996,0.23728812108220154,0.18356020148985408,8.0,7.81413976795011,7.1469769118426285e-06,-0.000759000302578583,-5.221448562402202,-1.1098371614324378,11.37669999803893,9.77601648455311,0.0038856068830963597,-0.00331036959919212,5.0,5.0,5.0
0,1276,465.62628198873017,349.99313448970315,2230.0,469.4842846367993,344.1394404766577,2230.8397179417284,2304.8216912960047,0.6445633258782852,0.25550066035595603,2305.535359771965,0.6325423734668403,0.2552444456207516,0.2372781083540758,0.18357314420518378,8.0,7.815454007672997,7.167705397437274e-06,-0.0007538534065360536,8.590132965936618,-4.365554638228787,13.93443567125496,14.564347030171575,-0.01488296787081611,0.00027338325785164486,5.0,5.0,5.0
0,1277,465.8635500836508,350.17672057607797,2238.0,454.5710560028772,340.59190126976483,2237.546369042383,2312.638446218941,0.6445705142801472,0.25475190251658925,2308.5171521521943,0.6430273290621903,0.24860347517897913,0.23726809492063694,0.18358608637481666,8.0,7.816754922936525,7.188401861979443e-06,-0.0007487578393667871,-14.913228633922131,-3.54753920689285,6.706651100654653,2.981792380229308,0.01048495559535001,-0.006640970441772476,5.0,5.0,5.0
0,1278,466.10080816443224,350.3603196040758,2246.0,464.209264363678,339.7782448908122,2247.0682702074723,2320.456488910018,0.644577723346518,0.2540081895842374,2319.5377357989564,0.6318490590672872,0.2506276968969775,0.23725808078143018,0.18359902799784322,8.0,7.818042691076698,7.20906637075025e-06,-0.0007437129323518699,9.638208360800832,-0.8136563789526576,9.521901165089275,11.020583646762134,-0.011178269994903123,0.0020242217179983757,5.0,5.0,5.0
0,1279,466.33805623036733,350.543931573151,2254.0,461.45054841506555,347.1399771976793,2247.2217028966115,2328.2758063965443,0.64458495304551,0.25326947155680635,2320.225884342065,0.6449586553147806,0.25151800966538984,0.2372480659350913,0.18361196907517296,8.0,7.8193174865264155,7.2296989920284105e-06,-0.000738718027431029,-2.758715948612462,7.361732306867111,0.15343268913920838,0.6881485431085821,0.013109596247493416,0.000890312768412338,5.0,5.0,5.0
0,1280,466.57529428075213,350.72755648275506,2262.0,457.060752753221,345.57441736179175,2248.083582644341,2336.096385877418,0.6445922033452945,0.2525356990798042,2319.958190183025,0.6473808596856996,0.24956881953548118,0.2372380503848035,0.1836249096040774,8.0,7.8205794808736755,7.2502997845447226e-06,-0.0007337724770021259,-4.389795661844573,-1.5655598358875409,0.8618797477292901,-0.2676941590398201,0.002422204370919001,-0.0019491901299086567,5.0,5.0,5.0
0,1281,466.81252231487997,350.91119433234417,2270.0,464.4686898821753,348.0356065261837,2264.1816803962524,2343.9182147203287,0.6445994742141173,0.2518068234360761,2337.38713719677,0.643065667207086,0.2509351216623043,0.23722803412783833,0.183637849589104,8.0,7.821828842910691,7.270868822795151e-06,-0.0007288756437281441,7.407937128954302,2.4611891643919535,16.09809775191161,17.42894701374462,-0.004315192478613561,0.0013663021268231212,5.0,5.0,5.0
0,1282,467.04974033204417,351.0948451213708,2278.0,464.7294364616702,344.66231432120543,2269.2175116887383,2351.7412804590194,0.6446067656202843,0.25108279653573007,2341.818454829934,0.6381297245520544,0.24965366568521105,0.23721801716419577,0.1836507890266148,8.0,7.82306573869073,7.291406166953784e-06,-0.0007240269003460087,0.26074657949493485,-3.37329220497827,5.035831292485909,4.431317633164326,-0.004935942655031611,-0.0012814559770932543,5.0,5.0,5.0
0,1283,467.2869483315403,351.2785088492892,2286.0,462.8807280543688,343.7099675421775,2283.225920931593,2359.565570790603,0.6446140775321666,0.2503635709062524,2354.8918693234955,0.6387130856051588,0.24733953262154312,0.23720799949614957,0.18366372791842878,8.0,7.824290331583597,7.311911882301736e-06,-0.0007192256294776822,-1.8487084073014444,-0.9523467790279483,14.008409242854668,13.073414493561359,0.0005833610531044142,-0.002314133063667928,5.0,5.0,5.0
0,1284,467.52414631266174,351.46218551555194,2294.0,466.3568304799773,349.86987489287225,2286.8683680624304,2367.391073572922,0.6446214099182006,0.249649099682801,2360.013676981006,0.6436414185513992,0.24961984052821332,0.23719798112142598,0.18367666626272694,8.0,7.825502782318836,7.332386034009097e-06,-0.0007144712234513906,3.4761024256085307,6.159907350694766,3.642447130837354,5.121807657510544,0.004928332946240399,0.0022803079066701926,5.0,5.0,5.0
0,1285,467.76133427470313,351.6458751196142,2302.0,461.3697951664467,349.6960381902482,2289.188830800582,2375.2177768219676,0.6446287627468894,0.2489393365986835,2361.257061414538,0.64857082735251,0.24770006616217857,0.23718796204138926,0.18368960406223778,8.0,7.8267032490457495,7.3528286888002725e-06,-0.0007097630841174929,-4.987035313530612,-0.17383670262404394,2.320462738151491,1.2433844335319009,0.004929408801110813,-0.0019197743660347433,5.0,5.0,5.0
0,1286,467.99851221695917,351.8295776609275,2310.0,464.3500390038689,347.6898658549824,2306.2747495854373,2383.0456687093415,0.6446361359867958,0.24823423597600508,2378.111103820955,0.6427113563359054,0.24641685684615516,0.2371779422560394,0.1837025413133233,8.0,7.82789188737388,7.37323990640526e-06,-0.0007051006226784229,2.980243837422222,-2.0061723352658305,17.085918784855494,16.854042406417193,-0.005859471016604667,-0.0012832093160234093,5.0,5.0,5.0
0,1287,468.23568013872364,352.0132931389462,2318.0,454.5967594563761,341.9041236528576,2313.7559679780384,2390.87473755977,0.644643529606552,0.24753375271649192,2382.6504827257095,0.6448464253184938,0.24106225482474597,0.23716792176446688,0.18371547801871202,8.0,7.829068850428484,7.393619756212999e-06,-0.0007004832595131627,-9.75327954749281,-5.785742202124766,7.481218392601022,4.539378904754358,0.0021350689825884173,-0.005354602021409194,5.0,5.0,5.0
0,1288,468.47283803929076,352.1970215531237,2326.0,468.48648081410823,344.6507961056697,2319.6193333871893,2398.7049718486596,0.6446509435748525,0.24683784229248068,2391.421670426503,0.6342657464809771,0.2456681631277141,0.2371579005671265,0.18372841417749441,8.0,7.830234288889642,7.413968300507001e-06,-0.0006959104240112368,13.889721357732128,2.7466724528121063,5.8633654091509015,8.77118770079369,-0.010580678837516677,0.0046059083029681425,5.0,5.0,5.0
0,1289,468.7099859179548,352.3807629029143,2334.0,463.9164673127191,341.00912875613466,2316.495393618376,2406.536360199706,0.6446583778604572,0.24614646073807323,2386.9764605446126,0.6338745079768242,0.2436136546780115,0.2371478786640182,0.18374134979058,8.0,7.831388351046371,7.434285604679403e-06,-0.0006913815544074553,-4.570013501389155,-3.641667349535055,-3.123939768813216,-4.445209881890605,-0.00039123850415290207,-0.002054508449702619,5.0,5.0,5.0
0,1290,468.9471237740113,352.5645171877695,2342.0,461.93143763392715,338.0198260821178,2342.063568293748,2414.3688913825417,0.6446658324321851,0.24545956464045163,2410.995606347713,0.6317205431015986,0.2396997308893691,0.23713785605650628,0.18375428485524026,8.0,7.832531182835737,7.4545717279050905e-06,-0.0006868960976215976,-1.985029678791932,-2.9893026740168693,25.56817467537212,24.0191458031004,-0.002153964875225567,-0.003913923788642387,5.0,5.0,5.0
0,1291,469.18425160675406,352.74828440714373,2350.0,455.46187458212637,336.1596344116691,2348.3448004497955,2422.2025543104305,0.6446733072589242,0.2447771111313516,2415.610092876175,0.6358176634715049,0.23654298098232743,0.23712783274277172,0.1837672193742037,8.0,7.833662927888781,7.474826739128915e-06,-0.0006824535091000394,-6.469563051800776,-1.8601916704486712,6.281232156047281,4.614486528461839,0.004097120369906282,-0.0031567499070416782,5.0,5.0,5.0
0,1292,469.42136941547733,352.9320645604894,2358.0,468.5684839651151,342.61146515468016,2352.5811775040793,2430.0373380380047,0.6446808023096237,0.24409905787869007,2423.1337637380407,0.6313520597332496,0.24190352415304087,0.23711780872326926,0.18378015334565134,8.0,7.834783727574177,7.495050699413142e-06,-0.0006780532526615146,13.106609382988722,6.451830743011044,4.236377054283821,7.523670861865867,-0.00446560373825533,0.005360543170713439,5.0,5.0,5.0
0,1293,469.6584771994753,353.1158576472608,2366.0,472.7772775018703,356.28669451988554,2362.671745182742,2437.873231759045,0.6446883175532983,0.24342536307834434,2435.708590595117,0.645803475164859,0.245507394911275,0.23710778399799892,0.18379308677140216,8.0,7.83589372104052,7.5152436745939966e-06,-0.0006736948003457366,4.208793536755195,13.675229365205382,10.090567678662865,12.57482685707646,0.014451415431609438,0.0036038707582341234,5.0,5.0,5.0
0,1294,469.89557495804456,353.2996636669104,2374.0,471.4425929441515,350.84107606121773,2364.786860689438,2445.7102248043007,0.6446958529590214,0.24275598544607935,2436.7118162768256,0.6397698874783662,0.2435716883599407,0.23709775856923443,0.18380601964963716,8.0,7.83699304525544,7.535405723180233e-06,-0.0006693776322649891,-1.3346845577187878,-5.445618458667809,2.115115506695929,1.0032256817085,-0.0060335876864928695,-0.001935706551334293,5.0,5.0,5.0
0,1295,470.132662690477,353.4834826188917,2382.0,456.82907057613437,348.7445919422001,2374.8807053504916,2453.5483066393494,0.6447034084959355,0.24209088420961833,2443.4348681269234,0.6520238637657673,0.23743907474362558,0.2370877324324283,0.18381895198126585,8.0,7.838081835048797,7.555536914116701e-06,-0.0006651012364610187,-14.61352236801713,-2.0964841190176458,10.093844661053481,6.723051850097818,0.012253976287401103,-0.006132613616315119,5.0,5.0,5.0
0,1296,470.36974039606866,353.667314502658,2390.0,462.6928709813332,350.4241887738716,2388.426808098198,2461.3874668624985,0.6447109841332419,0.24143001910085937,2457.939059980316,0.6481936778781985,0.23839052086767687,0.2370777055916733,0.18383188376628823,8.0,7.839160223149065,7.575637306356242e-06,-0.0006608651087589568,5.863800405198845,1.6795968316715175,13.5461027477063,14.504191853392513,-0.003830185887568782,0.0009514461240512917,5.0,5.0,5.0
0,1297,470.6068080741147,353.8511593176627,2398.0,461.9614181650312,349.01527266505167,2386.727469832661,2469.227695202725,0.6447185798402058,0.24077335034822755,2455.9495165170483,0.647016540813883,0.23798680355530358,0.23706767804605988,0.1838448150047043,8.0,7.840228340226531,7.595706963847704e-06,-0.0006566687526318171,-0.73145281630201,-1.4089161088199376,-1.6993382655368805,-1.989543463267637,-0.0011771370643154366,-0.0004037173123732918,5.0,5.0,5.0
0,1298,470.8438657239085,354.03501706335646,2406.0,471.1399876811694,350.4001042381232,2403.7731793840053,2477.0689815176497,0.6447261955861526,0.24012083866916387,2474.445113347271,0.6394750708442027,0.2395734437173015,0.2370576497937691,0.18385774569378555,8.0,7.841286314924673,7.615745946876196e-06,-0.0006525116790636887,9.178569516138168,1.3848315730715512,17.045709551344316,18.495596830222894,-0.007541469969680303,0.0015866401619979154,5.0,5.0,5.0
0,1299,471.08091334474466,354.21888773919454,2414.0,463.30237295746093,356.5691615957919,2404.701296210065,2484.911315791554,0.6447338313404759,0.23947244526275138,2474.7482659421153,0.6559433543308328,0.23849204519681289,0.23704762083616515,0.18387067583807948,8.0,7.842334273904271,7.635754323276345e-06,-0.0006483934064124841,-7.837614723708441,6.169057357668692,0.9281168260595223,0.3031525948440503,0.016468283486630098,-0.0010813985204886079,5.0,5.0,5.0
0,1300,471.3179509359197,354.4027713446303,2422.0,465.43919691316734,349.25545158036084,2420.785983516294,2492.7546881334288,0.6447414870726269,0.23882813180246826,2489.7425156973013,0.643743146932775,0.23590273498652964,0.23703759117506706,0.1838836054357671,8.0,7.843372341874783,7.655732151001793e-06,-0.0006443134602831246,2.1368239557064044,-7.31371001543107,16.08468730622917,14.994249755186047,-0.012200207398057827,-0.0025893102102832466,5.0,5.0,5.0
0,1301,471.554978496727,354.58666787911534,2430.0,467.5965693436941,353.61497369353924,2425.6316082801045,2500.5990887750604,0.6447491627521196,0.23818786042906884,2495.4716588993356,0.6474824136758897,0.23714231760742777,0.2370275608072916,0.1838965344850294,8.0,7.844400641631637,7.675679492669119e-06,-0.0006402713733994203,2.1573724305267774,4.3595221131784,4.84562476381052,5.729143202034265,0.0037392667431146442,0.0012395826208981275,5.0,5.0,5.0
0,1302,471.7919960264612,354.7705773421021,2438.0,463.98543954393097,352.78865428934824,2435.6114520609344,2508.4445080691503,0.6447568583485301,0.23755159374359403,2504.385247543684,0.6500886152124732,0.2348955703940852,0.23701752973420298,0.1839094629867759,8.0,7.845419294089879,7.695596410561834e-06,-0.0006362666854748122,-3.611129799763148,-0.8263194041909969,9.979843780829924,8.913588644348238,0.00260620153658353,-0.0022467472133425592,5.0,5.0,5.0
0,1303,472.0290035244184,354.95449973304494,2446.0,462.23963973145317,338.65538652361715,2442.3154076335936,2516.2909364874704,0.6447645738314978,0.23691929480050275,2508.6365830317013,0.6322980115387973,0.23045370408853008,0.23700749795716547,0.1839223909428256,8.0,7.846428418320102,7.715482967629583e-06,-0.0006322989430912751,-1.7457998124777987,-14.133267765731091,6.703955572659197,4.251335488017503,-0.01779060367367591,-0.0044418663055551255,5.0,5.0,5.0
0,1304,472.26600098989184,355.1384350513954,2454.0,463.62151191444025,346.8190595370498,2440.2173129648386,2524.138364619051,0.6447723091707221,0.23629092710092175,2507.965091635315,0.6422616040855901,0.23296157670502876,0.23699746547345057,0.18393531835044996,8.0,7.8474281315807275,7.735339224379523e-06,-0.000628367699580995,1.381872182987081,8.163673013432629,-2.0980946687550386,-0.6714913963865001,0.009963592546792799,0.0025078726164986798,5.0,5.0,5.0
0,1305,472.50298842217717,355.32238329660686,2462.0,472.031729045313,347.9647857440781,2456.6144309066017,2531.9867831684014,0.6447800643359649,0.23566645458601837,2525.6381188685755,0.6352353119472958,0.23432713699106444,0.23698743228533203,0.18394824521146802,8.0,7.848418549350299,7.755165242762097e-06,-0.0006244725149033847,8.410217130872752,1.1457262070283036,16.3971179417631,17.673027233260655,-0.00702629213829431,0.001365560286035683,5.0,5.0,5.0
0,1306,472.73996582057,355.50634446813183,2470.0,479.95933471338304,349.05851395872685,2469.8204148646164,2539.8361829537603,0.644787839297048,0.2350458416304855,2540.1211960903784,0.6287924429960634,0.23581672786612695,0.23697739839280985,0.18396117152497027,8.0,7.849399785358855,7.774961083062415e-06,-0.0006206129555328677,7.9276056680700435,1.0937282146487632,13.205983958014713,14.483077221802887,-0.006442868951232361,0.0014895908750625075,5.0,5.0,5.0
0,1307,472.97693318436404,355.6903185654228,2478.0,469.52837250981077,344.9529495255403,2472.8750566425438,2547.6865549053828,0.6447956340238561,0.23442905303614034,2540.5827039761857,0.6336237806374486,0.23138566518630554,0.23696736379406502,0.1839740972909567,8.0,7.850371951622492,7.794726808119101e-06,-0.0006167885943451634,-10.430962203572278,-4.105564433186544,3.0546417779273725,0.46150788580735025,0.004831337641385214,-0.004431062679821407,5.0,5.0,5.0
0,1308,473.21389051285496,355.8743055879322,2486.0,458.8921870032662,353.28280072615473,2477.1032887200286,2555.537890063852,0.6448034484863334,0.23381605402563702,2543.900839177726,0.6560909063688491,0.22966778974846297,0.23695732849091655,0.18398702250942733,8.0,7.851335158469283,7.814462477329087e-06,-0.0006129990105033234,-10.636185506544564,8.329851200614428,4.22823207748479,3.318135201540372,0.022467125731400528,-0.0017178754378425753,5.0,5.0,5.0
0,1309,473.4508378053383,356.0583055351144,2494.0,475.4120024277034,354.6754357125402,2487.3204024095635,2563.390179578426,0.6448112826544876,0.23320681023628614,2557.0635543515673,0.640960624768698,0.23409228446553312,0.23694729248336444,0.18399994718220114,8.0,7.85228951457384,7.83416815419713e-06,-0.0006092437893508718,16.519815424437184,1.392634986385474,10.217113689534926,13.162715173841207,-0.015130281600151174,0.004424494717070154,5.0,5.0,5.0
0,1310,473.687775061107,356.24231840642005,2502.0,466.7638526277116,350.7268481051772,2497.4792096759766,2571.2434147054073,0.6448191364983847,0.23260128771397953,2564.815825525372,0.644397176763786,0.22965045933253994,0.2369372557686802,0.18401287130564015,8.0,7.853235126981417,7.85384389712096e-06,-0.0006055225223066119,-8.648149799991813,-3.948587607362981,10.158807266413078,7.752271173804729,0.0034365519950880774,-0.004441825132993182,5.0,5.0,5.0
0,1311,473.92470227945796,356.4263442013025,2510.0,473.59294936344884,351.0292349046423,2502.8802336770996,2579.0975868065516,0.6448270099881515,0.23199945290722537,2571.3656429174052,0.6378481961816905,0.23131338302867988,0.23692721835095654,0.18402579488247284,8.0,7.854172101144286,7.873489766718755e-06,-0.000601834806754159,6.8290967357372665,0.30238679946506863,5.401024001123005,6.549817392033219,-0.0065489805820955205,0.001662923696139934,5.0,5.0,5.0
0,1312,474.1616194596868,356.6103829192134,2518.0,467.8326943819694,354.08991353238184,2508.803771000792,2586.952687347494,0.6448349030939735,0.2314012726612802,2576.4982938449343,0.6478853078343951,0.22973773229513805,0.23691718022882924,0.18403871791088022,8.0,7.855100540942203,7.89310582205438e-06,-0.0005981802459451846,-5.76025498147942,3.0606786277395486,5.9235373236924715,5.132650927529085,0.0100371116527046,-0.0015756507335418224,5.0,5.0,5.0
0,1313,474.3985266010868,356.7944345596061,2526.0,485.20265279568696,355.73813420702334,2519.7161396183888,2594.8087078962085,0.6448428157861018,0.230806714212384,2590.548331659238,0.6326454348435983,0.23438458586963656,0.23690714140002456,0.1840516403926813,8.0,7.856020548714696,7.912692128297927e-06,-0.000594558448896193,17.36995841371754,1.6482206746414931,10.912368617596712,14.050037814303778,-0.015239872990796877,0.004646853574498511,5.0,5.0,5.0
0,1314,474.6354237029541,356.97849912193215,2534.0,476.82533703001064,353.4070075255721,2526.484251354568,2602.6656401214946,0.6448507480348422,0.23021574518209525,2595.261371681977,0.6378237126818445,0.23073327969002058,0.23689710186727098,0.18406456232605706,8.0,7.856932225286073,7.932248740405434e-06,-0.0005909690302887405,-8.377315765676315,-2.3311266814512237,6.768111736179435,4.713040022738824,0.005178277838246204,-0.003651306179615982,5.0,5.0,5.0
0,1315,474.8723107645842,357.1625766056459,2542.0,465.6177141147179,359.71077621713636,2544.5949282793035,2610.5234757914895,0.6448586998105649,0.22962833357172108,2611.7341073028288,0.6577746556475611,0.2272339954833226,0.23688706163011375,0.184077483713736,8.0,7.857835669994984,7.951775722658816e-06,-0.0005874116103741778,-11.207622915292745,6.303768691564244,18.110676924735344,16.472735620851836,0.019950942965716645,-0.0034992842066979835,5.0,5.0,5.0
0,1316,475.10918778527184,357.34666701019705,2550.0,465.26345119482824,350.6391621391855,2544.2317928806833,2618.382206772204,0.6448666710836946,0.2290444477568413,2610.0830095895894,0.6458239201521283,0.22510600508934506,0.23687702068764338,0.18409040455117065,8.0,7.8587309807144266,7.971273129681045e-06,-0.000583885814879781,-0.3542629198896634,-9.07161407795087,-0.3631353986202157,-1.6510977132393236,-0.011950735495432796,-0.0021279903939775413,5.0,5.0,5.0
0,1317,475.34605476431125,357.53077033503905,2558.0,476.7040486734402,352.5577099090628,2547.923573148763,2626.241825026089,0.6448746618247211,0.22846405648192852,2616.000424970365,0.6367947232578538,0.22863471021566392,0.23686697903940512,0.18410332484199898,8.0,7.859618253884946,7.99074102653119e-06,-0.0005803912749127726,11.440597478611949,1.918547769877307,3.691780268079583,5.917415380775765,-0.009029196894274505,0.003528705126318865,5.0,5.0,5.0
0,1318,475.5829117010003,357.7148865796253,2566.0,463.51408107012674,352.15333618545253,2559.1325610518,2634.1023226106227,0.6448826720041902,0.2278871288550588,2624.503141657936,0.6497099278666247,0.2236599422549775,0.23685693668903696,0.184116244586221,8.0,7.860497584533732,8.010179469164491e-06,-0.0005769276268697276,-13.189967603313448,-0.4043737236102629,11.208987903037269,8.502716687570683,0.012915204608770936,-0.00497476796068641,5.0,5.0,5.0
0,1319,475.8197585946318,357.8990157434064,2574.0,467.14680546052614,357.5896661619551,2564.3721870990767,2641.9636916769223,0.6448907015927086,0.22731363434270707,2630.988639497536,0.6533323955889256,0.22551057091840548,0.23684689363153666,0.18412916378110822,8.0,7.8613690662996305,8.029588518310149e-06,-0.0005734945123517243,3.632724390399403,5.436329976502577,5.239626047276488,6.485497839600157,0.003622467722300904,0.0018506286634279723,5.0,5.0,5.0
0,1320,476.05659544450236,358.08315782583486,2582.0,466.87598330962834,348.0896836189153,2584.1286797302196,2649.8259244683854,0.6448987505609408,0.22674354276463818,2648.9357570612196,0.6406611919221477,0.22165622426046777,0.2368368498705422,0.18414208242847963,8.0,7.862232791463157,8.048968232254872e-06,-0.0005700915780688931,-0.27082215089779993,-9.499982543039835,19.75649263114292,17.947117563683605,-0.012671203666777986,-0.003854346657937713,5.0,5.0,5.0
0,1321,476.29342224990705,358.2673128263632,2590.0,474.0927520332504,358.82749880966486,2579.295067478012,2657.6890133193447,0.6449068188796121,0.2261768242888776,2646.938638606657,0.6478846600339523,0.22656121728077902,0.23682680540468937,0.18415500052833522,8.0,7.86308885095923,8.06831867128377e-06,-0.0005667184757605914,7.216768723622067,10.737815190749586,-4.833612252207786,-1.9971184545624965,0.007223468111804632,0.004904993020311249,5.0,5.0,5.0
0,1322,476.53023901014103,358.45148074444296,2598.0,469.37950320248217,350.2937203678074,2590.235300446753,2665.5529506537564,0.6449149065195053,0.22561344942676906,2655.6245442901395,0.6411231491651979,0.22237194881823094,0.23681676023397813,0.1841679180797655,8.0,7.86393733441173,8.087639893239462e-06,-0.0005633748621085288,-4.7132488307682365,-8.533778441857464,10.940232968741384,8.68590568348236,-0.006761510868754428,-0.004189268462548079,5.0,5.0,5.0
0,1323,476.7670457244999,358.63566157952664,2606.0,462.8293764435792,348.7641542635354,2604.8158939531486,2673.4177289839035,0.6449230134514631,0.2250533890281154,2668.5039457323746,0.6457679689102758,0.21891605829872696,0.23680671435886325,0.18418083508368,8.0,7.864778330147146,8.106931957740926e-06,-0.0005600603986536667,-6.550126758902991,-1.5295661042720212,14.580593506395417,12.879401442235121,0.0046448197450779105,-0.0034558905195039846,5.0,5.0,5.0
0,1324,477.00384239227924,358.8198553310667,2614.0,463.2719683502996,352.9442108340236,2601.771648176997,2681.2833409091263,0.6449311396463866,0.22449661427639916,2666.159455448616,0.6510427026972504,0.22021741973795325,0.23679666777934472,0.18419375154007867,8.0,7.865611925222765,8.126194923518959e-06,-0.0005567747517162269,0.44259190672039495,4.180056570488205,-3.044245776151456,-2.3444902837586596,0.005274733786974628,0.001301361439226295,5.0,5.0,5.0
0,1325,477.2406290127742,359.00406199851477,2622.0,460.44006486729575,359.4843200825123,2617.8602665353797,2689.1497791145703,0.6449392850752348,0.2239430966840833,2682.242793787482,0.662886677261247,0.21954447846508748,0.2367866204949678,0.18420666744805203,8.0,7.866438205443956,8.145428848194136e-06,-0.0005535175923158664,-2.8319034830038277,6.5401092484887045,16.08861835838252,16.083338338865815,0.011843974563996551,-0.000672941272865768,5.0,5.0,5.0
0,1326,477.4774055852804,359.18828158132146,2630.0,467.3016465427683,344.19775960634075,2635.42229927526,2697.017036369958,0.6449474497090235,0.2233928080879904,2698.5725156269013,0.6348467303480603,0.21676339913394627,0.23677657250618722,0.1842195828066906,8.0,7.867257255387813,8.164633788720899e-06,-0.0005502885960929071,6.861581675472564,-15.28656047617153,17.562032739880124,16.329721839419562,-0.028039946913186675,-0.0027810793311412174,5.0,5.0,5.0
0,1327,477.7141721090943,359.3725140789411,2638.0,473.9893257014569,352.24314980721783,2639.5496799006314,2704.885105528384,0.6449556335188307,0.22284572064475947,2704.8038062174783,0.6390999328279543,0.22010409033557699,0.2367665238139125,0.18423249761963234,8.0,7.868069158425897,8.183809807160713e-06,-0.0005470874432309258,6.6876791586885815,8.04539020087708,4.127380625371643,6.2312905905769185,0.004253202479894025,0.003340691201630719,5.0,5.0,5.0
0,1328,477.9509285835102,359.55675949082433,2646.0,477.02948076123334,353.3693166441192,2638.9012002656928,2712.7539795251214,0.6449638364757897,0.22230180682637396,2704.8524071055294,0.637567945412754,0.22127940272422156,0.2367564744158699,0.18424541188323929,8.0,7.86887399673742,8.202956959024732e-06,-0.0005439138183855052,3.0401550597764526,1.1261668369013478,-0.648479634938667,0.04860088805116902,-0.001531987415200331,0.0011753123886445727,5.0,5.0,5.0
0,1329,478.1876750078245,359.74101781642185,2654.0,473.95081332329994,350.24540982993636,2645.1291659096573,2720.62365137646,0.6449720585510897,0.22176103941576858,2709.9833071262037,0.6364180706240873,0.21921510905759062,0.23674642431433313,0.18425832559751143,8.0,7.869671851338808,8.22207530004615e-06,-0.0005407674106053806,-3.0786674379334045,-3.123906814182817,6.2279656439645805,5.130900020674289,-0.0011498747886666827,-0.0020642936666309397,5.0,5.0,5.0
0,1330,478.424411381332,359.925289055187,2662.0,468.7142760671037,348.51836667249336,2668.482996466491,2728.494114178558,0.6449802997159833,0.22122339150250522,2731.6587683910952,0.6393683727429997,0.21548528952810203,0.23673637350748322,0.18427123876517726,8.0,7.870462802097791,8.24116489350768e-06,-0.000537647913263356,-5.236537256196243,-1.7270431574430063,23.3538305568336,21.67546126489151,0.002950302118912451,-0.003729819529488587,5.0,5.0,5.0
0,1331,478.66113770332913,360.10957320657144,2670.0,475.9868578355714,357.6727692826049,2653.40364850977,2736.3653611063096,0.6449885599417762,0.220688836478521,2719.383058828496,0.6444183188310282,0.22073237965064543,0.23672632199713917,0.18428415138441778,8.0,7.871246927751599,8.260225792922071e-06,-0.0005345550239842234,7.272581768467717,9.15440261011156,-15.079347956720994,-12.275709562599332,0.005049946088028445,0.005247090122543402,5.0,5.0,5.0
0,1332,478.8978539731106,360.2938702700267,2678.0,477.9910407014069,355.3027176709764,2675.096405203811,2744.2373854122397,0.6449968391998337,0.22015734803394493,2740.594138742464,0.6392154403924378,0.21906577066506094,0.23671626978148197,0.184297063455233,8.0,7.872024305930154,8.279258057575234e-06,-0.000531488444576067,2.004182865835503,-2.3700516116285257,21.692756694041236,21.211079913968206,-0.005202878438590353,-0.001666608985584489,5.0,5.0,5.0
0,1333,479.1345601899743,360.4781802450043,2686.0,474.8767567857857,358.8812488050356,2684.070775954698,2752.1101804254113,0.6450051374615751,0.219628900152985,2749.279835741226,0.6471617688293495,0.21823361943509867,0.23670621686369486,0.18430997497762291,8.0,7.872795013171526,8.298261741312984e-06,-0.0005284478809599313,-3.114283915621229,3.578531134059233,8.97437075088692,8.685696998762069,0.007946328436911676,-0.0008321512299622746,5.0,5.0,5.0
0,1334,479.3712563532131,360.6625031309559,2694.0,466.65848543861404,357.86584531616177,2687.8367368303507,2759.983739550352,0.6450134546984821,0.21910346710987863,2751.418621208074,0.6542100347701911,0.21539878995866735,0.23669616323877563,0.18432288595158752,8.0,7.873559124940584,8.317236907084968e-06,-0.0005254330431063714,-8.218271347171651,-1.015403488873858,3.7659608756525813,2.1387854668478212,0.007048265940841625,-0.002834829476431322,5.0,5.0,5.0
0,1335,479.60794246212436,360.846838927333,2702.0,470.64830062258443,356.9011819029443,2698.0228561736276,2767.8580562660004,0.645021790882089,0.21858102346491412,2761.9224480346916,0.6488035488511913,0.21552576284059752,0.23668610891127173,0.18433579637712683,8.0,7.874316715648547,8.336183606849623e-06,-0.0005224436449645098,3.989815183970393,-0.9646634132174654,10.186119343276914,10.50382682661757,-0.005406485918999837,0.00012697288193017076,5.0,5.0,5.0
0,1336,479.84461851600463,361.03118763358725,2710.0,466.95929308323133,351.08915023503835,2701.7298909300816,2775.733124124668,0.6450301459839879,0.21806154406051179,2764.174194285632,0.6446920007656185,0.2129608119386842,0.23667605388027368,0.18434870625424082,8.0,7.875067858667535,8.355101898893658e-06,-0.0005194794044023343,-3.689007539353099,-5.812031667905956,3.70703475645405,2.251746250940414,-0.0041115480855727915,-0.0025649509019133043,5.0,5.0,5.0
0,1337,480.08128451414814,361.21554924916927,2718.0,475.42132486279377,352.9459173279987,2710.048241660162,2783.608936751018,0.6450385199758285,0.21754500401737042,2773.9786821131365,0.6386100170656007,0.21510718309592988,0.23666599814350775,0.18436161558202002,8.0,7.875812626350125,8.373991840615602e-06,-0.0005165400431413614,8.462031779562437,1.8567670929603537,8.31835073008051,9.804487827504545,-0.006081983700017779,0.002146371157245669,5.0,5.0,5.0
0,1338,480.3179404558514,361.3999237735334,2726.0,474.06246964286436,353.16770680063007,2721.985136244794,2791.4854878410647,0.6450469128293201,0.21703137873067777,2785.438158744203,0.640281438934022,0.2138564260629416,0.23665594170324766,0.1843745243641024,8.0,7.8765510900466325,8.392853491634433e-06,-0.0005136252866926594,-1.35885521992941,0.2217894726313716,11.936894584631773,11.459476631066536,0.0016714218684212856,-0.00125075703298827,5.0,5.0,5.0
0,1339,480.5545863404104,361.5843112061275,2734.0,484.336883282421,360.7659331819646,2742.1742070436667,2799.362771161182,0.6450553245162206,0.21652064386637737,2807.8913185570314,0.6402070526886192,0.21677778622908356,0.23664588455903868,0.1843874325941215,8.0,7.877283320117385,8.411686900466897e-06,-0.0005107348643003939,10.274413639556656,7.598226381334541,20.189070798872763,22.45315981282829,-7.438624540279104e-05,0.0029213601661419453,5.0,5.0,5.0
0,1340,480.79122216712176,361.76871154640503,2742.0,470.38938125094944,352.18663824129925,2732.8210732052917,2807.240780547137,0.6450637550083507,0.21601277535750138,2795.283995644142,0.642676910887994,0.21179964831359518,0.23663582671133554,0.18440034027753427,8.0,7.878009385955011,8.430492130062639e-06,-0.0005078685088759916,-13.947502031471572,-8.579294940665363,-9.353133838375015,-12.60732291288923,0.0024698581993747304,-0.004978137915488373,5.0,5.0,5.0
0,1341,481.02784793528053,361.95312479381664,2750.0,471.2829917585489,356.6584796963179,2748.4179362286063,2815.119509903133,0.6450722042775853,0.21550774940055592,2811.2477801935725,0.6478274705749375,0.21181690306703782,0.236625768158774,0.18441324741161225,8.0,7.878729355995802,8.449269234600543e-06,-0.0005050259569454596,0.893610507599476,4.471841455018648,15.596863023314654,15.96378454943033,0.005150559686943557,1.725475344263594e-05,5.0,5.0,5.0
0,1342,481.26446364418234,362.1375509478148,2758.0,474.3865206771704,356.71992255544154,2752.955353449646,2822.9989532008694,0.6450806722958574,0.21500554245196965,2816.212856343642,0.6447546448340077,0.2123511285398514,0.23661570890180883,0.1844261539981744,8.0,7.879443297736543,8.468018272145272e-06,-0.0005022069485862701,3.103528918621464,0.061442859123644666,4.5374172210395045,4.965076150069763,-0.0030728257409298187,0.0005342254728135931,5.0,5.0,5.0
0,1343,481.5010692931237,362.3219900078502,2766.0,483.3606068909064,355.279973693584,2750.9325949597815,2830.8791044786194,0.6450891590351526,0.21450613122459505,2815.580131698229,0.6338451236580214,0.21470469254534352,0.2366056489413495,0.18443906003540178,8.0,7.880151277749974,8.486739295210377e-06,-0.0004994112273745965,8.97408621373603,-1.4399488618575447,-2.0227584898643727,-0.6327246454134183,-0.010909521175986314,0.002353564005492109,5.0,5.0,5.0
0,1344,481.73766488140154,362.5064419733735,2774.0,474.4347000162105,354.0019743285824,2759.444349937167,2838.759957840321,0.6450976644675118,0.21400949268426775,2822.2223163330273,0.6410359678309598,0.21131550059019572,0.23659558827785077,0.18445196552329435,8.0,7.880853361701611,8.505432359195986e-06,-0.0004966385403273044,-8.925906874695897,-1.2779993650016195,8.511754977385408,6.642184634798468,0.007190844172938471,-0.003389191955147808,5.0,5.0,5.0
0,1345,481.9742504083101,362.6909068438363,2782.0,485.63437420113905,362.35825065654956,2772.1713036569226,2846.641507454681,0.6451061885650359,0.21351560404641837,2837.618364763579,0.6410354121214946,0.21518963479887315,0.23658552690858414,0.1844648704627616,8.0,7.881549614359756,8.524097524054142e-06,-0.0004938886378493823,11.19967418492854,8.35627632796718,12.726953719755784,15.396048430551673,-5.557094652219874e-07,0.0038741342086774377,5.0,5.0,5.0
0,1346,482.21082587314777,362.87538461868917,2790.0,476.24321066980644,356.68370110078047,2782.633583424611,2854.5237475542963,0.6451147312998754,0.2130244427727411,2845.536947210935,0.6428305840030448,0.21065565519679139,0.23657546483764236,0.18447777485289407,8.0,7.882240099615501,8.542734839522836e-06,-0.0004911612736772653,-9.391163531332609,-5.67454955576909,10.462279767688415,7.91858244735613,0.001795171881550206,-0.004533979602081767,5.0,5.0,5.0
0,1347,482.44739127520825,363.0598752973847,2798.0,484.43690307895207,352.8666070366617,2796.5904414922416,2862.40667243479,0.6451232926442438,0.2125359865679107,2860.0895183319108,0.6295369200180485,0.21111334659083314,0.23656540206047794,0.18449067869551072,8.0,7.882924880493647,8.561344368440693e-06,-0.0004884562048304009,8.193692409145626,-3.8170940641187485,13.956858067630492,14.5525711209757,-0.013293663984996318,0.00045769139404175374,5.0,5.0,5.0
0,1348,482.683946613789,363.24437887937256,2806.0,478.0863373410354,355.78655777451934,2798.023523703657,2870.2902764539554,0.6451318725704023,0.21205021337635535,2860.7842036484044,0.6397716358025263,0.20985216490850342,0.23655533858072886,0.18450358198788308,8.0,7.883604019165432,8.57992615843628e-06,-0.0004857731915553498,-6.350565737916668,2.9199507378576186,1.4330822114152397,0.6946853164936329,0.010234715784477766,-0.0012611816823297206,5.0,5.0,5.0
0,1349,482.92049188818737,363.4288953641053,2814.0,473.31219329604636,355.20940151434445,2812.7830200919434,2878.174554030923,0.645140471050671,0.21156710137907797,2874.360184347892,0.6438056250500164,0.20736365079609162,0.23654527439839512,0.18451648473273963,8.0,7.884277576967634,8.598480268684483e-06,-0.0004831119972773801,-4.774144044989043,-0.5771562601748883,14.759496388286607,13.575980699487445,0.0040339892474901,-0.0024885141124117993,5.0,5.0,5.0
0,1350,483.1570270976972,363.61342475103265,2822.0,482.7214660212192,356.6853839365047,2820.9114937540344,2886.059499645331,0.6451490880574248,0.211086628990526,2884.057234602882,0.6363625175430719,0.2096431563471796,0.23653520950983875,0.18452938692735188,8.0,7.884945614408025,8.617006753808276e-06,-0.00048047238855197794,9.409272725172855,1.475982422160257,8.128473662090983,9.697050254990245,-0.007443107506944435,0.002279505551087968,5.0,5.0,5.0
0,1351,483.39355224161545,363.7979670396053,2830.0,479.63588044941804,352.10718589337984,2819.2845700797466,2893.945107836518,0.6451577235630919,0.21060877485551419,2881.3877793976267,0.6332559949565136,0.20799567423260923,0.23652514391824297,0.18454228857262933,8.0,7.8856081911872025,8.635505667098364e-06,-0.00047785413501180707,-3.0855855718011753,-4.578198043124871,-1.6269236742878093,-2.6694552052554172,-0.0031065225865583024,-0.0016474821145703589,5.0,5.0,5.0
0,1352,483.63006731923997,363.9825222292757,2838.0,478.6935042652997,359.83238752355487,2837.621291543647,2901.8313732027223,0.6451663775401562,0.21013351784619305,2900.1243787738713,0.6445861928849574,0.2079890678974422,0.2365150776245173,0.18455518967039097,8.0,7.886265366204043,8.653977064287943e-06,-0.0004752570093211339,-0.9423761841183591,7.725201630175036,18.33672146390063,18.736599376244612,0.011330197928443808,-6.606335167025357e-06,5.0,5.0,5.0
0,1353,483.86657232986545,364.1670903194936,2846.0,477.41253204931405,360.23264319417564,2832.5343848532325,2909.7182904002957,0.6451750499611563,0.20966083705906233,2894.9855482119906,0.6464081122502814,0.20808745271244164,0.23650501062547846,0.18456809021790832,8.0,7.886917197573439,8.672421000111008e-06,-0.0004726807871307248,-1.2809722159856278,0.4002556706207656,-5.0869066904147076,-5.138830561880695,0.001821919365323943,9.838481499943597e-05,5.0,5.0,5.0
0,1354,484.10306727278885,364.3516713097097,2854.0,476.4159449633506,370.45500441304205,2844.625367576194,2917.605854142931,0.6451837407986839,0.20919071181203536,2907.937850912221,0.6609244966368973,0.20905388449078016,0.23649494292340023,0.18458099021609087,8.0,7.887563742635393,8.69083752763622e-06,-0.0004701252470269701,-0.9965870859634265,10.22236121886641,12.090982722961598,12.952302700230575,0.014516384386615955,0.0009664317783385223,5.0,5.0,5.0
0,1355,484.3395521473062,364.53626519937734,2862.0,482.9592787479769,356.0542350373053,2858.2239275657657,2925.4940592009007,0.6451924500253895,0.2087231216415461,2920.5253471466804,0.6352809947522404,0.2069229002169922,0.2364848745173731,0.1845938896676671,8.0,7.8882050579695715,8.709226705594375e-06,-0.00046759017048925156,6.54333378462627,-14.40076937573673,13.59855998957164,12.587496234459195,-0.025643501884656916,-0.002130984273787967,5.0,5.0,5.0
0,1356,484.5760269527145,364.7208719879436,2870.0,473.71067169811687,369.1984902098175,2857.2788599043924,2933.382900400308,0.6452011776139688,0.20825804629970035,2919.7177618582305,0.6620379003267176,0.2071806545967419,0.23647480540830657,0.18460678856627055,8.0,7.888841199407125,8.727588579282575e-06,-0.0004650753418457554,-9.248607049860027,13.144255172512203,-0.9450676613732867,-0.8075852884499,0.026756905574477186,0.00025775437974970283,5.0,5.0,5.0
0,1357,484.81249168830936,364.90549167486097,2878.0,481.1351727235696,353.0590293498775,2873.157485934992,2941.2723726223485,0.6452099235371798,0.20779546575147348,2934.4804772943203,0.6330549911230337,0.20479543305755124,0.23646473559483638,0.1846196869173582,8.0,7.889472222040695,8.74592321098433e-06,-0.0004625805482268708,7.4245010254527415,-16.139460859940016,15.878626030599662,14.76271543608982,-0.02898290920368396,-0.0023852215391906573,5.0,5.0,5.0
0,1358,485.04894635338815,365.090124259581,2886.0,477.689462877584,353.3125230827481,2885.223170238142,2949.162470802585,0.6452186877678314,0.20733536017194948,2945.764706148542,0.6368299427889972,0.20309036041891818,0.23645466507878155,0.18463258472002053,8.0,7.890098180236691,8.764230651658877e-06,-0.00046010557952400055,-3.4457098459856184,0.25349373287059507,12.065684303149737,11.28422885422151,0.003774951665963533,-0.001705072638633065,5.0,5.0,5.0
0,1359,485.2853909472469,365.2747697415525,2894.0,477.07952442865854,364.0265642793583,2890.0037084501864,2957.0531899302327,0.6452274702787844,0.2068777099436016,2951.6506647951987,0.6517890479860845,0.204737372256062,0.2364445938587778,0.18464548197152908,8.0,7.890719127647571,8.782510952931588e-06,-0.0004576502283478723,-0.6099384489254476,10.714041196610196,4.780538212044576,5.885958646656945,0.014959105197087319,0.0016470118371438303,5.0,5.0,5.0
0,1360,485.52182546918175,365.45942812022804,2902.0,484.0082836431585,359.44679084822945,2889.2835837841685,2964.9445250474573,0.6452362710429578,0.20642249565361714,2951.51243290808,0.6387778780367023,0.20570961231594379,0.23643452193482517,0.18465837867552182,8.0,7.891335117224571,8.800764173422237e-06,-0.00045521428998446245,6.928759214499962,-4.579773431128842,-0.7201246660179095,-0.13823188711876355,-0.013011169949382229,0.0009722400598817793,5.0,5.0,5.0
0,1361,485.75824991849004,365.6440993950573,2910.0,487.91617937654866,360.068116855759,2904.585213708097,2972.836471248679,0.6452450900333191,0.2059696980912611,2967.208538435607,0.6357581617786755,0.2058144279020501,0.23642444930828788,0.18467127482927026,8.0,7.891946201221799,8.818990361314505e-06,-0.0004527975623560554,3.9078957333901485,0.6213260075295466,15.30162992392843,15.696105527526925,-0.0030197162580267722,0.00010481558610631048,5.0,5.0,5.0
0,1362,485.9946642944674,365.828783565491,2918.0,482.8637799509312,356.8129056707696,2920.090009192719,2980.729023679895,0.6452539272228924,0.2055192982452802,2981.1740206550935,0.6363924770835251,0.20278202945911036,0.23641437597734694,0.1846841704336839,8.0,7.89255243121579,8.837189573340787e-06,-0.00045039984598088667,-5.052399425617466,-3.2552111849893777,15.504795484622264,13.965482219486603,0.0006343153048495864,-0.003032398442939732,5.0,5.0,5.0
0,1363,486.23106859641166,366.01348063097885,2926.0,488.43601942873744,368.7304972928156,2924.0115959841933,2988.622177538006,0.6452627825847517,0.20507127730134772,2987.369367547178,0.6466429720882335,0.20631986645219696,0.23640430194427609,0.18469706548785325,8.0,7.8931538581109635,8.855361859239075e-06,-0.00044802094393248115,5.572239477806249,11.917591622045961,3.9215867914740556,6.195346892084672,0.010250495004708426,0.0035378369930866016,5.0,5.0,5.0
0,1364,486.4674628236189,366.19819059097244,2934.0,469.581089566992,361.1813746303016,2926.2683456555933,2996.5159280701564,0.645271656092028,0.20462561663954562,2985.6330678508834,0.6556490012598728,0.19974837080189575,0.23639422720725634,0.1847099599935973,8.0,7.893750532150534,8.873507276296877e-06,-0.00044566066180209973,-18.85492986174546,-7.54912266251398,2.25674967140003,-1.7362996962947363,0.009006029171639285,-0.006571495650301212,5.0,5.0,5.0
0,1365,486.7038469753861,366.38291344492154,2942.0,486.45848844259615,358.0539650306364,2933.892648154696,3004.410270573084,0.6452805477179021,0.20418229783188524,2995.4249404296866,0.6345080921175394,0.20304092490925965,0.23638415176719718,0.18472285394909704,8.0,7.8943425029274295,8.891625874141162e-06,-0.0004433188076603811,16.87739887560417,-3.1274095996652136,7.624302499102669,9.791872578803122,-0.021140909142333353,0.0032925541073638986,5.0,5.0,5.0
0,1366,486.9402210510084,366.5676491922777,2950.0,484.30985350876125,365.43074691373204,2954.138873784884,3012.3052003924768,0.6452894574356123,0.20374130263986576,3015.7971003704192,0.6463998431728614,0.2025592938600044,0.23637407562227963,0.1847357473561715,8.0,7.894929819392928,8.909717710170462e-06,-0.00044099519201948323,-2.1486349338348987,7.376781883095646,20.246225630187837,20.372159940732672,0.01189175105532192,-0.0004816310492552489,5.0,5.0,5.0
0,1367,487.176585049785,366.7523978324898,2958.0,476.4941021604823,358.1250945592536,2957.4582918717933,3020.2007129223466,0.6452983852184413,0.20330261301206967,3016.92886242086,0.6445137646928198,0.19888385034996722,0.23636399877659642,0.18474864021209214,8.0,7.895512529869848,8.92778282901574e-06,-0.000438689627796085,-7.815751348278923,-7.305652354478411,3.319418086909536,1.1317620504405568,-0.0018860784800415198,-0.0036754435100371796,5.0,5.0,5.0
0,1368,487.4129389710106,366.9371593650094,2966.0,478.152390617995,360.21208811939084,2959.276178439516,3028.096803604406,0.6453073310397331,0.20286621108179279,3019.2214157561584,0.6456363062614235,0.1996025327045867,0.23635392122560006,0.1847615325195875,8.0,7.896090682059366,8.945821291850287e-06,-0.00043640193027688623,1.6582884575126968,2.0869935601372163,1.8178865677227805,2.292553335298635,0.0011225415686036966,0.0007186823546194709,5.0,5.0,5.0
0,1369,487.6492828139835,367.1219337892853,2974.0,483.2603720178039,363.06303956625067,2962.9068736507,3035.993467927455,0.6453162948728769,0.20243207916471215,3023.9332829592054,0.64431873060395,0.2012430548148251,0.23634384297292854,0.18477442427592905,8.0,7.896664323049208,8.963833143749156e-06,-0.0004341319170806379,5.107981399808864,2.850951446859824,3.6306952111840474,4.71186720304695,-0.0013175756574735908,0.001640522110238407,5.0,5.0,5.0
0,1370,487.8856165779994,367.30672110476917,2982.0,475.3695239301318,350.2938293046877,2970.596103493418,3043.890701426783,0.6453252766913201,0.20200019975658698,3028.7164213938518,0.6350561138212694,0.19622152148933286,0.23633376401585338,0.1847873154838453,8.0,7.89723349932774,8.981818443221101e-06,-0.0004318794081251687,-7.890848087672111,-12.76921026156299,7.68922984271785,4.783138434646389,-0.009262616782680588,-0.005021533325492239,5.0,5.0,5.0
0,1371,488.12194026235557,367.4915213109107,2990.0,484.8774232277241,369.89540050842294,2987.881547323676,3051.78849968357,0.6453342764685587,0.2015705555309949,3049.4859999204077,0.6516831923507247,0.20134533418725578,0.23632368435619355,0.18480020614151726,8.0,7.897798256787155,8.999777238560824e-06,-0.0004296442255920796,9.507899297592303,19.60157120373526,17.28544383025792,20.76957852655596,0.01662707852945533,0.005123812697922919,5.0,5.0,5.0
0,1372,488.3582538663495,367.67633440715963,2998.0,479.58862290121476,360.4788398441831,2992.631326788508,3059.686858324308,0.6453432941781405,0.20114312933710154,3052.178320358697,0.6445510117712487,0.19785570790485968,0.23631360399394907,0.18481309624894493,8.0,7.898358640738024,9.017709581837785e-06,-0.00042742619389335434,-5.2888003265093175,-9.416560664239853,4.749779464832045,2.6923204382892436,-0.007132180579475955,-0.003489626282396102,5.0,5.0,5.0
0,1373,488.59455738927727,367.8611603929676,3006.0,484.1696393722798,366.0547757058042,3003.697193398058,3067.5857730202238,0.6453523297936691,0.2007179041974632,3064.4107375047297,0.6473596698575315,0.1993902687416555,0.2363035229277557,0.1848259858079473,8.0,7.898914695915664,9.035615528563135e-06,-0.00042522513963835773,4.581016471065027,5.575935861621133,11.065866609550085,12.23241714603273,0.0028086580862827226,0.0015345608367958175,5.0,5.0,5.0
0,1374,488.83085083043534,368.04599926778246,3014.0,488.4707840135082,364.00367245539644,3006.841325304266,3075.4852394867103,0.6453613832887947,0.2002948633058618,3067.9304320589313,0.6404157644163339,0.1998929244572135,0.23629344115806816,0.18483887481488637,8.0,7.899466466486501,9.053495125588285e-06,-0.00042304089160138947,4.3011446412284045,-2.0511032504077775,3.1441319062078037,3.5196945542015783,-0.0069439054411976064,0.0005026557155579925,5.0,5.0,5.0
0,1375,489.0671341891225,368.23085103105586,3022.0,489.31834181095564,361.6400619632075,3013.5477727074735,3083.3852534827715,0.6453704546372216,0.19987399002517403,3074.3594702701166,0.636468543475458,0.1992276997948848,0.23628335868716022,0.18485176327340014,8.0,7.900013996061261,9.071348426981096e-06,-0.00042087328068776686,0.8475577974474504,-2.3636104921889682,6.706447403207676,6.429038211185343,-0.003947220940875851,-0.0006652246623286839,5.0,5.0,5.0
0,1376,489.3034074646348,368.41571568223844,3030.0,481.7888331406495,357.278824001492,3021.717314765783,3091.2858108104724,0.6453795438127078,0.1994552678852682,3080.6726811159688,0.6380822729280706,0.19595165263694048,0.23627327551230337,0.1848646511825791,8.0,7.900557327700881,9.089175486143297e-06,-0.0004187221399058194,-7.529508670306143,-4.36123796171546,8.169542058309617,6.313210845852154,0.0016137294526126222,-0.0032760471579443284,5.0,5.0,5.0
0,1377,489.53967065626784,368.60059322077814,3038.0,488.255750509219,368.2460690792069,3028.845100627955,3099.1869073143935,0.6453886507890587,0.19903868058093416,3089.9678782951087,0.6461883706320536,0.1992315284204912,0.23626319163304288,0.1848775385396948,8.0,7.901096503921053,9.1069763509255e-06,-0.000416587304334054,6.466917368569511,10.967245077714892,7.127785862172004,9.295197179139905,0.008106097703982962,0.003279875783550712,5.0,5.0,5.0
0,1378,489.7759237633213,368.7854836461265,3046.0,485.67873372916455,370.66796975604257,3036.1234720665866,3107.0885388811053,0.6453977755401326,0.19862421196984592,3096.986327679458,0.6518930680353883,0.1985799206077321,0.23625310705347147,0.18489042534838518,8.0,7.901631566711785,9.124751073841253e-06,-0.00041446861108823674,-2.577016780054464,2.421900676835662,7.278371438631439,7.018449384349424,0.00570469740333468,-0.0006516078127590808,5.0,5.0,5.0
0,1379,490.0121667850908,368.97038695773244,3054.0,477.79447355038724,359.2327529939482,3043.8722042517843,3114.990701438635,0.6454069180398389,0.1982118460705486,3102.0144625058597,0.6446880397589243,0.19391871538461136,0.2362430217694964,0.18490331160592177,8.0,7.902162557529664,9.142499706293883e-06,-0.0004123658992973289,-7.884260178777311,-11.435216762094342,7.748732185197696,5.028134826401583,-0.007205028276463965,-0.004661205223120746,5.0,5.0,5.0
0,1380,490.24839972087375,369.15530315504657,3062.0,488.54386837511834,358.23277830202164,3066.1743534063276,3122.8933909559532,0.6454160782621391,0.19780156706048022,3125.4489277963926,0.632705273918296,0.19506609365540326,0.2362329357829367,0.18491619731412356,8.0,7.902689517318322,9.160222300241827e-06,-0.0004102790100683762,10.749394824731098,-0.9999746919265817,22.302149154543258,23.4344652905329,-0.011982765840628296,0.0011473782707918934,5.0,5.0,5.0
0,1381,490.48462256996663,369.34023223751865,3070.0,484.0403437781192,356.92410361315194,3063.858423189369,3130.7966034424635,0.6454252561810452,0.19739335927401894,3122.3257849707707,0.6353785220385662,0.19382628811491023,0.23622284909288283,0.18492908247208106,8.0,7.903212486510256,9.17791890608921e-06,-0.00040820778646127875,-4.503524596999114,-1.3086746888697007,-2.3159302169583498,-3.123142825621926,0.002673248120270144,-0.001239805540493022,5.0,5.0,5.0
0,1382,490.72083533166824,369.52517420459844,3078.0,487.53457119445306,360.5692323882909,3075.2643208781355,3138.7003349475003,0.6454344517706176,0.19698720720056093,3134.477751192517,0.63679678423289,0.19468324705630616,0.23621276170160854,0.18494196707979427,8.0,7.903731505036831,9.195589572463803e-06,-0.0004061520734580104,3.4942274163338425,3.6451287751389714,11.405897688766345,12.151966221746534,0.0014182621943238383,0.0008569589413959244,5.0,5.0,5.0
0,1383,490.9570380052737,369.7101290557357,3086.0,481.66964849489904,361.4875561181569,3084.416741394746,3146.6045815598313,0.6454436650049717,0.19658309548262368,3142.6589916988546,0.643813707530861,0.1928228317811581,0.23620267360547587,0.18495485113726318,8.0,7.904246612331008,9.213234354099598e-06,-0.00040411171793725,-5.864922699554029,0.9183237298659606,9.152420516610619,8.181240506337417,0.0070169232979709895,-0.0018604152751480474,5.0,5.0,5.0
0,1384,491.19323059008184,369.8950967903793,3094.0,484.29149848107267,369.5267918933853,3081.323302526487,3154.509339407174,0.6454528958582677,0.19618100891397972,3140.961890905523,0.6517854804445871,0.19518072291493146,0.23619258480812277,0.1849677346435783,8.0,7.9047578473428075,9.230853295960628e-06,-0.0004020865686439612,2.621849986173629,8.039235775228406,-3.0934388682589997,-1.6971007933316287,0.007971772913726083,0.0023578911337733544,5.0,5.0,5.0
0,1385,491.42941308538957,370.08007740797893,3102.0,487.4223631714683,358.2748507866868,3095.4633776341816,3162.4146046557125,0.6454621443047203,0.19578093243781527,3154.018857125033,0.6338576480089273,0.1929926756242805,0.23618249530773028,0.18498061759964912,8.0,7.905265248538399,9.248446452558845e-06,-0.0004000764761644404,3.13086469039564,-11.251941106698496,14.140075107694429,13.056966219509832,-0.017927832435659763,-0.002188047290650974,5.0,5.0,5.0
0,1386,491.6655854904943,370.26507090798714,3110.0,488.7124404214041,363.0655601182229,3098.348556617848,3170.320373509625,0.6454714103185967,0.19538285114491652,3157.5972239445778,0.6389430361864129,0.19402485146568124,0.23617240510475312,0.18499350000820414,8.0,7.905768853912377,9.266013876407797e-06,-0.0003980812928987554,1.2900772499357913,4.790709331536107,2.8851789836662647,3.5783668195449536,0.005085388177485606,0.001032175841400751,5.0,5.0,5.0
0,1387,491.9017478046926,370.45007728985,3118.0,485.37171486816214,369.7748619550684,3110.8473709373447,3178.226642210616,0.6454806938742075,0.1949867502718799,3170.1246845188502,0.651034799022863,0.1936868536202517,0.23616231419828182,0.18500638186287688,8.0,7.90626870099095,9.283555610806182e-06,-0.00039610087303662556,-3.3407255532419526,6.709301836845498,12.498814319496887,12.527460574272482,0.012091762836450082,-0.0003379978454295385,5.0,5.0,5.0
0,1388,492.13790002728274,370.63509655301823,3126.0,481.9429162248887,371.43588925427565,3128.040908347773,3186.1334070374596,0.6454899949459176,0.19459261519935225,3186.671228511442,0.6566212525055964,0.19212134856853227,0.23615222259013535,0.18501926316821482,8.0,7.906764826843755,9.301071710154929e-06,-0.00039413507252764046,-3.428798643273467,1.6610272992072623,17.193537410428235,16.546543992591978,0.0055864534827334555,-0.001565505051719429,5.0,5.0,5.0
0,1389,492.3740421575617,370.82012869694154,3134.0,484.3003065216782,361.81597041172296,3133.726200992599,3194.0406643055426,0.6454993135081418,0.19420043145029195,3191.5039536446566,0.6416361780233201,0.1905702063421733,0.23614213027894948,0.18503214392330847,8.0,7.907257268082958,9.318562224192029e-06,-0.0003921837490603042,2.3573902967895037,-9.619918842552693,5.6852926448259495,4.832725133214353,-0.014985074482276373,-0.0015511422263589647,5.0,5.0,5.0
0,1390,492.6101741948273,371.0051737210697,3142.0,490.4433908178438,362.77544801223564,3137.906138571379,3201.948410366422,0.6455086495353439,0.1938101846882575,3196.6538254495626,0.6368691673970863,0.19201269768275672,0.2361320372656337,0.18504502412815782,8.0,7.907746060879617,9.336027202100361e-06,-0.0003902467620344463,6.143084296165625,0.9594776005126846,4.179937578780027,5.14987180490607,-0.0047670106262337475,0.0014424913405834128,5.0,5.0,5.0
0,1391,492.84629613837615,371.19023162485246,3150.0,484.2873737116935,373.9929193712884,3157.526011327525,3209.856641607383,0.6455180030020388,0.19342186071571893,3216.267320402074,0.657592281001069,0.19141411206401315,0.23612194354882377,0.18505790378276288,8.0,7.9082312409609585,9.353466694839163e-06,-0.0003883239725385734,-6.15601710615033,11.217471359052752,19.619872756145924,19.613494952511246,0.020723113603982712,-0.000598585618743569,5.0,5.0,5.0
0,1392,493.08240798750694,371.3753024077387,3158.0,490.31392071207034,372.76025632741243,3151.796157243769,3217.7653544510044,0.6455273738827876,0.19303544547239507,3211.413546455503,0.6500277332053473,0.19298676089635877,0.23611184913079342,0.18507078288621415,8.0,7.908712843621288,9.370880748815757e-06,-0.0003864152433238621,6.0265470003768655,-1.2326630438759594,-5.729854083755981,-4.853773946570982,-0.007564547795721688,0.001572648832345619,5.0,5.0,5.0
0,1393,493.3185097415162,371.5603860691763,3166.0,481.9459848582178,372.12539864240375,3161.8850976862536,3225.6745453547333,0.6455367621522021,0.192650925033612,3219.979288070986,0.6575151044859743,0.19024354731132537,0.23610175400926892,0.18508366143760213,8.0,7.909190903728813,9.388269414545292e-06,-0.00038452043878306474,-8.367935853852543,-0.6348576850086829,10.088940442484727,8.565741615483148,0.007487371280626931,-0.002743213585033405,5.0,5.0,5.0
0,1394,493.55460139970137,371.74548260861775,3174.0,489.06326824005737,364.3463348242225,3170.1805695143366,3233.5842108104644,0.6455461677849482,0.19226828560868806,3228.3085316257702,0.6402857947507783,0.19005261061923368,0.23609165818515976,0.1850965394414743,8.0,7.909665455731101,9.405632746095627e-06,-0.0003826394249239473,7.11728338183957,-7.779063818181271,8.29547182808301,8.32924355478417,-0.017229309735195986,-0.00019093669209169217,5.0,5.0,5.0
0,1395,493.79068296136074,371.9305920255092,3182.0,486.67041118423253,376.81244273046013,3175.4865900259233,3241.4943473441217,0.6455555907557323,0.19188751353933783,3234.5866489480836,0.6588514502676481,0.1914533835938905,0.23608156165937544,0.1851094168914642,8.0,7.910136533657351,9.422970784100926e-06,-0.00038077206935022145,-2.392857055824834,12.466107906237653,5.3060205115866665,6.278117322313392,0.01856565551686984,0.001400772974656822,5.0,5.0,5.0
0,1396,494.02675442579175,372.11571431930224,3190.0,485.1191146186693,367.937621360668,3187.424410865842,3249.4049515152533,0.6455650310393175,0.19150859529810244,3245.0567057548333,0.6488859396690855,0.18874770046898512,0.23607146443100646,0.1851222937930288,8.0,7.910604171131581,9.440283585182563e-06,-0.00037891824123539863,-1.5512965655632343,-8.87482136979213,11.937820839918913,10.470056806749653,-0.009965510598562655,-0.002705683124905378,5.0,5.0,5.0
0,1397,494.2628157922918,372.3008494894448,3198.0,492.089221224739,366.08058188431824,3196.5219512593126,3257.3160199166255,0.6455744886105116,0.19113151748679838,3254.8301613081094,0.6396058237692291,0.18956849801185288,0.23606136650005283,0.18513517014253011,8.0,7.911068401372177,9.457571194082526e-06,-0.00037707781130405515,6.970106606069692,-1.8570394763497688,9.097540393470354,9.773455553276108,-0.009280115899856334,0.0008207975428677627,5.0,5.0,5.0
0,1398,494.4988670601592,372.48599753538747,3206.0,491.6846581823264,364.8850007418457,3213.4678208962714,3265.2275491738264,0.6455839634441736,0.19075626683499175,3271.2796124443535,0.6384335347965749,0.18828080696260044,0.23605126786742403,0.18514804594269663,8.0,7.911529257200982,9.474833661982096e-06,-0.0003752506518066301,-0.4045630424125761,-1.1955811424725198,16.945869636958832,16.44945113624408,-0.0011722889726542007,-0.001287691049252443,5.0,5.0,5.0
0,1399,494.7349082286901,372.67115845657736,3214.0,495.84162400422986,362.53445435362687,3205.706182680527,3273.139535944873,0.645593455515209,0.19038283019848984,3264.022407454457,0.6313273625913403,0.1893136228472021,0.23604116853084633,0.18516092118989036,8.0,7.911986771046486,9.492071035399618e-06,-0.0003734366365019115,4.156965821903441,-2.350546388218845,-7.7616382157443695,-7.257204989896309,-0.007106172205234684,0.0010328158846016622,5.0,5.0,5.0
0,1400,494.97093929718403,372.8563322524642,3222.0,496.16476073593407,368.618435147365,3210.159097490307,3281.051976919826,0.6456029647985717,0.19001119455785861,3269.125334355723,0.6389645029558406,0.19021986982974032,0.23603106849395772,0.1851737958868398,8.0,7.912440974952915,9.509283362740817e-06,-0.0003716356406312238,0.32313673170421,6.083980793738135,4.452914809779941,5.102926901266073,0.007637140364500361,0.0009062469825382169,5.0,5.0,5.0
0,1401,495.20696026493806,373.04151892249865,3230.0,482.10922728922543,361.51697488465885,3230.3448404944984,3288.9648688204084,0.6456124912692686,0.1896413470169566,3286.069326517107,0.6434148879577796,0.18442309783751185,0.2360209677540297,0.18518667003445444,8.0,7.912891900582508,9.526470696852307e-06,-0.0003698475409020241,-14.055533446708637,-7.101460262706155,20.18574300419141,16.943992161383903,0.00445038500193895,-0.005796771992228472,5.0,5.0,5.0
0,1402,495.4429711312491,373.22671846612866,3238.0,492.41974885867444,368.2074427366083,3228.338912056247,3296.8782083996302,0.6456220349023507,0.18927327480149078,3286.3697389443546,0.6420603025423033,0.18820333300865696,0.23601086631106227,0.1851995436300058,8.0,7.9133395792218835,9.54363308214301e-06,-0.00036807221546580893,10.310521569449008,6.69046785194945,-2.0059284382514306,0.30041242724746553,-0.0013545854154762837,0.0037802351711451188,5.0,5.0,5.0
0,1403,495.6789718954169,373.41193088280215,3246.0,492.7829691134421,375.4806891977081,3245.4707715954223,3304.7919924414186,0.6456315956729154,0.18890696525759385,3304.0734452927695,0.6511113853423246,0.1886222276220539,0.23600076416778393,0.18521241667349386,8.0,7.913784041788404,9.560770564687182e-06,-0.0003663095438969366,0.3632202547676684,7.273246461099802,17.131859539175366,17.703706348414926,0.009051082800021315,0.00041889461339694734,5.0,5.0,5.0
0,1404,495.91496255673746,373.5971561719689,3254.0,491.42837327068764,364.23520782506563,3249.106020127054,3312.706217760252,0.6456411735561136,0.18854240585041887,3306.184971035454,0.6378301716449197,0.18608707865882226,0.23599066132055668,0.18522528916673764,8.0,7.91422531883336,9.577883198219617e-06,-0.0003645594071749747,-1.3545958427544633,-11.245481372642473,3.6352485316315324,2.1115257426845346,-0.01328121369740487,-0.002535148963231648,5.0,5.0,5.0
0,1405,496.1509431145096,373.7823943330786,3262.0,486.57896273501495,372.3160536720941,3252.3970980556483,3320.6208812008013,0.6456507685271419,0.18817958416275582,3309.601972177175,0.6531399815519183,0.18619635328768755,0.23598055777210902,0.18523816110973712,8.0,7.914663440549248,9.594971028259458e-06,-0.0003628216876630508,-4.849410535672689,8.080845847028456,3.2910779285944045,3.4170011417209025,0.015309809906998595,0.00010927462886528572,5.0,5.0,5.0
0,1406,496.3869135680302,373.9676453655802,3270.0,487.3161037370456,372.168377919019,3266.5785120356527,3328.535979637575,0.6456603805612455,0.18781848789366454,3323.630764958314,0.6522181774156314,0.18555310312638,0.23597045352062196,0.1852510325015828,8.0,7.91509843677386,9.61203410365652e-06,-0.00036109626909128223,0.7371410020306257,-0.1476757530750774,14.181413980004436,14.028792781139146,-0.0009218041362869522,-0.0006432501613075625,5.0,5.0,5.0
0,1407,496.6228739165995,374.15290926892067,3278.0,489.7672835293008,373.15913342939143,3270.909696787956,3336.451509974569,0.645670009633712,0.18745910485712924,3328.3584505607146,0.6510807363877097,0.18606595584627678,0.23596034856927872,0.18526390334045573,8.0,7.915530336993925,9.629072466488253e-06,-0.00035938303653529347,2.451179792255232,0.9907555103724235,4.331184752303216,4.72768560240047,-0.0011374410279216818,0.0005128527198967892,5.0,5.0,5.0
0,1408,496.85882415951255,374.33818604255066,3286.0,494.2259984014269,364.4725893202595,3278.058019902698,3344.3674691449205,0.6456796557198863,0.18710142298072907,3335.080806773668,0.635427981176326,0.18518541459626836,0.2359502429130771,0.18527677362999384,8.0,7.915959170351471,9.646086174264212e-06,-0.00035768187640017324,4.458714872126109,-8.686544109131944,7.1483231147421975,6.7223562129534,-0.01565275521138365,-0.0008805412500084153,5.0,5.0,5.0
0,1409,497.09476429606957,374.52347568591813,3294.0,500.18543018673864,367.631153171801,3296.440361817087,3352.283854110571,0.6456893187951522,0.18674543030432944,3354.378808120855,0.6338251195462707,0.18613132474407887,0.2359401365570193,0.18528964336746867,8.0,7.91638496565065,9.663075265953225e-06,-0.00035599267639963017,5.959431785311722,3.158563851541487,18.38234191438869,19.298001347186982,-0.0016028616300552967,0.0009459101478105081,5.0,5.0,5.0
0,1410,497.33069432556795,374.7087781984719,3302.0,489.5955366706348,375.9619199298249,3291.6580694375034,3360.2006618619284,0.6456989988349454,0.18639111497878857,3349.0392653503122,0.6548609656136348,0.18537950559759453,0.23593002949837683,0.1853025125537897,8.0,7.9168077513572825,9.680039793180661e-06,-0.000354315325540866,-10.58989351610387,8.330766758023913,-4.782292379583396,-5.339542770542721,0.021035846067364083,-0.0007518191464843393,5.0,5.0,5.0
0,1411,497.56661424730464,374.8940935796609,3310.0,496.2578247774077,375.22712128923024,3303.1192237453806,3368.117889417537,0.6457086958147491,0.18603846526468376,3361.199760127341,0.6474021278145529,0.18617034737793706,0.23591992173669496,0.18531538118895696,8.0,7.917227555608406,9.696979803686112e-06,-0.0003526497141048135,6.662288106772905,-0.7347986405946472,11.461154307877223,12.160494777028816,-0.007458837799081963,0.0007908417803425272,5.0,5.0,5.0
0,1412,497.80252406057934,375.07942182893294,3318.0,490.74082661344903,373.90293639019797,3314.1389939573905,3376.0355338237496,0.6457184097100901,0.18568746953105442,3371.0750860838693,0.651083379005265,0.18405082521915397,0.23590981327470217,0.18532824927206093,8.0,7.91764440621273,9.71389534099032e-06,-0.00035099573362934455,-5.516998163958647,-1.324184899032275,11.019770212009917,9.875325956528286,0.0036812511907121648,-0.0021195221587830826,5.0,5.0,5.0
0,1413,498.03842376468947,375.26476294573877,3326.0,501.57190211683724,366.85321980408753,3309.706893693123,3383.9535921544107,0.6457281404965478,0.18533811625416208,3367.538474915099,0.6314950358993487,0.18559434312487139,0.23589970411012473,0.1853411168058301,8.0,7.918058330661097,9.730786457717855e-06,-0.0003493532768923391,10.831075503388206,-7.049716586110435,-4.432100264267319,-3.536611168770378,-0.019588343105916284,0.001543517905717412,5.0,5.0,5.0
0,1414,498.27431335893334,375.4501169295236,3334.0,482.29192700258477,370.9750148751186,3336.585632558453,3391.8720615105326,0.6457378881497411,0.1849903940162662,3391.611954205397,0.6556711685488887,0.1803790476021177,0.23588959424387212,0.1853539837848075,8.0,7.918469356121932,9.747653193281636e-06,-0.00034772223789586443,-19.279975114252466,4.121795071031045,26.87873886532998,24.07347929029811,0.024176132649539994,-0.005215295522753682,5.0,5.0,5.0
0,1415,498.5101928426084,375.63548377973893,3342.0,489.92246708858016,362.77053660302056,3331.294616500893,3399.7909390199884,0.6457476526453447,0.18464429150441952,3386.6133980590753,0.637370855601824,0.1809928567261541,0.23587948367503486,0.1853668502153596,8.0,7.918877509455797,9.764495603636902e-06,-0.00034610251184669094,7.630540085995392,-8.204478272098015,-5.291016057560228,-4.998556146321789,-0.01830031294706469,0.0006138091240363852,5.0,5.0,5.0
0,1416,498.7460622150147,375.8208634958319,3350.0,494.96157251089375,361.75381479847874,3341.07827226375,3407.7102218371997,0.6457574339590717,0.18429979750927655,3396.8598443528153,0.6311467203291081,0.18147536158009617,0.23586937240634143,0.1853797160929389,8.0,7.919282817211297,9.781313726975327e-06,-0.0003444939951429693,5.0391054223135825,-1.0167218045418167,9.783655762857052,10.246446293740064,-0.006224135272715925,0.0004825048539420784,5.0,5.0,5.0
0,1417,498.98192147544796,376.00625607725124,3358.0,488.29484674822976,368.64857115403584,3350.248356995758,3415.6299071428334,0.6457672320666888,0.1839569009239188,3405.6567178633204,0.6466751247115762,0.1806312101608439,0.23585926043324434,0.18539258141936443,8.0,7.91968530563372,9.798107617142726e-06,-0.0003428965853577437,-6.666725762663987,6.894756355557092,9.170084732008036,8.796873510505065,0.015528404382468053,-0.0008441514192522592,5.0,5.0,5.0
0,1418,499.2177706232078,376.19166152344496,3366.0,494.9206730725197,363.0049002574383,3365.786042266867,3423.5499921435025,0.6457770469440038,0.18361559074269818,3421.291380833256,0.63283170364823,0.1803749595331926,0.23584914775983634,0.18540544619372668,8.0,7.920085000669133,9.814877314995307e-06,-0.00034131018122063317,6.62582632428996,-5.643670896597541,15.537685271108785,15.634662969935562,-0.013843421063346129,-0.00025625062765130546,5.0,5.0,5.0
0,1419,499.45360965759346,376.3770798338628,3374.0,498.7846256753694,367.7975054608003,3365.9785250848754,3431.4704740714683,0.6457868785668744,0.18327585606009328,3422.5535115124,0.6353800663286728,0.18207577506022884,0.23583903438566267,0.18541831041784462,8.0,7.920481927965739,9.831622870604129e-06,-0.0003397346826048975,3.863952602849679,4.792605203362029,0.19248281800855693,1.2621306791438656,0.002548362680442784,0.0017008155270362424,5.0,5.0,5.0
0,1420,499.6894385779019,376.5625110079509,3382.0,493.00722834628687,377.6256658219855,3378.733742107311,3439.391350184348,0.6457967269112015,0.1829376860695807,3435.33098416203,0.6536398699845415,0.18177175488152789,0.2358289203084496,0.1854311740880803,8.0,7.920876112879796,9.848344327045844e-06,-0.0003381699905125879,-5.7773973290825325,9.828160361185155,12.755217022435772,12.777472649629999,0.018259803655868656,-0.0003040201787009589,5.0,5.0,5.0
0,1421,499.9252573834315,376.74795504515987,3390.0,490.14450359473875,370.06643151796845,3380.0020513682143,3447.312617764829,0.6458065919529372,0.18260107006252482,3435.346367601659,0.6467029631444604,0.17974260216952676,0.23581880552956136,0.18544403720898117,8.0,7.9212675804810715,9.865041735723779e-06,-0.0003366160070558677,-2.8627247515481145,-7.559234304017025,1.2683092609031519,0.015383439629204076,-0.006936906840081081,-0.002029152712001131,5.0,5.0,5.0
0,1422,500.1610660734814,376.9334119449368,3398.0,493.09500209155163,368.49055229169073,3402.0569403716177,3455.2342741203834,0.6458164736680742,0.18226599742707875,3457.2994365178433,0.6417717233711165,0.17900416259698995,0.23580869004990745,0.18545689977690927,8.0,7.921656355554205,9.881715136939029e-06,-0.00033507263544607646,2.950498496812884,-1.5758792262777206,22.054889003403332,21.953068916184293,-0.004931239773343865,-0.0007384395725368031,5.0,5.0,5.0
0,1423,500.39686464734905,377.11888170672955,3406.0,497.0607878776373,383.20991787696863,3398.3627679676797,3463.1563165829857,0.6458263720326539,0.18193245764710145,3455.834019555013,0.6567759806967368,0.18262809900944688,0.2357985738676689,0.18546976179277408,8.0,7.922042462602349,9.898364579763452e-06,-0.0003335397799772988,3.9657857860856893,14.719365585277899,-3.694172403937955,-1.4654169628302043,0.015004257325620274,0.003623936412456924,5.0,5.0,5.0
0,1424,500.63265310433326,377.30436432998704,3414.0,500.80853401302267,378.1084952550481,3418.3666077833186,3471.0787425088383,0.6458362870227639,0.18160044030109,3475.486366989855,0.646690958944957,0.18155030860874571,0.23578845698420992,0.1854826232574851,8.0,7.922425925852622,9.914990109938238e-06,-0.0003320173460114595,3.7477461353853414,-5.101422621920506,20.003839815638912,19.652347434841886,-0.010085021751779832,-0.0010777904007011618,5.0,5.0,5.0
0,1425,500.86843144373415,377.48985981415717,3422.0,492.69333481798,378.4710323639912,3425.3628566543866,3479.0015492781,0.6458462186145347,0.18126993506112488,3481.2494515992717,0.6550273130811015,0.17942541833975187,0.23577833940089477,0.18549548417013284,8.0,7.92280676926157,9.931591770873105e-06,-0.00033050523996511205,-8.115199195042692,0.3625371089430587,6.996248871068019,5.763084609416637,0.00833635413614453,-0.0021248902689938454,5.0,5.0,5.0
0,1426,501.10419966484733,377.675368158687,3430.0,501.4442315809647,370.55063594701414,3430.218755558037,3486.9247342946114,0.6458561667841463,0.18094093169182818,3486.4243577293755,0.6364023808338867,0.1798042104433354,0.23576822111317597,0.1855083445298078,8.0,7.923185016511525,9.94816961152889e-06,-0.0003290033692966987,8.750896762984723,-7.9203964169770416,4.855898903650541,5.174906130103864,-0.018624932247214843,0.00037879210358351956,5.0,5.0,5.0
0,1427,501.3399577669734,377.8608893630271,3438.0,497.53088016857555,378.71096256421663,3427.9477033107064,3494.848294985636,0.6458661315078236,0.18061342004933986,3484.506338998507,0.6506185141220372,0.18041931224046628,0.23575810212605575,0.18552120434014796,8.0,7.923560691024704,9.964723677313714e-06,-0.0003275116424883151,-3.9133514123891473,8.160326617202486,-2.271052247330772,-1.9180187308684253,0.014216133288150523,0.0006151017971308959,5.0,5.0,5.0
0,1428,501.5757057494102,378.04642342662373,3446.0,498.35603607743906,367.05987205784874,3445.2844946543914,3502.7722288015934,0.6458761127618341,0.18028739008030156,3500.4395348978546,0.6348318412677407,0.17775352242559356,0.23574798243680561,0.18553406359660585,8.0,7.923933815957298,9.981254010527074e-06,-0.0003260299690382995,0.8251559088635076,-11.651090506367893,17.336791343685036,15.933195899347538,-0.01578667285429647,-0.0026657898148727266,5.0,5.0,5.0
0,1429,501.8114436114565,378.23197034892473,3454.0,494.3445090345529,372.68325235249915,3448.389456425874,3510.696533215801,0.645886110522492,0.1799628318208586,3503.5209637428725,0.6459884762726243,0.17763712139525206,0.23573786204633507,0.18554692230100045,8.0,7.924304414207654,9.99776065790936e-06,-0.0003245582594429697,-4.011527042886144,5.623380294650417,3.1049617714825217,3.0814288450178537,0.01115663500488362,-0.00011640103034149529,5.0,5.0,5.0
0,1430,502.0471713524107,378.417530129379,3462.0,503.1805880829622,367.30700626584337,3451.3952192071392,3518.621205724222,0.6458961247661587,0.1796397353956728,3507.1689580402867,0.6305585393332244,0.17857833075987825,0.23572774095418936,0.18555978045424126,8.0,7.9246725084208265,1.001424366664505e-05,-0.0003230964251857982,8.83607904840926,-5.376246086655783,3.0057627812652754,3.647994297414243,-0.01542993693939998,0.0009412093646261888,5.0,5.0,5.0
0,1431,502.2828889715729,378.6031027674344,3470.0,492.9851193030511,374.9113376563144,3471.942704727275,3526.54624384521,0.6459061554692374,0.17931809101694898,3526.751902794757,0.6501823679695554,0.17652991962750159,0.23571761916218748,0.1855726380554188,8.0,7.92503812098812,1.0030703078700576e-05,-0.00032164437872381213,-10.195468779911096,7.604331390471032,20.54748552013598,19.58294475447019,0.019623828636331053,-0.002048411132376665,5.0,5.0,5.0
0,1432,502.5185964682396,378.7886882625371,3478.0,492.4757086083185,385.29826205767057,3477.806467334112,3534.471645119262,0.6459162026081778,0.17899788898347274,3533.5711254402254,0.6638981679891557,0.1778936345316406,0.23570749666669144,0.18558549510271405,8.0,7.925401274052092,1.0047138940483258e-05,-0.0003202020334762412,-0.509410694732594,10.386924401356168,5.863762606836644,6.8192226454684715,0.013715800019600266,0.0013637149041390018,5.0,5.0,5.0
0,1433,502.75429384171,378.9742866141369,3486.0,496.15631795153257,380.3863402524577,3476.2961809730346,3542.3974071087746,0.6459262661594768,0.17867911967966385,3532.0673829276793,0.6540825083949287,0.1779420661766067,0.23569737347042974,0.185598351599765,8.0,7.925761989512466,1.0063551298955531e-05,-0.00031876930380889124,3.680609343214087,-4.911921805212842,-1.5102863610773056,-1.5037425125460686,-0.009815659594227033,4.843164496612373e-05,5.0,5.0,5.0
0,1434,502.9899810912839,379.1598978216816,3494.0,501.85737295128655,382.6958151079494,3481.6558809975636,3550.3235273978003,0.6459363460996729,0.17836177357463917,3538.3957640958743,0.6514904828540412,0.1793238564849461,0.23568724957385712,0.1856112075447527,8.0,7.9261202890256754,1.0079940196083825e-05,-0.0003173461050246795,5.701054999753978,2.3094748554916578,5.359700024529047,6.328381168194937,-0.0025920255408874437,0.0013817903083393757,5.0,5.0,5.0
0,1435,503.2256582162595,379.3455218846184,3502.0,498.26040993451664,377.58795492403186,3500.3592390081226,3558.250003591808,0.6459464424053498,0.17804584122128814,3555.7489930985494,0.6484823723701825,0.1767378448067035,0.23567712497560933,0.1856240629367676,8.0,7.926476194007591,1.0096305676943196e-05,-0.00031593235335103387,-3.596963016769905,-5.1078601839175235,18.703358010558986,17.353229002675107,-0.003008110483858739,-0.0025860116782426,5.0,5.0,5.0
0,1436,503.4613252159352,379.5311588023933,3510.0,495.181864336237,368.29581157155025,3508.177566848594,3566.1768333174496,0.645956555053135,0.17773131325536123,3562.0438969962706,0.6394946851109897,0.17412971003627006,0.23566699967568638,0.1856369177749002,8.0,7.92682972564171,1.0112647785165407e-05,-0.0003145279659269029,-3.078545598279618,-9.292143352481617,7.818327840471284,6.2949038977212695,-0.008987687259192745,-0.0026081347704334235,5.0,5.0,5.0
0,1437,503.6969820896111,379.716808574457,3518.0,493.81137710840386,368.48569311350747,3508.7458538078276,3574.1040142223274,0.6459666840197038,0.177418180394571,3562.4329956933448,0.6410694089157867,0.17382959379991803,0.23565687367590726,0.18564977206369804,8.0,7.927180904877787,1.0128966568823117e-05,-0.0003131328607902384,-1.3704872278331663,0.18988154195722018,0.5682869592337738,0.38909869707413236,0.0015747238047969514,-0.0003001162363520382,5.0,5.0,5.0
0,1438,503.9326288365846,379.9024712002556,3526.0,491.10740064013146,368.83357975321763,3519.1094054451128,3582.0315439747615,0.6459768292817734,0.1771064334377009,3572.303975868982,0.6441563228751988,0.1727885029112337,0.23564674697354349,0.1856626257986136,8.0,7.927529752434111,1.0145262069549688e-05,-0.0003117469568700848,-2.7039764682724012,0.3478866397101683,10.363551637285127,9.870980175637214,0.0030869139594120742,-0.001041090888684315,5.0,5.0,5.0
0,1439,504.16826545615504,380.08814667923707,3534.0,495.3027855053669,376.41229243584365,3531.473288428983,3589.9594202635667,0.6459869908161057,0.1767960632637306,3585.8492230033316,0.6498476376730181,0.17437037017895668,0.23563661957041404,0.18567547898146586,8.0,7.927876288805237,1.0161534332309152e-05,-0.00031037017397031463,4.1953848652354395,7.578712682626019,12.363882983870099,13.545247134349665,0.005691314797819369,0.0015818672677229695,5.0,5.0,5.0
0,1440,504.403891947622,380.2738350108484,3542.0,497.21924754849243,376.9179428079299,3542.971302468259,3597.8876407978287,0.6459971685995053,0.1764870608309689,3597.490759662474,0.6486343725858312,0.17431747188457633,0.23562649146697368,0.18568833161134535,8.0,7.928220534261982,1.0177783399623053e-05,-0.00030900243276169026,1.9164620431255344,0.5056503720862224,11.498014039276313,11.641536659142275,-0.0012132650871868877,-5.28982943803491e-05,5.0,5.0,5.0
0,1441,504.6395083102839,380.4595361945385,3550.0,488.5114187673882,380.43208632298035,3540.870377093167,3605.816203306681,0.6460073626088243,0.1761794171761995,3594.598031205449,0.6616535190536492,0.17311360538788156,0.23561636266185815,0.18570118369007105,8.0,7.9285625088523375,1.0194009319008934e-05,-0.0003076436547694017,-8.70782878110424,3.5141435150504776,-2.1009253750921744,-2.8927284570249867,0.013019146467817988,-0.0012038664966947665,5.0,5.0,5.0
0,1442,504.87511454343985,380.6452502297525,3558.0,496.36446847661966,371.9021012327488,3553.3165666405453,3613.745105539089,0.6460175728209536,0.1758731234138366,3607.0413750371044,0.6430222562397548,0.1728094144937917,0.23560623315597695,0.18571403521400498,8.0,7.928902232407836,1.0210212129324603e-05,-0.00030629376236290806,7.85304970923147,-8.529985090231548,12.446189547378253,12.443343831655511,-0.018631262813894378,-0.00030419089408986744,5.0,5.0,5.0
0,1443,505.1107106463887,380.8309771159402,3566.0,493.907355941153,367.89984019082954,3559.5595673994794,3621.674345263635,0.6460277992128342,0.175568170735093,3612.445028305675,0.6402138112099451,0.17132225452172156,0.23559610294887534,0.18572688618769462,8.0,7.929239724546278,1.0226391880530095e-05,-0.00030495267874358634,-2.457112535466649,-4.002261041919269,6.2430007589341585,5.4036532685704515,-0.002808445029809703,-0.0014871599720701345,5.0,5.0,5.0
0,1444,505.3462966184302,381.0167168525486,3574.0,502.8905281436807,375.64610961047407,3569.06390832403,3629.6039202683064,0.6460380417614462,0.1752645504071569,3623.8413409893255,0.6415616034562124,0.17409240714597385,0.2355859720414628,0.18573973660841148,8.0,7.929575004671278,1.0242548612038327e-05,-0.0003036203279360994,8.983172202527669,7.746269419644534,9.504340924550434,11.396312683650649,0.0013477922462672431,0.0027701526242522867,5.0,5.0,5.0
0,1445,505.5818724588621,381.20246943902293,3582.0,491.47047818322335,369.72809454006006,3565.8027145063443,3637.533828360283,0.6460483004438133,0.17496225377237962,3618.4514773033343,0.6449647977381454,0.1707952158944269,0.23557584043192037,0.18575258647433657,8.0,7.929908091976813,1.0258682367147998e-05,-0.00030229663477729374,-11.420049960457334,-5.918015070414015,-3.26119381768558,-5.3898636859912585,0.0034031942819330308,-0.003297191251546955,5.0,5.0,5.0
0,1446,505.8174381669851,381.38823487481386,3590.0,494.7258297542991,375.399755607677,3586.6573074998437,3645.4640673657364,0.6460585752370072,0.17466127224747605,3640.0259977888086,0.6491116642855883,0.17145023373563603,0.2355657081229765,0.18576543579092686,8.0,7.9302390054531315,1.0274793193820742e-05,-0.0003009815249035708,3.255351571075778,5.671661067616924,20.85459299349941,21.574520485474295,0.004146866547442896,0.0006550178412091379,5.0,5.0,5.0
0,1447,506.052993742097,381.5740131593666,3598.0,494.60030922632285,380.53156382801666,3587.1934800024724,3653.394635129619,0.646068866118138,0.17436159732273043,3641.0700075566274,0.6557842658988052,0.17224128535251193,0.23555557511190273,0.18577828455272538,8.0,7.930567763882664,1.0290881130803342e-05,-0.0002996749247456132,-0.12552052797627766,5.131808220339678,0.5361725026286877,1.0440097678188067,0.006672601613216922,0.0007910516168758985,5.0,5.0,5.0
0,1448,506.2885391834975,381.75980429212905,3606.0,500.87328328707315,378.89256765588135,3610.552928637242,3661.3255295154686,0.6460791730643616,0.17406322056121729,3664.7682156210926,0.6476251988563192,0.1722223378202246,0.23554544140051803,0.18579113276246062,8.0,7.9308943858495695,1.0306946223614943e-05,-0.0002983767615131472,6.2729740607503,-1.6389961721353075,23.359448634769706,23.698208064465234,-0.008159067042486035,-1.8947532287316715e-05,5.0,5.0,5.0
0,1449,506.5240744904859,381.94560827254827,3614.0,502.960860326141,381.3280908024552,3610.3037150770106,3669.256748405204,0.6460894960528764,0.1737661335980288,3665.061207531727,0.6487072338689883,0.1730766004661258,0.23553530698836767,0.18580398041922308,8.0,7.931218889735192,1.0322988514777087e-05,-0.0002970869631884754,2.0875770390678667,2.435523146573871,-0.2492135602315102,0.2929919106345551,0.0010820350126691247,0.0008542626459011882,5.0,5.0,5.0
0,1450,506.7595996623618,382.1314251000704,3622.0,502.2312303948026,382.2472789395795,3614.0660108637026,3677.1882896989337,0.6460998350609222,0.17347032813951316,3668.7630506644696,0.6505661937080588,0.172893285685065,0.23552517187590638,0.18581682752210327,8.0,7.931541293729879,1.0339008045812115e-05,-0.0002958054585156522,-0.7296299313384225,0.9191881371242516,3.7622957866919933,3.701843132742397,0.0018589598390704731,-0.00018331478106078936,5.0,5.0,5.0
0,1451,506.99511469842355,382.3172547741451,3630.0,496.9099938419606,370.43489801572366,3626.931092334417,3685.1201513147585,0.646110190065788,0.1731757959625228,3679.506856114018,0.6406000036753284,0.16925108990796375,0.23551503606176993,0.18582967407473916,8.0,7.9318616158248005,1.0355004865791884e-05,-0.00029453217699035306,-5.321236552841981,-11.812380923855812,12.865081470714358,10.74380544954829,-0.00996619003273036,-0.003642195777101259,5.0,5.0,5.0
0,1452,507.2306195979704,382.5030972942168,3638.0,503.38955438373006,387.4895807950029,3633.73495894113,3693.052331188581,0.6461205610447978,0.17288252891367065,3688.845208262097,0.6560285775499755,0.17307253018727028,0.23550489954686782,0.1858425200716738,8.0,7.932179873822406,1.0370979009799441e-05,-0.00029326704885215826,6.479560541769445,17.054682779279233,6.8038666067132,9.338352148079139,0.015428573874647022,0.0038214402793065316,5.0,5.0,5.0
0,1453,507.46611436030344,382.68895265973515,3646.0,491.68668623019573,385.2687839555717,3633.687716491869,3700.9848272739177,0.6461309479753237,0.17259051890859856,3686.9871513595667,0.6646393384414954,0.1702413535164456,0.23549476233301903,0.18585536551836412,8.0,7.932496085336879,1.0386930525907445e-05,-0.00029201000507209085,-11.702868153534325,-2.220796839431216,-0.047242449260920694,-1.8580569025302793,0.008610760891519909,-0.002831176670824692,5.0,5.0,5.0
0,1454,507.70159898471957,382.8748208701454,3654.0,507.2324692135016,382.29262687996066,3660.144151409033,3708.917637541711,0.6461413508347789,0.17229975793125032,3714.8469200607656,0.6458542380305017,0.17182389780665205,0.23548462441613083,0.1858682104102627,8.0,7.932810267793229,1.0402859455194147e-05,-0.00029076097734823114,15.545782983305855,-2.976157075611013,26.456434917163733,27.859768701198846,-0.018785100410993683,0.0015825442902064613,5.0,5.0,5.0
0,1455,507.9370734705203,383.0607019248937,3662.0,511.08436204084563,376.99162843688697,3653.742664722851,3716.850759980146,0.6461517696006159,0.17201023803315896,3708.526037801303,0.6355377857543925,0.17209759302704625,0.2354744858007507,0.18588105474827898,8.0,7.933122438435021,1.0418765837072463e-05,-0.00028951989809136713,3.851892827344045,-5.300998443073695,-6.401486686182125,-6.320882259462451,-0.010316452276109223,0.00027369522039419336,5.0,5.0,5.0
0,1456,508.17253781700356,383.24659582342974,3670.0,500.8787723506639,388.93650703756384,3666.20210262946,3724.7841925944676,0.646162204250338,0.1717219513327392,3720.643628248043,0.6602516786329833,0.17127820016833134,0.23546434648324066,0.18589389853605098,8.0,7.933432614321646,1.0434649722057543e-05,-0.0002882867004197487,-10.20558969018174,11.944878600676873,12.45943790660931,12.117590446739996,0.024713892878590826,-0.0008193928587149069,5.0,5.0,5.0
0,1457,508.4079920234699,383.4325025651997,3678.0,507.54406419585683,390.8295962379292,3664.4245789413994,3732.7179334068023,0.6461726547614838,0.1714348900145901,3719.9941189665615,0.6562042804470866,0.17306306292213006,0.2354542064663292,0.1859067417699407,8.0,7.93374081233469,1.0450511145787544e-05,-0.0002870613181490955,6.6652918451929395,1.8930892003653526,-1.7775236880606826,-0.6495092814816417,-0.004047398185896722,0.001784862753798716,5.0,5.0,5.0
0,1458,508.6434360892172,383.6184221496487,3686.0,497.3863692504874,386.9398071859277,3680.3676887629754,3740.6519804559784,0.6461831211116353,0.17114904632880545,3733.9284860842995,0.6611480643337487,0.16958054504548292,0.23544406574728782,0.18591958444903867,8.0,7.934047049176115,1.0466350151561166e-05,-0.00028584368578465913,-10.157694945369428,-3.889789052001504,15.943109821575945,13.93436711773802,0.0049437838866621675,-0.0034825178766471343,5.0,5.0,5.0
0,1459,508.87887001354693,383.8043545762248,3694.0,501.7984320993226,371.6636027965027,3696.0065557409216,3748.586331797353,0.6461936032784177,0.1708644125902953,3748.3863141598526,0.6374986897118349,0.1673715377608457,0.23543392432975452,0.18593242657607334,8.0,7.934351341374622,1.0482166782344038e-05,-0.0002846337385101483,4.412062848835205,-15.276204389425004,15.638866977946236,14.457828075553152,-0.023649374621913855,-0.0022090072846372155,5.0,5.0,5.0
0,1460,509.1142937957575,383.99029984437493,3702.0,497.76746094797113,384.96383112874673,3695.763984465122,3756.52098550264,0.6462041012394992,0.17058098117811207,3748.951990266804,0.6582977128219457,0.16864820115631685,0.23542378221054605,0.18594526815013523,8.0,7.934653705287019,1.0497961081545881e-05,-0.00028343141218323264,-4.03097115135148,13.300228332244046,-0.24257127579949156,0.5656761069512868,0.020799023110110837,0.0012766633954711393,5.0,5.0,5.0
0,1461,509.3497074351485,384.17625795354525,3710.0,496.27034176602467,378.3358568987047,3706.375027543932,3764.455939659735,0.6462146149725883,0.1702987445347877,3758.5420201898937,0.6513636720899704,0.16680412841697542,0.23541363939102666,0.18595810917031486,8.0,7.934954157095035,1.0513733089023702e-05,-0.00028223664332438503,-1.4971191819464593,-6.627974230042014,10.611043078809871,9.590029923089787,-0.006934040731975344,-0.0018440727393414236,5.0,5.0,5.0
0,1462,509.58511093102015,384.3622289031837,3718.0,502.41649563855725,382.15269136337594,3712.8124502763203,3772.391192372552,0.646225144455437,0.1700176951656786,3766.0907192382997,0.6502692053532315,0.1684061651018921,0.2354034958716511,0.1859709496384312,8.0,7.935252712816691,1.0529482848742333e-05,-0.00028104936910908207,6.1461538725325795,3.816834464671217,6.437422732388313,7.548699048405979,-0.0010944667367388528,0.00160203668491668,5.0,5.0,5.0
0,1463,509.8205042826712,384.54821269273543,3726.0,509.27145049008845,377.71539600486994,3718.9292220439997,3780.3267417608513,0.6462356896658373,0.16973782563831702,3772.5933903928985,0.6381536749412251,0.1688703323774891,0.23539335165105513,0.18598378955175576,8.0,7.935549388299478,1.0545210400336735e-05,-0.000279869527361587,6.854954851531204,-4.437295358505992,6.116771767679438,6.502671154598829,-0.012115530412006414,0.000464167275597005,5.0,5.0,5.0
0,1464,510.0558874894018,384.73420932164754,3734.0,512.1125402028407,378.98177209436994,3735.628184718567,3788.2625859600803,0.646246250581624,0.16945912858177267,3789.5651956229135,0.637093661725459,0.1689196620477053,0.23538320673060298,0.18599662891210755,8.0,7.935844199228995,1.0560915786661518e-05,-0.00027869705654434695,2.8410897127522503,1.2663760894999996,16.698962674567156,16.97180523001498,-0.001060013215766098,4.9329670216202715e-05,5.0,5.0,5.0
0,1465,510.29126055051165,384.92021878936794,3742.0,511.8727527743358,371.8579871144319,3742.141183116235,3796.1987231212074,0.6462568271806749,0.16918159668602087,3795.24870225762,0.6282682308196078,0.16748681283966538,0.2353730611098399,0.18600946772039606,8.0,7.936137161127135,1.0576599050904356e-05,-0.0002775318957518036,-0.23978742850488288,-7.123784979938023,6.5129983976680705,5.683506634706646,-0.008825430905851195,-0.0014328492080399324,5.0,5.0,5.0
0,1466,510.5266234653009,385.10624109534183,3750.0,506.410158898955,378.92687716915964,3743.0988798302637,3804.1351514105627,0.6462674194409057,0.16890522270131791,3796.1593817256685,0.6423870995373009,0.1673923538985455,0.23536291478922067,0.1860223059738928,8.0,7.936428289355263,1.0592260230812833e-05,-0.0002763739847029545,-5.462593875380833,7.068890054727717,0.9576967140287707,0.910679468048329,0.014118868717693078,-9.445894111986819e-05,5.0,5.0,5.0
0,1467,510.7619762330678,385.29227623901534,3758.0,504.6200436077728,382.0444018921709,3746.631510653834,3812.071869009679,0.6462780273402766,0.168629999437585,3799.7166986568996,0.6480253199179473,0.16735280276836106,0.23535276776692626,0.18603514367350726,8.0,7.936717599116491,1.0607899370906892e-05,-0.0002752232637329155,-1.7901152911821896,3.117524723011286,3.5326308235703436,3.557316931231071,0.00563822038064643,-3.955113018444534e-05,5.0,5.0,5.0
0,1468,510.99731885311394,385.4783242198373,3766.0,507.5564265712014,384.2766148637103,3759.5517282945016,3820.008874115138,0.6462886508567894,0.16835591976380054,3813.0711035341333,0.6480367131869882,0.1677422047670927,0.23534262004613993,0.18604798082196794,8.0,7.937005105458866,1.0623516512819897e-05,-0.0002740796737844553,2.9363829634286276,2.2322129715393544,12.920217640667488,13.35440487723372,1.1393269040871346e-05,0.0003894019987316366,5.0,5.0,5.0
0,1469,511.2326513247376,385.6643850372511,3774.0,507.84591651552876,376.0619606330295,3768.0423524835173,3827.94616493841,0.6462992899684833,0.16808297660739635,3820.6639793714094,0.6373959520441703,0.16616036313360633,0.23533247162367843,0.18606081741381786,8.0,7.937290823272178,1.0639111693855341e-05,-0.00027294315640419287,0.2894899443273289,-8.214654230680765,8.490624189015762,7.592875837276097,-0.010640761142817867,-0.001581841633486375,5.0,5.0,5.0
0,1470,511.46797364724034,385.85045869070564,3782.0,506.001240799499,386.3248547360754,3777.003147329609,3835.8837397057073,0.6463099446534428,0.16781116295366627,3830.2789616443415,0.6520764160600613,0.16698194679279676,0.235322322502725,0.186073653454514,8.0,7.937574767297065,1.0654684959532368e-05,-0.0002718136537300797,-1.8446757160297693,10.26289410304588,8.96079484609163,9.614982272932139,0.01468046401589096,0.0008215836591904391,5.0,5.0,5.0
0,1471,511.70328581992,386.03654517964605,3790.0,500.9988178954945,376.3966479778823,3786.6248352099587,3843.8215966578286,0.6463206148897921,0.16754047184517648,3838.1247888481316,0.6443277875424971,0.1640006933205548,0.23531217267964166,0.18608648894041835,8.0,7.937856952121365,1.0670236349263895e-05,-0.00027069110848979006,-5.002422904004504,-9.928206758193085,9.621687880349782,7.845827203790122,-0.007748628517564193,-0.002981253472241957,5.0,5.0,5.0
0,1472,511.9385878420776,386.2226445035203,3798.0,503.25835276529085,376.24167789590877,3793.524069298831,3851.759734050014,0.6463313006556972,0.16727089638118803,3845.2115200809853,0.6419706464606207,0.16414782166530714,0.23530202215761165,0.18609932387425943,8.0,7.938137392185126,1.0685765905127376e-05,-0.0002695754639884529,2.2595348697963686,-0.1549700819735449,6.899234088872163,7.086731232853708,-0.002357141081876346,0.00014712834475233416,5.0,5.0,5.0
0,1473,512.1738797130133,386.4087566617727,3806.0,502.769332629578,373.60479690038494,3808.7396233430904,3859.6981501517935,0.646342001929361,0.16700242971708196,3859.9035045611486,0.6390664985070263,0.1630006767672417,0.23529187093572546,0.18611215825239924,8.0,7.938416101779694,1.0701273663760169e-05,-0.0002684666641060707,-0.48902013571284897,-2.636880995523825,15.215554044259534,14.691984480163228,-0.0029041479535943937,-0.0011471448980654442,5.0,5.0,5.0
0,1474,512.4091614320273,386.5948816538503,3814.0,512.5520062973707,379.4195297823368,3810.950321148923,3867.636843246846,0.6463527186890305,0.1667350650637946,3863.937252208528,0.6372355144657832,0.16579899666137266,0.2352817190139831,0.18612499207756628,8.0,7.938693095052713,1.0716759669571196e-05,-0.0002673646532873608,9.782673667792665,5.814732881951841,2.2106978058327513,4.033747647379641,-0.0018309840412431555,0.0027983198941309573,5.0,5.0,5.0
0,1475,512.6444329984183,386.7810194791982,3822.0,516.0834944999757,380.3768960778256,3818.7068507213703,3875.575811632852,0.646363450912993,0.16646879568725748,3872.1506644384895,0.6351583936093683,0.1663368138732845,0.23527156639102031,0.18613782534794154,8.0,7.938968386005854,1.0732223962417464e-05,-0.00026626937653712046,3.5314882026050327,0.9573662954888391,7.756529572447107,8.21341222996125,-0.0020771208564148713,0.0005378172119118452,5.0,5.0,5.0
0,1476,512.879694411487,386.9671701372645,3830.0,511.96066492438473,380.8801916725398,3828.6671019956752,3883.515053621353,0.6463741985795777,0.1662036149078459,3881.4771957004064,0.6396267219613807,0.16514620029746402,0.2352614130686561,0.18615065806625353,8.0,7.9392419885011805,1.0747666584709492e-05,-0.0002651807794115668,-4.12282957559097,0.5032955947141886,9.960251274304937,9.326531261916898,0.004468328352012385,-0.0011906135758204817,5.0,5.0,5.0
0,1477,513.1149456705334,387.15333362749516,3838.0,509.5494176709239,385.5427837127934,3839.841534577902,3891.454567537614,0.6463849616671525,0.165939516099832,3892.6426573462104,0.6477338278796103,0.16489460359256852,0.23525125904643573,0.18616349023068324,8.0,7.939513916260694,1.0763087574860997e-05,-0.0002640988080138962,-2.4112472534608287,4.662592040253571,11.174432582226927,11.165461645804044,0.008107105918229607,-0.0002515967048954959,5.0,5.0,5.0
0,1478,513.3501867748578,387.33950994933457,3846.0,520.7620025222691,385.1410559231066,3838.360110695963,3899.3943517204784,0.6463957401541237,0.16567649269084553,3892.62572508718,0.6367937901420796,0.16717135326248642,0.23524110432435918,0.18617632183941168,8.0,7.939784182864514,1.0778486971174672e-05,-0.0002630234089864847,11.212584851345184,-0.40172778968678813,-1.4814238819390084,-0.01693225903045459,-0.010940037737530717,0.0022767496699178935,5.0,5.0,5.0
0,1479,513.5854177237602,387.52569910223065,3854.0,516.9977357759186,389.8462164891836,3842.7845956775022,3907.3344045222393,0.6464065340189422,0.1654145381613416,3896.9552448141694,0.6460930974056422,0.16693164808416647,0.23523094890242646,0.18618915289607685,8.0,7.940052801760885,1.0793864818503529e-05,-0.0002619545295039216,-3.764266746350472,4.705160566076984,4.424484981539081,4.329519726989474,0.00929930726356265,-0.00023970517831994886,5.0,5.0,5.0
0,1480,513.8206385165413,387.7119010856295,3862.0,506.7384953501953,382.2509161310723,3862.630220461688,3915.2747243084973,0.6464173432400968,0.16515364604407343,3914.4363432781397,0.6462701598620709,0.16287374017267855,0.2352207927810923,0.18620198339885974,8.0,7.940319786257987,1.080922115459515e-05,-0.00026089211726817996,-10.259240425723306,-7.595300358111274,19.84562478418593,17.481098463970284,0.00017706245642867824,-0.004057907911487912,5.0,5.0,5.0
0,1481,514.0558491524994,387.89811589897545,3870.0,502.95566537546927,377.9778197282705,3857.1047248317477,3923.215309458031,0.6464281677961159,0.1648938099235713,3908.0798983464,0.6444688512753876,0.16169099417633523,0.235210635958083,0.18621481334594137,8.0,7.94058514953349,1.0824556019084497e-05,-0.00025983612050212157,-3.7828299747260417,-4.273096402801798,-5.525495629940451,-6.356444931739588,-0.00180130858668337,-0.0011827459963433262,5.0,5.0,5.0
0,1482,514.2910496309369,388.0843435417164,3878.0,512.3660803629995,387.89968729799926,3870.687088825007,3931.1561583626635,0.6464390076655692,0.16463502343563058,3923.6722222057533,0.6480139230937824,0.1645263992807354,0.23520047843749126,0.1862276427409597,8.0,7.94084890463273,1.0839869453271866e-05,-0.00025878648794072645,9.410414987530203,9.92186756972876,13.58236399325915,15.5923238593532,0.003545071818394807,0.0028354051044001682,5.0,5.0,5.0
0,1483,514.526239951153,388.2705840132967,3886.0,511.92851234968316,380.47208153448,3886.951133626081,3939.0972694271336,0.6464498628270642,0.1643772802668009,3938.9362677988097,0.6391434558708566,0.1626461951974079,0.23519032021613384,0.1862404715802768,8.0,7.941111064470078,1.0855161495015864e-05,-0.0002577431688296772,-0.4375680133163087,-7.427605763519239,16.264044801074306,15.26404559305638,-0.008870467222925726,-0.001880204083327508,5.0,5.0,5.0
0,1484,514.761420112447,388.4568373131624,3894.0,513.8404075701878,378.140990855695,3887.851935516458,3947.0386410689634,0.646460733259251,0.16412057415388567,3939.8496476282307,0.6344232344368603,0.16264701555267752,0.23518016129401076,0.1862532998657116,8.0,7.941371641829846,1.087043218683803e-05,-0.00025670611291522816,1.9118952205046753,-2.331090678785017,0.9008018903768971,0.9133798294210465,-0.004720221433996308,8.203552696317562e-07,5.0,5.0,5.0
0,1485,514.9965901141218,388.64310344075966,3902.0,515.5699329605939,385.77047461466947,3898.1453067165676,3954.980271718335,0.6464716189408162,0.1638648988834461,3950.970519648789,0.6423742890474853,0.1637075862041709,0.23517000167476,0.18626612759726413,8.0,7.941630649371746,1.0885681565153682e-05,-0.0002556752704395704,1.7295253904060246,7.629483758974459,10.293371200109505,11.120872020558181,0.007951054610624952,0.00106057065149337,5.0,5.0,5.0
0,1486,515.2317499554752,388.8293823955355,3910.0,518.0033471035431,376.843305985732,3907.1060412389284,3962.922159817964,0.6464825198504913,0.1636102482913094,3959.269624862957,0.6289397066025288,0.16250590461588277,0.2351598413533793,0.18627895477584389,8.0,7.941888099628613,1.0900909675148895e-05,-0.00025465059213669594,2.433414142949232,-8.927168628937466,8.96073452236078,8.299105214167867,-0.013434582444956433,-0.0012016815882881227,5.0,5.0,5.0
0,1487,515.4668996358087,389.0156741769342,3918.0,516.6662438763643,382.29621893543685,3909.481735652119,3970.8643038229707,0.6464934359670411,0.16335661626208525,3961.96186856602,0.6370243023578922,0.16294381202841227,0.2351496803335067,0.18629178139872238,8.0,7.942144005006867,1.0916116549797295e-05,-0.0002536320292241545,-1.3371032271787726,5.452912949704853,2.3756944131905584,2.6922437030630135,0.008084595755363355,0.00043790741252949794,5.0,5.0,5.0
0,1488,515.7020391544224,389.20197878440194,3926.0,513.0576430854891,384.2828963537442,3918.7250237685043,3978.8067022007644,0.6465043672692734,0.16310399672868647,3970.806882922906,0.6428641998749786,0.1621416882142373,0.2351395186137779,0.1863046074677186,8.0,7.942398377793779,1.0931302232286555e-05,-0.00025261953339877907,-3.6086007908752435,1.9866774183073517,9.243288116385429,8.845014356886168,0.0058398975170863565,-0.0008021238141749654,5.0,5.0,5.0
0,1489,515.9371685106175,389.38829621738387,3934.0,498.48626745043373,389.8240835242747,3920.892086683162,3986.7493534309165,0.6465153137360334,0.16285238367185592,3971.630160317907,0.6636782975389336,0.16001511903087848,0.23512935619510245,0.18631743298192305,8.0,7.942651230152023,1.0946466760031193e-05,-0.0002516130568305519,-14.571375635055347,5.54118717053052,2.1670629146574356,0.8232773950012415,0.020814097663955033,-0.002126569183358823,5.0,5.0,5.0
0,1490,516.1722877036937,389.574626475327,3942.0,507.18836580894725,376.1203230930891,3938.142633544588,3994.6922560050425,0.646526275346209,0.16260177111969848,3988.442545405049,0.6380899529172678,0.15898436664094606,0.23511919307611606,0.18633025794315472,8.0,7.9429025741260375,1.096161017555275e-05,-0.00025061255215744205,8.702098358513524,-13.703760431185628,17.2505468614263,16.812385087141593,-0.025588344621665815,-0.0010307523899324156,5.0,5.0,5.0
0,1491,516.4073967329505,389.7609695576757,3950.0,506.68733920551676,382.0413278241794,3944.512756723801,4002.635408426683,0.6465372520787241,0.1623521531472182,3995.230722227895,0.6460550323802331,0.15950910727075263,0.23510902925681876,0.18634308234868513,8.0,7.9431524216406615,1.0976732515155518e-05,-0.0002496179724802705,-0.5010266034304891,5.9210047310903064,6.3701231792128965,6.788176822846253,0.007965079462965319,0.0005247406298065638,5.0,5.0,5.0
0,1492,516.6424955976895,389.94732546387695,3958.0,516.4165916091026,387.087555797629,3959.375220902181,4010.5788092111893,0.6465482439125436,0.16210352387586266,4011.629969455899,0.6432223448031067,0.16158088973348161,0.23509886473902952,0.18635590620124276,8.0,7.943400784506139,1.0991833819473662e-05,-0.00024862927135554935,9.72925240358586,5.046227973449618,14.862464178379923,16.399247228003787,-0.0028326875771264026,0.0020717824627289882,5.0,5.0,5.0
0,1493,516.8775842972123,390.13369419337505,3966.0,514.476636174321,374.13833522745927,3959.94050776457,4018.5224568856015,0.6465592508266675,0.16185587747306995,4010.709978057593,0.6287626074839066,0.15928133134625913,0.23508869952274836,0.18636872949809913,8.0,7.943647674412205,1.1006914123923295e-05,-0.0002476464027927061,-1.9399554347816093,-12.949220570169757,0.5652868623892573,-0.9199913983056831,-0.014459737319200139,-0.0022995583872224834,5.0,5.0,5.0
0,1494,517.1126628308175,390.3200757456152,3974.0,518.0606445801311,381.2710974602482,3963.0664497465787,4026.466349988541,0.6465702728001393,0.16160920815182228,4014.92841359946,0.6344537690875576,0.16090486559241501,0.23507853360524678,0.18638155224016373,8.0,7.943893102939455,1.1021973471803115e-05,-0.00024666932124767227,3.5840084058100956,7.132762232788934,3.1259419820084986,4.218435541866711,0.005691161603651018,0.0016235342461558833,5.0,5.0,5.0
0,1495,517.3477311978068,390.50647012004356,3982.0,505.225333119036,382.518041905366,3976.3646023419005,4034.4104870700917,0.6465813098120392,0.1613635101702057,4026.542951511385,0.6480446693355169,0.15803710276746483,0.23506836698925326,0.18639437442834605,8.0,7.944137081550707,1.1037011899861504e-05,-0.00024569798161658274,-12.835311461095102,1.2469444451177765,13.29815259532188,11.614537911925254,0.013590900247959281,-0.0028677628249501874,5.0,5.0,5.0
0,1496,517.5827893974806,390.6928773161071,3990.0,512.536150517664,385.194250845038,3992.264317992859,4042.354866691693,0.6465923618414886,0.16111877783097325,4043.419629619281,0.6444895118746564,0.15923733340401872,0.23505819967385833,0.1864071960635556,8.0,7.944379621601456,1.105202944939876e-05,-0.0002447323392324452,7.310817398628046,2.676208939672051,15.89971565095857,16.876678107895714,-0.0035551574608604364,0.0012002306365538895,5.0,5.0,5.0
0,1497,517.8178374291392,390.87929733324836,3998.0,513.1252758287584,394.3148527672231,3984.14150993518,4050.2994874260253,0.6466034288676422,0.160875005481113,4036.3554505265947,0.6552094965770364,0.16102110833394748,0.23504803165860721,0.1864200171412449,8.0,7.9446207343321475,1.1067026153610549e-05,-0.0002437723498602551,0.5891253110943353,9.120601922185074,-8.122808057679322,-7.064179092686118,0.010719984702380003,0.0017837749299287609,5.0,5.0,5.0
0,1498,518.0528752920832,391.0657301709134,4006.0,509.00884486660294,388.7862759918245,4005.912748158602,4058.2443478569035,0.6466145108696973,0.16063218751142325,4056.794512717107,0.6522813666133527,0.15854755360202272,0.23503786294395468,0.18643283766505192,8.0,7.94486043087818,1.1082002055129436e-05,-0.00024281796968975145,-4.116430962155448,-5.528576775398619,21.771238223422188,20.43906219051223,-0.0029281299636837455,-0.0024735547319247597,5.0,5.0,5.0
0,1499,518.2879029856149,391.2521758285493,4014.0,513.7501110568556,389.592145259435,4011.0979357031674,4066.189446579168,0.6466256078268897,0.16039031835609097,4062.588813313623,0.6488110566023048,0.15938171002945103,0.2350276935317197,0.18644565763588616,8.0,7.945098722264447,1.1096957192369139e-05,-0.00024186915533228048,4.741266190252702,0.8058692676104897,5.185187544565451,5.794300596516223,-0.003470310011047917,0.0008341564274283175,5.0,5.0,5.0
0,1500,518.5229205090327,391.4386343056003,4022.0,510.787632451189,386.46957448156377,4019.0278420633535,4074.1347821985773,0.6466367197184931,0.16014939249227372,4069.7478463346433,0.6477212712535051,0.1580421617359424,0.23501752341780957,0.18645847705101914,8.0,7.945335619409434,1.1111891603410307e-05,-0.0002409258638172429,-2.9624786056666608,-3.1225707778712035,7.9299063601861235,7.15903302102015,-0.0010897853487996656,-0.00133954829350863,5.0,5.0,5.0
0,1501,518.757927861639,391.62510560151077,4030.0,513.8637820861339,383.6898748635556,4025.2141821799787,4082.080353331705,0.6466478465238167,0.15990940443968985,4075.9812461584647,0.6413705041689932,0.15799441446333895,0.235007352606317,0.18647129591045086,8.0,7.945571133127487,1.1126805323558031e-05,-0.00023998805258387823,3.0761496349449544,-2.7796996180081806,6.186340116625161,6.233399823821401,-0.006350767084511877,-4.774727260345446e-05,5.0,5.0,5.0
0,1502,518.9929250427349,391.8115897157277,4038.0,508.69780367935,383.0526662550728,4030.2438748236204,4090.0261586058323,0.646658988222212,0.15967034876021075,4080.241229528792,0.6454223851847093,0.1567076005802955,0.23499718109587775,0.1864841142169098,8.0,7.945805274127451,1.1141698395333854e-05,-0.0002390556794790999,-5.16597840678395,-0.6372086084828084,5.029692643641738,4.259983370327063,0.0040518810157160745,-0.0012868138830434417,5.0,5.0,5.0
0,1503,519.2279120516191,391.99808664769444,4046.0,508.7982030805918,387.5791936882913,4040.756059130562,4097.972196658847,0.6466701447930666,0.15943222005745744,4091.063770248327,0.6509814840268577,0.15698573893279374,0.23498700888421808,0.18649693196675798,8.0,7.94603805301449,1.115657085459798e-05,-0.0002381287027533041,0.10039940124181612,4.526527433218519,10.512184306941435,10.822540719535027,0.005559098842148447,0.00027813835249823615,5.0,5.0,5.0
0,1504,519.4628888875945,392.18459639685716,4054.0,516.1925759997745,389.93116905279504,4044.035605580902,4105.918466139143,0.6466813162158056,0.15919501297640481,4095.451754241802,0.6469472934212142,0.15862413695480967,0.23497683597543073,0.1865097491627239,8.0,7.946269480295996,1.1171422738986969e-05,-0.0002372070810526261,7.394372919182672,2.351975364503744,3.279546450340149,4.387983993475245,-0.004034190605643584,0.00163839802201593,5.0,5.0,5.0
0,1505,519.6978555499613,392.37111896266106,4062.0,518.6734786285203,383.98880252148825,4046.736024389983,4113.864965705515,0.6466925024698933,0.15895872220298646,4097.870426085986,0.6372826150078907,0.15814123176254627,0.2349666623667872,0.18652256580389803,8.0,7.94649956637204,1.1186254087691694e-05,-0.00023629077341835725,2.4809026287458664,-5.942366531306789,2.7004188090809293,2.418671844183791,-0.009664678413323413,-0.00048290519226340534,5.0,5.0,5.0
0,1506,519.9328120380196,392.55765434455043,4070.0,513.3128355586487,386.33504385619665,4066.502651630134,4121.811694027064,0.6467037035348313,0.15872334246370648,4116.939233092413,0.6451826879889194,0.15669133048305864,0.2349564880582875,0.1865353818893709,8.0,7.946728321549017,1.1201064938015648e-05,-0.00023537973927997835,-5.360643069871685,2.3462413347083952,19.766627240151138,19.06880700642705,0.007900072981028683,-0.001449901279487631,5.0,5.0,5.0
0,1507,520.1677583510723,392.7442025419705,4078.0,519.7890559451137,384.0533837807822,4066.83423004961,4129.758649783097,0.6467149193901571,0.1584888685252556,4117.865748051651,0.6363358443068237,0.15759690321338926,0.23494631305266012,0.18654819742005202,8.0,7.946955756033276,1.1215855325819035e-05,-0.00023447393845088538,6.476220386465002,-2.281660075414436,0.3315784194760454,0.926514959238375,-0.008846843682095762,0.0009055727303306227,5.0,5.0,5.0
0,1508,520.4026944884185,392.93076355436733,4086.0,519.6459630049529,392.74708091787033,4079.9587508695718,4137.705831663027,0.6467261500154509,0.15825529519413,4131.627476580391,0.647201147731391,0.1583149510280791,0.23493613734626706,0.18656101239685086,8.0,7.947181879930213,1.123062529373442e-05,-0.0002335733311255861,-0.14309294016072727,8.693697137088122,13.124520819961617,13.761728528739695,0.010865303424567374,0.0007180478146898428,5.0,5.0,5.0
0,1509,520.6376204493604,393.1173373811853,4094.0,502.5741509500788,385.1783088160225,4090.5960654924143,4145.6532383662825,0.6467373953903253,0.15802261731625625,4139.313865582989,0.653921621687184,0.15357535538302158,0.23492596094183682,0.18657382681794843,8.0,7.947406703255183,1.1245374874402359e-05,-0.00023267787787376037,-17.071812054874158,-7.5687721018478555,10.637314622842496,7.6863890025979345,0.006720473955793005,-0.0047395956450575205,5.0,5.0,5.0
0,1510,520.8725362331984,393.3039240218677,4102.0,513.7654437536825,387.2783657090575,4092.753974202591,4153.600868602206,0.6467486554944307,0.157790829776619,4143.01515289201,0.6459311264466909,0.1559240499718577,0.23491578383800515,0.18658664068243525,8.0,7.947630235923498,1.1260104105459412e-05,-0.00023178753963723486,11.191292803603687,2.1000568930350028,2.157908710176798,3.7012873090206995,-0.007990495240493112,0.0023486945888361033,5.0,5.0,5.0
0,1511,521.1074418392341,393.49052347586166,4110.0,518.3482530331735,388.70736160784037,4113.794221350481,4161.548721089966,0.6467599303074589,0.1575599274988948,4164.502517709322,0.6434346443190042,0.15621207665380704,0.23490560603568156,0.18659945399394928,8.0,7.947852487760429,1.1274813028205877e-05,-0.0002309022777242098,4.582809279491016,1.4289958987828868,21.040247147890113,21.487364817312482,-0.0024964821276867166,0.0002880266819493549,5.0,5.0,5.0
0,1512,521.3423372667685,393.6771357426105,4118.0,520.7093164248548,387.3430718093832,4111.751218500056,4169.496794558461,0.646771219809135,0.15732990544508724,4162.651910780803,0.6395701007202304,0.1565436061689464,0.23489542753441128,0.18661226674885256,8.0,7.94807346849484,1.1289501676059466e-05,-0.0002300220538075659,2.3610633916813413,-1.3642897984571505,-2.0430028504251823,-1.8506069285194826,-0.003864543598773862,0.0003315295151393449,5.0,5.0,5.0
0,1513,521.5772225151018,393.8637608215604,4126.0,520.0057069128491,387.5706072532022,4128.949751318804,4177.445087746226,0.6467825239792252,0.1571007586151687,4179.574495058578,0.6404991170994454,0.1558008135926014,0.23488524833328484,0.18662507894987357,8.0,7.948293187764648,1.1304170090209453e-05,-0.0002291468299185362,-0.7036095120057553,0.22753544381896518,17.19853281874839,16.92258427777506,0.000929016379215053,-0.0007427925763449916,5.0,5.0,5.0
0,1514,521.8120975835368,394.0503987121547,4134.0,514.4627618824343,384.4834375598531,4131.46177712935,4185.393599401344,0.6467938427975273,0.15687248204672496,4181.085488602493,0.6418025668158951,0.15422173086303306,0.2348750684350307,0.18663789059428382,8.0,7.948511655117727,1.1318818302075151e-05,-0.000228276568443736,-5.542945030414785,-3.0871696933490966,2.5120258105453104,1.5109935439149922,0.0013034497164496894,-0.0015790827295683318,5.0,5.0,5.0
0,1515,522.0469624713728,394.2370494138386,4142.0,519.5669273057961,388.5721398715254,4135.618583209506,4193.342328281357,0.6468051762438819,0.15664507081460347,4186.201042188744,0.6421409850888291,0.1556120419297749,0.2348648878360109,0.1866507016839023,8.0,7.948728880013732,1.133344635462219e-05,-0.00022741123212149938,5.104165423361792,4.088702311672307,4.156806080156457,5.115553586251735,0.0003384182729340157,0.0013903110667418395,5.0,5.0,5.0
0,1516,522.2818171779131,394.4237129260573,4150.0,524.3899945193535,387.57854659749825,4131.958908467771,4201.291273153176,0.6468165242981627,0.15641852003056703,4183.0953153616765,0.636490878604874,0.15652172940813752,0.23485470654031815,0.186663512218729,8.0,7.9489448718186395,1.1348054280824194e-05,-0.0002265507840364389,4.823067213557465,-0.9935932740271483,-3.6596747417352162,-3.1057268270678833,-0.005650106483955142,0.0009096874783626197,5.0,5.0,5.0
0,1517,522.5166617024574,394.61038924825516,4158.0,521.1628833010295,386.19937913887264,4165.118893857526,4209.240432792993,0.6468278869402827,0.15619282484294872,4215.326335095165,0.6377380845678127,0.15449536255901147,0.23484452454431448,0.18667632219785446,8.0,7.949159639816571,1.1362642119983057e-05,-0.00022569518761830776,-3.227111218324012,-1.3791674586256022,33.15998538975509,32.23101973348821,0.0012472059629387022,-0.002026366849126049,5.0,5.0,5.0
0,1518,522.7514960443077,394.79707837987553,4166.0,516.6221640029104,393.88161476320005,4168.712699082155,4217.1898059861915,0.6468392641501887,0.15596798043631346,4219.029124606317,0.6514008559129133,0.15459526653546793,0.23483434185027363,0.18668913162036915,8.0,7.9493731931988805,1.1377209905960584e-05,-0.00022484440663525507,-4.540719298119143,7.682235624327404,3.59380522462925,3.702789511152332,0.013662771345100633,9.990397645645577e-05,5.0,5.0,5.0
0,1519,522.986320202765,394.98378032036544,4174.0,516.6364716559258,392.85637527304374,4172.105034441899,4225.1393915272665,0.6468506559078692,0.15574398203112194,4222.287270408445,0.650131311655597,0.15432887445250618,0.2348241584572861,0.18670194048991107,8.0,7.949585541075066,1.1391757680501158e-05,-0.00022399840519152225,0.014307653015407595,-1.0252394901563093,3.392335359743811,3.2581458021277285,-0.0012695442573162907,-0.00026639208296175276,5.0,5.0,5.0
0,1520,523.2211341771308,395.1704950691674,4182.0,510.14290040054595,386.3793481083424,4174.013702448811,4233.089188219735,0.6468620621933436,0.15552082488339763,4222.786422222197,0.648216717726278,0.15213278622329948,0.23481397436580664,0.18671474880193273,8.0,7.949796692468226,1.140628547446898e-05,-0.00022315714772430661,-6.493571255379834,-6.477027164701326,1.908668006912194,0.499151813752178,-0.0019145939293190306,-0.002196088229206694,5.0,5.0,5.0
0,1521,523.4559379667066,395.35722262572654,4190.0,511.1388211778066,382.8843643825693,4185.480842833505,4241.039194876054,0.6468734829866716,0.15529850428439906,4233.924091989599,0.642912670594482,0.15141714601330494,0.23480378957583525,0.18672755655916262,8.0,7.9500066563196015,1.1420793327943102e-05,-0.00022232059899857104,0.9959207772606646,-3.4949837257731247,11.467140384694176,11.137669767402258,-0.005304047131795997,-0.0007156402099945391,5.0,5.0,5.0
0,1522,523.6907315707936,395.5439629894872,4198.0,515.8503509554079,385.9817650286632,4192.926120976759,4248.989410317538,0.6468849182679481,0.1550770155602944,4242.135424934555,0.6423761161857058,0.15246391336099444,0.23479360408691718,0.18674036376069125,8.0,7.950215441484033,1.1435281276561682e-05,-0.00022148872410465703,4.711529777601243,3.097400646093888,7.445278143253745,8.211332944955757,-0.000536554408776202,0.0010467673476894923,5.0,5.0,5.0
0,1523,523.9255149886931,395.73071615989465,4206.0,518.9086134969248,387.26980220872144,4196.266274905891,4256.939833374274,0.6468963680173058,0.15485635407184034,4245.92683624867,0.6411391782809289,0.15309420839115917,0.23478341789950719,0.18675317040742812,8.0,7.950423056735417,1.1449749357628214e-05,-0.00022066148845406586,3.0582625415169105,1.288037180058268,3.340153929131702,3.7914113141150665,-0.001236937904776858,0.0006302950301647348,5.0,5.0,5.0
0,1524,524.1602882197067,395.9174821363922,4214.0,524.6188046245584,387.87708389699026,4207.913174558132,4264.890462885041,0.6469078322149111,0.15463651521406394,4258.192903920397,0.6366504039268621,0.15382504926283463,0.23477323101360525,0.18676597649755422,8.0,7.950629510767612,1.1464197605337567e-05,-0.00021983885777640544,5.710191127633607,0.607281688268813,11.64689965224079,12.266067671726887,-0.004488774354066805,0.0007308408716754644,5.0,5.0,5.0
0,1525,524.3950512631359,396.1042609184242,4222.0,522.94488340649,389.30914979135,4223.480377444315,4272.841297697236,0.646919310840968,0.15441749441594854,4273.502014021927,0.6399431196324501,0.15315335756330656,0.2347630434292114,0.18677878203197906,8.0,7.950834812194444,1.1478626056882213e-05,-0.00021902079811539354,-1.673921218068358,1.4320658943597664,15.567202886183622,15.309110101529768,0.0032927157055879785,-0.0006716916995280764,5.0,5.0,5.0
0,1526,524.6298041182827,396.2910525054358,4230.0,524.7528085343972,390.07352612417696,4220.605433628864,4280.792336666783,0.6469308038757173,0.15419928714012304,4270.952246540013,0.6392296967365498,0.15369728144445047,0.23475285514678035,0.18679158701161214,8.0,7.951038969546971,1.14930347493436e-05,-0.00021820727582549937,1.8079251279071968,0.7643763328269415,-2.8749438154509335,-2.5497674819134772,-0.000713422895900262,0.0005439238811439095,5.0,5.0,5.0
0,1527,524.8645467844481,396.47785689687043,4238.0,521.1115396423669,394.4023668452864,4236.264298473423,4288.743578658064,0.6469423112994347,0.1539818888825536,4286.379086156768,0.6478696131956071,0.1530652837531921,0.23474266616540262,0.18680439143463445,8.0,7.951241991280767,1.1507423717360687e-05,-0.00021739825756944553,-3.6412688920303253,4.3288407211094295,15.658864844558593,15.426839616754478,0.008639916459057262,-0.0006319976912583791,5.0,5.0,5.0
0,1528,525.0992792609336,396.6646740921724,4246.0,519.4883026277014,393.3092195457359,4234.7137538568595,4296.695022543839,0.6469538330924325,0.15376529517224014,4284.549079640837,0.6480353043827007,0.1526697318422834,0.23473247648553297,0.1868171953019555,8.0,7.9514438857750065,1.1521792997792879e-05,-0.00021659371031346186,-1.6232370146655057,-1.0931472995504805,-1.5505446165634567,-1.830006515931018,0.00016569118709364172,-0.0003955519109086758,5.0,5.0,5.0
0,1529,525.3340015470417,396.85150409078597,4254.0,519.6571839701559,395.033089910569,4248.973080006546,4304.6466672051665,0.646965369235058,0.15354950157091546,4298.82157871159,0.6499846488392979,0.15243577117122245,0.23472228610808088,0.1868299986135753,8.0,7.951644661327919,1.1536142625501178e-05,-0.0002157936013246764,0.16888134245448327,1.7238703648330898,14.259326149686785,14.272499070752929,0.001949344456597113,-0.00023396067106096208,5.0,5.0,5.0
0,1530,525.5687136420729,397.03834689215637,4262.0,526.8338337636563,400.61311985932167,4261.499758775907,4312.59851153133,0.6469769197076974,0.15333450367274729,4312.589124209336,0.6501343808991997,0.15407808997438788,0.23471209503122736,0.18684280137040332,8.0,7.951844326163155,1.1550472639454412e-05,-0.00021499789816817327,7.176649793500474,5.580029948752667,12.526678769360842,13.767545497746141,0.00014973205990187477,0.0016423188031654268,5.0,5.0,5.0
0,1531,525.8034155453297,397.22520249572517,4270.0,516.7780867400163,392.2579026372554,4265.836773889605,4320.550554419761,0.6469884844907667,0.15312029710404373,4314.891566955643,0.649264918915113,0.1509326115487444,0.2347019032567914,0.1868556035688016,8.0,7.952042888431606,1.1564783069295537e-05,-0.00021420656870355104,-10.055747023640038,-8.355217222066244,4.337015113697817,2.3024427463069514,-0.0008694619840867723,-0.003145478425643472,5.0,5.0,5.0
0,1532,526.0381072561136,397.4120709009394,4278.0,518.7052001743473,394.47481951575054,4283.329160919392,4328.502794775968,0.6470000635647246,0.15290687752296322,4332.61747315665,0.6501867175329982,0.15098172197247003,0.23469171078386353,0.1868684052142271,8.0,7.9522403562068575,1.157907395787916e-05,-0.0002134195810805095,1.9271134343309768,2.2169168784951125,17.492387029787096,17.725906201007092,0.0009217986178852167,4.9110423725629015e-05,5.0,5.0,5.0
0,1533,526.272788773726,397.5989521072406,4286.0,515.797116640808,390.99895622742054,4282.860314429281,4336.45523151346,0.6470116569100595,0.15269424061922462,4331.491581686289,0.6486319426486176,0.14998962696052492,0.2346815176124437,0.18688120630122285,8.0,7.952436737491553,1.1593345334848237e-05,-0.0002126369037386,-2.9080835335392976,-3.475863288330004,-0.468846490110991,-1.125891470361239,-0.0015547748843806053,-0.00099209501194511,5.0,5.0,5.0
0,1534,526.5074600974685,397.78584611407405,4294.0,521.5239030750274,397.20865434383455,4280.318103194102,4344.407863553672,0.6470232645072989,0.15248238211382398,4330.229204221805,0.6509033436825252,0.15197640329442588,0.23467132374253197,0.18689400683342683,8.0,7.952632040211938,1.1607597239393641e-05,-0.0002118585054006472,5.726786434219434,6.2096981164140175,-2.542211235178911,-1.2623774644835066,0.0022714010339076607,0.001986776333900958,5.0,5.0,5.0
0,1535,526.7421212266445,397.972752920884,4302.0,528.6379578981387,391.828003692011,4297.788655360363,4352.360689825899,0.6470348863370037,0.15227129775875223,4347.870122387767,0.6378471701737228,0.15192631130810091,0.23466112917594728,0.18690680680992955,8.0,7.952826272226957,1.1621829704822062e-05,-0.00021108435507175005,7.114054823111246,-5.380650651823544,17.47055216626086,17.64091816596192,-0.013056173508802393,-5.009198632496825e-05,5.0,5.0,5.0
0,1536,526.976772160554,398.1596725271138,4310.0,515.6338037289006,394.1127042390796,4298.341375337875,4360.313709267219,0.6470465223797719,0.1520609833367152,4347.061262753502,0.6526073468497027,0.1498568867979602,0.23465093390950642,0.1869196062298215,8.0,7.953019441320066,1.163604276821495e-05,-0.00021031442203703343,-13.004154169238063,2.28470054706861,0.5527199775124245,-0.8088596342649907,0.014760176675979841,-0.0020694245101407216,5.0,5.0,5.0
0,1537,527.2114128984999,398.3466049322069,4318.0,514.8348183748997,393.01561724709853,4318.704553624684,4368.266920822427,0.647058172616234,0.1518514346608593,4367.004143243949,0.6520107020310749,0.1488661680708904,0.23464073794593787,0.18693240509310272,8.0,7.953211555208327,1.1650236462101837e-05,-0.00020954867585590287,-0.7989853540009335,-1.0970869919810866,20.36317828680876,19.94288049044735,-0.0005966448186277562,-0.0009907187270697948,5.0,5.0,5.0
0,1538,527.4460434397838,398.5335501356085,4326.0,519.3673266267909,387.6873713508064,4315.984027301051,4376.220323443962,0.6470698370270596,0.15164264757449789,4364.374186729428,0.6412321964125236,0.14905090750084127,0.2346305412838774,0.18694520340159215,8.0,7.953402621535133,1.1664410825562577e-05,-0.00020878708636140608,4.532508251891272,-5.328245896292117,-2.720526323632839,-2.629956514520927,-0.010778505618551315,0.00018473942995086978,5.0,5.0,5.0
0,1539,527.6806637837067,398.72050813676105,4334.0,521.9410975411006,398.4255878380578,4329.149918696487,4384.173916091839,0.6470815155929501,0.1514346179508409,4378.664691078356,0.6519927442376345,0.15052951241959533,0.23462034392287023,0.18695800115256134,8.0,7.953592647876576,1.167856589057159e-05,-0.00020802962365698563,2.573770914309648,10.738216487251407,13.16589139543521,14.290504348927243,0.010760547825110933,0.0014786049187540673,5.0,5.0,5.0
0,1540,527.9152739295723,398.907478935108,4342.0,520.427152996382,389.9411015802338,4331.505454735762,4392.127697733582,0.647093208294641,0.15122734169272894,4380.049998422756,0.6430345433106183,0.1490210447353968,0.23461014586564488,0.18697079834691976,8.0,7.953781641743262,1.1692701690879659e-05,-0.00020727625811195471,-1.5139445447185835,-8.484486257824017,2.3555360392756484,1.385307344400644,-0.008958200927016269,-0.0015084676841985445,5.0,5.0,5.0
0,1541,528.1498738766813,399.09446253009537,4350.0,525.1232543368062,390.69168861025776,4333.96254083131,4400.081667344158,0.6471049151129088,0.15102081473236792,4383.106858510684,0.6396500212239963,0.14988813071421225,0.2345999471090181,0.18698359498739592,8.0,7.9539696105757685,1.1706818267787078e-05,-0.00020652696036102536,4.696101340424207,0.7505870300239508,2.4570860955482203,3.0568600879278165,-0.0033845220866219883,0.0008670859788154628,5.0,5.0,5.0
0,1542,528.3844636243366,399.2814589211639,4358.0,527.0689791654382,392.227835304287,4350.828557541712,4408.035823905903,0.6471166360285563,0.15081503303106775,4400.15380648296,0.6397581283550539,0.14987260218938916,0.23458974765526364,0.18699639106853283,8.0,7.954156561745549,1.1720915647495112e-05,-0.00020578170130017281,1.9457248286320237,1.5361466940292416,16.86601671040171,17.04694797227603,0.00010810713105757763,-1.552852482308853e-05,5.0,5.0,5.0
0,1543,528.6190431718392,399.4684681077597,4366.0,521.101366738451,390.9160311862162,4355.838157536229,4415.990166408466,0.6471283710224294,0.15060999257898422,4404.280648698908,0.6436116422763876,0.14845321596456978,0.2345795475025625,0.18700918659578747,8.0,7.954342502563122,1.1734993873080413e-05,-0.00020504045208352695,-5.967612426987216,-1.3118041180708246,5.009599994516975,4.1268422159482725,0.0038535139213337066,-0.00141938622481938,5.0,5.0,5.0
0,1544,528.8536125184914,399.6554900893243,4374.0,523.72502909627,400.58913979477325,4367.540329588485,4423.944693848737,0.6471401200754018,0.15040568939486246,4417.031593231511,0.6529593091548175,0.14983744588583145,0.2345693466522789,0.18702198156461236,8.0,7.954527440270795,1.174905297240958e-05,-0.0002043031841217624,2.6236623578189437,9.673108608557072,11.702172052256174,12.750944532602261,0.009347666878429917,0.0013842299212616649,5.0,5.0,5.0
0,1545,529.0881716635963,399.84252486530295,4382.0,531.1610847686393,402.362251649608,4377.842195153151,4431.899405230785,0.6471518831683862,0.15020211952578447,4428.264870712738,0.6482931011940996,0.15105117309201585,0.23455914510486764,0.18703477597864548,8.0,7.954711382048117,1.176309298445144e-05,-0.0002035698690779908,7.436055672369321,1.7731118548347808,10.301865564665604,11.23327748122756,-0.004666207960717927,0.0012137272061844007,5.0,5.0,5.0
0,1546,529.3227206064553,400.0295724351381,4390.0,521.1581155407742,394.0214649401356,4386.259394717244,4439.854299565793,0.6471636602823279,0.14999927904691754,4434.651076913815,0.6473617212207337,0.14786532675246084,0.23454894285896444,0.18704756983515836,8.0,7.954894335007339,1.1777113941624506e-05,-0.00020284047886692802,-10.002969227865037,-8.340786709472411,8.417199564092698,6.386206201076675,-0.0009313799733658978,-0.003185846339555015,5.0,5.0,5.0
0,1547,529.5572593463708,400.216632798275,4398.0,516.708885931573,396.76490173392665,4386.090112620671,4447.809375871995,0.6471754513982086,0.14979716406126745,4434.207588293244,0.6548397300800001,0.14745242351438032,0.2345387399154788,0.18706036313687946,8.0,7.9550763062025,1.1791115880788183e-05,-0.00020211498565009256,-4.449229609201211,2.743436793791034,-0.1692820965727151,-0.4434886205708608,0.007478008859266416,-0.00041290323808051976,5.0,5.0,5.0
0,1548,529.7917878826452,400.40370595415516,4406.0,527.505067755803,395.0851142294851,4399.427112735212,4455.7646331746155,0.6471872564970407,0.14959577069943206,4448.518041355285,0.6428411500254394,0.1486990302807066,0.23452853627441073,0.18707315588017082,8.0,7.955257302620339,1.1805098832029515e-05,-0.00020139336183538914,10.796181824229961,-1.6797875044415491,13.337000114541297,14.310453062041233,-0.01199858005456067,0.0012466067663262914,5.0,5.0,5.0
0,1549,530.02630621458,400.590791902222,4414.0,519.0850896113749,400.5531298911708,4413.068024550696,4463.720070505802,0.6471990755598735,0.1493950951193592,4461.508884831929,0.6572150916272176,0.14749380215604427,0.23451833193485072,0.18708594806685142,8.0,7.955437331186658,1.1819062832874039e-05,-0.00020067558007286213,-8.419978144428114,5.468015661685683,13.640911815483378,12.990843476643931,0.014373941601778184,-0.0012052281246623386,5.0,5.0,5.0
0,1550,530.2608143414777,400.77789064191984,4422.0,525.0088151283164,398.52110140684096,4417.68875171869,4471.675686904572,0.6472109085677915,0.14919513350610683,4466.590112299403,0.6492838967848503,0.14811002228371578,0.23450812689770828,0.18709873969783075,8.0,7.955616398769962,1.1833007917960714e-05,-0.00019996161325236406,5.923725516941545,-2.032028484329828,4.620727167994119,5.081227467473582,-0.007931194842367262,0.0006162201276715129,5.0,5.0,5.0
0,1551,530.4953122626412,400.96500217269204,4430.0,522.507800817339,396.24692085676185,4430.950709924776,4479.631481416745,0.6472227555019111,0.1489958820716049,4479.213124867616,0.6488275285621596,0.14692962928360692,0.23449792116343815,0.18711153077219933,8.0,7.95579451217327,1.184693411959703e-05,-0.00019925143450191807,-2.501014310977439,-2.274180550079109,13.261958206086092,12.623012568213198,-0.000456368222690684,-0.0011803930001088592,5.0,5.0,5.0
0,1552,530.7297999773718,401.1521264939811,4438.0,518.5977852187622,392.0598796307692,4442.610925147446,4487.587453094888,0.6472346163433835,0.1487973370544199,4489.927220377781,0.6473300062047979,0.14530576564658626,0.2344877147306761,0.18712432128904766,8.0,7.955971678142305,1.1860841472421946e-05,-0.0001985450171850256,-3.9100155985768197,-4.18704122599263,11.660215222670558,10.714095510164952,-0.0014975223573617802,-0.0016238636370206616,5.0,5.0,5.0
0,1553,530.9642774849726,401.3392636052313,4446.0,525.473831831799,401.0271467437615,4438.937467684465,4495.543600998252,0.6472464910733948,0.14859949471952288,4487.884954227148,0.6518783065027027,0.14782737053387504,0.23447750760078634,0.18713711125019472,8.0,7.956147903364581,1.1874730011296464e-05,-0.00019784233489700265,6.876046613036806,8.96726711299226,-3.6734574629808776,-2.042266150632713,0.0045483002979048726,0.002521604887288781,5.0,5.0,5.0
0,1554,531.1987447847459,401.5264135058851,4454.0,532.5699147585781,394.1112068065892,4452.923444709655,4503.499924192715,0.6472583796731634,0.14840235135805865,4501.941976734196,0.6370818188958949,0.14770325010514068,0.23446729977331415,0.18714990065382153,8.0,7.956323194463039,1.1888599768528074e-05,-0.0001971433614642304,7.096082926779104,-6.915939937172254,13.98597702518964,14.057022507047805,-0.014796487606807851,-0.0001241204287343589,5.0,5.0,5.0
0,1555,531.4332018759942,401.71357619538503,4462.0,522.2757593235631,401.34209411321444,4460.047419016355,4511.456421750725,0.6472702821239413,0.14820590328711794,4508.42216580908,0.6552040621872011,0.1466226805091124,0.23445709124825953,0.1871626894999281,8.0,7.956497558009687,1.190245077797858e-05,-0.00019644807094071348,-10.294155435015,7.23088730662522,7.123974306699893,6.480189074884038,0.018122243291306184,-0.0010805695960282857,5.0,5.0,5.0
0,1556,531.6676487580189,401.9007516731763,4470.0,528.156829813088,399.7090656791681,4466.4124319850225,4519.4130927512415,0.6472821984070188,0.14801014684951205,4515.258241413739,0.6478388950339729,0.14722435131555944,0.23444688202471298,0.18717547779124288,8.0,7.956671000516508,1.1916283077506584e-05,-0.00019575643760588735,5.881070489524973,-1.6330284340463663,6.365012968667543,6.8360756046586175,-0.007365167153228214,0.0006016708064470466,5.0,5.0,5.0
0,1557,531.9020854301243,402.0879399387004,4478.0,523.9718921252758,394.31530867226996,4469.459542445643,4527.369936279679,0.6472941285037129,0.14781507841354966,4517.311114805916,0.6451314305482974,0.14568244474914963,0.23443667210540298,0.18718826552412793,8.0,7.956843528437275,1.1930096694090508e-05,-0.00019506843596239776,-4.184937687812294,-5.393757006898113,3.047110460620388,2.052873392177389,-0.0027074644856754926,-0.0015419065664098175,5.0,5.0,5.0
0,1558,532.1365118916119,402.2751409914017,4486.0,522.9225279479547,399.4042844061855,4484.765029489987,4535.326951427849,0.6473060723953801,0.14762069437281566,4532.779403674286,0.6522700039965669,0.14568084489675992,0.23442646148760105,0.1872010527013117,8.0,7.957015148170285,1.194389166714327e-05,-0.0001943840407339914,-1.0493641773210811,5.088975733915561,15.305487044343863,15.46828886837011,0.007138573448269514,-1.5998523897053918e-06,5.0,5.0,5.0
0,1559,532.3709281417837,402.46235483072087,4494.0,535.2695853818892,399.8100159886296,4484.9514004014745,4543.2841372939065,0.6473180300634055,0.14742699114595234,4534.440499321044,0.6415347363256704,0.14787804573461333,0.23441625017176193,0.18721383931915625,8.0,7.9571858660574435,1.1957668025419643e-05,-0.0001937032268633232,12.347057433934538,0.40573158244404794,0.18637091148775653,1.6610956467575306,-0.010735267670896498,0.002197200837853408,5.0,5.0,5.0
0,1560,532.6053341799434,402.649581456104,4502.0,526.1507056476579,404.6659197415508,4496.870242258531,4551.241492982294,0.6473300014892132,0.1472339651764444,4545.5946857769995,0.6556175395661579,0.1465486382415792,0.23440603815970462,0.18722662538311852,8.0,7.957355688387906,1.1971425807666414e-05,-0.00019302596950793172,-9.118879734231314,4.855903752921222,11.918841857056577,11.154186455955823,0.014082803240487496,-0.0013294074930341182,5.0,5.0,5.0
0,1561,532.8397300053921,402.83682086699173,4510.0,526.0886158189895,397.7436628252103,4497.809921754301,4559.19901760369,0.6473419866542559,0.1470416129324028,4545.90621826313,0.6473550622718675,0.14559425304989254,0.23439582544870063,0.18723941088774154,8.0,7.9575246213953506,1.198516504274938e-05,-0.00019235224404159923,-0.06208982866837687,-6.922256916340473,0.9396794957701786,0.31153248613009055,-0.008262477294290416,-0.0009543851916866686,5.0,5.0,5.0
0,1562,533.0741156174345,403.0240730628275,4518.0,532.9401526175219,390.0311713838817,4512.899807271425,4567.156710274945,0.6473539855400203,0.14684993090635468,4560.966365957278,0.6317822382883854,0.14530823399180326,0.23438561204238795,0.1872521958357538,8.0,7.957692671255245,1.199888576441932e-05,-0.00019168202604813445,6.851536798532379,-7.712491441328609,15.089885517123548,15.060147694148327,-0.015572823983482031,-0.00028601905808928185,5.0,5.0,5.0
0,1563,533.3084910153716,403.21133804305555,4526.0,536.0708484755824,397.2151067614304,4511.272986709875,4575.114570119044,0.6473659981280305,0.1466589156150325,4560.343819959528,0.6377000551863412,0.1468311231345124,0.23437539793712858,0.18726498022806481,8.0,7.957859844099403,1.2012588010201775e-05,-0.00019101529132217743,3.1306958580604487,7.183935377548664,-1.6268205615497209,-0.622545997749512,0.0059178168979557855,0.0015228891427091495,5.0,5.0,5.0
0,1564,533.5428561985059,403.3986158071166,4534.0,525.9887294849055,398.87137015592356,4525.729318084973,4583.072596265039,0.6473780243998384,0.1464685635991665,4573.61873947196,0.648809020092465,0.1448386584810072,0.23436518313428678,0.18727776406103658,8.0,7.958026145994154,1.2026271807852318e-05,-0.0001903520158660077,-10.082118990676804,1.6562633944931804,14.456331375097761,13.274919512431552,0.011108964906123786,-0.0019924646535052215,5.0,5.0,5.0
0,1565,533.7772111661416,403.5859063544549,4542.0,531.4726747422442,396.3626854308824,4544.065012000368,4591.030787848003,0.6473900643370314,0.14627887142328022,4592.177415528015,0.6407960354601607,0.14488188983075406,0.23435496763568153,0.18729054733830708,8.0,7.958191582963991,1.203993719300911e-05,-0.00018969217588626908,5.4839452573386325,-2.508684725041178,18.335693915395495,18.558676056055447,-0.008012984632304265,4.3231349746875036e-05,5.0,5.0,5.0
0,1566,534.0115559175806,403.77320968451295,4550.0,529.2118944829772,400.735997916363,4541.346299754544,4598.98914400898,0.6474021179212303,0.14608983567548592,4589.605732912422,0.6481133243277737,0.14514420486030247,0.2343447514390391,0.18730333005805733,8.0,7.958356160977019,1.2053584198867817e-05,-0.00018903574779430277,-2.260780259266994,4.3733124854805965,-2.718712245824463,-2.5716826155930903,0.007317288867612959,0.00026231502954840447,5.0,5.0,5.0
0,1567,534.2458904521254,403.9605257967323,4558.0,534.2908228871518,410.90632271409737,4555.036483707652,4606.94766389493,0.6474141851340872,0.1459014529672837,4604.63549668979,0.6555937674010107,0.14690767769271412,0.23433453454481423,0.18731611221937783,8.0,7.958519885950409,1.2067212856958776e-05,-0.00018838270820220604,5.078928404174576,10.170324797734395,13.690183953108317,15.029763777367407,0.007480443073237031,0.0017634728324116555,5.0,5.0,5.0
0,1568,534.4802147690798,404.14785469055823,4566.0,529.8729982333372,397.29562006354155,4558.403086679981,4614.906346658682,0.6474262659572901,0.14571371993336302,4606.26181459891,0.6433692862315424,0.14427729990720461,0.23432431695437117,0.18732889382590656,8.0,7.958682763752222,1.2080823202920143e-05,-0.00018773303392069507,-4.417824653814591,-13.610702650555822,3.3666029723290194,1.6263179091201891,-0.012224481169468282,-0.002630377785509508,5.0,5.0,5.0
0,1569,534.7145288677452,404.33519636543133,4574.0,526.5784744965509,400.7738481085388,4566.3022741608,4622.865191458878,0.6474383603725569,0.14552663323140386,4614.002711977631,0.6505612945451135,0.14391700763946508,0.23431409866543618,0.18734167487309605,8.0,7.958844800195948,1.2094415266727943e-05,-0.00018708670195916044,-3.294523736786232,3.478228044997252,7.8991874808189095,7.740897378721456,0.00719200831357103,-0.00036029226773953704,5.0,5.0,5.0
0,1570,534.9488327474255,404.5225508207941,4582.0,540.9447267856145,405.8320612940822,4570.978119714021,4630.824197459929,0.6474504683616379,0.14534018954188302,4620.731741868997,0.6436472266933868,0.14687992129033742,0.234303879680283,0.1873544553627653,8.0,7.959006001050511,1.210798908102273e-05,-0.00018644368952083767,14.366252289063596,5.058213185543423,4.6758455532208245,6.729029891365826,-0.006914067851726657,0.0029629136508723397,5.0,5.0,5.0
0,1571,535.1831264074231,404.7099180560899,4590.0,529.3922012951824,407.05907283058104,4579.182494722358,4638.783363831964,0.6474625899063188,0.14515438556788024,4627.6198538274,0.655498956176439,0.14481245999844106,0.23429365999754737,0.18736723529582378,8.0,7.959166372035725,1.2121544680887553e-05,-0.00018580397400277948,-11.552525490432117,1.2270115364988214,8.204375008336683,6.8881119584029875,0.011851729483052242,-0.002067461291896361,5.0,5.0,5.0
0,1572,535.4174098470417,404.8972980707622,4598.0,537.9272663863824,406.305653756286,4588.4474329529985,4646.74268975078,0.6474747249884166,0.1449692180348872,4637.704159729166,0.6468953660732284,0.1458751737400851,0.23428343961859355,0.1873800146722715,8.0,7.959325918815921,1.2135082097852745e-05,-0.00018516753299305244,8.535065091199954,-0.7534190742950386,9.264938230640837,10.084305901766129,-0.008603590103210657,0.0010627137416440446,5.0,5.0,5.0
0,1573,535.6516830655833,405.08469086425157,4606.0,525.8467920891796,402.47321800229446,4612.824485018407,4654.702174397797,0.6474868735897792,0.1447846836906172,4660.112581209271,0.6532725837781358,0.142580666555469,0.23427321854160255,0.18739279348937998,8.0,7.959484647016325,1.2148601362560463e-05,-0.0001845343442699876,-12.080474297202727,-3.832435753991547,24.37705206540886,22.408421480105062,0.006377217704907401,-0.0032945071846161023,5.0,5.0,5.0
0,1574,535.8859460623512,405.27209643600145,4614.0,528.7846258407459,400.5279941781483,4616.324358329328,4662.661816960005,0.6474990356922891,0.14460077930481913,4663.741677660823,0.6482521787696671,0.14272002246327456,0.2342629967679386,0.1874055717498777,8.0,7.959642562208501,1.2162102509871708e-05,-0.00018390438579807267,2.937833751566245,-1.9452238241461828,3.4998733109205205,3.629096451551959,-0.005020405008468676,0.00013935590780556062,5.0,5.0,5.0
0,1575,536.1201988366493,405.4595147854543,4622.0,527.689730899478,409.69278892249883,4622.043151022152,4670.621616629922,0.6475112112778596,0.14441750166909106,4670.0736100518425,0.6601776095854297,0.14354379508907653,0.23425277429805647,0.18741834945285518,8.0,7.95979966991672,1.217558557053966e-05,-0.000183277635728063,-1.094894941267853,9.164794744350559,5.718792692824536,6.331932391019109,0.011925430815762583,0.0008237726258019662,5.0,5.0,5.0
0,1576,536.3544413877785,405.6469459120517,4630.0,521.6558779225265,396.81888094115607,4615.665492441435,4678.581572605544,0.6475234003284378,0.14423484759669628,4661.969328229986,0.6503082494132072,0.1410583803444743,0.23424255112922765,0.1874311265974029,8.0,7.959955975622506,1.2189050578204075e-05,-0.00018265407239478892,-6.0338529769514935,-12.873907981342768,-6.377658580717252,-8.104281821856603,-0.009869360172222508,-0.0024854147446022323,5.0,5.0,5.0
0,1577,536.5886737150445,405.83438981523796,4638.0,532.7992794454814,401.9150425321191,4627.70499036744,4686.5416840903035,0.6475356028260024,0.14405281392238287,4675.5817019343085,0.6462767960314507,0.14322888635639847,0.23423232726599963,0.18744390318624937,8.0,7.960111484759182,1.2202497564617332e-05,-0.00018203367431340878,11.143401522954832,5.0961615909630495,12.039497926004515,13.612373704322636,-0.004031453381756478,0.0021705060119241726,5.0,5.0,5.0
0,1578,536.8228958177488,406.0218464944537,4646.0,532.7041885866835,397.4606967390239,4639.719868472664,4694.5019502930145,0.6475478187525634,0.14387139750220151,4687.083231167338,0.6410126143876649,0.14228244644487514,0.23422210270427968,0.1874566792157566,8.0,7.9602662027109545,1.2215926560976698e-05,-0.00018141642018135173,-0.09509085879790291,-4.454345793095229,12.014878105223943,11.501529233029942,-0.005264181643785837,-0.0009464399115233224,5.0,5.0,5.0
0,1579,537.0571076951942,406.20931594914055,4654.0,528.9607249478654,412.27087669568664,4651.3241417657255,4702.462370427837,0.6475600480901629,0.14369059521332886,4699.423687653782,0.6620518355582383,0.1431971275712913,0.23421187744543204,0.18746945468683407,8.0,7.960420134822925,1.222933759947864e-05,-0.0001808022888726557,-3.7434636388180706,14.81017995666275,11.604273293061851,12.340456486443145,0.02103922117057344,0.0009146811264161558,5.0,5.0,5.0
0,1580,537.291309346685,406.39679817874367,4662.0,535.5265905727982,392.2069044675007,4658.345215461105,4710.422943714228,0.647572290820878,0.14351040395389122,4705.4006345402595,0.632126107259675,0.1415416016297575,0.23420165149082095,0.18748222960311978,8.0,7.960573286390172,1.2242730715095185e-05,-0.00018019125943763425,6.565865624932826,-20.063972228185946,7.021073695379528,5.97694688647789,-0.029925728298563326,-0.0016555259415337864,5.0,5.0,5.0
0,1581,537.5255007715245,406.5842931827019,4670.0,534.55507253959,398.0261361895003,4673.2856339896925,4718.3836693768935,0.6475845469268114,0.14333082064278843,4720.5690914890965,0.6400318440228401,0.1416562064929,0.23419142483953692,0.18749500395824725,8.0,7.960725662665936,1.2256105933472483e-05,-0.00017958331110279335,-0.9715180332082127,5.819231721999586,14.940418528587543,15.168456948837047,0.007905736763165083,0.0001146048631424923,5.0,5.0,5.0
0,1582,537.7596819690152,406.7718009604596,4678.0,532.3301431942094,402.3027349003957,4669.917291648276,4726.3445466457515,0.6475968163901048,0.14315184221952215,4717.345692515768,0.6471640636380595,0.14192206702439158,0.23418119749067046,0.18750777775767347,8.0,7.960877268857985,1.2269463293357319e-05,-0.00017897842326627944,-2.2249293453805876,4.276598710895428,-3.368342341416792,-3.2233989733285853,0.007132219615219371,0.0002658605314915796,5.0,5.0,5.0
0,1583,537.9938529384599,406.95932151145826,4686.0,528.492904471354,399.64867362754785,4683.670738013496,4734.305574755883,0.647609099192928,0.14297346564402408,4730.306057173543,0.6474601304171821,0.14053526076232398,0.2341709694446763,0.18752055099866993,8.0,7.961028110131338,1.2282802823171401e-05,-0.00017837657549807373,-3.8372387228554317,-2.654061272847855,13.753446365220043,12.960364657775244,0.000296066779122639,-0.001386806262067608,5.0,5.0,5.0
0,1584,538.2280136791637,407.1468548351395,4694.0,528.248489022988,403.87100729920724,4690.065569474634,4742.266752947494,0.6476213953174808,0.1427956878964869,4736.968788440912,0.6527466185596722,0.14083969028567847,0.2341607407038282,0.18753332368123665,8.0,7.961178191610998,1.229612455277973e-05,-0.0001777777475371889,-0.2444154483659986,4.222333671659385,6.394831461137983,6.662731267369054,0.005286488142490109,0.0003044295233544936,5.0,5.0,5.0
0,1585,538.4621641904278,407.3344009309467,4702.0,534.7970267559479,399.5508626816988,4693.852450898461,4750.228080465865,0.6476337047460002,0.14261850597719558,4741.086329366106,0.6416473287545134,0.14127460167964118,0.2341505112640334,0.18754609580719261,8.0,7.961327518371036,1.2309428519485799e-05,-0.00017718191929130822,6.548537732959858,-4.320144617508447,3.7868814238272535,4.11754092519368,-0.01109928980515884,0.00043491139396270584,5.0,5.0,5.0
0,1586,538.6963044715567,407.5219597983196,4710.0,539.2009159989115,393.990308708482,4702.743281176073,4758.189556561316,0.6476460274607476,0.14244191690636188,4749.922142500544,0.6310296606364225,0.1410605611827057,0.23414028112892993,0.18755886737289984,8.0,7.961476095450962,1.2322714747381447e-05,-0.0001765890708337048,4.403889242963601,-5.56055397321677,8.890830277611713,8.835813134438467,-0.01061766811809084,-0.00021404049693546368,5.0,5.0,5.0
0,1587,538.9304345218534,407.7095314367025,4718.0,530.0215410763892,406.55919372554604,4712.390965609561,4766.151180489163,0.6476583634440227,0.14226591772395977,4759.50016543401,0.6543314369648161,0.14081407230009263,0.23413005029669876,0.1875716383829058,8.0,7.9616239278475405,1.2335983275102436e-05,-0.00017599918240210344,-9.179374922522243,12.56888501706402,9.647684433488394,9.578022933465945,0.023301776328393586,-0.0002464888826130829,5.0,5.0,5.0
0,1588,539.1645543406225,407.89711584553606,4726.0,529.8925125597569,413.4436221570627,4713.577014375871,4774.112951509675,0.6476707126781511,0.14209050548956226,4761.2529836191015,0.6625758311030886,0.14163389407611462,0.23411981876915888,0.18758440883357252,8.0,7.96177102051206,1.234923412840594e-05,-0.00017541223439751508,-0.12902851663227466,6.884428431516653,1.1860487663097956,1.7528181850912006,0.008244394138272493,0.000819821776021995,5.0,5.0,5.0
0,1589,539.3986639271657,408.0847130242628,4734.0,532.3222137651887,408.19300619239505,4727.505932642961,4782.074868888034,0.6476830751454946,0.14191567728217971,4774.861339635597,0.6541765511854625,0.1409545140199895,0.23410958654312708,0.187597178726719,8.0,7.961917378358521,1.2362467343485228e-05,-0.00017482820738254357,2.4297012054317975,-5.250615964667645,13.928918267090012,13.608356016495236,-0.008399279917626123,-0.0006793800561251118,5.0,5.0,5.0
0,1590,539.6327632807875,408.2723229723242,4742.0,533.4115721184529,400.39261208267266,4736.716365963544,4790.036931894291,0.6476954508284425,0.141741430200101,4783.442701723013,0.6439016492277854,0.13988776632680588,0.23409935362178658,0.18760994806143572,8.0,7.962063006257267,1.2375682947873834e-05,-0.0001742470820787212,1.0893583532641742,-7.80039410972239,9.210433320583434,8.581362087415982,-0.010274901957677107,-0.0010667476931836284,5.0,5.0,5.0
0,1591,539.8668524007912,408.45994568916194,4750.0,529.3669568351982,404.16235357229937,4747.326117443267,4797.9991398033335,0.6477078397094163,0.14156776136073437,4793.817043692116,0.6520741511703012,0.13938305571910695,0.23408912000377313,0.1876227168377227,8.0,7.962207909042263,1.2388880973768224e-05,-0.0001736688393666197,-4.044615283254757,3.7697414896267105,10.609751479722945,10.374341969103625,0.008172501942515842,-0.0005047106076989383,5.0,5.0,5.0
0,1592,540.1009312864803,408.6475811742175,4758.0,535.5912387017308,408.11505284320424,4746.175377343879,4805.961491894838,0.6477202417708692,0.14139466790045155,4793.70384815714,0.6511305143601304,0.14093400706033823,0.23407888568908675,0.18763548505557992,8.0,7.962352091504727,1.2402061452920776e-05,-0.0001730934602828249,6.224281866532692,3.9526992709048727,-1.1507400993887131,-0.11319553497651214,-0.0009436368101708448,0.001550951341231288,5.0,5.0,5.0
0,1593,540.334999937158,408.83522942693435,4766.0,544.1052109841995,410.13594835963795,4769.003847874163,4813.923987453236,0.6477326569952875,0.14122214697443236,4817.432892920833,0.6459163005268092,0.14191379429878825,0.23406865067772742,0.1876482527168264,8.0,7.962495558397677,1.2415224418305115e-05,-0.00017252092601918734,8.513972282468671,2.0208955164337112,22.828470530283994,23.72904476369331,-0.005214213833321213,0.0009797872384500195,5.0,5.0,5.0
0,1594,540.5690583521286,409.02289044675217,4774.0,542.7578936573001,399.1111458127742,4782.144105947538,4821.886625767669,0.6477450853651835,0.1410501957565109,4829.366220104671,0.6340519694330782,0.13995781676361718,0.23405841497060464,0.18766101981782413,8.0,7.962638314433207,1.2428369896011482e-05,-0.00017195121792146217,-1.3473173268994287,-11.024802546863725,13.140258073375662,11.933327183837719,-0.011864331093730973,-0.0019559775351710718,5.0,5.0,5.0
0,1595,540.8031065306959,409.2105642331135,4782.0,530.1240382599359,397.116552848332,4782.013756221449,4829.849406131959,0.6477575268631041,0.1408788114390238,4827.669066659223,0.6429256281445732,0.1376368604095805,0.23404817856726368,0.1876737863613016,8.0,7.962780364289756,1.2441497920567812e-05,-0.00017138431748708882,-12.633855397364187,-1.9945929644422336,-0.130349726089662,-1.6971534454478387,0.008873658711495036,-0.002320956354036674,5.0,5.0,5.0
0,1596,541.0371444721623,409.3982507854598,4790.0,526.6759112533111,405.7056247202531,4781.736591081993,4837.812327844558,0.6477699814716272,0.14070799123265934,4827.731288702447,0.6563755707000218,0.13814740818574897,0.23403794146634027,0.18768655234634934,8.0,7.962921712599382,1.2454608523171373e-05,-0.00017082020636446926,-3.448127006624759,8.589071871921135,-0.277165139455974,0.06222204322421021,0.013449942555448624,0.0005105477761684629,5.0,5.0,5.0
0,1597,541.2711721758324,409.5859501032337,4798.0,539.6687882532713,405.7624677802269,4787.411610779529,4845.775390208523,0.6477824491733609,0.1405377323663088,4834.790120811916,0.6446988425832887,0.14011098258349564,0.23402770367010817,0.18769931777387683,8.0,7.963062363965037,1.2467701733687164e-05,-0.00017025886635055332,12.992876999960117,0.05684305997380079,5.6750196975363,7.058832109468312,-0.011676728116733148,0.0019635743977466646,5.0,5.0,5.0
0,1598,541.50518964101,409.77366218587485,4806.0,535.8362055589322,408.0967893113637,4793.715848671819,4853.738592531469,0.6477949299509415,0.14036803208691784,4840.803142706943,0.650888514670189,0.13959209365793543,0.23401746517765787,0.18771208264115558,8.0,7.963202322946017,1.2480777580536895e-05,-0.00016970027939094967,-3.8325826943390666,2.3343215311367658,6.304237892290075,6.013021895027123,0.006189672086900355,-0.0005188889255602069,5.0,5.0,5.0
0,1599,541.7391968669981,409.9613870328267,4814.0,546.3456592908307,395.89274437347115,4802.879298895479,4861.701934125536,0.647807423787041,0.14019888765934121,4850.038577602473,0.6270587722917078,0.1395656401772694,0.23400722598807988,0.18772484695182357,8.0,7.96334159406706,1.2493836099580768e-05,-0.00016914442757662296,10.509453731898475,-12.204044937892547,9.16345022366022,9.235434895530489,-0.023829742378481233,-2.6453480666016604e-05,5.0,5.0,5.0
0,1600,541.9731938531017,410.1491246435289,4822.0,543.7749564238414,407.9703631893167,4818.824062202694,4869.665414307351,0.6478199306643562,0.14003029636619738,4866.538437425338,0.643664857452716,0.1401473914967058,0.23399698610364794,0.18773761070224282,8.0,7.9634801818147025,1.250687731513267e-05,-0.00016859129314383825,-2.5707028669892225,12.07761881584554,15.944763307214998,16.49985982286489,0.016606085161008144,0.0005817513194363855,5.0,5.0,5.0
0,1601,542.2071805986229,410.33687501742406,4830.0,535.0796235940373,401.66241692034873,4821.491490390093,4877.629032397992,0.64783245056562,0.13986225550772488,4867.691762288971,0.6439228331207831,0.13788588989566078,0.23398674552117882,0.18775037389514182,8.0,7.963618090640921,1.2519901263829958e-05,-0.00016804085847249572,-8.695332829804101,-6.307946268967953,2.6674281873984,1.1533248636333155,0.00025797566806717853,-0.0022615016010450184,5.0,5.0,5.0
0,1602,542.4411571028672,410.5246381539537,4838.0,540.1128061017014,408.24103864841055,4829.745868794203,4885.592787722952,0.647844983473592,0.13969476240164114,4876.969114735755,0.647230806727577,0.1392736549294902,0.2339765042443105,0.18776313652961107,8.0,7.9637553249604025,1.2532907971984919e-05,-0.00016749310608374368,5.033182507664037,6.578621728061819,8.254378404109957,9.27735244678388,0.0033079736067939125,0.0013877650338294245,5.0,5.0,5.0
0,1603,542.675123365138,410.7124140525584,4846.0,537.3445914187364,405.320118879549,4852.201884457122,4893.556679612105,0.6478575293710631,0.13952781438300055,4898.661729107731,0.6462487305799329,0.13783483534403998,0.23396626227076922,0.1877758986047411,8.0,7.9638918891523645,1.2545897471127887e-05,-0.00016694801864058917,-2.768214682964981,-2.920919768861552,22.456015662919526,21.69261437197565,-0.0009820761476441175,-0.001438819585450224,5.0,5.0,5.0
0,1604,542.9090793847386,410.90020271267986,4854.0,543.1178408607241,404.5368838297655,4856.570197379054,4901.520707399664,0.6478700882408555,0.13936140880405587,4903.560049750623,0.6401916950509355,0.1385506964597631,0.233956019600555,0.18778866012144135,8.0,7.964027787559644,1.2558869792345106e-05,-0.00016640557894467833,5.773249441987673,-0.7832350497835137,4.368312921931647,4.898320642892031,-0.00605703552899739,0.0007158611157231098,5.0,5.0,5.0
0,1605,543.1430251609731,411.08800413375957,4862.0,540.4959014512037,397.8883406619852,4855.736483411966,4909.484870424156,0.6478826600658212,0.1391955430341202,4901.900422025962,0.6345807625242165,0.13734903288123126,0.23394577623457735,0.18780142107971187,8.0,7.964163024491427,1.2571824965723621e-05,-0.00016586576993565805,-2.621939409520337,-6.6485431677803035,-0.8337139670875331,-1.6596277246608224,-0.00561093252671907,-0.0012016635785318253,5.0,5.0,5.0
0,1606,543.3769606931469,411.2758183152391,4870.0,544.5278187455889,409.9977844129902,4868.98610671187,4917.449168028378,0.6478952448288412,0.1390302144594303,4916.465644745685,0.6453812370651688,0.1390887050641385,0.23393553217374574,0.18781418147955264,8.0,7.964297604222338,1.2584763020018208e-05,-0.00016532857468989914,4.031917294385153,12.109443751005017,13.24962329990376,14.565222719722442,0.010800474540952343,0.0017396721829072426,5.0,5.0,5.0
0,1607,543.6108859805618,411.46364525655827,4878.0,536.5058865880037,412.83398223410984,4875.699186848331,4925.41359955937,0.647907842512828,0.13886542048301034,4922.4702156401445,0.655856205957008,0.1379610158042669,0.23392528741487695,0.18782694131914468,8.0,7.964431530991533,1.25976839867592e-05,-0.00016479397641996907,-8.021932157585184,2.83619782111964,6.713080136461031,6.004570894459903,0.010474968891839187,-0.0011276892598716115,5.0,5.0,5.0
0,1608,543.8448010225234,411.6514849571595,4886.0,539.1826183233229,405.7858501799733,4879.811770111398,4933.378164368373,0.6479204531007238,0.13870115852453924,4926.25039597319,0.6451594948758919,0.13741628200504213,0.23391504196160895,0.18783970060121646,8.0,7.964564809003605,1.2610587895811598e-05,-0.00016426195847110692,2.6767317353192084,-7.048132054136545,4.112583263066881,3.7801803330457915,-0.01069671108111614,-0.0005447337992247614,5.0,5.0,5.0
0,1609,544.0787058183346,411.83933741648343,4894.0,540.1724436055883,407.5366675212472,4894.091842123661,4941.3428618108055,0.6479330765755014,0.1385374260202166,4940.648475994474,0.6463472394651859,0.13739009807067964,0.23390479581121326,0.187852459323949,8.0,7.964697442432225,1.2623474777595511e-05,-0.00016373250432263897,0.9898252822654285,1.750817341273887,14.28007201226319,14.398080021283931,0.0011877445892940486,-2.6183934362489225e-05,5.0,5.0,5.0
0,1610,544.3126003673005,412.0272026339717,4902.0,544.8424683369725,397.891241342961,4895.900733453648,4949.30769124622,0.6479457129201623,0.13837422042263223,4942.167009225096,0.6307648024442838,0.1369392511284375,0.23389454896596362,0.1878652174882518,8.0,7.964829435414686,1.263634466097674e-05,-0.00016320559758437048,4.67002473138416,-9.645426178286186,1.808891329987091,1.5185332306218697,-0.015582437020902118,-0.00045084694224215016,5.0,5.0,5.0
0,1611,544.5464846687241,412.215080609064,4910.0,536.444403537415,416.602300338579,4916.224047098986,4957.272652038276,0.6479583621177383,0.13821153920063445,4962.921413442726,0.6603084113379812,0.13728832727670073,0.2338843014235863,0.18787797509230586,8.0,7.964960792055535,1.2649197575931304e-05,-0.00016268122199777912,-8.39806479955746,18.711058995618032,20.323313645338203,20.7544042176296,0.02954360889369745,0.00034907614826323874,5.0,5.0,5.0
0,1612,544.7803587219109,412.40297134120374,4918.0,545.3796932725936,415.3102660189327,4910.346381917271,4965.237743554706,0.6479710241512926,0.13804937983920293,4957.965632928778,0.6508247863392735,0.13870839211891006,0.23387405318680976,0.18789073213974916,8.0,7.9650915164302205,1.2662033554322605e-05,-0.00016215936143151866,8.935289735178571,-1.2920343196463477,-5.8776651817152015,-4.955780513947502,-0.009483624998707696,0.0014200648422093287,5.0,5.0,5.0
0,1613,545.0142225261643,412.5908748298298,4926.0,547.2783675130556,412.3186736282097,4917.862496808583,4973.202965167282,0.647983699003915,0.1378877398393188,4965.369254918171,0.6456725709601129,0.13844070189941357,0.23386380425336029,0.18790348862603423,8.0,7.965221612575988,1.2674852622351906e-05,-0.0001616399998841389,1.8986742404620145,-2.9915923907229853,7.5161148913121,7.403621989392377,-0.005152215379160663,-0.0002676902194964914,5.0,5.0,5.0
0,1614,545.2480760807885,412.77879107438366,4934.0,536.3565436015497,418.90976972215043,4934.96888728128,4981.168316251784,0.6479963866587273,0.13772661671783942,4981.674583457566,0.6630654569637571,0.13704151173941675,0.23385355462414736,0.18791624455388956,8.0,7.96535108450189,1.2687654812326699e-05,-0.00016112312147936736,-10.921823911505953,6.591096093940735,17.106390472697058,16.305328539395305,0.017392886003644192,-0.001399190159996816,5.0,5.0,5.0
0,1615,545.4819193850885,412.966720074307,4942.0,543.4689298158282,412.5079068455955,4933.974180967129,4989.133796187969,0.6480090870988804,0.1375660080073727,4980.925864669694,0.6492537688961246,0.13741283016778919,0.2338433043000805,0.18792899992331513,8.0,7.965479936185147,1.270044015311278e-05,-0.00016060871046671976,7.112386214278558,-6.401862876554901,-0.9947063141516992,-0.7487187878714394,-0.013811688067632444,0.00037131842837243023,5.0,5.0,5.0
0,1616,545.7157524383665,413.15466182903947,4950.0,536.3535619836605,404.43692997382664,4955.521257762489,4997.099404359537,0.6480218003075555,0.13740591125615192,5000.843459849061,0.6460875112155823,0.13473406512220754,0.23383305327797643,0.18794175473249197,8.0,7.9656081715684195,1.2713208675130261e-05,-0.0001600967512207785,-7.115367832167749,-8.070976871768892,21.547076795360226,19.9175951793668,-0.0031662576805423504,-0.002678765045581649,5.0,5.0,5.0
0,1617,545.9495752399289,413.3426163380218,4958.0,544.6516708644073,410.9213447284907,4959.727441279206,5005.0651401541045,0.64803452626796,0.1372463240279143,5006.4356668099545,0.6463534343650623,0.1367053754624438,0.23382280156238266,0.18795450898232957,8.0,7.965735794567081,1.2725960404469383e-05,-0.00015958722823761207,8.298108880746781,6.484414754664044,4.206183516716919,5.592206960893236,0.0002659231494800407,0.0019713103402362597,5.0,5.0,5.0
0,1618,546.1833877890795,413.53058360069735,4966.0,536.1216395811322,403.49450177893914,4957.647903269096,5013.031002963166,0.6480472649633369,0.13708724390177798,5002.849883634473,0.645174173836657,0.1345279526070003,0.2338125491505707,0.1879672626755564,8.0,7.965862809061946,1.2738695376879328e-05,-0.0001590801261363295,-8.530031283275093,-7.426842949551542,-2.0795380101099,-3.585783175481083,-0.0011792605284053348,-0.002177422855443506,5.0,5.0,5.0
0,1619,546.4171900851229,413.71856361650407,4974.0,551.7965736474034,408.14918396910264,4974.1152640691,5020.996992182073,0.6480600163769511,0.13692866847212087,5021.24365822939,0.6368591851754424,0.13711688554918045,0.23380229604345004,0.18798001580671553,8.0,7.965989218906543,1.2751413614231488e-05,-0.00015857542965710958,15.674934066271248,4.6546821901634985,16.467360800003917,18.393774594916977,-0.008314988661214606,0.0025889329421801555,5.0,5.0,5.0
0,1620,546.6509821273626,413.9065563848835,4982.0,537.1113506511238,409.1120060143437,4989.274182491711,5028.963107209995,0.6480727804921025,0.13677059534846187,5034.75104692791,0.6509404259987224,0.13450818022390806,0.23379204223965644,0.1879927683794449,8.0,7.96611502792166,1.2764115151386868e-05,-0.00015807312365900827,-14.685222996279663,0.9628220452410687,15.15891842261135,13.507388698519208,0.014081240823279995,-0.0026087053252723813,5.0,5.0,5.0
0,1621,546.8847639151036,414.09456190527726,4990.0,536.5038158063902,403.55828631440465,4980.388647872358,5036.929347449893,0.6480855572921186,0.13661302215534224,5025.431993240351,0.644907760748744,0.133988811769359,0.23378178774100888,0.18800552039374452,8.0,7.96624023989807,1.2776800016101042e-05,-0.0001575731931196256,-0.60753484473355,-5.553719699939052,-8.885534619353166,-9.319053687558153,-0.006032665249978364,-0.0005193684545490573,5.0,5.0,5.0
0,1622,547.1185354476502,414.28258017712415,4998.0,538.8081757181751,408.65072105911173,4992.710127111238,5044.895712308491,0.6480983467603536,0.13645594653220758,5038.2997206797845,0.6488773844650575,0.1346275315731299,0.23377153254659788,0.1880182718468859,8.0,7.966364858598354,1.2789468235019363e-05,-0.0001570756231346615,2.3043599117849,5.092434744707077,12.321479238879874,12.86772743943311,0.003969623716313486,0.000638719803770893,5.0,5.0,5.0
0,1623,547.352296724307,414.47061119986665,5006.0,539.6964320216176,406.71297418272536,5007.265884171172,5052.862201196245,0.6481111488801952,0.13629936613329238,5052.662596779041,0.6457984630737376,0.13415064204446225,0.23376127665687818,0.18803102274250705,8.0,7.966488887754167,1.2802119841559545e-05,-0.00015658039891519593,0.8882563034425175,-1.9377468763863703,14.555757059933967,14.362876099256937,-0.003078921391319933,-0.00047688952866764556,5.0,5.0,5.0
0,1624,547.5860477443784,414.65865497294453,5014.0,535.0447070238105,422.7855914697443,5008.082267102218,5060.828813527314,0.6481239636350568,0.13614327862750383,5054.296042866139,0.6687289507711399,0.13533242230896445,0.23375102007139503,0.18804377307787945,8.0,7.966612331068973,1.2814754861589783e-05,-0.00015608750578854913,-4.65172499780715,16.072617287018943,0.8163829310460642,1.6334460870975818,0.022930487697402357,0.0011817802645021913,5.0,5.0,5.0
0,1625,547.8197885071686,414.84671149579754,5022.0,546.7316190775849,406.71659693397714,5020.843835526085,5068.7955487195295,0.6481367910083812,0.13598768169830822,5066.873461441586,0.6395891325236513,0.13489411912547192,0.23374076279014844,0.18805652285300312,8.0,7.96673519221531,1.2827373324419966e-05,-0.00015559692919561718,11.68691205377445,-16.06899453576716,12.761568423867175,12.577418575447155,-0.02913981824748857,-0.0004383031834925277,5.0,5.0,5.0
0,1626,548.0535190119831,415.03478076786723,5030.0,547.1650297116615,419.48112883302383,5023.590244357409,5076.76240619437,0.6481496309836411,0.13583257304361807,5070.681702728867,0.6540688419701484,0.13639221262652487,0.23373050481450264,0.18806927206969704,8.0,7.966857474840253,1.2839975259915093e-05,-0.00015510865469015034,0.4334106340766084,12.764531899046688,2.746408831323606,3.8082412872809073,0.014479709446497013,0.001498093501052955,5.0,5.0,5.0
0,1627,548.2872392581262,415.2228627885943,5038.0,547.849666437812,408.5266448236509,5029.924523543771,5084.72938537693,0.6481624835443379,0.13567795037567945,5076.137703913668,0.6407377329900745,0.1350396380736893,0.2337202461430934,0.1880820207270517,8.0,7.966979182559953,1.285256069682994e-05,-0.00015462266793861423,0.6846367261504156,-10.954484009372948,6.334279186362437,5.456001184800698,-0.013331108980073836,-0.0013525745528355781,5.0,5.0,5.0
0,1628,548.5209492449017,415.41095755741844,5046.0,546.3306582256141,410.6733380726689,5036.370989086716,5092.696485695893,0.6481753486740018,0.13552381142096107,5082.535048421731,0.6445842241108374,0.13488264421823726,0.23370998677546595,0.18809476882415765,8.0,7.967100318963276,1.2865129663919284e-05,-0.0001541389547183858,-1.519008212197832,2.1466932490180284,6.446465542944679,6.397344508062815,0.0038464911207628516,-0.0001569938554520367,5.0,5.0,5.0
0,1629,548.7546489716151,415.59906507378037,5054.0,541.1526568222095,415.4931587952482,5054.047596661952,5100.663706583503,0.6481882263561909,0.1353701539200449,5099.889986295376,0.6547916426000174,0.13418194244861315,0.2336997267134393,0.18810751636192435,8.0,7.967220887609983,1.2877682189049722e-05,-0.00015365750091617114,-5.178001403404664,4.819820722579266,17.67660757523663,17.354937873645213,0.010207418489180053,-0.0007007017696241125,5.0,5.0,5.0
0,1630,548.9883384375712,415.7871853371198,5062.0,546.2160169396207,419.4523616311954,5061.691172411959,5108.631047475537,0.6482011165744915,0.1352169756275164,5108.327490060961,0.6548740951668097,0.135228651959496,0.23368946595610396,0.18812026333944232,8.0,7.967340892034372,1.2890218300642964e-05,-0.00015317829252850523,5.063360117411207,3.9592028359472238,7.643575750006676,8.437503765585461,8.24525667922904e-05,0.0010467095108828428,5.0,5.0,5.0
0,1631,549.2220176420738,415.97531834687743,5070.0,542.7157070349356,410.80289832735815,5070.263419125205,5116.59850781128,0.6482140193125209,0.1350642743118569,5115.747306040027,0.6479275477988892,0.1334478378026919,0.23367920450255042,0.18813300975762104,8.0,7.967460335742544,1.2902738029341165e-05,-0.00015270131565947587,-3.500309904685082,-8.649463303837251,8.572246713245477,7.419815979065788,-0.0069465473679205525,-0.0017808141568040892,5.0,5.0,5.0
0,1632,549.4556865844288,416.1634641024939,5078.0,540.7505216657687,413.354942849952,5075.573576844667,5124.566087033491,0.6482269345539227,0.1349120477553371,5121.007768928304,0.6526597106401583,0.13330618555843624,0.23366894235505242,0.18814575561646052,8.0,7.967579222211498,1.2915241401789679e-05,-0.00015222655651980777,-1.9651853691668748,2.55204452259386,5.31015771946204,5.260462888277289,0.004732162841269094,-0.00014165224425566336,5.0,5.0,5.0
0,1633,549.6893452639401,416.35162260340894,5086.0,542.1282591883305,409.9858226863368,5079.574846804445,5132.533784588387,0.6482398622823701,0.13476029375390994,5124.848490297324,0.6474906803448308,0.1330201530732194,0.23365867951133623,0.18815850091505126,8.0,7.967697554895494,1.2927728447409415e-05,-0.00015175400142716788,1.3777375225618016,-3.3691201636152073,4.001269959778256,3.840721369019775,-0.005169030295327448,-0.00028603248521683056,5.0,5.0,5.0
0,1634,549.9229936799134,416.53979384906324,5094.0,546.3662589376376,409.7119397682502,5087.1269506498875,5140.501599925604,0.6482528024815642,0.13460901011710683,5132.761495971014,0.6434275957385776,0.13344693870096772,0.23364841597322084,0.18817124565430277,8.0,7.967815337216962,1.2940199194177993e-05,-0.0001512836368031123,4.2379997493070505,-0.27388291808659915,7.552103845442616,7.91300567368944,-0.004063084606253264,0.00042678562774831064,5.0,5.0,5.0
0,1635,550.1566318316522,416.72797783889655,5102.0,548.2767800963621,410.05177253979787,5104.710798163469,5148.469532498181,0.6482657551352351,0.1344581946679324,5150.4196155888685,0.6421505704098691,0.13332616786331622,0.23363815173888725,0.18818398983330553,8.0,7.967932572577411,1.295265367085019e-05,-0.00015081544917441847,1.9105211587245776,0.33983277154766256,17.58384751358153,17.658119617854936,-0.0012770253287084365,-0.00012077083765149599,5.0,5.0,5.0
0,1636,550.3902597184629,416.9161745723495,5110.0,546.3416674088038,406.58812735640254,5112.73654456816,5156.437581762529,0.6482787202271403,0.13430784524276268,5157.894734968618,0.6397795385796003,0.13242329664371716,0.2336278868106092,0.18819673345296906,8.0,7.968049264347428,1.296509190518158e-05,-0.00015034942516972682,-1.9351126875583304,-3.463645183395329,8.025746404690835,7.475119379749231,-0.002371031830268766,-0.0009028712195990607,5.0,5.0,5.0
0,1637,550.623877339649,417.104384048861,5118.0,542.7423599642418,403.8109150930857,5113.185443156098,5164.4057471784035,0.6482916977410653,0.1341579596912415,5157.741550383394,0.639662607324988,0.1315382230599546,0.23361762118611296,0.18820947651147435,8.0,7.968165415874864,1.2977513925038764e-05,-0.00014988555152117833,-3.599307444561987,-2.7772122633168124,0.448898587937947,-0.15318458522415312,-0.00011693125461231801,-0.0008850735837625523,5.0,5.0,5.0
0,1638,550.8574846945166,417.29260626787254,5126.0,548.0017122005643,414.8089877137452,5116.933737812765,5172.374028208885,0.6483046876608253,0.13400853587618078,5162.885167232501,0.6479332367947247,0.13351833831766194,0.23360735486767226,0.1882222190115499,8.0,7.968281030481194,1.2989919759953672e-05,-0.000149423815060723,5.2593522363224565,10.998072620659457,3.7482946566669852,5.143616849107275,0.008270629469736668,0.001980115257707332,5.0,5.0,5.0
0,1639,551.0910817823697,417.480841228823,5134.0,544.4301837981872,403.6140888803245,5133.188506890859,5180.342424320345,0.6483176899702623,0.1338595716734587,5177.734331254321,0.637942999967485,0.13126848534603128,0.23359708785301336,0.1882349609504672,8.0,7.968396111460606,1.3002309437015747e-05,-0.00014896420272209054,-3.571528402377112,-11.194898833420666,16.254769078093886,14.849164021819888,-0.009990236827239651,-0.0022498529716306614,5.0,5.0,5.0
0,1640,551.3246686025145,417.66908893115306,5142.0,545.9299877405613,409.05409180982724,5135.810349434413,5188.31093498243,0.648330704653246,0.13371106497192173,5180.918137444211,0.6430397630867226,0.1320544381924628,0.23358682014486476,0.18824770233004529,8.0,7.9685106620845545,1.3014682983758519e-05,-0.0001485067015369601,1.4998039423741147,5.440002929502725,2.6218425435545214,3.1838061898906744,0.005096763119237568,0.0007859528464315146,5.0,5.0,5.0
0,1641,551.5582451542546,417.85734937430243,5150.0,545.883082437099,416.17161002344204,5143.855265533056,5196.279559668028,0.6483437316936764,0.13356301367328494,5189.454127500568,0.6513788075044469,0.13266295925910823,0.23357655174004321,0.18826044314937462,8.0,7.968624685598115,1.3027040430380055e-05,-0.00014805129863679212,-0.04690530346226751,7.117518213614801,8.044916098642716,8.53599005635624,0.008339044417724262,0.0006085210666454399,5.0,5.0,5.0
0,1642,551.7918114368968,418.04562255771,5158.0,549.2270507638211,407.2979805358438,5157.00395100549,5204.248297853253,0.6483567710754766,0.1334154156920352,5202.137228959415,0.6380930596831229,0.13182173588024473,0.2335662826421867,0.18827318340754573,8.0,7.968738185224538,1.3039381800195038e-05,-0.00014759798124974743,3.34396832672212,-8.873629487598237,13.148685472434408,12.683101458846977,-0.013285747821323968,-0.0008412233788634982,5.0,5.0,5.0
0,1643,552.0253674497444,418.23390848081726,5166.0,551.8692017300672,411.51026759255524,5163.903741676025,5212.217149017409,0.6483698227826044,0.13326826895533408,5209.58752392624,0.640721768573338,0.1325294004620442,0.23355601284765726,0.1882859231072871,8.0,7.968851164156149,1.3051707127731405e-05,-0.00014714673670110368,2.6421509662460494,4.212287056711432,6.899790670534458,7.450294966824913,0.002628708890215048,0.0007076645817994665,5.0,5.0,5.0
0,1644,552.2589131921036,418.42220714306313,5174.0,546.9030582251797,404.8717309770079,5167.3822134427855,5220.186112642977,0.6483828867990398,0.13312157140292213,5211.992230754497,0.6372634377418437,0.1309301199197305,0.23354574235918335,0.18829866224587022,8.0,7.968963625567994,1.306401643541566e-05,-0.0001466975524119507,-4.966143504887441,-6.638536615547309,3.4784717667607765,2.4047068282570763,-0.003458330831494272,-0.0015992805423137024,5.0,5.0,5.0
0,1645,552.4924486632794,418.61051854388825,5182.0,539.8314694716903,411.2631052604805,5180.201603441278,5228.1551882155845,0.6483959631087932,0.13297532098702403,5224.465906623954,0.6510332813937966,0.13026506831006893,0.2335354711758555,0.1883114008251141,8.0,7.969075572607835,1.307630975344587e-05,-0.00014625041589810817,-7.071588753489436,6.391374283472544,12.819389998492625,12.47367586945711,0.013769843651952884,-0.0006650516096615711,5.0,5.0,5.0
0,1646,552.7259738625758,418.79884268273145,5190.0,547.9684983670625,410.34006409464456,5184.608399456475,5236.124375223982,0.6484090516959027,0.13282951567225387,5229.609230059019,0.6427575163491793,0.13128120719596317,0.23352519929630944,0.18832413884319976,8.0,7.969187008397057,1.3088587109466587e-05,-0.00014580531477015324,8.137028895372168,-0.9230411658359117,4.40679601519696,5.143323435065213,-0.008275765044617245,0.0010161388858942466,5.0,5.0,5.0
0,1647,552.9594887892995,418.9871795590316,5198.0,546.6802028545455,417.85490248503993,5193.247334093564,5244.09367316002,0.6484221525444301,0.13268415343552276,5238.6333940059,0.6526219015506787,0.13172896667903242,0.23351492672372842,0.1883368763001272,8.0,7.969297936038856,1.310084852745863e-05,-0.00014536223673111692,-1.2882955125169246,7.514838390395369,8.638934637088823,9.024163946881345,0.009864385201499348,0.0004477594830692433,5.0,5.0,5.0
0,1648,553.1929934427558,419.1755291722302,5206.0,545.5799195889576,416.1918199610038,5197.964819912068,5252.0630815186305,0.6484352656384706,0.13253923226594608,5243.063164668593,0.6516700840896573,0.13125460391141228,0.23350465345629345,0.18834961319862487,8.0,7.969408358610053,1.3113094040506645e-05,-0.00014492116957667833,-1.1002832655879047,-1.663082524036156,4.717485818504429,4.429770662693045,-0.0009518174610213537,-0.00047436276762014007,5.0,5.0,5.0
0,1649,553.4264878222498,419.36389152176616,5214.0,546.1202259718343,421.23654805793785,5219.947263658031,5260.032599797795,0.6484483909621434,0.13239475016475138,5265.314517292036,0.6570104203168543,0.13136703854028794,0.23349437949400453,0.1883623495359643,8.0,7.969518279164731,1.3125323672702471e-05,-0.00014448210119469285,0.540306382876679,5.0447280969340795,21.982443745962883,22.25135262344247,0.0053403362271969845,0.00011243462887566835,5.0,5.0,5.0
0,1650,553.6599719270857,419.5522666070783,5222.0,548.9583995550981,413.9849340354302,5215.26266339212,5268.002227498527,0.6484615284995958,0.13225070514518797,5260.390051908916,0.6461378378220324,0.13108019791953562,0.23348410483595217,0.18837508531214553,8.0,7.9696277007315075,1.3137537452467818e-05,-0.00014404501956341575,2.838173583263824,-7.251614022507681,-4.6846002659112855,-4.92446538312015,-0.010872582494821925,-0.0002868406207523211,5.0,5.0,5.0
0,1651,553.8934457565697,419.7406544276073,5230.0,557.8868412654399,416.3800134792051,5221.651571240628,5275.971964124848,0.6484746782350035,0.13210709523243735,5267.851096483441,0.6411623595495213,0.13253632390451958,0.23347382948395534,0.1883878205289875,8.0,7.96973662632081,1.3149735407669283e-05,-0.00014360991275061408,8.928441710341758,2.3950794437749323,6.388907848508097,7.461044574525658,-0.004975478272511102,0.001456125984983958,5.0,5.0,5.0
0,1652,554.1269093100077,419.92905498279197,5238.0,545.2458982745151,410.9554623994829,5238.149584300366,5283.941809183765,0.6484878401525669,0.13196391846352348,5282.4604635687765,0.6458691506551345,0.1296152509109234,0.23346355343801406,0.18840055518467125,8.0,7.969845058917599,1.3161917563397907e-05,-0.00014317676891387188,-12.640942990924827,-5.424551079722221,16.498013059737787,14.60936708533518,0.004706791105613228,-0.0029210729935961743,5.0,5.0,5.0
0,1653,554.3603625867036,420.117468272073,5246.0,544.5860100154829,406.4349918505116,5242.3540272101445,5291.91176218525,0.6485010142365186,0.13182117288722436,5286.21216671366,0.6411412276745314,0.1289046341729051,0.23345327669585458,0.18841328928101575,8.0,7.96995300148501,1.3174083951739135e-05,-0.00014274557629911921,-0.6598882590321864,-4.520470548971275,4.204442909778663,3.7517031448833222,-0.004727922980603094,-0.0007106167380183104,5.0,5.0,5.0
0,1654,554.5938055859642,420.30589429488737,5254.0,544.2441859399374,410.19163414869934,5256.960335349232,5299.881822642214,0.6485142004711109,0.13167885656398495,5300.951884151574,0.6458588027398193,0.12892094924436356,0.23344299926066014,0.18842602281438303,8.0,7.970060456963438,1.3186234592232893e-05,-0.0001423163232394109,-0.34182407554544625,3.756642298187728,14.60630813908756,14.739717437913896,0.004717575065287916,1.6315071458467e-05,5.0,5.0,5.0
0,1655,554.8272383070948,420.4943330506767,5262.0,551.3958373504706,417.8417008617015,5251.526604145112,5307.851990070485,0.64852739884063,0.13153696756583014,5296.901049714854,0.6484674607863474,0.13098460162458483,0.23343272113061175,0.18843875578932057,8.0,7.970167428271452,1.3198369519185071e-05,-0.00014188899815481548,7.151651410533191,7.650066713002161,-5.433731204119795,-4.050834436719924,0.0026086580465281006,0.0020636523802212703,5.0,5.0,5.0
0,1656,555.0606607494005,420.6827845388798,5270.0,551.5235735024359,424.54499414014225,5275.3781362314285,5315.8222639887945,0.648540609329387,0.1313955039762785,5321.093044141113,0.6560328231049057,0.13117616048768815,0.2334224423057094,0.18845148820309987,8.0,7.970273918309431,1.3210488756909555e-05,-0.00014146358955163807,0.12773615196522314,6.7032932784407535,23.851532086316183,24.191994426259043,0.007565362318558311,0.00019155886310331938,5.0,5.0,5.0
0,1657,555.294072912186,420.8712487589355,5278.0,549.1496294313181,422.3418092579561,5276.297074826218,5323.792643918742,0.6485538319217194,0.131254463890257,5321.5832927026095,0.6556029717530956,0.13055275991324752,0.23341216278549837,0.18846422005572094,8.0,7.97037992994774,1.3222592332495786e-05,-0.00014104008602150442,-2.373944071117762,-2.2031848821861786,0.9189385947893243,0.4902485614966281,-0.0004298513518101732,-0.0006234005744406301,5.0,5.0,5.0
0,1658,555.5274747947587,421.0597257102836,5286.0,544.5588703385358,417.9291540149717,5278.618700769576,5331.763129384787,0.6485670666019911,0.13111384541401735,5323.065332038894,0.6545844983941435,0.1293171659835696,0.2334018825727071,0.18847695134809328,8.0,7.97048546604492,1.3234680271700938e-05,-0.00014061847623964008,-4.590759092782264,-4.4126552429843855,2.3216259433584128,1.4820393362842879,-0.00101847335895211,-0.001235593929677925,5.0,5.0,5.0
0,1659,555.7608663964229,421.248215392362,5294.0,555.8149886499058,411.34559575075855,5283.259840764525,5339.733719914219,0.6485803133545937,0.1309736466650507,5328.317750077094,0.637119740598207,0.1301403522526477,0.2333916016641524,0.1884896820783979,8.0,7.970590529432229,1.3246752602502632e-05,-0.00014019874896664675,11.25611831136996,-6.5835582642131385,4.641139994948389,5.252418038200631,-0.01746475779593648,0.0008231862690780967,5.0,5.0,5.0
0,1660,555.9942477164846,421.4367178046123,5302.0,545.8196214759433,415.91935499746813,5294.093512926015,5347.704415037142,0.6485935721639479,0.1308338657720064,5338.383097217262,0.6511425445102149,0.12890259113639707,0.23338132006165324,0.18850241225027276,8.0,7.970695122922734,1.3258809354210754e-05,-0.00013978089304431118,-9.99536717396245,4.573759246709585,10.83367216149054,10.065347140167432,0.014022803912007942,-0.0012377611162506241,5.0,5.0,5.0
0,1661,556.2276187542493,421.62523294647144,5310.0,551.90405966349,411.6515147158494,5307.3213934000305,5355.675214286448,0.6486068430144963,0.13069450087460804,5351.79553360202,0.6408559637944717,0.1290090671496138,0.23337103776475487,0.1885151418591704,8.0,7.9707992493058555,1.3270850548474655e-05,-0.000139364897398353,6.084438187546652,-4.26784028161876,13.227880474015365,13.412436384758621,-0.010286580715743177,0.0001064760132167275,5.0,5.0,5.0
0,1662,556.4609795090228,421.81376081738017,5318.0,549.288768091388,415.3665523417758,5316.058939752753,5363.646117197801,0.6486201258907134,0.13055555012357312,5360.478539690353,0.647450812036721,0.12882522018715553,0.2333607547734573,0.1885278709087288,8.0,7.970902911352823,1.3282876217046713e-05,-0.0001389507510349275,-2.6152915721020236,3.7150376259264135,8.737546352722347,8.68300608833215,0.006594848242249207,-0.00018384696245826726,5.0,5.0,5.0
0,1663,556.6943299801101,422.0023014167764,5326.0,554.7715269406413,416.2980041608389,5323.625322519455,5371.617123309615,0.6486334207770967,0.13041701168053133,5368.618262639161,0.6437541194139585,0.12955664657403118,0.23335047108730578,0.18854059939621948,8.0,7.971006111813949,1.3294886383352633e-05,-0.0001385384430417913,5.482758849253287,0.9314518190631134,7.566382766702191,8.139722948808412,-0.0036966926227623986,0.0007314263868756499,5.0,5.0,5.0
0,1664,556.9276701668186,422.19085474409985,5334.0,551.7226855662807,414.64662474235524,5328.347945326631,5379.588232163033,0.6486467276581712,0.13027888371794535,5372.859720078799,0.6444917228025755,0.12881012061739783,0.23334018670857404,0.18855332732346142,8.0,7.971108853418627,1.3306881074481858e-05,-0.00013812796258597104,-3.0488413743605633,-1.651379418483657,4.722622807175867,4.241457439637998,0.0007376033886169475,-0.0007465259566333537,5.0,5.0,5.0
0,1665,557.1610000684523,422.3794207987903,5342.0,548.6530246269582,413.7236015419087,5338.188502287637,5387.559443301911,0.6486600465184912,0.13014116441903037,5382.234094301459,0.64610177140618,0.12802109832737255,0.2333299016336241,0.18856605469045462,8.0,7.971211138878061,1.3318860319966319e-05,-0.00013771929891498447,-3.069660939322489,-0.9230232004465506,9.84055696100586,9.374374222659753,0.0016100486036044748,-0.0007890222900252819,5.0,5.0,5.0
0,1666,557.3943196843179,422.5679995802848,5350.0,554.5181736552752,418.4570871918766,5348.827029399133,5395.53075627279,0.648673377342632,0.13000385197767605,5393.750766318912,0.6464589218371941,0.12915445481856813,0.2333196158656392,0.1885787814944706,8.0,7.971312970878898,1.3330824140789233e-05,-0.00013731244135431475,5.865149028316978,4.733485649967918,10.638527111495932,11.516672017452947,0.00035715043101414157,0.0011333564911955862,5.0,5.0,5.0
0,1667,557.6276290137216,422.756591088023,5358.0,543.5375696548615,410.4994464531282,5362.186499857149,5403.502170624884,0.6486867201151993,0.1298669445983683,5405.273993463689,0.6468440944366898,0.1263486696774403,0.23330932940370985,0.18859150773823785,8.0,7.971414352093234,1.3342772567370709e-05,-0.00013690737930774355,-10.980604000413678,-7.95764073874841,13.359470458016403,11.523227144777593,0.0003851725994956645,-0.0028057851411278367,5.0,5.0,5.0
0,1668,557.8609280559676,422.94519532144386,5366.0,559.3326656264375,419.5500801910366,5360.027643185192,5411.473685910055,0.6487000748208256,0.12973044049611165,5405.439078958756,0.6435589820741224,0.12971393667561096,0.23329904224601705,0.18860423342084687,8.0,7.971515285171336,1.3354705626245078e-05,-0.0001365041022566571,15.795095971575961,9.050633737908413,-2.1588566719574374,0.16508549506670533,-0.003285112362567344,0.003365266998170663,5.0,5.0,5.0
0,1669,558.0942168103638,423.13381227998707,5374.0,549.3754204441319,428.04334811448774,5372.77394852052,5419.445301682799,0.648713441444168,0.12959433789635344,5417.724094336478,0.6618947566738469,0.12890591314728567,0.23328875439619878,0.18861695854320715,8.0,7.9716157727443715,1.3366623342392359e-05,-0.00013610259975821437,-9.957245182305542,8.493267923451128,12.746305335328543,12.28501537772172,0.018335774599724464,-0.0008080235283252912,5.0,5.0,5.0
0,1670,558.3274952762154,423.3224419630915,5382.0,555.5233219470053,415.6302819143968,5372.5660606792735,5427.417017500222,0.6487268199699108,0.12945863503490648,5417.178303215991,0.6423339554743093,0.1284262961140924,0.23327846585152656,0.1886296831044092,8.0,7.9717158174225915,1.337852574279097e-05,-0.00013570286144695687,6.147901502873424,-12.413066200090952,-0.207887841246702,-0.5457911204866832,-0.019560801199537625,-0.0004796170331932692,5.0,5.0,5.0
0,1671,558.5607634528274,423.5110843701941,5390.0,548.8805490667444,418.6736234605947,5386.038878681903,5435.388832922022,0.6487402103827632,0.12932333015787437,5430.098734166668,0.6516285545232998,0.1274755112257045,0.2332681766120004,0.18864240710263402,8.0,7.9718154217998745,1.339041285242093e-05,-0.00013530487703211636,-6.642772880260964,3.043341546197894,13.472818002629538,12.920430950676746,0.009294599048990548,-0.0009507848883879011,5.0,5.0,5.0
0,1672,558.7940213395073,423.6997395007347,5398.0,553.2127014582404,411.0023133166311,5392.141726538575,5443.360747510473,0.6487536126674611,0.12918842152157725,5436.005849305605,0.6389655925025658,0.12712244310267454,0.233257886679894,0.18865513054061012,8.0,7.971914588451,1.3402284697927591e-05,-0.00013490863629711525,4.332152391496038,-7.671310143963581,6.10284785667227,5.907115138937115,-0.012662962020734025,-0.00035306812302995927,5.0,5.0,5.0
0,1673,559.0272689355597,423.88840735415397,5406.0,549.1686766303943,423.0712720560159,5401.772531830993,5451.3327608304,0.6487670268087705,0.129053907392477,5446.07400080782,0.6564203261055448,0.12763715996389416,0.2332475960524789,0.18866785341924697,8.0,7.9720133199271,1.3414141309397998e-05,-0.0001345141291002605,-4.044024827846101,12.068958739384811,9.63080529241779,10.068151502215187,0.017454733602979,0.0005147168612196218,5.0,5.0,5.0
0,1674,559.2605062402918,424.07708792988615,5414.0,559.2694574296884,432.2331045744311,5407.170886087251,5459.304872449169,0.648780452791474,0.12891978604710377,5453.173825769112,0.6579673520235235,0.12998370196007747,0.23323730473202886,0.1886805757321781,8.0,7.972111618769304,1.3425982703485495e-05,-0.00013412134537321707,10.100780799294057,9.161832518415167,5.398354256258244,7.099824961292143,0.0015470259179787282,0.00234654199618331,5.0,5.0,5.0
0,1675,559.4937332530085,424.26578122737374,5422.0,564.1772540436564,414.51641250139414,5421.31976159647,5467.2770819366615,0.6487938906003914,0.1287860557719841,5466.335864881491,0.6336546929666146,0.1284249135516141,0.23322701271672486,0.188693297487589,8.0,7.972209487492364,1.3437808917382554e-05,-0.0001337302751196756,4.907796613968003,-17.71669207303694,14.14887550921867,13.162039112378807,-0.024312659056908936,-0.0015587884084633796,5.0,5.0,5.0
0,1676,559.7269499730178,424.45448724605467,5430.0,555.566307461612,422.6183736203461,5426.670714302787,5475.249388865261,0.6488073402203605,0.12865271486356805,5471.381475749937,0.6503129668330898,0.12792891679689064,0.2332167200092954,0.18870601868093217,8.0,7.97230692859921,1.3449619969074789e-05,-0.0001333409084160464,-8.610946582044335,8.101961118951976,5.350952706317003,5.045610868445692,0.016658273866475226,-0.000495996754723449,5.0,5.0,5.0
0,1677,559.9601563996234,424.64320598536597,5438.0,557.1767105797151,421.5352535584486,5436.128782251679,5483.221792809828,0.6488208016362481,0.12851976162815712,5480.84245294737,0.6476836137555592,0.12782246763217175,0.23320642660564772,0.18871873931129812,8.0,7.972403944567304,1.3461415887650041e-05,-0.00013295323541093196,1.6104031181030223,-1.0831200618975458,9.458067948891767,9.46097719743284,-0.0026293530775306495,-0.00010644916471888588,5.0,5.0,5.0
0,1678,560.1933525321333,424.8319374447465,5446.0,553.2220211598947,420.4942498057465,5440.118581419491,5491.194293347691,0.6488342748329454,0.12838719438183482,5484.319483648045,0.6499225963490212,0.1270460909824379,0.2331961325098746,0.18873145938050584,8.0,7.972500537863198,1.3473196697311174e-05,-0.000132567246322296,-3.9546894198203972,-1.0410037527020677,3.9897991678126346,3.477030700675641,0.0022389825934620022,-0.0007763766497338453,5.0,5.0,5.0
0,1679,560.426538369853,425.02068162363685,5454.0,553.0769242562026,423.9886310725442,5452.396824385165,5499.166890058624,0.648847759795373,0.12825501145039533,5496.752820892431,0.6540405772929401,0.12712487584471022,0.23318583771970225,0.18874417889037431,8.0,7.972596710932521,1.348496242759012e-05,-0.00013218293143948956,-0.14509690369209238,3.4943812667976886,12.278242965673599,12.433337244386166,0.0041179809439189086,7.878486227230752e-05,5.0,5.0,5.0
0,1680,560.6597139120881,425.2094385214723,5462.0,555.0839325881105,432.42086678212587,5448.256805268277,5507.139582524827,0.6488612565084717,0.1281232111692735,5493.5060020353285,0.6618160097345512,0.1284381927868337,0.2331755422351307,0.18875689783544658,8.0,7.972692466203625,1.3496713098692936e-05,-0.0001318002811218355,2.0070083319079686,8.432235709581676,-4.140019116887743,-3.2468188571028804,0.007775432441611163,0.0013133169421234714,5.0,5.0,5.0
0,1681,560.8928791581466,425.3982081376944,5470.0,560.9302338031123,422.5032985823473,5463.40906151559,5515.112370330914,0.6488747649572127,0.12799179188347723,5508.356409852039,0.6455580748776503,0.12783558898846098,0.2331652460584337,0.1887696162220891,8.0,7.9727878060866715,1.3508448741039736e-05,-0.00013141928579626927,5.846301215001745,-9.917568199778543,15.152256247312835,14.850407816710685,-0.01625793485690097,-0.0006026037983727084,5.0,5.0,5.0
0,1682,561.126034107333,425.58699047174014,5478.0,554.2184931935053,416.64073264994715,5478.499513854697,5523.08525306389,0.6488882851265911,0.127860751947517,5522.201061316667,0.6446282155432094,0.12589083791059333,0.23315494918642798,0.1887823340457544,8.0,7.972882732976359,1.352016937838929e-05,-0.00013103993596022545,-6.711740609606977,-5.862565932400173,15.090452339107287,13.844651464627532,-0.0009298593344408967,-0.0019447510778676513,5.0,5.0,5.0
0,1683,561.3591787589548,425.77578552304567,5486.0,554.6702516270743,421.6808883299563,5482.852686488753,5531.058230313137,0.6489018170016239,0.12773008972533928,5526.947389052995,0.6500207064352702,0.12640222033778284,0.23314465162184206,0.18879505130553298,8.0,7.972977249246469,1.3531875032724017e-05,-0.00013066222217772427,0.4517584335690117,5.04015568000915,4.353172634055227,4.746327736328567,0.005392490892060842,0.0005113824271895107,5.0,5.0,5.0
0,1684,561.5923131123172,425.96459329105346,5494.0,553.2132316920688,413.6982022700019,5498.323639986514,5539.031301670398,0.6489153605673625,0.12759980359025916,5541.547972571848,0.6420978208835652,0.12498166181709469,0.23313435336240218,0.1888077680077913,8.0,7.973071357260778,1.3543565738682872e-05,-0.000130286135080121,-1.457019935005519,-7.982686059954403,15.470953497761002,14.600583518852545,-0.007922885551705061,-0.0014205585206881477,5.0,5.0,5.0
0,1685,561.8254371667281,426.1534137751987,5502.0,563.834554771434,425.3592589583218,5489.842000401059,5547.004466729753,0.648928915808874,0.1274698919248928,5535.08853530848,0.6463139593133866,0.12795040464367893,0.23312405441083683,0.18882048414525343,8.0,7.973165059355779,1.3555241511475913e-05,-0.00012991166536635568,10.621323079365197,11.661056688319889,-8.481639585455014,-6.459437263368272,0.004216138429821492,0.002968742826584242,5.0,5.0,5.0
0,1686,562.058550921493,426.3422469749203,5510.0,553.6242018653292,426.8881684367749,5512.27248453723,5554.977725087617,0.6489424827112565,0.12734035312109176,5556.427018240101,0.6568559410276295,0.12615162751670356,0.23311375476487228,0.18883319972155732,8.0,7.973258357863415,1.356690238252245e-05,-0.0001295388038010381,-10.210352906104845,1.5289094784531017,22.4304841361718,21.338482931621,0.01054198171424281,-0.001798777126975376,5.0,5.0,5.0
0,1687,562.2916543759179,426.531092889657,5518.0,553.5174615959447,418.3092774015128,5509.7456677118935,5562.951076342704,0.6489560612596333,0.12721118557987737,5553.256842135233,0.6471576890102221,0.1252637750904135,0.23310345442496327,0.18884591473670298,8.0,7.973351255087437,1.3578548376802502e-05,-0.00012916754121439222,-0.10674026938443149,-8.578891035262075,-2.5268168253369367,-3.1701761048680055,-0.009698252017407372,-0.0008878524262900533,5.0,5.0,5.0
0,1688,562.5247475293099,426.71995151884676,5526.0,558.9505901329725,414.5546033907711,5526.3696665907455,5570.924520096028,0.6489696514391513,0.12708238771137548,5570.0128342057515,0.6381459256131778,0.12526478924158785,0.2330931533920193,0.1888586291897809,8.0,7.973443753323409,1.3590179517963819e-05,-0.00012879786850189534,5.4331285370277556,-3.7546740107417236,16.623998878852035,16.755992070518914,-0.009011763397044237,1.0141511743444465e-06,5.0,5.0,5.0
0,1689,562.7578303809755,426.90882286192755,5534.0,553.7522270817158,418.05410265170474,5541.058248887588,5578.8980559508755,0.6489832532349828,0.126953957934752,5584.329617716621,0.6466602762767468,0.12456918607282373,0.23308285166558562,0.18887134308079112,8.0,7.973535854847796,1.360179583154153e-05,-0.0001284297766234732,-5.198363051256706,3.4994992609336464,14.688582296842469,14.316783510869755,0.008514350663568981,-0.0006956031687641168,5.0,5.0,5.0
0,1690,562.9909029302212,427.0977069183373,5542.0,560.8774411050204,425.24854893667816,5530.977626008254,5586.871683512794,0.648996866632326,0.12682589467814886,5575.583676326378,0.6487186061523621,0.12657754788250578,0.23307254924566223,0.1888840564097336,8.0,7.973627561918875,1.3613397343181788e-05,-0.00012806325660313922,7.125214023304579,7.194446284973424,-10.080622879333532,-8.745941390243388,0.0020583298756152724,0.002008361809682044,5.0,5.0,5.0
0,1691,563.223965176353,427.2866036875139,5550.0,555.2326338201491,426.41589163654623,5538.9162510179685,5594.8454023895765,0.6490104916164038,0.12669819637862048,5582.9837028322045,0.6549187926889866,0.12572651125885287,0.23306224613179438,0.18889676917660836,8.0,7.973718876782186,1.3624984077753588e-05,-0.00012769829952838374,-5.644807284871263,1.1673426998680725,7.938625009714087,7.400026505826645,0.0062001865366244635,-0.0008510366236529066,5.0,5.0,5.0
0,1692,563.4570171186788,427.4755131688971,5558.0,558.5369780635385,426.7750071040029,5561.8383998829195,5602.8192121912425,0.6490241281724655,0.1265708614820716,5606.081238170311,0.6524607030845085,0.12571665799912735,0.23305194232580106,0.18890948138323438,8.0,7.973809801665993,1.3636556061680238e-05,-0.00012733489654886965,3.304344243389437,0.359115467456661,22.92214886495094,23.097535338106354,-0.00245808960447802,-9.853259725522978e-06,5.0,5.0,5.0
0,1693,563.6900587565037,427.6644353619222,5566.0,554.801487553455,424.8644386703455,5565.874434523919,5610.793112530023,0.6490377762857822,0.12644388844319326,5609.569743101974,0.6535337733092799,0.12489640539816121,0.2330416378249538,0.1889221930250642,8.0,7.973900338780368,1.364811331672211e-05,-0.00012697303887834743,-3.7354905100835367,-1.9105684336573745,4.036034640999787,3.488504931663556,0.001073070224771322,-0.0008202526009661315,5.0,5.0,5.0
0,1694,563.9230900891348,427.8533702660279,5574.0,564.6429702048302,418.3978248123825,5568.376475885821,5618.767103020348,0.6490514359416528,0.1263172757254027,5612.547995412428,0.6377131912162695,0.1255426741649203,0.23303133263107156,0.18893490410573577,8.0,7.973990490325377,1.365965587063478e-05,-0.00012661271779057515,9.841482651375259,-6.4666138579630115,2.5020413619013198,2.978252310453172,-0.015820582093010405,0.0006462687667590783,5.0,5.0,5.0
0,1695,564.1561111158799,428.0423178806532,5582.0,556.297974517983,424.2351960002913,5581.397519881432,5626.741183278829,0.6490651071254006,0.1261910218007814,5625.072551791383,0.6515191423470772,0.12469497463112333,0.23302102674506386,0.18894761462524912,8.0,7.974080258481081,1.367118374773213e-05,-0.00012625392462128904,-8.344995686847255,5.837371187908786,13.021043995611763,12.524556378955822,0.013805951130807737,-0.0008476995337969584,5.0,5.0,5.0
0,1696,564.3891218360445,428.23127820523496,5590.0,559.033591642665,430.5353371716947,5585.059785289831,5634.7153529242405,0.6490787898223733,0.12606512515001367,5629.455749750604,0.6562679572046042,0.12567224439898417,0.23301072016465696,0.18896032458178524,8.0,7.974169645411166,1.3682696972772135e-05,-0.0001258966507677317,2.735617124681994,6.300141171403425,3.6622654083985253,4.383197959220524,0.004748814857526984,0.0009772697678608333,5.0,5.0,5.0
0,1697,564.6221222489353,428.4202512392112,5598.0,556.974459111672,420.0722514364224,5591.3244319047735,5642.689611577511,0.649092484017944,0.12593958426232704,5634.677466132808,0.6461861140190553,0.12412780165003691,0.23300041289076034,0.18897303397625365,8.0,7.974258653270226,1.369419557062379e-05,-0.00012554088768662597,-2.059132530992997,-10.46308573527233,6.264646614942649,5.221716382204249,-0.010081843185548833,-0.0015444427489472584,5.0,5.0,5.0
0,1698,564.85511235386,428.60923698201987,5606.0,558.288373162276,413.43787386865944,5602.157833612338,5650.663958861702,0.6491061896975096,0.12581439763543242,5645.0676856758155,0.6374226392747525,0.12337705914791366,0.23299010492473826,0.18898574280865432,8.0,7.974347284191026,1.3705679565600981e-05,-0.0001251866268946189,1.3139140506040121,-6.634377567762954,10.833401707564917,10.390219543007333,-0.008763474744302835,-0.0007507425021232444,5.0,5.0,5.0
0,1699,565.0880921501248,428.79823543309885,5614.0,555.3597372105239,422.2804328954883,5604.8460088519505,5658.638394401997,0.6491199068464928,0.12568956377546447,5648.100918420685,0.6501067090228847,0.12383945484090883,0.23297979626477172,0.18899845107898727,8.0,7.974435540295417,1.3717148983238836e-05,-0.00012483385996794882,-2.928635951752085,8.842559026828837,2.6881752396120646,3.033232744869565,0.012684069748132187,0.0004623956929951656,5.0,5.0,5.0
0,1700,565.3210616370361,428.9872465918861,5622.0,567.9125335329875,424.9414276908932,5620.9342854227725,5666.612917825684,0.6491336354503412,0.125565081196923,5665.509871472562,0.6423811548030687,0.12552469890324974,0.23296948691131547,0.1890111587872525,8.0,7.97452342368706,1.3728603848406351e-05,-0.00012448257854147382,12.552796322463564,2.6609947954049176,16.088276570822018,17.40895305187678,-0.007725554219816022,0.0016852440623409126,5.0,5.0,5.0
0,1701,565.5540208139018,429.17627045781774,5630.0,557.4721188990795,430.5623643129823,5625.411788873852,5674.587528762144,0.6491473754945235,0.12544094842261455,5669.34007687963,0.6576509612406443,0.12456662714065253,0.23295917686573375,0.189023865931631,8.0,7.974610936459612,1.3740044182308786e-05,-0.0001241327743084497,-10.440414633907949,5.620936622089118,4.4775034510794285,3.830205407068206,0.015269806437575584,-0.0009580717625972124,5.0,5.0,5.0
0,1702,565.786969680028,429.3653070303326,5638.0,563.3634577684616,423.0391735694973,5625.475182761014,5682.5622268428315,0.6491611269645379,0.1253171639835947,5669.418979029797,0.6440877032236731,0.12458777384247079,0.23294886612620758,0.1890365725148513,8.0,7.974698080687631,1.3751470014367051e-05,-0.0001237844390198639,5.891338869382025,-7.523190743485031,0.06339388716241956,0.07890215016686852,-0.013563258016971114,2.1146701818255953e-05,5.0,5.0,5.0
0,1703,566.0199082347217,429.5543563088677,5646.0,561.6396586087932,429.6911396933556,5644.207147973708,5690.537011701265,0.6491748898459042,0.12519372641911053,5688.334370524528,0.6530735271496275,0.12463984177979057,0.23293855469364644,0.18904927853509434,8.0,7.97478485843385,1.3762881366341517e-05,-0.00012343756448415788,-1.7237991596683742,6.651966123858301,18.731965212693467,18.91539149473101,0.008985823925954373,5.206793731978021e-05,5.0,5.0,5.0
0,1704,566.2528364772911,429.74341829286186,5654.0,564.9100288478028,426.09106100674273,5649.953470751107,5698.511882973011,0.6491886641241675,0.12507063427654436,5694.089141786872,0.6462242206553994,0.1245887006187062,0.23292824256941458,0.18906198399417917,8.0,7.974871271745542,1.3774278263323225e-05,-0.0001230921425661724,3.270370239009594,-3.6000786866128465,5.7463227773987455,5.754771262343638,-0.006849306494228102,-5.114116108437261e-05,5.0,5.0,5.0
0,1705,566.4857544070405,429.93249298175033,5662.0,566.4769660723599,422.1328083218704,5652.356803424643,5706.486840295666,0.6492024497848972,0.12494788611135578,5696.334759665473,0.6404154108262378,0.12434106249034257,0.23291792974941927,0.1890746888884678,8.0,7.974957322655428,1.3785660729626059e-05,-0.000122748165188577,1.5669372245571367,-3.9582526848723205,2.4033326735361698,2.245617878601479,-0.005808809829161654,-0.00024763812836361976,5.0,5.0,5.0
0,1706,566.7186620232792,430.1215803749719,5670.0,562.3126518864015,425.6816836272091,5666.825799958654,5714.461883308849,0.6492162468136861,0.12482548048702798,5710.544200102496,0.6479785193316765,0.12381858581361137,0.23290761623866274,0.18908739322159818,8.0,7.975043013182585,1.379702878889777e-05,-0.00012240562432780377,-4.16431418595846,3.548875305338697,14.46899653401124,14.20944043702275,0.0075631085054387315,-0.0005224766767312067,5.0,5.0,5.0
0,1707,566.9515593253145,430.3106804719655,5678.0,562.4991506511368,425.53771290676605,5681.46697099346,5722.437011654182,0.6492300551961538,0.12470341597501074,5725.081185632111,0.6476561802131235,0.12351346209874929,0.232897302035326,0.18910009699357033,8.0,7.97512834533336,1.3808382467783709e-05,-0.00012206451201723922,0.18649876473534732,-0.1439707204430647,14.641171034805666,14.536985529614867,-0.00032233911855295005,-0.0003051237148620767,5.0,5.0,5.0
0,1708,567.1844463124517,430.49979327216624,5686.0,551.9803537534953,425.4504379834549,5676.945117664239,5730.41222497528,0.6492438749179417,0.12458169115466508,5719.562592985759,0.6566625476818537,0.12215112880743134,0.2328869871371353,0.18911280020074628,8.0,7.975213321097726,1.3819721787822203e-05,-0.00012172482034565613,-10.51879689764155,-0.08727492331115627,-4.521853329220903,-5.518592646351863,0.009006367468730181,-0.0013623332913179492,5.0,5.0,5.0
0,1709,567.4173229839989,430.6889187750121,5694.0,562.2969611569729,424.53684555900634,5680.484522990917,5738.387522917733,0.6492577059647157,0.1244603046132102,5724.012038920158,0.6466964266164643,0.12340201920003281,0.23287667154727387,0.1891255028458545,8.0,7.975297942452926,1.3831046773993272e-05,-0.00012138654145488204,10.316607403477633,-0.9135924244485523,3.5394053266782066,4.449445934399591,-0.00996612106538941,0.0012508903926014697,5.0,5.0,5.0
0,1710,567.6501893392638,430.878056979941,5702.0,561.3742915069911,419.8794634505083,5701.478375587056,5746.362905129096,0.6492715483221667,0.12433925494566839,5744.414289227342,0.6421873170738566,0.12234137392525277,0.23286635526483224,0.189138204928895,8.0,7.975382211363467,1.3842357451054887e-05,-0.00012104966754181157,-0.922669649981799,-4.657382108498041,20.993852596138822,20.40225030718375,-0.004509109542607748,-0.0010606452747800449,5.0,5.0,5.0
0,1711,567.8830453775522,431.06720788638813,5710.0,567.1015756378863,426.275558733371,5698.763855403507,5754.338371258876,0.6492854019760081,0.12421854075481106,5742.754089173404,0.6445716633894483,0.12385417259102054,0.23285603828844614,0.18915090644713928,8.0,7.975466129779306,1.3853653841433555e-05,-0.00012071419085732393,5.727284130895214,6.396095282862689,-2.7145201835492117,-1.6602000539378423,0.002384346315591701,0.00151279866576777,5.0,5.0,5.0
0,1712,568.1158910981726,431.25637149379327,5718.0,565.7909763085642,426.44145791624726,5713.301130312005,5762.313920958512,0.6492992669119804,0.12409816065110678,5757.063622327476,0.6458703155131966,0.12337892967430432,0.23284572062038933,0.18916360740513483,8.0,7.975549699636758,1.3864935972218717e-05,-0.00012038010370428454,-1.3105993293221445,0.1658991828762737,14.537274908498148,14.309533154071687,0.0012986521237483561,-0.00047524291671621754,5.0,5.0,5.0
0,1713,568.348726500431,431.44554780159433,5726.0,574.5049589503327,423.5389726813905,5719.801639194978,5770.289553881372,0.6493131431158479,0.12397811325266725,5764.16273199986,0.6352743471998167,0.12414433923546708,0.23283540225838806,0.18917630780106265,8.0,7.975632922859404,1.3876203867502213e-05,-0.0001200473984395295,8.713982641768553,-2.9024852348567833,6.500508882973008,7.099109672383747,-0.010595968313379944,0.0007654095611627637,5.0,5.0,5.0
0,1714,568.5815515836357,431.6347368092247,5734.0,552.0037909497951,430.48821977561505,5736.013820731802,5778.265269682729,0.6493270305733922,0.12385839718519523,5778.571003649153,0.66234210993894,0.12143897787438163,0.23282508320471607,0.18918900763037527,8.0,7.9757158013571825,1.3887457544381476e-05,-0.0001197160674720199,-22.501168000537632,6.9492470942245745,16.212181536824573,14.408271649293056,0.02706776273912337,-0.0027053613610854566,5.0,5.0,5.0
0,1715,568.8143663470937,431.82393851612414,5742.0,557.9339350271953,422.153286321315,5726.582028943795,5786.241068019757,0.6493409292704271,0.1237390110819333,5769.163319514265,0.6477350777864315,0.12157253564355971,0.2328147634580091,0.18920170689943916,8.0,7.975798337028209,1.3898697034830931e-05,-0.00011938610326192589,5.9301440774002,-8.334933454300028,-9.431791788007104,-9.407684134887859,-0.014607032152508581,0.0001335577691780887,5.0,5.0,5.0
0,1716,569.0471707901124,432.01315292172967,5750.0,559.7265545768482,423.06833108947376,5741.630622275334,5794.216948551513,0.6493548391927865,0.12361995358361161,5784.341175217722,0.647233487568226,0.12159710528928609,0.23280444301872194,0.18921440560552583,8.0,7.975880531756047,1.3909922359389704e-05,-0.00011905749832169521,1.7926195496529544,0.9150447681587366,15.048593331538541,15.177855703456771,-0.0005015902182055054,2.456964572637721e-05,5.0,5.0,5.0
0,1717,569.2799649119988,432.2023800254774,5758.0,556.375034682087,423.450984299834,5758.721865344992,5802.192910938923,0.6493687603263278,0.1235012233383969,5801.012104600756,0.6505604509778642,0.12082237702947865,0.2327941218863998,0.18922710374772578,8.0,7.975962387409709,1.3921133541372477e-05,-0.0001187302452147071,-3.3515198947612816,0.3826532103602176,17.09124306965805,16.67092938303449,0.0033269634096382283,-0.0007747282598074418,5.0,5.0,5.0
0,1718,569.5127487120603,432.39161982680434,5766.0,569.8795700533583,440.56057810106796,5757.776825116854,5810.168954844774,0.649382692656933,0.1233828190018422,5802.658900469134,0.658107312597738,0.12445669661424916,0.23278380006149746,0.1892398013269485,8.0,7.976043905850929,1.3932330605204157e-05,-0.00011840433655470328,13.504535371271345,17.109593801233984,-0.9450402281381685,1.6467958683779216,0.007546861619873835,0.0036343195847705068,5.0,5.0,5.0
0,1719,569.7455221896048,432.58087232514936,5774.0,567.9555772606539,417.2729242124197,5767.586747440761,5818.145079933697,0.6493966361705092,0.12326473923683656,5810.485962488557,0.6336323664380717,0.12159088153138278,0.23277347754446964,0.189252498345013,8.0,7.976125088923254,1.394351357619783e-05,-0.00011807976500563533,-1.9239927927044391,-23.287653888648265,9.809922323907813,7.827062019422556,-0.024474946159666278,-0.002865815082866374,5.0,5.0,5.0
0,1720,569.9782853439397,432.77013751994764,5782.0,567.9951003612084,429.3763531024264,5776.849863144759,5826.121285872158,0.6494105908529838,0.12314698271355462,5820.564992159567,0.6472987578483941,0.12263671147042562,0.2327631543348616,0.1892651947982813,8.0,7.976205938461135,1.3954682474559554e-05,-0.0001177565232819422,0.0395231005545611,12.103428890006683,9.263115703997755,10.079029671010176,0.013666391410322332,0.0010458299390428416,5.0,5.0,5.0
0,1721,570.2110381743719,432.9594154106353,5790.0,568.713110349231,433.06406352178635,5780.741564852138,5834.097572328442,0.6494245566903089,0.12302954810940758,5824.770564117203,0.6508083645443599,0.12303224249429655,0.23275283043221862,0.18927789068766288,8.0,7.97628645628356,1.3965837325047303e-05,-0.00011743460414703755,0.7180099880225725,3.6877104193599735,3.8917017073790703,4.205571957636494,0.0035096066959657835,0.00039553102387092365,5.0,5.0,5.0
0,1722,570.4437806802098,433.1487059966512,5798.0,560.7769348585857,426.49268619938084,5785.05676183242,5842.0739389726405,0.6494385336684623,0.12291243410899469,5827.799629334726,0.650211970272879,0.1211881942400717,0.2327425058379049,0.18929058601588622,8.0,7.976366644198606,1.3976978153418251e-05,-0.00011711400041289344,-7.936175490645269,-6.57137732240551,4.315196980282053,3.029065217522657,-0.0005963942714808379,-0.0018440482542248504,5.0,5.0,5.0
0,1723,570.6765128607599,433.3380092774314,5806.0,568.8894867608778,424.99226548090564,5807.609783664934,5850.050385476645,0.6494525217734439,0.12279563940405348,5850.861908572643,0.6416142407881924,0.12166809342756238,0.23273218055010148,0.18930328078022285,8.0,7.976446504004343,1.3988104981654814e-05,-0.00011679470494120603,8.112551902292125,-1.5004207184751976,22.553021832513878,23.06227923791721,-0.008597729484686623,0.0004798991874906816,5.0,5.0,5.0
0,1724,570.9092347153301,433.5273252524112,5814.0,568.3797740651256,430.0822972766858,5809.968786666506,5858.026911514128,0.6494665209912749,0.12267916269341228,5853.525745397913,0.6477633905977047,0.12206880076396842,0.23272185457017258,0.18931597497976327,8.0,7.9765260374833815,1.3999217830962252e-05,-0.00011647671064120291,-0.5097126957522278,5.090031795780135,2.3590030015720913,2.6638368252697546,0.006149149809512311,0.00040070733640604206,5.0,5.0,5.0
0,1725,571.1419462432291,433.71665392103023,5822.0,562.8038233020268,436.11644274233754,5813.79568834489,5866.003516760535,0.6494805313080043,0.12256300268294273,5857.231940172016,0.659247323340672,0.12186071209144782,0.23271152789902771,0.18932866861905495,8.0,7.976605246406507,1.4010316729429206e-05,-0.00011616001046954594,-5.575950763098831,6.034145465651761,3.826901678383365,3.7061947741030963,0.011483932742967329,-0.0002080886725206038,5.0,5.0,5.0
0,1726,571.3746474437626,433.9059952827238,5830.0,572.7683012291071,431.5597523222604,5826.559472721303,5873.980200893068,0.649494552709702,0.12244715808551099,5870.528309775507,0.6457137803978692,0.12246735277031243,0.23270120053348364,0.18934136169355043,8.0,7.976684132533592,1.4021401697705826e-05,-0.0001158445974317468,9.964477927080338,-4.556690420077132,12.763784376413241,13.296369603491257,-0.013533542942802845,0.0006066406788646089,5.0,5.0,5.0
0,1727,571.6073383162397,434.09534933692703,5838.0,566.110291671257,432.3207635919236,5828.426000316842,5881.956963590683,0.6495085851824584,0.12233162762093183,5871.791187204991,0.6521918961329438,0.12160962652270144,0.23269087247717835,0.1893540542032497,8.0,7.976762697614504,1.4032472756331238e-05,-0.0001155304645791555,-6.658009557850164,0.7610112696631859,1.8665275955390825,1.2628774294835239,0.006478115735074619,-0.0008577262476109904,5.0,5.0,5.0
0,1728,571.8400188599676,434.2847160830788,5846.0,574.8611604010727,434.83409888926303,5845.606617010551,5889.9338045340655,0.649522628712393,0.12221641001592164,5889.877992635505,0.6475946296475014,0.12268621394061836,0.23268054372783809,0.18936674615179072,8.0,7.97684094338274,1.4043529934615329e-05,-0.00011521760501019551,8.750868729815693,2.513335297339438,17.180616693709453,18.086805430513778,-0.004597266485442453,0.0010765874179169271,5.0,5.0,5.0
0,1729,572.0726890742544,434.47409552061526,5854.0,566.6156529786765,428.00456845637297,5843.367860875947,5897.910723405628,0.6495366832856442,0.12210150400405198,5886.3561875185505,0.6469291748115118,0.12092933356922793,0.2326702142868271,0.18937943753644504,8.0,7.976918871562702,1.4054573251209845e-05,-0.00011490601186965599,-8.245507422396145,-6.829530432890067,-2.2387561346040457,-3.521805116954056,-0.0006654548359895651,-0.0017568803713904346,5.0,5.0,5.0
0,1730,572.3053489584076,434.66348764897157,5862.0,565.511386340358,431.7445041811893,5860.537127980556,5905.887719889498,0.649550748888374,0.12198690832570339,5903.566877186185,0.6520590863876211,0.12081095132518806,0.2326598841532359,0.18939212835630315,8.0,7.976996483869698,1.4065602729873561e-05,-0.00011459567834859463,-1.1042666383185633,3.7399357248163483,17.16926710460848,17.210689667634142,0.005129911576109314,-0.00011838224403987185,5.0,5.0,5.0
0,1731,572.5379985117347,434.85289246758657,5870.0,571.3731083554587,432.89074853163953,5860.9315676668575,5913.8647936715,0.649564825506771,0.12187262172802033,5904.606715945605,0.6483679419045333,0.12170397593880743,0.2326495533270645,0.18940481861500302,8.0,7.977073782001753,1.407661839691876e-05,-0.00011428659768306093,5.861722015100781,1.1462443504502176,0.39443968630166637,1.0398387594204905,-0.003691144483087827,0.0008930246136193698,5.0,5.0,5.0
0,1732,572.7706377335444,435.04230997589457,5878.0,568.7612433897874,439.2657289840635,5877.452529498646,5921.84194443915,0.6495789131270409,0.12175864296486551,5921.223857375452,0.6576335985578743,0.12166678086291763,0.2326392218096771,0.1894175083079972,8.0,7.977150767650528,1.4087620269886969e-05,-0.00011397876315481781,-2.611864965671316,6.3749804524239835,16.520961831788554,16.617141429846924,0.009265656653341003,-3.71950758897982e-05,5.0,5.0,5.0
0,1733,573.0032666231427,435.2317401733335,5886.0,575.3548991389753,430.9103309338815,5880.533961714664,5929.819171881644,0.649593011735419,0.12164497079677518,5924.3055836231415,0.6428268539856706,0.12163550217747185,0.23262888959834527,0.18943019743892364,8.0,7.977227442494041,1.4098608378088073e-05,-0.00011367216809032854,6.59365574918786,-8.355398050182032,3.0814322160176744,3.081726247689403,-0.014806744572203656,-3.1278685445779164e-05,5.0,5.0,5.0
0,1734,573.2358851798399,435.42118305933855,5894.0,563.5131426281974,425.265440751687,5890.385836166856,5937.796475689842,0.6496071213181567,0.12153160399091488,5932.541028592011,0.6464820590476461,0.11928275528577206,0.2326185566971617,0.18944288600505388,8.0,7.977303808197576,1.410958273773133e-05,-0.00011336680586029879,-11.841756510777827,-5.6448901821945014,9.851874452192533,8.23544496886916,0.003655205061975475,-0.0023527468916997862,5.0,5.0,5.0
0,1735,573.4684934029419,435.61063863334675,5902.0,563.8601947404103,438.19294132647764,5896.161018957054,5945.773855556264,0.6496212418615345,0.12141854132103463,5939.247943511849,0.6606397232830871,0.12052715933592695,0.23260822310203366,0.1894555740082069,8.0,7.97737986642187,1.412054337779356e-05,-0.0001130626698802456,0.34705211221285026,12.927500574790656,5.775182790197505,6.7069149198387095,0.014157664235440959,0.0012444040501548848,5.0,5.0,5.0
0,1736,573.7010912917581,435.8001068947942,5910.0,566.7972713471972,435.2707619636705,5903.662930624486,5953.75131117507,0.6496353733518516,0.12130578156742597,5946.760107945902,0.6548891466144011,0.1204652633677496,0.2325978888161444,0.1894682614474732,8.0,7.977455618806744,1.4131490317148554e-05,-0.00011275975360866552,2.9370766067869454,-2.922179362807128,7.5019116674320685,7.512164434052465,-0.005750576668685947,-6.18959681773501e-05,5.0,5.0,5.0
0,1737,573.9336788455958,435.989587843118,5918.0,563.8388592648811,433.90673144084286,5916.410687521369,5961.72884224206,0.6496495157754327,0.12119332351687787,5959.035554032538,0.6559012069858103,0.1196789418372038,0.23258755383767493,0.18948094832376228,8.0,7.977531066989286,1.4142423581109398e-05,-0.0001124580505481032,-2.9584120823161584,-1.3640305228276475,12.747756896883402,12.275446086636293,0.001012060371409218,-0.0007863215305457943,5.0,5.0,5.0
0,1738,574.1662560637633,436.17908147775324,5926.0,566.055507506244,438.7105174596383,5927.979164951098,5969.706448454653,0.6496636691186228,0.12108116596263375,5971.082208092782,0.6593293818623032,0.12022756091993031,0.23257721816753474,0.18949363463525515,8.0,7.977606212592946,1.4153343190104195e-05,-0.00011215755424411056,2.2166482413629183,4.803786018795449,11.568477429728773,12.046654060243782,0.003428174876492829,0.0005486190827265064,5.0,5.0,5.0
0,1739,574.3988229455672,436.368587798137,5934.0,576.5312735774914,429.8544742528809,5930.027044269979,5977.684129511879,0.6496778333677931,0.12096930770434876,5973.473355111032,0.6406710815242028,0.12068173987634145,0.23256688180390483,0.1895063203837708,8.0,7.977681057226619,1.4164249170223187e-05,-0.00011185825828499696,10.475766071247449,-8.85604320675742,2.0478793188813142,2.3911470182501944,-0.018658300338100342,0.00045417895641114425,5.0,5.0,5.0
0,1740,574.6313794903185,436.5581068037054,5942.0,572.1619428957504,434.0005093114168,5940.228388652854,5985.661885114376,0.6496920085093324,0.12085774754804794,5983.480512238515,0.6489363420196567,0.12031055598071298,0.2325565447513327,0.18951900556839973,8.0,7.977755602496472,1.4175141539340963e-05,-0.00011156015630081617,-4.369330681741076,4.146035058535915,10.201344382874595,10.00715712748297,0.008265260495453841,-0.0003711838956284713,5.0,5.0,5.0
0,1741,574.863925697322,436.74763849389365,5950.0,565.8868102770582,427.840614340234,5952.745077578515,5993.639714964366,0.6497061945296572,0.12074648430608259,5994.868591717403,0.6473640046238972,0.11861567663127631,0.23254620700345185,0.18953169018823246,8.0,7.977829849990485,1.4186020324769011e-05,-0.00011126324196535087,-6.275132618692169,-6.15989497118278,12.516688925660674,11.388079478888358,-0.00157233739575946,-0.0016948793494366704,5.0,5.0,5.0
0,1742,575.0964615658877,436.93718286813873,5958.0,571.2791624470971,415.4378898961928,5965.764489834613,6001.6176187656565,0.6497203914152033,0.12063551679709039,6007.436597250054,0.6287529340850251,0.11785404721075693,0.23253586856571928,0.18954437424508797,8.0,7.977903801290267,1.4196885546158278e-05,-0.00011096750899219909,5.392352170038862,-12.402724444041212,13.019412256098803,12.568005532650204,-0.01861107053887212,-0.000761629420519383,5.0,5.0,5.0
0,1743,575.328987095324,437.1267399258768,5966.0,579.8581002394599,428.415944015782,5957.592626368144,6009.595596223622,0.6497345991524303,0.12052484384595283,6001.057035161083,0.6363132095210217,0.1204288344481807,0.232525529436316,0.18955705773805676,8.0,7.977977457965608,1.420773722693447e-05,-0.0001106729511375637,8.578937792362808,12.97805411958916,-8.171863466469404,-6.379562088970488,0.007560275435996577,0.00257478723742377,5.0,5.0,5.0
0,1744,575.5615022849383,437.3163096665421,5974.0,572.3260093002326,426.4900726572093,5969.05367772782,6017.573647045199,0.6497488177278187,0.12041446428375398,6011.576552834764,0.6404138576868073,0.11901136829593063,0.23251518961433248,0.18956974066531984,8.0,7.978050821577199,1.4218575388413868e-05,-0.0001103795621988507,-7.53209093922726,-1.9258713585726923,11.461051359676276,10.519517673680639,0.004100648165785592,-0.001417466152250066,5.0,5.0,5.0
0,1745,575.7940071340386,437.50589208957354,5982.0,570.9051456122452,432.5123274641069,5975.665426491104,6025.5517709388705,0.6497630471278761,0.12030437694774061,6018.436415553135,0.6483413698929157,0.11929035762516538,0.2325048491002235,0.1895824230314247,8.0,7.978123893671182,1.422940005746387e-05,-0.00011008733601336473,-1.4208636879874348,6.0222548068975925,6.6117487632836855,6.859862718371005,0.007927512206108434,0.00027898932923474395,5.0,5.0,5.0
0,1746,576.0265016419344,437.69548719440536,5990.0,568.1758890978185,431.96798916438394,5986.510914185909,6033.529967614662,0.6497772873391265,0.12019458068128101,6028.908119243635,0.6500425836493898,0.11866403611563565,0.23249450789580806,0.18959510483182385,8.0,7.978196675791878,1.4240211250404755e-05,-0.00010979626645959972,-2.729256514426652,-0.5443382997229378,10.845487694805342,10.471703690500362,0.0017012137564741403,-0.0006263215095297231,5.0,5.0,5.0
0,1747,576.2589858079323,437.8850949804746,5998.0,578.8591257820433,442.1889263899425,5989.714082254784,6041.508236784126,0.6497915383481216,0.12008507433382498,6033.844853928904,0.6523362164097299,0.12101905089120782,0.2324841659979029,0.18960778606924578,8.0,7.978269169463601,1.425100899510312e-05,-0.0001095063474560315,10.683236684224767,10.220937225558544,3.2031680688751294,4.936734685268675,0.002293632760340114,0.0023550147755721645,5.0,5.0,5.0
0,1748,576.491459631342,438.07471544721466,6006.0,565.3813110578515,436.773792099352,5998.066542898458,6049.486578160334,0.6498058001414285,0.11997585676086397,6040.466010615091,0.6577648175101454,0.11855348904532709,0.23247382340969125,0.1896204667400525,8.0,7.978341376207936,1.4261793306880044e-05,-0.00010921757296100676,-13.47781472419183,-5.4151342905904585,8.352460643673112,6.621156686187533,0.005428601100415431,-0.0024655618458807316,5.0,5.0,5.0
0,1749,576.7239231114713,438.26434859406436,6014.0,575.3894735556573,437.51559270277477,6009.842484550821,6057.464991457868,0.6498200727056449,0.1198669268238921,6053.15617089537,0.6501123179833285,0.11970049341214788,0.23246348012935414,0.189633146849701,8.0,7.978413297533734,1.4272564216377681e-05,-0.00010892993697186881,10.00816249780587,0.741800603422746,11.775941652363144,12.690160280279088,-0.007652499526816903,0.001147004366820789,5.0,5.0,5.0
0,1750,576.9563762476287,438.4539944204571,6022.0,576.8022204098205,426.56161220452776,6010.178809833241,6065.443476392807,0.6498343560273838,0.11975828339036601,6052.84271534002,0.6367655183521669,0.11880125663796282,0.2324531361573463,0.1896458263927343,8.0,7.978484934938933,1.428332173891711e-05,-0.00010864343352609551,1.4127468541631742,-10.953980498247006,0.33632528242014814,-0.31345555535062886,-0.013346799631161588,-0.000899236774185061,5.0,5.0,5.0
0,1751,577.1888190391223,438.6436529258299,6030.0,570.5764495378193,435.67311079485194,6019.910361325923,6073.422032682719,0.6498486500932845,0.11964992533366683,6062.564581316726,0.6521273338996741,0.11869236123711205,0.23244279149366776,0.1896585053727904,8.0,7.978556289912376,1.4294065900699593e-05,-0.00010835805669917598,-6.225770872001249,9.111498590324175,9.731551492682229,9.721865976705885,0.015361815547507263,-0.00010889540085076699,5.0,5.0,5.0
0,1752,577.4212514852607,438.83332410961793,6038.0,565.7270354958229,439.550403529505,6034.658432705653,6081.400660046656,0.6498629548900068,0.11954185153306103,6077.034970720449,0.660536874067861,0.11816383014240042,0.23243244613831848,0.18967118378805026,8.0,7.9786273639374485,1.4304796722264257e-05,-0.00010807380060580407,-4.849414041996397,3.8772927346530537,14.748071379729481,14.470389403722947,0.008409540168186846,-0.0005285310947116262,5.0,5.0,5.0
0,1753,577.6536735853524,439.02300797125827,6046.0,568.0692708491897,432.41442854619373,6046.499457807649,6089.379358205135,0.6498772704042339,0.11943406087366261,6088.5006879991615,0.6506307698628249,0.11752785317530373,0.23242210009175324,0.1896838616403329,8.0,7.978698158478437,1.431551422714783e-05,-0.00010779065939842125,2.3422353533668456,-7.135974983311257,11.84102510199682,11.465717278712873,-0.009906104205036126,-0.0006359769670966908,5.0,5.0,5.0
0,1754,577.8860853387064,439.2127045101852,6054.0,569.4393143139586,439.28873627417636,6041.111369253947,6097.358126880136,0.6498915966226683,0.11932655224639449,6083.77040183413,0.657082619703933,0.11849177045927349,0.23241175335397202,0.18969653892690985,8.0,7.978768675001447,1.4326218434335125e-05,-0.0001075086272681186,1.3700434647688553,6.874307727982625,-5.388088553702801,-4.73028616503143,0.006451849841108137,0.0009639172839697591,5.0,5.0,5.0
0,1755,578.11848674463,439.4024137258348,6062.0,569.6144824960368,438.1990957435394,6054.345075598365,6105.33696579509,0.6499059335320375,0.11921932454795119,6096.849465141964,0.6557332456940512,0.1181494718575987,0.23240140592361058,0.18970921564960008,8.0,7.978838914953485,1.433690936925025e-05,-0.0001072276984433046,0.1751681820782096,-1.0896405306369843,13.233706344418351,13.079063307834076,-0.0013493740098817764,-0.0003422986016747842,5.0,5.0,5.0
0,1756,578.3508778024329,439.59213561764227,6070.0,572.7533404679048,436.20267670959163,6061.145067852418,6113.315874674866,0.6499202811190885,0.11911237668076156,6103.752837209044,0.6508769411554844,0.11822624254574605,0.23239105780294267,0.1897218918074941,8.0,7.9789088797761,1.4347587050989041e-05,-0.00010694786718962179,3.138857971867992,-1.9964190339477454,6.799992254052995,6.903372067079545,-0.00485630453856678,7.677068814734844e-05,5.0,5.0,5.0
0,1757,578.5832585114226,439.78187018504286,6078.0,569.0603174170597,435.21532868042505,6067.918133448518,6121.294853245769,0.6499346393705916,0.11900570755295115,6110.063215827686,0.6529037972348399,0.11752101946071705,0.23238070898969454,0.1897345674005919,8.0,7.978978570903564,1.4358251503088226e-05,-0.00010666912781041871,-3.693023050845113,-0.9873480291665828,6.773065596100423,6.310378618642062,0.002026856079355488,-0.0007052230850290025,5.0,5.0,5.0
0,1758,578.8156288709092,439.97161742747267,6086.0,573.1535184427809,441.7532491636659,6084.984754354218,6129.273901235527,0.649949008273338,0.11889931607830616,6127.8618089488,0.6566441053709373,0.11836588408931058,0.23237035948659468,0.189747242429803,8.0,7.979047989757419,1.4368902746419998e-05,-0.00010639147464498733,4.093201025721214,6.537920483240839,17.066620905699892,17.79859312111421,0.003740308136097381,0.0008448646285935252,5.0,5.0,5.0
0,1759,579.0479888802006,440.1613773443678,6094.0,568.7932912090672,428.6954101169148,6088.437725963804,6137.253018373277,0.6499633878141428,0.11879320117623611,6129.957545180802,0.6458603166802794,0.11645534571025544,0.23236000929136935,0.1897599168951274,8.0,7.979117137750109,1.437954080474313e-05,-0.00010611490207004803,-4.360227233713658,-13.057839046751099,3.452971609585802,2.0957362320023094,-0.01078378869065788,-0.0019105383790551378,5.0,5.0,5.0
0,1760,579.2803385386046,440.35114993516254,6102.0,575.0551819391897,433.2689753679797,6101.6277373673765,6145.232204389564,0.6499777779798407,0.11868736177173773,6143.962199810678,0.6456984093932175,0.11745930942855821,0.23234965840401856,0.18977259079474607,8.0,7.979186016286803,1.4390165697930613e-05,-0.0001058394044983757,6.261890730122445,4.573565251064906,13.190011403572498,14.004654629875404,-0.00016190728706189095,0.001003963718302775,5.0,5.0,5.0
0,1761,579.5126778454314,440.540935199293,6110.0,571.9860908268167,436.6184261846865,6104.828195798664,6153.211459016328,0.6499921787572883,0.11858179679535964,6147.091266477317,0.6519825984748516,0.11733020535095663,0.23233930682681603,0.18978526413047803,8.0,7.979254626764487,1.4400777447631796e-05,-0.00010556497637809192,-3.0690911123729165,3.349450816706792,3.2004584312871884,3.129066666639119,0.006284189081634084,-0.00012910407760158282,5.0,5.0,5.0
0,1762,579.7450067999889,440.73073313619443,6118.0,580.9343828303992,439.6950124406744,6114.368812130754,6161.190781986895,0.6500065901333649,0.1184765051831657,6157.623115446169,0.6478869383331748,0.11859808053828814,0.23232895455748803,0.18979793690141378,8.0,7.9793229705665,1.4411376076606253e-05,-0.00010529161219394179,8.948292003582424,3.076586255987934,9.540616332090394,10.5318489688525,-0.004095660141676838,0.001267875187331513,5.0,5.0,5.0
0,1763,579.9773254015863,440.9205437453011,6126.0,573.9919315088848,442.10803304540354,6115.147344343524,6169.170173035967,0.6500210120949697,0.11837148587670011,6157.917934931597,0.6563255285374026,0.11792947475326045,0.2323186015973988,0.18981060910664382,8.0,7.979391049072547,1.4421961604726974e-05,-0.00010501930646558688,-6.942451321514341,2.4130206047291267,0.7785322127701875,0.2948194854279791,0.00843859020422777,-0.0006686057850276983,5.0,5.0,5.0
0,1764,580.209633649532,441.11036702604906,6134.0,578.363618363352,436.5535451558721,6126.27259920766,6177.149631899618,0.6500354446290252,0.11826673782295226,6168.9787998206875,0.646571199102741,0.11773475585869296,0.23230824794563887,0.18982328074798716,8.0,7.979458863650507,1.4432534055530688e-05,-0.00010474805374785512,4.371686854467157,-5.554487889531458,11.125254864135968,11.060864889090226,-0.00975432943466159,-0.00019471889456748603,5.0,5.0,5.0
0,1765,580.4419315431351,441.3002029778745,6142.0,586.2085223805065,430.28234462507965,6139.01079531237,6185.129158315276,0.650049887722476,0.11816225997432177,6181.92824875616,0.6331880868273794,0.11790210652533933,0.2322978936031177,0.18983595182544377,8.0,7.979526415658256,1.4443093450777766e-05,-0.00010447784863049092,7.844904017154477,-6.271200530792441,12.73819610470946,12.949448935472901,-0.013383112275361597,0.00016735066664637366,5.0,5.0,5.0
0,1766,580.6742190817045,441.4900516002117,6150.0,580.093674174175,431.1409529751701,6144.8202291436455,6193.108752021726,0.6500643413622857,0.11805805128858367,6187.180847578499,0.6391519134440224,0.11708407622616417,0.23228753856938056,0.18984862233719468,8.0,7.979593706450032,1.445363980978609e-05,-0.00010420868573809972,-6.1148482063314304,0.8586083500904351,5.809433831275783,5.2525988223387685,0.005963826616643075,-0.0008180302991751681,5.0,5.0,5.0
0,1767,580.906496264548,441.67991289249494,6158.0,574.1906835190837,443.5247197244556,6145.69854933844,6201.0884127590925,0.650078805535441,0.11795411072885406,6188.3777985339075,0.6577052934275931,0.11751272272880264,0.23227718284351795,0.1898612922832399,8.0,7.97966073736643,1.4464173155204207e-05,-0.0001039405597296067,-5.902990655091344,12.383766749285542,0.878320194794469,1.1969509554082833,0.01855337998357065,0.00042864650263847726,5.0,5.0,5.0
0,1768,581.1387630909767,441.86978685416216,6166.0,576.0281219350601,431.38441573263856,6160.455803585599,6209.068140268832,0.6500932802289505,0.1178504372635569,6202.347669981788,0.6427933504905372,0.11629111781236104,0.2322668264287131,0.18987396166721737,8.0,7.97972750973986,1.4474693509569647e-05,-0.00010367346529716048,1.8374384159764077,-12.140303991817063,14.757254247158926,13.969871447880905,-0.014911942937055889,-0.0012216049164416043,5.0,5.0,5.0
0,1769,581.3710195602976,442.059673484644,6174.0,574.7984709434197,444.7093848524146,6168.156690005564,6217.04793429373,0.6501077654298405,0.11774702986638817,6210.822543885399,0.6584841056309605,0.11728152139103844,0.2322564693208733,0.18988663048185117,8.0,7.979794024897274,1.4485200889979843e-05,-0.00010340739716872827,-1.2296509916403693,13.324969119776028,7.7008864199651725,8.474873903610387,0.015690755140423285,0.0009904035786773985,5.0,5.0,5.0
0,1770,581.6032656718203,442.24957278337934,6182.0,572.3179271642834,433.25783304293935,6175.088377988816,6225.027794577885,0.6501222611251647,0.11764388751628474,6216.669255768657,0.6479806965963915,0.11572449905784975,0.232246111522727,0.18989929873532674,8.0,7.97986028415562,1.4495695324190372e-05,-0.00010314235010343287,-2.4805437791362692,-11.451551809475234,6.931687983252232,5.846711883258649,-0.010503409034569033,-0.00155702233318869,5.0,5.0,5.0
0,1771,581.8355014248546,442.43948474980243,6190.0,578.5473708236798,431.9331807598092,6181.76480926077,6233.007720866707,0.6501367673019935,0.11754100919738937,6223.78498101783,0.6413101390369155,0.11626828565160033,0.23223575303427424,0.1899119664230966,8.0,7.979926288821844,1.4506176828854578e-05,-0.00010287831889536914,6.229443659396338,-1.324652283130149,6.676431271953334,7.1157252491730105,-0.006670557559475987,0.0005437865937505809,5.0,5.0,5.0
0,1772,582.0677268187083,442.6294093833467,6198.0,572.773729610693,434.8748738604271,6190.022128474176,6240.987712906905,0.6501512839474191,0.11743839389901783,6231.657873491389,0.6493909067832235,0.11566140643170739,0.232225393853696,0.18992463354425126,8.0,7.9799920401974305,1.4516645425510788e-05,-0.00010261529837153616,-5.773641212986831,2.941693100617897,8.257319213405935,7.87289247355875,0.00808076774630806,-0.0006068792198929418,5.0,5.0,5.0
0,1773,582.2999418526915,442.8193466834482,6206.0,581.4154323663574,435.8858803300999,6195.604425594378,6248.967770446477,0.6501658110485559,0.1173360406156269,6238.072988039619,0.6433076835261242,0.11675359140052907,0.23221503398326604,0.1899373001015192,8.0,7.980057539572044,1.4527101136807552e-05,-0.00010235328339093519,8.641702755664483,1.0110064696727932,5.582297120202384,6.415114548230122,-0.006083223257099313,0.0010921849688216856,5.0,5.0,5.0
0,1774,582.5321465261127,443.0092966495431,6214.0,581.1932886809216,436.0832125301001,6210.94348421583,6256.947893234707,0.650180348592541,0.11723394834678108,6253.300981975951,0.6437083698290387,0.11645842984123135,0.23220467342116535,0.18994996609490045,8.0,7.980122788230801,1.4537543985171375e-05,-0.00010209226884581868,-0.22214368543586716,0.19733220000023266,15.33905862145184,15.227993936331586,0.00040068630291445473,-0.00029516155929772137,5.0,5.0,5.0
0,1775,582.764340838281,443.19925928106295,6222.0,583.8812877179647,432.8674133730359,6221.428474377453,6264.928081022156,0.6501948965665271,0.11713211609712011,6263.74199799944,0.6379498442783863,0.11630073241020801,0.23219431216830344,0.1899626315198475,8.0,7.980187787448813,1.4547973986034357e-05,-0.0001018322496609686,2.6879990370431415,-3.2157991570642253,10.4849901616235,10.441016023489283,-0.005758525550652371,-0.00015769743102334033,5.0,5.0,5.0
0,1776,582.9965247885061,443.38923457744477,6230.0,580.7712912930012,438.66487349476284,6228.733627457819,6272.90833356065,0.6502094549576934,0.11703054287632783,6271.111924200696,0.6468936072997938,0.11632132582205276,0.23218395022513505,0.18997529638181732,8.0,7.9802525384939145,1.4558391166374918e-05,-0.00010157322079228093,-3.1099964249634695,5.797460121726942,7.305153080365926,7.369926201256021,0.008943763021407536,2.0593411844752052e-05,5.0,5.0,5.0
0,1777,583.2286983760973,443.57922253812467,6238.0,576.7009087238708,447.0468651954672,6235.864989736469,6280.888650603273,0.65022402375324,0.11692922769909966,6278.411185007322,0.6594223573008714,0.11648393756963096,0.23217358759120543,0.18998796067990043,8.0,7.980317042623028,1.4568795546510138e-05,-0.0001013151772281673,-4.070382569130402,8.381991700704361,7.131362278650158,7.29926080662608,0.01252875000107756,0.00016261174757820074,5.0,5.0,5.0
0,1778,583.4608616003629,443.7692231625342,6246.0,568.8300144426715,437.93910410508954,6242.83455719209,6288.869031904363,0.650238602940383,0.11682816958511048,6283.97498027379,0.6561124882347196,0.11449047979498418,0.2321632242656051,0.19000062440954935,8.0,7.980381301089437,1.4579187143093364e-05,-0.0001010581139891803,-7.870894281199298,-9.107761090377664,6.969567455620563,5.563795266467423,-0.003309869066151827,-0.0019934577746467813,5.0,5.0,5.0
0,1779,583.6930144606122,443.95923645011044,6254.0,578.6247245891624,438.8542338450966,6249.289544752399,6296.849477219499,0.6502531925063656,0.11672736755898461,6291.344802553846,0.6488831637046865,0.11568994784921421,0.23215286024924353,0.19001328757622105,8.0,7.980445315136421,1.4589565982547903e-05,-0.0001008020261258763,9.794710146490843,0.9151297400070462,6.454987560308837,7.369822280056724,-0.00722932453003311,0.0011994680542300323,5.0,5.0,5.0
0,1780,583.9251569561566,444.1492624002867,6262.0,570.8302349545917,442.22777541502705,6251.238865335394,6304.829986305499,0.6502677924384453,0.11662682065026381,6292.80540887501,0.6591287367724604,0.11500167092146464,0.23214249554439448,0.19002595017627755,8.0,7.980509085999984,1.4599932079750744e-05,-0.00010054690872079997,-7.794489634570709,3.3735415699304667,1.9493205829949147,1.4606063211631408,0.010245573067773961,-0.0006882769277495732,5.0,5.0,5.0
0,1781,584.1572890863022,444.33930101249825,6270.0,572.4547329706539,440.3884921685074,6272.133331536399,6312.810558920403,0.6502824027239076,0.11652652789337622,6313.580836094906,0.6557380943428466,0.11464739581170857,0.23213213014560097,0.19003861221153784,8.0,7.980572614904304,1.4610285462235417e-05,-0.00010029275688758221,1.6244980160622617,-1.839283246519642,20.894466201005343,20.7754272198963,-0.0033906424296138438,-0.00035427510975606646,5.0,5.0,5.0
0,1782,584.3894108503605,444.52935228618026,6278.0,586.0311147897497,430.8655063783382,6271.519579487014,6320.791194823478,0.6502970233500539,0.11642648832760653,6313.559644762799,0.633978719719629,0.11546512386233622,0.23212176405831997,0.19005127368200192,8.0,7.980635903074472,1.4620626146322202e-05,-0.0001000395657696912,13.576381819095786,-9.52298579016923,-0.613752049384857,-0.021191332107264316,-0.02175937462321753,0.0008177280506276446,5.0,5.0,5.0
0,1783,584.6215222476412,444.719416220767,6286.0,583.1459348744249,434.4331953557138,6280.472233763045,6328.771893775197,0.6503116543042072,0.11632670099706492,6322.43013893045,0.6402818133110365,0.11527107604437352,0.2321113972807325,0.1900639345867603,8.0,7.980698951719205,1.463095415332738e-05,-9.978733054161193e-05,-2.885179915324784,3.56768897737561,8.952654276030444,8.870494167651486,0.00630309359140746,-0.00019404781796270032,5.0,5.0,5.0
0,1784,584.8536232774518,444.9094928156919,6294.0,571.9915097867947,450.22035349115083,6296.443611876172,6336.7526555372415,0.6503262955737121,0.11622716495065652,6338.381087588702,0.6668317431941759,0.11509771849698261,0.2321010298105648,0.19007659492490347,8.0,7.980761762044494,1.46412695049003e-05,-9.953604640840219e-05,-11.154425087630216,15.78715813543704,15.971378113127685,15.950948658251946,0.026549929883139423,-0.00017335754739090936,5.0,5.0,5.0
0,1785,585.0857139391037,445.09958207039017,6302.0,583.2165150437854,441.08800977146075,6300.944534850351,6344.73347987249,0.6503409471459326,0.1161278792420527,6343.232785184891,0.6475224139284158,0.11553434372687876,0.2320906616519096,0.19008925469825044,8.0,7.980824335248144,1.4651572220469866e-05,-9.928570860381902e-05,11.225005256990698,-9.132343719690084,4.500922974179048,4.851697596189297,-0.019309329265760122,0.0004366252298961537,5.0,5.0,5.0
0,1786,585.3177942319057,445.28968398429697,6310.0,577.6156148331132,440.9151061208692,6301.3935215346155,6352.714366545008,0.6503556090082554,0.11602884292966018,6343.154281786234,0.6519820003648649,0.1148114270487346,0.23208029280203846,0.1901019139068012,8.0,7.980886672517954,1.4661862322795649e-05,-9.90363123925253e-05,-5.600900210672194,-0.172903650591536,0.4489866842641277,-0.0785033986576309,0.004459586436449059,-0.0007229166781441698,5.0,5.0,5.0
0,1787,585.5498641551662,445.4797985568457,6318.0,580.8896828924534,444.5269755909369,6313.954842887388,6360.695315320047,0.6503702811480865,0.11593005507659165,6356.18303809291,0.6531911255266414,0.11533438264914059,0.23206992326049658,0.19011457254873676,8.0,7.980948775038996,1.4672139831084507e-05,-9.878785306852156e-05,3.274068059340152,3.6118694700676883,12.561321352772211,13.02875630667586,0.0012091251617765142,0.0005229556004059943,5.0,5.0,5.0
0,1788,585.7819237081962,445.6699257874707,6326.0,582.1625286808423,439.9945606220029,6324.074635554378,6368.676325964029,0.650384963552851,0.11583151475063715,6366.0371047645685,0.6471985461685901,0.11488141606015086,0.23205955303001247,0.19012723062496661,8.0,7.9810106439826995,1.46824047645433e-05,-9.854032595450757e-05,1.2728457883889632,-4.532414968934006,10.119792666990179,9.854066671658984,-0.005992579358051309,-0.0004529665889897311,5.0,5.0,5.0
0,1789,586.0139728903046,445.8600656756071,6334.0,587.005639588375,433.9422786646196,6331.6700580787365,6376.657398244549,0.6503996562099976,0.11573322102423428,6373.6117897540635,0.6365837270951352,0.1147846509535614,0.23204918210831238,0.19013988813640026,8.0,7.981072280519584,1.4692657146597732e-05,-9.829372640286771e-05,4.843110907532605,-6.052281957383286,7.5954225243585825,7.574684989494926,-0.010614819073454851,-9.676510658945814e-05,5.0,5.0,5.0
0,1790,586.2460117008013,446.0502182206883,6342.0,591.5243695827578,441.5819293919665,6332.881303274256,6384.638531930356,0.6504143591069926,0.11563517297443966,6375.757310432734,0.6412670996880474,0.116037925899718,0.23203881049676056,0.1901525450812187,8.0,7.9811336858074355,1.4702896995011372e-05,-9.804804979461623e-05,4.518729994382852,7.639650727346918,1.2112451955199504,2.1455206786704366,0.004683372592912183,0.0012532749461565962,5.0,5.0,5.0
0,1791,586.4780401389958,446.24038342214953,6350.0,574.8951453685827,437.9786506278421,6339.276337752298,6392.6197267913585,0.650429072231325,0.11553736968290014,6380.341230134979,0.6510363312832841,0.11351718083935937,0.23202843819444752,0.19016520146124094,8.0,7.981194861002223,1.4713124332321748e-05,-9.780329153952216e-05,-16.62922421417511,-3.6032787641244113,6.3950344780414525,4.583919702245112,0.009769231595236683,-0.0025207450603586257,5.0,5.0,5.0
0,1792,586.710058204198,446.4305612794242,6358.0,577.2218076758195,444.83680957143304,6352.698973042973,6400.600982598606,0.6504437955705018,0.11543981023582447,6394.360722113468,0.6565875456224486,0.11421450531048931,0.23201806520228274,0.19017785727464798,8.0,7.98125580724718,1.4723339176847539e-05,-9.755944707566522e-05,2.326662307236802,6.858158943590922,13.422635290675316,14.019491978488986,0.005551214339164501,0.0006973244711299398,5.0,5.0,5.0
0,1793,586.9420658957174,446.62075179194653,6366.0,587.7924343169702,430.7684765464927,6361.205384449444,6408.582299124288,0.6504585291120523,0.11534249372395491,6402.811520681759,0.6324397590785212,0.11406273667140718,0.23200769151935674,0.1901905125223493,8.0,7.981316525681905,1.4733541550460139e-05,-9.73165118695607e-05,10.570626641150739,-14.06833302494033,8.506411406470761,8.450798568291248,-0.024147786543927352,-0.000151768639082131,5.0,5.0,5.0
0,1794,587.1740632128631,446.8109549591509,6374.0,581.2927995468945,438.0788889855453,6362.682984536398,6416.563676141725,0.6504732728435257,0.11524541924253932,6404.182164296147,0.645819382122151,0.11390366924138448,0.2319973171456695,0.19020316720434494,8.0,7.981377017437808,1.4743731473476629e-05,-9.70744814155905e-05,-6.499634770075772,7.310412439052584,1.4776000869542258,1.370643614387518,0.013379623043629718,-0.00015906743002269685,5.0,5.0,5.0
0,1795,587.4060501549461,447.0011707804724,6382.0,579.253557137224,442.9585113689309,6383.475573707805,6424.545113425366,0.6504880267524917,0.11514858589130365,6424.990842512891,0.6528465318098085,0.11374093565744418,0.23198694208304005,0.19021582132154435,8.0,7.981437283640844,1.4753908965992046e-05,-9.683335123567005e-05,-2.0392424096704644,4.879622383385595,20.79258917140669,20.80867821674383,0.007027149687657497,-0.00016273358394029713,5.0,5.0,5.0
0,1796,587.6380267212758,447.19139925534364,6390.0,585.177439187155,441.33116286952946,6379.905518654227,6432.526610750773,0.6505027908265381,0.11505199277442353,6421.8689069155,0.6461731697912892,0.11438164208093818,0.23197656632964936,0.19022847487121908,8.0,7.981497325406963,1.476407404632507e-05,-9.659311688012262e-05,5.923882049930967,-1.6273484994014211,-3.570055053577562,-3.1219355973908023,-0.006673362018519202,0.0006407064234939946,5.0,5.0,5.0
0,1797,587.8699929111608,447.3816403831979,6398.0,580.7327916760291,441.00983816825783,6394.603995213367,6440.508167894621,0.6505175650532745,0.11495563900049738,6436.046962871525,0.6494914960468517,0.11354398619387503,0.2319661898850427,0.1902411278542786,8.0,7.981557143847567,1.4774226736458118e-05,-9.635377392615274e-05,-4.444647511125822,-0.32132470127163515,14.698476559139635,14.178055956024764,0.003318326255562498,-0.0008376558870631517,5.0,5.0,5.0
0,1798,588.1019487239123,447.57189416347137,6406.0,588.3918679568346,437.4695960292484,6400.58584233096,6448.489784634689,0.650532349420332,0.11485952368251963,6442.443927794425,0.6393283782883873,0.11405511790368478,0.2319558127514938,0.1902537802734514,8.0,7.981616740068603,1.4784367057485426e-05,-9.611531797774908e-05,7.659076280805493,-3.540242139009422,5.981847117593134,6.396964922900224,-0.010163117758464457,0.0005111317098097506,5.0,5.0,5.0
0,1799,588.3338941588404,447.7621605955974,6414.0,589.7942246395523,440.943172792822,6407.20269021337,6456.471460749853,0.6505471439153595,0.11476364593785299,6449.382483814107,0.641977488850493,0.11443138004390627,0.23194543492809316,0.19026643212600902,8.0,7.981676115163282,1.4794495027503629e-05,-9.5877744666642e-05,1.4023566827177092,3.4735767635735897,6.616847882410184,6.938556019682437,0.0026491105621057054,0.0003762621402214894,5.0,5.0,5.0
0,1800,588.5658292152539,447.95243967900933,6422.0,586.7431871601972,434.64943700265553,6423.609096019751,6464.453196020079,0.6505619485260271,0.1146680048882017,6464.978075696259,0.6375761490402188,0.11318809008874255,0.23193505641347656,0.19027908341195143,8.0,7.981735270226636,1.4804610667606966e-05,-9.56410496512905e-05,-3.051037479355159,-6.2937357901664654,16.406405806380462,15.595591882151894,-0.004401339810274241,-0.0012432899551637205,5.0,5.0,5.0
0,1801,588.7977538924629,448.1427314131406,6430.0,588.2281909980026,443.5299736454686,6412.873416618046,6472.434990226417,0.6505767632400238,0.11457259965958526,6455.050480032913,0.6460626111889496,0.1143773687786923,0.23192467720900822,0.19029173413127864,8.0,7.981794206337327,1.4814713996669227e-05,-9.540522861643808e-05,1.4850038378053796,8.88053664281307,-10.735679401705056,-9.927595663346438,0.008486462148730833,0.001189278689949752,5.0,5.0,5.0
0,1802,589.0296681897789,448.3330357974273,6438.0,579.8617941522833,439.22055339536433,6432.88783344738,6480.416843150994,0.6505915880450606,0.11447742938231234,6473.8860256076305,0.6482567269246245,0.11260152875172177,0.2319142973160524,0.19030438428671914,8.0,7.981852924577652,1.482480503678385e-05,-9.517027727291849e-05,-8.366396845719237,-4.309420250104267,20.01441682933455,18.8355455747178,0.002194115735674962,-0.0017758400269705238,5.0,5.0,5.0
0,1803,589.2615721065099,448.52335283130105,6446.0,585.6853920848024,445.1771990832268,6443.258713973283,6488.398754577008,0.6506064229288664,0.11438249319095321,6485.120891107409,0.6499313800139314,0.11368437026338991,0.2319039167309711,0.19031703387372545,8.0,7.981911426013539,1.4834883805825427e-05,-9.493619135912679e-05,5.823597932519078,5.956645687862476,10.370880525902976,11.234865499778607,0.0016746530893068101,0.0010828415116681395,5.0,5.0,5.0
0,1804,589.4934656419673,448.71368251419517,6454.0,575.4648527708285,448.74630188580153,6444.429338805277,6496.38072428872,0.6506212678791892,0.11428779022431527,6485.615047401824,0.6623006483310283,0.11275680950905052,0.23189353545740232,0.19032968289411656,8.0,7.981969711711827,1.4844950322778772e-05,-9.470296663793842e-05,-10.220539313973859,3.5691028025747187,1.170624831994246,0.4941562944150064,0.012369268317096949,-0.0009275607543393904,5.0,5.0,5.0
0,1805,589.7253487954604,448.9040248455458,6462.0,591.489850408651,441.4607199204584,6468.292584586855,6504.362752071447,0.6506361228838016,0.1141933196254164,6510.265491528778,0.6411634780653259,0.11361450483451156,0.2318831534930723,0.19034233135062095,8.0,7.982027782727528,1.4855004612401856e-05,-9.447059889887421e-05,16.02499763782248,-7.285581965343113,23.86324578157746,24.650444126953516,-0.021137170265702387,0.0008576953254610387,5.0,5.0,5.0
0,1806,589.9572215662997,449.0943798247845,6470.0,596.1567102447925,442.6635321927952,6464.343023248027,6512.344837711562,0.65065098793049,0.11409908054145931,6506.849049126523,0.6387023743403337,0.11436459227670423,0.23187277083934532,0.19035497923869116,8.0,7.982085640114747,1.4865046688461447e-05,-9.423908395708724e-05,4.666859836141498,1.2028122723367574,-3.9495613388280617,-3.416442402254688,-0.0024611037249921974,0.0007500874421926679,5.0,5.0,5.0
0,1807,590.1890839537946,449.28474745134554,6478.0,588.5997317761564,451.1314646436973,6471.795867173656,6520.326980996478,0.6506658630070647,0.11400507212380627,6514.146988593713,0.6539453951224778,0.11409175294679662,0.2318623874948571,0.19036762656105566,8.0,7.9821432849157645,1.4875076574716317e-05,-9.400841765304369e-05,-7.556978468636089,8.46793245090214,7.452843925629168,7.29793946719019,0.015243020782144123,-0.00027283932990761206,5.0,5.0,5.0
0,1808,590.4209359572569,449.47512772466325,6486.0,583.8846217779692,437.449461103239,6489.207299353412,6528.309181714646,0.6506807481013538,0.11391129352795407,6530.09147382714,0.642992315394058,0.11195921158189917,0.23185200346233614,0.19038027331771445,8.0,7.982200718168315,1.4885094289041056e-05,-9.37785958522036e-05,-4.715109998187245,-13.682003540458311,17.411432179756048,15.944485233427258,-0.010953079728419857,-0.0021325413648974473,5.0,5.0,5.0
0,1809,590.6527775759955,449.6655206441701,6494.0,596.4341783313166,443.59332065700187,6493.069667996417,6536.291439655551,0.6506956432012054,0.1138177439135081,6535.47721873991,0.6394841290861862,0.11398115635886126,0.2318416187385992,0.19039291950684856,8.0,7.982257940904674,1.4895099851641724e-05,-9.354961444596466e-05,12.54955655334743,6.143859553762866,3.862368643004629,5.385744912769951,-0.0035081863078717523,0.0020219447769620896,5.0,5.0,5.0
0,1810,590.8846088093196,449.8559262093013,6502.0,587.3957355095947,439.2898756653007,6487.7742224313115,6544.273754609702,0.6507105482944903,0.11372442244415833,6529.10588872635,0.6421302115224073,0.11257941021037951,0.23183123332410105,0.19040556513118645,8.0,7.982314954151661,1.4905093284833804e-05,-9.33214693497747e-05,-9.038442821721901,-4.303444991701156,-5.295445565105183,-6.3713300135605095,0.002646082436221109,-0.00140174614848175,5.0,5.0,5.0
0,1811,591.1164296565426,450.0463444194884,6510.0,581.170469790354,445.0798416132242,6511.239908057678,6552.256126368629,0.6507254633690911,0.11363132828765428,6552.259176852649,0.6535578045872196,0.11195416376117683,0.2318208472229344,0.19041821018709015,8.0,7.982371758927002,1.4915074600829747e-05,-9.309415650404773e-05,-6.225265719240724,5.789965947923463,23.465685626366394,23.15328812629923,0.011427593064812225,-0.0006252464492026849,5.0,5.0,5.0
0,1812,591.3482401169722,450.23677527416567,6518.0,585.9986856239756,442.6233871337356,6512.346375979305,6560.238554724875,0.650740388412918,0.1135384606157801,6553.622299394553,0.6469046772065926,0.11229253734484886,0.23181046042964226,0.19043085467728815,8.0,7.982428356245691,1.4925043826941042e-05,-9.286767187417777e-05,4.828215833621584,-2.4564544794885705,1.1064679216269724,1.3631225419039765,-0.006653127380626955,0.0003383735836720303,5.0,5.0,5.0
0,1813,591.5800401899191,450.42721877276654,6526.0,587.7915558650475,441.194433720381,6519.015597490439,6568.221039471988,0.6507553234138974,0.11344581860433066,6560.313696906249,0.6438829218144987,0.11226537188826034,0.23180007294695315,0.19044349860087095,8.0,7.982484747112721,1.4935000979376944e-05,-9.264201144944251e-05,1.7928702410719097,-1.4289534133545772,6.66922151113431,6.691397511695868,-0.0030217553920939277,-2.716545658851266e-05,5.0,5.0,5.0
0,1814,591.811829874694,450.6176749147253,6534.0,583.4441645544788,441.48278447456505,6528.062526546086,6576.203580404516,0.6507702683599761,0.1133534014330873,6568.935567703138,0.647765075512101,0.11161213566178535,0.23178968477486706,0.19045614195874805,8.0,7.982540932528536,1.494494607867658e-05,-9.241717124336413e-05,-4.347391310568696,0.2883507541840231,9.046929055646615,8.621870796889198,0.003882153697602364,-0.000653236226474993,5.0,5.0,5.0
0,1815,592.0436091706079,450.8081436994735,6542.0,590.2714870603592,446.88357459565026,6536.261416178617,6584.186177318008,0.6507852232391172,0.11326120828579354,6578.057362041253,0.6480178329645019,0.11278814922935328,0.23177929591383872,0.19046878474819096,8.0,7.982596913491761,1.4954879141160227e-05,-9.219314729375094e-05,6.827322505880375,5.400790121085208,8.198889632531063,9.12179433811525,0.00025275745240083136,0.0011760135675679267,5.0,5.0,5.0
0,1816,592.275378076969,450.9986251264454,6550.0,586.1247492948919,442.3639456562945,6547.425749881351,6592.168830008995,0.6508001880393086,0.11316923835013126,6588.475698700116,0.6465192830922267,0.11168750349167911,0.23176890636113967,0.19048142697192816,8.0,7.982652690987379,1.4964800191363814e-05,-9.196993566228107e-05,-4.146737765467265,-4.519628939355755,11.164333702734439,10.418336658862245,-0.0014985498722751567,-0.001100645737674169,5.0,5.0,5.0
0,1817,592.5071365930917,451.18911919507445,6558.0,582.0416025756331,454.49743288816745,6561.998478623276,6600.151538274994,0.6508151627485513,0.11307749081769779,6603.42065728702,0.6629654887995602,0.11206610240201624,0.2317585161226816,0.19049406862905016,8.0,7.9827082659985535,1.497470924272104e-05,-9.174753243347544e-05,-4.083146719258821,12.133487231872948,14.572728741924948,14.94495858690425,0.01644620570733346,0.0003785989103371329,5.0,5.0,5.0
0,1818,592.738884718282,451.379625904794,6566.0,583.119370859217,447.1594043404825,6564.393978267562,6608.1343019145,0.650830147354873,0.11298596488398077,6605.395373138295,0.6541920401819773,0.1114781643959062,0.2317481251902791,0.19050670971955697,8.0,7.98276363950572,1.4984606321655214e-05,-9.152593371701545e-05,1.0777682835839641,-7.338028547684928,2.395499644285337,1.974715851275505,-0.00877344861758289,-0.0005879380061100392,5.0,5.0,5.0
0,1819,592.9706224518536,451.57014525503655,6574.0,583.1408620546154,445.6936247579401,6566.07988823638,6616.1171207269745,0.6508451418463131,0.11289465974833669,6606.973677172472,0.6525894540563723,0.11131832036418969,0.23173773357166283,0.19051935024253908,8.0,7.982818812474761,1.4994491440156743e-05,-9.130513564407916e-05,0.021491195398311902,-1.4657795825424387,1.6859099688181232,1.5783040341766537,-0.0016025861256050433,-0.00015984403171651063,5.0,5.0,5.0
0,1820,593.2023497931154,451.76067724523637,6582.0,582.8972021193971,453.12142159007044,6572.226812993436,6624.099994512851,0.6508601462109364,0.11280357461396627,6613.565865126943,0.6607832923923416,0.11186748942344459,0.2317273412618306,0.19053199019981548,8.0,7.982873785876109,1.5004364623205646e-05,-9.10851343704222e-05,-0.24365993521826113,7.427796832130355,6.146924757056695,6.592187954471228,0.008193838335969317,0.0005491690592548948,5.0,5.0,5.0
0,1821,593.4340667413785,451.951221874825,6590.0,589.2744489786554,448.9391688923955,6591.144037935679,6632.082923073516,0.6508751604368223,0.11271270868789213,6632.644305433538,0.6510425336904725,0.11192414864796899,0.2317169482630561,0.1905446295886577,8.0,7.982928560665641,1.5014225885900956e-05,-9.086592607414345e-05,6.377246859258321,-4.182252697674926,18.917224942242683,19.07844030659453,-0.009740758701869079,5.665922452439964e-05,5.0,5.0,5.0
0,1822,593.6657732959534,452.1417791432368,6598.0,586.3029548151992,441.28800958825303,6591.570166729912,6640.065906211315,0.6508901845120725,0.11262206118093601,6632.290971086476,0.645202672931143,0.11086994772971023,0.23170655457488465,0.1905572684117942,8.0,7.982983137799238,1.5024075250225088e-05,-9.064750695611523e-05,-2.9714941634562138,-7.651159304142482,0.4261287942326817,-0.3533343470617183,-0.005839860759329518,-0.001054200918258752,5.0,5.0,5.0
0,1823,593.8974694561516,452.33234904990513,6606.0,580.7653303739279,442.12190028399124,6601.9216725420265,6648.048943729538,0.6509052184248065,0.1125316313076959,6642.147989472621,0.6506778957724079,0.11011216081689451,0.2316961601982257,0.19056990666831553,8.0,7.983037518222773,1.5033912734052635e-05,-9.04298732401082e-05,-5.537624441271305,0.8338906957382051,10.351505812114738,9.857018386144773,0.005475222841264893,-0.0007577869128157222,5.0,5.0,5.0
0,1824,594.129155221282,452.52293159426154,6614.0,590.0828821448672,450.16573095749055,6605.938850934503,6656.0320354324185,0.650920262163163,0.11244141828652303,6647.501417481213,0.6516970129081756,0.11188284410671728,0.23168576513035077,0.19058254435640265,8.0,7.9830917028803015,1.504373835647943e-05,-9.021302117287466e-05,9.317551770939303,8.043830673499315,4.017178392476126,5.353428008592346,0.0010191171357677442,0.001770683289822772,5.0,5.0,5.0
0,1825,594.3608305906564,452.7135267757394,6622.0,589.5697029387237,450.43946774865515,6616.93573093361,6664.015181125125,0.6509353157152993,0.11235142133950063,6658.402707559438,0.6524098624782807,0.11166236009313908,0.2316753693744431,0.19059518147787458,8.0,7.983145692706785,1.5053552136268245e-05,-8.999694702239991e-05,-0.5131792061434908,0.2737367911645947,10.996879999107477,10.90129007822452,0.0007128495701050896,-0.00022048401357820102,5.0,5.0,5.0
0,1826,594.592495563586,452.90413459377305,6630.0,594.1389694188535,439.6680078349562,6631.451015254016,6671.9983806137625,0.6509503790693933,0.11226163969242096,6672.514641408378,0.6370759524433907,0.11099971316016122,0.2316649729295932,0.1906078180336408,8.0,7.983199488637183,1.5063354094069226e-05,-8.978164707966474e-05,4.569266480129841,-10.771459913698948,14.515284320405954,14.11193384894068,-0.015333910034890041,-0.0006626469329778645,5.0,5.0,5.0
0,1827,594.8241501393804,453.094755047794,6638.0,590.0507772732554,455.419493549588,6630.304564004324,6679.981633705354,0.6509654522136404,0.11217207257476318,6672.069052874251,0.6573271896137248,0.11194768572690458,0.23165457579443682,0.19062045402097283,8.0,7.983253091591905,1.507314424709083e-05,-8.956711765778502e-05,-4.0881921455981,15.751485714631826,-1.1464512496922907,-0.4455885341276371,0.02025123717033417,0.0009479725667433658,5.0,5.0,5.0
0,1828,595.0557943173508,453.2853881372357,6646.0,593.0380473636615,447.4421336560335,6646.636385914626,6687.9649402078485,0.6509805351362559,0.11208271921967189,6688.0246586832955,0.6463694422766195,0.11130865553275279,0.2316441779703382,0.19063308944168966,8.0,7.983306502494088,1.5082922615428096e-05,-8.935335509129005e-05,2.987270090406014,-7.977359893554535,16.331821910302097,15.955605809044755,-0.010957747337105306,-0.0006390301941517906,5.0,5.0,5.0
0,1829,595.287428096809,453.4760338615315,6654.0,591.7260225947872,448.27321353607067,6645.596834278923,6695.948299930107,0.6509956278254727,0.11199357886393542,6686.930973441243,0.6483276122048991,0.11124486932368718,0.23163377945820685,0.1906457242957913,8.0,7.983359722258683,1.509268921684459e-05,-8.91403557364695e-05,-1.3120247688742666,0.8310798800371799,-1.039551635702992,-1.093685242052743,0.001958169928279574,-6.378620906560828e-05,5.0,5.0,5.0
0,1830,595.5190514770638,453.66669222011205,6662.0,593.2186612943765,443.88017675699143,6657.565248344752,6703.9317126819005,0.6510107302695431,0.11190465074796344,6698.665018299798,0.6423848290801006,0.11083141170594535,0.2316233802548595,0.19065835858054925,8.0,7.983412751793367,1.510244407043615e-05,-8.892811597198402e-05,1.4926386995892926,-4.393036779079239,11.968414065829165,11.734044858555535,-0.005942783124798456,-0.00041345761774183587,5.0,5.0,5.0
0,1831,595.7506644574278,453.85736321241166,6670.0,586.1010274309144,453.7256783608476,6664.21409590951,6711.915178273903,0.6510258424567388,0.11181593411576687,6705.306176579754,0.6587740789408421,0.11076608274550657,0.23161298036393418,0.1906709922996015,8.0,7.983465592002176,1.5112187195631677e-05,-8.871663219656156e-05,-7.117633863462061,9.845501603856178,6.648847564758398,6.641158279955562,0.016389249860741417,-6.532896043877356e-05,5.0,5.0,5.0
0,1832,595.9822670372109,454.0480468378637,6678.0,587.0060074802988,450.3186949543616,6669.528260700888,6719.8986965176855,0.6510409643753512,0.11172742821493564,6710.437407511612,0.6543838837333912,0.1104766954089602,0.23160257978315713,0.19068362545203854,8.0,7.9835182437827825,1.5121918612415186e-05,-8.850590083123167e-05,0.904980049384335,-3.406983406486006,5.314164791377152,5.1312309318582265,-0.0043901952074508754,-0.00028938733654637616,5.0,5.0,5.0
0,1833,596.2138592157244,454.23874309589974,6686.0,598.1193598235423,452.5159259993133,6674.553493775605,6727.8822672257165,0.651056096013688,0.11163913229661769,6716.560263494319,0.6476892226830222,0.11189940835335234,0.23159217851343783,0.1906962580360414,8.0,7.9835707080310385,1.513163833677389e-05,-8.829591831795158e-05,11.113352343243491,2.1972310449517067,5.025233074717107,6.122855982706824,-0.006694661050368977,0.0014227129443921405,5.0,5.0,5.0
0,1834,596.4454409922796,454.42945198595226,6694.0,589.1408025419614,449.7443230551077,6701.119051550936,6735.865890211348,0.6510712373600762,0.11155104561549832,6741.9843803140775,0.6520159111374888,0.11015855643324109,0.23158177655523104,0.19070889005251956,8.0,7.983622985631882,1.5141346388247712e-05,-8.808668111937035e-05,-8.978557281580834,-2.771602944205597,26.5655577753314,25.424116819758638,0.0043266884544665984,-0.0017408519201112527,5.0,5.0,5.0
0,1835,596.6770123661877,454.62017350745464,6702.0,592.0448201173082,446.14757638544955,6697.5724193535825,6743.849565288819,0.6510863884028628,0.11146316742977927,6738.474682109309,0.6457823855188871,0.11023710221848469,0.23157137390808202,0.19072152150238253,8.0,7.983675077470252,1.5151042786598623e-05,-8.787818571905082e-05,2.9040175753467565,-3.5967466696581596,-3.546632197353574,-3.509698204768938,-0.006233525618601687,7.854578524360556e-05,5.0,5.0,5.0
0,1836,596.9085733367588,454.81090765983936,6710.0,586.4633918039469,453.32182407183365,6703.440986916855,6751.83329227324,0.6511015491304137,0.11137549700115768,6744.298410597119,0.6580439994685326,0.11012897335059976,0.23156097057108127,0.1907341523847208,8.0,7.983726984421082,1.516072755092246e-05,-8.767042862159458e-05,-5.5814283133612435,7.174247686384092,5.868567563272336,5.823728487810513,0.012261613949645533,-0.00010812886788492959,5.0,5.0,5.0
0,1837,597.1401239033039,455.0016544425389,6718.0,585.9889642465247,449.11474137242664,6717.387981938312,6759.817070980597,0.651116719531112,0.11128803359480605,6757.839034560235,0.6539285129066297,0.10946943115169382,0.23155056654513828,0.19074678269953438,8.0,7.983778707357487,1.5170400698316655e-05,-8.746340635162886e-05,-0.4744275574222456,-4.20708269940701,13.946995021457042,13.54062396311565,-0.00411548656190297,-0.0006595421989059463,5.0,5.0,5.0
0,1838,597.3716640651355,455.1924138549857,6726.0,592.0715776318206,451.648989615098,6716.927904230547,6767.800901227745,0.6511318995933589,0.11120077647935182,6758.08079512895,0.651660831542513,0.11041399222156734,0.2315401618316173,0.19075941244682326,8.0,7.983830247148035,1.5180062246877846e-05,-8.725711545422288e-05,6.082613385295872,2.5342482426713673,-0.4600777077648672,0.2417605687151081,-0.0022676813641167026,0.0009445610698735202,5.0,5.0,5.0
0,1839,597.6031938215633,455.3831858966114,6734.0,593.512009464967,457.2959744035701,6722.977919529638,6775.7847828323975,0.6511470893055754,0.11111372492685652,6764.5996348688595,0.6564872182865749,0.11098821523903789,0.23152975642778983,0.19077204162567796,8.0,7.983881604652197,1.5189712216479023e-05,-8.705155249530416e-05,1.4404318331464765,5.646984788472082,6.050015299090774,6.518839739909708,0.0048263867440618835,0.0005742230174705515,5.0,5.0,5.0
0,1840,597.8347131718988,455.5739705668493,6742.0,586.5504732075889,450.6346753479909,6737.996829132805,6783.768715613127,0.6511622886562012,0.11102687821279653,6778.474337020814,0.655097682875064,0.10933828428868056,0.23151935033547488,0.19078467023791745,8.0,7.983932780729447,1.5199350625771935e-05,-8.684671405999322e-05,-6.961536257378157,-6.661299055579207,15.01890960316723,13.874702151954807,-0.0013895354115108782,-0.0016499309503573284,5.0,5.0,5.0
0,1841,598.0662221154535,455.76476786513194,6750.0,592.1205642974883,454.61424777649387,6743.012260014184,6791.752699389356,0.6511774976336936,0.11094023561604252,6784.209255001422,0.6547792031222229,0.11026004495541884,0.23150894355467244,0.19079729828263225,8.0,7.983983776229252,1.5208977492409126e-05,-8.664259675400521e-05,5.5700910898993925,3.9795724285029905,5.015430881378961,5.734917980607861,-0.0003184797528410499,0.0009217606667382833,5.0,5.0,5.0
0,1842,598.2977206515384,455.95557779089086,6758.0,593.3094626088133,461.79487052526935,6753.757748366629,6799.736733981357,0.6511927162265282,0.11085379641883986,6795.477492015324,0.6613916843223677,0.11086597095742332,0.23149853608492776,0.19080992575891287,8.0,7.9840345920010805,1.5218592834598255e-05,-8.643919720266457e-05,1.1888983113250333,7.180622748775477,10.745488352445136,11.268237013901853,0.006612481200144793,0.0006059260020044727,5.0,5.0,5.0
0,1843,598.5292087794646,456.1464003435585,6766.0,592.7407062141085,457.8108527953383,6755.59425038163,6807.720819210241,0.6512079444231997,0.11076755990678881,6796.983595502474,0.6576603371233047,0.1104134022865302,0.23148812792624085,0.1908225526676688,8.0,7.984085228883487,1.522819667154618e-05,-8.623651205104388e-05,-0.568756394704792,-3.984017729931054,1.8365020150013152,1.5061034871496304,-0.0037313471990629843,-0.00045256867089311925,5.0,5.0,5.0
0,1844,598.7606864985446,456.33723552256833,6774.0,595.8557236050093,449.4207111748874,6764.8982666669435,6815.7049548979585,0.6512231822122208,0.11068152536882543,6805.943841770898,0.6462118544836687,0.10988097261668445,0.23147771907997594,0.1908351790098095,8.0,7.984135687717753,1.5237789021016468e-05,-8.60345379633809e-05,3.115017390900789,-8.39014162045089,9.304016285313082,8.960246268424271,-0.011448482639636048,-0.0005324296698457492,5.0,5.0,5.0
0,1845,598.9921538080871,456.52808332735185,6782.0,585.936945470628,454.19802823842025,6778.405352320628,6823.689140867292,0.6512384295821242,0.11059569209720113,6818.826663971746,0.6594133749998337,0.10893818739098007,0.23146730954249506,0.19084780478351604,8.0,7.984185969333339,1.5247369903437225e-05,-8.583327162429988e-05,-9.918778134381341,4.777317063532848,13.507085653684044,12.88282220084784,0.013201520516164966,-0.0009427852257043734,5.0,5.0,5.0
0,1846,599.2236107074059,456.71894375734064,6790.0,592.4825058723403,451.46718374180665,6775.885039831489,6831.673376941849,0.6512536865214563,0.11051005938746469,6816.705671420228,0.6511321870392177,0.10949254474510418,0.23145689931880042,0.19086042998878838,8.0,7.984236074556975,1.5256939332131125e-05,-8.563270973643844e-05,6.5455604017123505,-2.7308444966135994,-2.5203124891386324,-2.120992551517702,-0.008281187960615943,0.0005543573541241104,5.0,5.0,5.0
0,1847,599.4550571958121,456.9098168119672,6798.0,587.8261455513901,448.1279655081598,6795.577711724367,6839.6576629460615,0.6512689530187855,0.11042462653844226,6835.6590528601755,0.6513569733448967,0.10834487223098421,0.23144648840616355,0.19087305462653603,8.0,7.984286004212663,1.526649732919161e-05,-8.543284902243209e-05,-4.656360320950171,-3.339218233646875,19.692671892878025,18.953381439947407,0.00022478630567901448,-0.0011476725141199712,5.0,5.0,5.0
0,1848,599.6864932726153,457.100702490663,6806.0,595.6301784889671,455.7054218169421,6802.203572939735,6847.6419987051795,0.6512842290626982,0.11033939285221837,6843.421380326821,0.6530833836264983,0.10980927381582194,0.2314360768032202,0.1908856786958495,8.0,7.984335759118039,1.527604391271531e-05,-8.523368622388727e-05,7.804032937576949,7.577456308782303,6.625861215367877,7.762327466645729,0.001726410281601587,0.001464401584837724,5.0,5.0,5.0
0,1849,599.917918937128,457.2916007928616,6814.0,591.4268953587737,452.41144270716194,6807.237430069352,6855.626384045265,0.6512995146417988,0.11025435763411774,6847.842237915772,0.6530000539666603,0.10895362560342185,0.23142566451269886,0.19089830219854775,8.0,7.984385340085282,1.5285579100576818e-05,-8.503521810063197e-05,-4.203283130193427,-3.293979109780139,5.03385712961699,4.420857588950639,-8.332965983803842e-05,-0.0008556482124000842,5.0,5.0,5.0
0,1850,600.1493341886635,457.4825117179944,6822.0,592.1732596729335,451.3151367185298,6820.7532564632065,6863.610818793189,0.6513148097447077,0.11016952019268603,6861.270254672699,0.6512214923930615,0.10872897982039396,0.23141525153550901,0.19091092513281183,8.0,7.984434747923842,1.529510290887437e-05,-8.48374414317149e-05,0.7463643141597913,-1.096305988632139,13.515826393854695,13.428016756926809,-0.0017785615735987914,-0.00022464578302788807,5.0,5.0,5.0
0,1851,600.3807390265297,457.673435265493,6830.0,599.9591300821385,451.69585754256667,6831.874560483333,6871.595302776624,0.6513301143600669,0.11008487983967065,6873.026270549922,0.6453403023338246,0.10948430597957694,0.2314048378661937,0.1909235474986417,8.0,7.984483983434984,1.5304615359257312e-05,-8.464035301537776e-05,7.7858704092050175,0.3807208240368709,11.121304020126445,11.756015877223035,-0.005881190059236929,0.000755326159182973,5.0,5.0,5.0
0,1852,600.6121334500408,457.86437143479,6838.0,598.6720577584507,454.5139495284946,6835.801281764405,6879.5798358240445,0.6513454284765333,0.1100004358900037,6877.00300471278,0.6493654044121904,0.109519171060905,0.23139442351111938,0.1909361692969469,8.0,7.984533047420882,1.531411646638059e-05,-8.44439496669458e-05,-1.2870723236877666,2.8180919859279356,3.9267212810718775,3.97673416285852,0.0040251020783658165,3.486508132806432e-05,5.0,5.0,5.0
0,1853,600.8435174585074,458.0553202253159,6846.0,598.7904555679468,449.7290320477327,6843.704938752215,6887.564417764717,0.6513607520827825,0.10991618766178228,6884.555432317131,0.6441807359195846,0.10899101098345464,0.23138400846664808,0.1909487905259084,8.0,7.984581940672797,1.5323606249229016e-05,-8.424822822142297e-05,0.11839780949605938,-4.784917480761919,7.903656987809882,7.552427604350669,-0.005184668492605793,-0.0005281600774503653,5.0,5.0,5.0
0,1854,601.0748910512416,458.24628163650414,6854.0,599.6730485409922,453.6593193380833,6853.624741875712,6895.549048428699,0.6513760851675099,0.10983213447625113,6894.750658698229,0.6476552077590964,0.10927721597439927,0.23137359273414404,0.19096141118825471,8.0,7.984630663981989,1.5333084727342516e-05,-8.40531855311466e-05,0.8825929730454618,3.930287290350634,9.919803123497331,10.19522638109811,0.0034744718395117724,0.00028620499094463014,5.0,5.0,5.0
0,1855,601.3062542275538,458.4372556677872,6862.0,599.8051505089344,456.31825630096296,6863.1305090431615,6903.5337276468335,0.651391427719429,0.10974827565778401,6904.386500897067,0.6503630951075563,0.10937358777574613,0.231363176312243,0.19097403128307633,8.0,7.984679218134261,1.5342551919150793e-05,-8.385881846711962e-05,0.13210196794216245,2.658936962879636,9.505767167449449,9.635842198837963,0.0027078873484599475,9.637180134686174e-05,5.0,5.0,5.0
0,1856,601.537606986757,458.62824231859486,6870.0,593.9787522616147,439.91392941572207,6860.861031603824,6911.518455250742,0.6514067797272668,0.10966461053386586,6900.561507472572,0.6374723376149511,0.10731960721620802,0.23135275920321874,0.19098665080764476,8.0,7.984727603908141,1.5352007837754478e-05,-8.366512391815017e-05,-5.82639824731973,-16.40432688524089,-2.2694774393376065,-3.8249934244950055,-0.012890757492605154,-0.002053980559538107,5.0,5.0,5.0
0,1857,601.7689493281623,458.81924158835955,6878.0,596.9481694909248,451.47775629062716,6871.237137532366,6919.503231072823,0.6514221411797724,0.1095811384350751,6911.879562151512,0.6475271712220106,0.10849750675724455,0.23134234140525223,0.1909992697646885,8.0,7.984775822081247,1.5361452505580075e-05,-8.347209879076833e-05,2.9694172293101246,11.56382687490509,10.376105928542529,11.318054678939916,0.010054833607059499,0.0011778995410365312,5.0,5.0,5.0
0,1858,602.000281251082,459.01025347651375,6886.0,592.1191719410652,462.3393826894947,6888.360657636597,6927.488054946249,0.6514375120657117,0.10949785869506583,6929.204526368201,0.662936849228027,0.1086301306249157,0.23133192291970772,0.19101188815420755,8.0,7.984823873425739,1.537088593928093e-05,-8.327974000926774e-05,-4.828997549859537,10.861626398867543,17.12352010423092,17.324964216689295,0.015409678006016336,0.00013262386767114165,5.0,5.0,5.0
0,1859,602.2316027548268,459.20127798248905,6894.0,592.9902213932255,456.8764856172156,6885.264880098011,6935.472926704955,0.6514528923738692,0.10941477065054997,6925.839010176963,0.6564687470491204,0.1082968089264644,0.23132150374476623,0.1910245059752924,8.0,7.984871758706504,1.5380308157508793e-05,-8.308804451585827e-05,0.8710494521602641,-5.462897072279077,-3.095777538585935,-3.3655161912383846,-0.006468102178906587,-0.00033332169845129433,5.0,5.0,5.0
0,1860,602.462913838709,459.3923151057161,6902.0,600.0219989654694,450.55375753887347,6897.021534255354,6943.4578461836445,0.6514682820930443,0.10933187364128005,6937.718006063448,0.6440739170675746,0.1083671324121351,0.23131108388224675,0.1910371232270336,8.0,7.984919478689335,1.5389719175140648e-05,-8.289700926991661e-05,7.031777572243868,-6.322728078342152,11.756654157342382,11.878995886485427,-0.01239482998154584,7.032348567069524e-05,5.0,5.0,5.0
0,1861,602.6942145020403,459.5833648456264,6910.0,601.2564699868232,457.3423099124446,6900.307460125089,6951.442813217775,0.6514836812120565,0.10924916701003173,6941.535447967908,0.6502787311861901,0.109043172941613,0.23130066333123978,0.19104973991034058,8.0,7.984967034130932,1.539911901216051e-05,-8.270663124831934e-05,1.2344710213537837,6.788552373571122,3.2859258697353653,3.8174419044598835,0.006204814118615509,0.0006760405294779087,5.0,5.0,5.0
0,1862,602.9255047441325,459.77442720165345,6918.0,601.6527425576039,442.1021597220023,6910.628755728091,6959.427827643561,0.6514990897197442,0.10916665010258676,6950.843843861976,0.6337102625226594,0.10762182593489583,0.23129024209220006,0.19106235602703237,8.0,7.985014425785266,1.540850768777524e-05,-8.251690744497109e-05,0.3962725707807522,-15.240150190442307,10.321295603002,9.308395894067871,-0.016568468663530678,-0.0014213470067171718,5.0,5.0,5.0
0,1863,603.1567845642976,459.96550217322783,6926.0,588.1910852869407,457.5278173320235,6929.798991031617,6967.412889297964,0.6515145076049611,0.1090843222677155,6969.749960547111,0.6610917492230123,0.10712176717303462,0.2312798201651276,0.19107497157438047,8.0,7.98506165440358,1.5417885216861826e-05,-8.23278348712625e-05,-13.461657270663181,15.425657610021233,19.17023530352617,18.906116685135203,0.027381486700352897,-0.0005000587618612107,5.0,5.0,5.0
0,1864,603.3880539618476,460.1565897597802,6934.0,595.9376551546435,447.15741392889606,6931.55743243181,6975.397998018695,0.6515299348565778,0.10900218285715996,6971.4833343244445,0.643720341378484,0.10707479580320069,0.2312693975500224,0.1910875865523849,8.0,7.98510872073075,1.5427251616739746e-05,-8.213941055554286e-05,7.74656986770276,-10.370403403127455,1.7584414001930782,1.7333737773333269,-0.017371407844528286,-4.697136983393413e-05,5.0,5.0,5.0
0,1865,603.6193129360945,460.3476899607431,6942.0,602.5618230696274,449.53484055953726,6931.348648520667,6983.383153644202,0.6515453714634853,0.1089202312256172,6971.998021431673,0.64096148049188,0.10803750089706084,0.23125897424688446,0.19110020096286462,8.0,7.985155625507105,1.5436606907504036e-05,-8.19516315427593e-05,6.6241679149839,2.377426630641196,-0.20878391114365513,0.514687107228383,-0.002758860886604042,0.00096270509386015,5.0,5.0,5.0
0,1866,603.8505614863502,460.538802775548,6950.0,600.8342738096336,459.73336139452556,6934.080094891482,6991.3683560136715,0.6515608174145909,0.10883846673072224,6975.2292686716555,0.6531320776465258,0.10867510019322019,0.23124855025571378,0.19111281480491016,8.0,7.985202369469334,1.5445951105585998e-05,-8.176449489495641e-05,-1.7275492599937934,10.198520834988301,2.73144637081532,3.231247239982622,0.012170597154645857,0.0006375992961593496,5.0,5.0,5.0
0,1867,604.0817996119263,460.7299282036247,6958.0,589.5007567863652,455.1387130554322,6952.541458720997,6999.353604967026,0.6515762726988179,0.10875688873303128,6992.316863930563,0.6574799784780555,0.10671312563201994,0.2312381255760556,0.19112542807670252,8.0,7.98524895335413,1.5455284226972843e-05,-8.157799769095697e-05,-11.333517023268428,-4.5946483390933395,18.461363829514994,17.08759525890764,0.004347900831529694,-0.0019619745612002443,5.0,5.0,5.0
0,1868,604.3130273121351,460.9210662444066,6966.0,596.6612276801835,446.826373931499,6971.56678215746,7007.338900344912,0.6515917373051103,0.10867549659600581,7011.305286973241,0.6427825421906599,0.10651889619132857,0.23122770020881944,0.19113804078187968,8.0,7.985295377886359,1.5464606292425742e-05,-8.139213702547388e-05,7.160470893818342,-8.312339123933214,19.025323436462713,18.988423042677823,-0.014697436287395615,-0.00019422944069137638,5.0,5.0,5.0
0,1869,604.5442445862886,461.1122168973243,6974.0,596.6009298765324,468.967010938521,6972.414114861978,7015.324241988703,0.6516072112224272,0.10859428968599533,7013.588333799233,0.6661859432917939,0.10841022391061717,0.23121727415355053,0.19115065291771316,8.0,7.985341643790889,1.5473917316821684e-05,-8.120691001048397e-05,-0.06029780365111037,22.140637007022008,0.8473327045185215,2.2830468259917325,0.023403401101134036,0.001891327719288599,5.0,5.0,5.0
0,1870,604.7754514336989,461.3033801618085,6982.0,597.6559060682263,462.54553825981094,6976.090645484253,7023.309629740494,0.6516226944397451,0.10851326737222139,7016.906843548317,0.6586430149856932,0.10791185545618169,0.23120684741024888,0.19116326448420295,8.0,7.985387751790768,1.5483217317924236e-05,-8.102231377393743e-05,1.0549761916938678,-6.421472678710074,3.676530622275095,3.3185097490841144,-0.007542928306100705,-0.0004983684544354744,5.0,5.0,5.0
0,1871,605.0066478536778,461.49455603729075,6990.0,596.4314569343056,456.9290304703577,6983.581259046632,7031.295063443093,0.6516381869460589,0.10843242902676148,7023.8822472628835,0.6537287886091426,0.10717465838705571,0.2311964199789145,0.19117587548225856,8.0,7.985433702599039,1.5492506313830035e-05,-8.083834545991042e-05,-1.2244491339206434,-5.616507789453237,7.490613562378712,6.97540371456671,-0.00491422637655059,-0.0007371970691259777,5.0,5.0,5.0
0,1872,605.2378338455378,461.68574452320263,6998.0,599.0254427881182,455.4023549071734,6993.018484500885,7039.280542940022,0.6516536887303807,0.10835177402453279,7033.38683071915,0.6500217706064986,0.1071917014012588,0.2311859918600021,0.19118848591187998,8.0,7.985479496929656,1.5501784321747536e-05,-8.065500222868838e-05,2.593985853812569,-1.5266755631843125,9.437225454253166,9.504583456266118,-0.003707018002644058,1.70430142030914e-05,5.0,5.0,5.0
0,1873,605.4690094085913,461.8769456189757,7006.0,607.9895532532863,451.5731661514244,7003.408255186072,7047.266068075515,0.6516691997817396,0.10827130174327627,7044.238554312423,0.6388331998456891,0.10772072020286007,0.23117556305351172,0.1912010957730672,8.0,7.985525135492935,1.551105135899622e-05,-8.047228125651618e-05,8.964110465168119,-3.829188755748987,10.389770685186704,10.851723593273164,-0.01118857076080948,0.0005290188016012637,5.0,5.0,5.0
0,1874,605.7001745421499,462.0681593240388,7014.0,597.441395628961,461.7039688827011,7021.156754575813,7055.251638694505,0.6516847200891807,0.10819101156354023,7061.639253630751,0.6579354591242452,0.10712814482404273,0.23116513355853385,0.19121370506309177,8.0,7.985570618990096,1.5520307441008185e-05,-8.029017973604224e-05,-10.548157624325313,10.130802731276674,17.748499389740573,17.400699318328407,0.019102259278556133,-0.0005925753788173366,5.0,5.0,5.0
0,1875,605.9313292455272,462.2593856378262,7022.0,594.422972578731,451.1133887278724,7015.5379719315915,7063.237254642627,0.6517002496417692,0.10811090286866576,7055.112684814673,0.6491790041317336,0.10596809466223762,0.23115470337734223,0.19122631378741062,8.0,7.985615948121449,1.5529552588544604e-05,-8.010869487447281e-05,-3.0184230502300124,-10.590580154828672,-5.618782644221028,-6.526568816077997,-0.008756454992511653,-0.0011600501618051068,5.0,5.0,5.0
0,1876,606.1624735180335,462.45062455976677,7030.0,607.0643299381928,454.5726219476118,7015.39513528083,7071.222915766212,0.6517157884285857,0.1080309750447694,7056.269005177564,0.642735676184888,0.1076862305590778,0.23114427250629888,0.1912389219405668,8.0,7.985661123585487,1.5538786816482464e-05,-7.992782389636133e-05,12.641357359461836,3.459233219739417,-0.14283665076163743,1.1563203628911651,-0.006443327946845545,0.001718135896840181,5.0,5.0,5.0
0,1877,606.3936073589816,462.64187608929296,7038.0,608.3010987999667,458.1180473264461,7028.391636491297,7079.208621912287,0.6517313364387294,0.10795122748072897,7069.5255405146,0.6454889660677788,0.10792713087794835,0.23113384094813227,0.19125152952619828,8.0,7.985706146074335,1.5548010143695556e-05,-7.974756404043049e-05,1.2367688617738395,3.5454253788342953,12.996501210466704,13.25653533703553,0.002753289882890808,0.0002409003188705433,5.0,5.0,5.0
0,1878,606.6247307676858,462.83314022583545,7046.0,600.8579292709755,460.4528240901164,7033.083424671494,7087.194372928562,0.6517468936613133,0.1078716595681676,7073.705500850971,0.6538678929354254,0.10722118987454185,0.23112340870420667,0.19126413654248609,8.0,7.985751016275572,1.5557222583950647e-05,-7.956791256136242e-05,-7.44316952899112,2.334776763670277,4.6917881801973635,4.179960336370641,0.008378926867646519,-0.0007059410034064989,5.0,5.0,5.0
0,1879,606.8558437434554,463.02441696882397,7054.0,602.0257340981484,451.88952792824745,7051.852703914478,7095.180168663436,0.6517624600854715,0.1077922707014377,7091.915516112242,0.6438945729911465,0.10634292361960467,0.23111297576951984,0.1912767429885207,8.0,7.985795734874046,1.556642415811993e-05,-7.938886672990975e-05,1.1678048271728585,-8.563296161868948,18.76927924298434,18.21001526127111,-0.009973319944278858,-0.000878266254937185,5.0,5.0,5.0
0,1880,607.0869462856049,463.2157063176901,7062.0,589.591761287672,455.94560671735394,7054.075975389565,7103.166008965986,0.6517780357003519,0.10771306027760694,7093.341434601284,0.6582622838996012,0.10526777590044042,0.23110254214952874,0.19128934886612114,8.0,7.985840302550059,1.5575614880414257e-05,-7.921042383075838e-05,-12.433972810476348,4.056078789106493,2.223271475087131,1.4259184890424876,0.014367710908454678,-0.0010751477191642406,5.0,5.0,5.0
0,1881,607.3180383934464,463.4070082718654,7070.0,600.0889783852899,464.6734318179648,7067.384739728622,7111.151893685969,0.6517936204951222,0.10763402769644229,7108.020486715411,0.6588981521452897,0.10697983024262615,0.2310921078415049,0.1913019541752874,8.0,7.985884719983005,1.5584794770373556e-05,-7.903258116465084e-05,10.497217097617863,8.727825100610858,13.308764339056324,14.679052114126534,0.000635868245688509,0.0017120543421857287,5.0,5.0,5.0
0,1882,607.5491200662918,463.5983228307796,7078.0,601.68910951913,460.8052699993062,7076.565691685687,7119.1378226738125,0.6518092144589652,0.1075551723603948,7117.032616906851,0.6535699205491314,0.10668948495368728,0.23108167284544834,0.19131455891420046,8.0,7.985928987843181,1.5593963842985836e-05,-7.885533604748418e-05,1.6001311338401365,-3.8681618186586206,9.18095195706519,9.01213019144052,-0.0053282315961582505,-0.00029034528893887024,5.0,5.0,5.0
0,1883,607.7801913034532,463.78964999386517,7086.0,606.32493720937,456.8715871427662,7083.800492212233,7127.123795780616,0.6518248175810835,0.10747649367458527,7124.3660061851515,0.6457433939277473,0.10676444897004878,0.23107123716135902,0.19132716308558884,8.0,7.985973106803613,1.5603122118235113e-05,-7.867868580953286e-05,4.635827690239921,-3.933682856539974,7.234800526545769,7.333389278300274,-0.007826526621384167,7.49640163614923e-05,5.0,5.0,5.0
0,1884,608.0112521042452,463.9809897605501,7094.0,600.8513258458487,452.0240664237996,7095.478751473009,7135.109812858142,0.6518404298506897,0.10739799104678895,7135.206148738941,0.6449753253935149,0.10557437115455687,0.23106080079196545,0.19133976668490504,8.0,7.986017077525503,1.5612269606224416e-05,-7.8502627796323e-05,-5.473611363521286,-4.847520718966621,11.67825926077603,10.84014255378952,-0.0007680685342323912,-0.0011900778154919078,5.0,5.0,5.0
0,1885,608.2423024679779,464.1723421302677,7102.0,599.2578091544058,462.01048620354817,7101.212739931777,7143.095873758818,0.6518560512570231,0.10731966388742079,7141.413444757554,0.6567881101350994,0.10615578901183505,0.23105036373272014,0.19135236971760605,8.0,7.986060900676421,1.5621406333377053e-05,-7.832715936816059e-05,-1.5935166914429146,9.986419779748587,5.733988458768181,6.207296018613306,0.011812784741584537,0.0005814178572781797,5.0,5.0,5.0
0,1886,608.4733423939651,464.36370710244773,7110.0,606.8655183116281,459.044707713554,7107.206686430511,7151.081978335727,0.6518716817893327,0.10724151160952101,7147.824472148013,0.6475967310324332,0.10665766037934742,0.23103992598726109,0.19136497218005388,8.0,7.9861045769093835,1.563053230968503e-05,-7.815227789977064e-05,7.607709157222303,-2.965778489994193,5.993946498733749,6.411027390458912,-0.009191379102666208,0.0005018713675123687,5.0,5.0,5.0
0,1887,608.7043718815194,464.5550846765218,7118.0,600.7194468640746,463.5008812060615,7109.595250671763,7159.068126442609,0.651887321436888,0.10716353362874037,7149.967940424206,0.6571675357188922,0.10631911682169329,0.23102948755422403,0.19137757407406752,8.0,7.986148106881956,1.5639647555243386e-05,-7.797798078064411e-05,-6.1460714475534814,4.456173492507503,2.388564241252425,2.1434682761928343,0.009570804686458989,-0.0003385435576541279,5.0,5.0,5.0
0,1888,608.9353909299534,464.7464748519178,7126.0,600.1798620061596,450.16832978316046,7123.967986068009,7167.054317933854,0.6519029701889707,0.10708572936332544,7163.36424164089,0.6435367593165573,0.10492601881992111,0.23101904843406373,0.191390175396009,8.0,7.986191491244426,1.564875208270866e-05,-7.780426541492691e-05,-0.5395848579149742,-13.33255142290102,14.372735396245844,13.39630121668415,-0.013630776402334899,-0.001393098001772175,5.0,5.0,5.0
0,1889,609.1663995385793,464.93787762806915,7134.0,612.7112884239874,447.05439710375424,7116.538164402406,7175.0405526645,0.6519186280348859,0.10700809823410484,7156.842055147505,0.6303383228844018,0.10617732754429006,0.2310086086258707,0.19140277615133527,8.0,7.986234730646174,1.5657845915173496e-05,-7.763112922060111e-05,12.531426417827788,-3.1139326794062185,-7.429821665602503,-6.522186493385561,-0.013198436432155458,0.0012513087243689464,5.0,5.0,5.0
0,1890,609.3973977067108,465.12929300440555,7142.0,602.4353274691847,466.24376127154125,7143.509268953335,7183.026830490227,0.6519342949639504,0.10693063966447452,7184.012544833824,0.6586422590129493,0.10623822064119688,0.2309981681314639,0.19141537633640837,8.0,7.986277825727484,1.5666929064517277e-05,-7.745856963031761e-05,-10.275960954802713,19.189364167787005,26.97110455092843,27.170489686319343,0.028303936128547424,6.089309690682221e-05,5.0,5.0,5.0
0,1891,609.6283854336589,465.3207209803559,7150.0,605.0615918913003,454.7688412865178,7140.677307905457,7191.01315126736,0.651949970965499,0.10685335308038328,7180.681488871585,0.6445291266895157,0.10560553676376534,0.23098772694811487,0.1914279759503188,8.0,7.986320777132278,1.5676001548614593e-05,-7.728658409124345e-05,2.6262644221155824,-11.474919985023462,-2.831961047877485,-3.331055962238679,-0.014113132323433586,-0.0006326838774315391,5.0,5.0,5.0
0,1892,609.8593627187379,465.5121615553535,7158.0,604.8572259490908,456.73930121470846,7148.640400069291,7198.999514852855,0.6519656560288853,0.10677623791031976,7188.707993969415,0.6467693508070078,0.10563020749839028,0.23097728507900683,0.19144057499761402,8.0,7.986363585495383,1.5685063386339237e-05,-7.711517006352142e-05,-0.2043659422095061,1.970459928190678,7.963092163833608,8.026505097829613,0.00224022411749214,2.4670734624934743e-05,5.0,5.0,5.0
0,1893,610.0903295612602,465.70361472882723,7166.0,611.5648601695598,456.02939774790593,7154.072394714724,7206.985921104305,0.6519813501434766,0.10669929358529723,7194.631763935095,0.6407281674091706,0.10623326902252554,0.2309668425223208,0.19145317347374657,8.0,7.986406251449807,1.569411459123593e-05,-7.694432502253212e-05,6.707634220469004,-0.7099034668025297,5.431994645433406,5.923769965679639,-0.006041183397837213,0.0006030615241352649,5.0,5.0,5.0
0,1894,610.3212859605383,465.89508050020686,7174.0,603.897665866002,454.12445583969526,7159.537714520143,7214.972369879931,0.6519970532986575,0.10662251953884017,7199.298694863717,0.6447729110473024,0.10514739712971855,0.23095639927805678,0.19146577137962595,8.0,7.986448775625831,1.5703155180957218e-05,-7.67740464570621e-05,-7.667194303557835,-1.9049419082106738,5.465319805418403,4.666930928622605,0.004044743638131787,-0.0010858718928069971,5.0,5.0,5.0
0,1895,610.5522319158854,466.086558868923,7182.0,602.3253599995523,457.3413476178223,7182.351070634562,7222.95886103858,0.6520127654838298,0.10654591520697071,7222.058144973975,0.649422061362553,0.10491018022874576,0.23094595534712425,0.19147836871616164,8.0,7.986491158649187,1.5712185172267468e-05,-7.660433186945648e-05,-1.5723058664495966,3.216891778127035,22.81335611441955,22.759450110257603,0.004649150315250594,-0.00023721690097278092,5.0,5.0,5.0
0,1896,610.783167426614,466.2780498344073,7190.0,604.4486303133849,463.1461154448938,7189.312425053656,7230.945394439725,0.6520284866884131,0.1064694800281946,7229.528035492379,0.6538070666849621,0.10552585592033017,0.23093551072861374,0.19149096548426314,8.0,7.986533401144698,1.5721204583263315e-05,-7.643517877610473e-05,2.1232703138325633,5.804767827071487,6.961354419093368,7.4698905184041,0.004385005322409152,0.0006156756915844108,5.0,5.0,5.0
0,1897,611.0140924920379,466.4695533960894,7198.0,612.6281585892963,473.7828630671725,7196.560885713544,7238.931969943454,0.6520442169018412,0.1063932134434877,7238.11246415906,0.6582854210913185,0.10720229383252612,0.23092506542388946,0.19150356168211147,8.0,7.986575503729,1.5730213428155615e-05,-7.62665847068994e-05,8.179528275911366,10.636747622278733,7.248460659888224,8.58442866668156,0.004478354406356355,0.0016764379121959466,5.0,5.0,5.0
0,1898,611.2450071114695,466.6610695533982,7206.0,604.380807455903,461.47833866882877,7198.678793328622,7246.918587410474,0.6520599561135642,0.10631711489628207,7238.730191615158,0.6521203830321269,0.10524296899874973,0.2309146194315872,0.19151615730879712,8.0,7.986617467020551,1.573921172293158e-05,-7.609854720563858e-05,-8.247351133393295,-12.304524398343744,2.117907615078366,0.6177274560977821,-0.006165038059191552,-0.0019593248337763935,5.0,5.0,5.0
0,1899,611.4759112842212,466.85259830576615,7214.0,612.7934765090896,459.07482306892337,7211.797924453293,7254.905246702104,0.6520757043130525,0.10624118383245319,7252.330304197175,0.6429575036501946,0.10577419704972028,0.23090417275170694,0.19152875236795808,8.0,7.986659291629621,1.5748199488352377e-05,-7.593106382887405e-05,8.412669053186619,-2.403515599905404,13.119131124670275,13.600112582016664,-0.009162879381932387,0.0005312280509705558,5.0,5.0,5.0
0,1900,611.7068050096073,467.0441396526221,7222.0,597.7673805300677,461.585036947325,7215.717103851684,7262.891947680271,0.6520914614897882,0.10616541970030609,7255.133348903877,0.6575469195616368,0.10428617564198482,0.23089372538606767,0.19154134685595636,8.0,7.986700978167391,1.5757176735742284e-05,-7.576413214710476e-05,-15.026095979021875,2.5102138784016574,3.9191793983918615,2.803044706702167,0.01458941591144225,-0.0014880214077354625,5.0,5.0,5.0
0,1901,611.9376882869392,467.2356935933949,7230.0,611.5724215452508,455.90696593533585,7225.652132640967,7270.878690207509,0.6521072276332714,0.10608982195056187,7265.804892117737,0.6405935736931188,0.10517948397908784,0.23088327733194092,0.19155394077279198,8.0,7.986742527237766,1.5766143483197936e-05,-7.559774974422173e-05,13.805041015183065,-5.678071011989175,9.935028789282114,10.671543213859877,-0.016953345868518044,0.0008933083371030215,5.0,5.0,5.0
0,1902,612.1685611155317,467.427260127517,7238.0,622.2810462339744,457.29292498704984,7232.445927099068,7278.865474146955,0.6521230027330204,0.10601439003634551,7273.55653089719,0.6337445134712436,0.10637101015069243,0.2308728285925099,0.1915665341221029,8.0,7.986783939446468,1.577509974892699e-05,-7.54319142163562e-05,10.708624688723603,1.3859590517139964,6.793794458101729,7.75163877945306,-0.006849060221875147,0.00119152617160459,5.0,5.0,5.0
0,1903,612.3994234946967,467.61883925441816,7246.0,604.1802742135317,466.1010281186416,7235.616498011549,7286.852299362345,0.652138786778569,0.10593912341317159,7275.742579177668,0.6570947566374064,0.10507260688779527,0.23086237916504615,0.19157912690116063,8.0,7.986825215389217,1.5784045548583592e-05,-7.526662317391963e-05,-18.10077202044272,8.808103131591736,3.170570912480798,2.186048280477735,0.023350243166162743,-0.001298403262897166,5.0,5.0,5.0
0,1904,612.6302754237477,467.8104309735272,7254.0,606.6831942316957,470.4424249385709,7245.84196920116,7294.839165718008,0.6521545797594652,0.10586402153893182,7286.398727490982,0.6595807940407601,0.10555815673968375,0.2308519290509139,0.1915917191090557,8.0,7.986866355663551,1.5792980896267572e-05,-7.510187423977188e-05,2.502920018163991,4.341396819929344,10.225471189611198,10.656148313314588,0.002486037403353736,0.0004855498518884782,5.0,5.0,5.0
0,1905,612.8611169019978,468.0020352842739,7262.0,614.0863304075933,459.2221456162445,7254.426453780022,7302.8260730788725,0.6521703816652744,0.10578908387388207,7294.839969013798,0.6421003814132469,0.10531036813864428,0.23084147825011314,0.1916043107466976,8.0,7.986907360864279,1.580190580918739e-05,-7.493766504974853e-05,7.403136175897657,-11.220279322326405,8.58448457886152,8.44124152281529,-0.01748041262751321,-0.000247788601039467,5.0,5.0,5.0
0,1906,613.0919479287604,468.1936521860898,7270.0,605.2718966026415,464.9434573038545,7265.016872884901,7310.8130213104505,0.6521861924855803,0.10571430988062976,7304.998059589676,0.6550202755008172,0.10467213047185972,0.2308310267626439,0.1916169018159053,8.0,7.986948231578026,1.5810820305883766e-05,-7.477399325231393e-05,-8.814433804951818,5.721311687609955,10.590419104879402,10.158090575878305,0.012919894087570327,-0.000638237666784558,5.0,5.0,5.0
0,1907,613.3227685033489,468.38528167840377,7278.0,606.4207938383641,470.5957369746057,7272.437438852423,7318.800010278842,0.6522020122099801,0.10563969902412045,7312.834801147953,0.6599481086334102,0.10515955759155962,0.23082057458850613,0.19162949231395032,8.0,7.986988968391415,1.5819724399790402e-05,-7.461085650931065e-05,1.148897235722643,5.652279670751227,7.420565967521725,7.836741558277026,0.00492783313259304,0.0004874271196999014,5.0,5.0,5.0
0,1908,613.5535786250753,468.5769237606455,7286.0,609.3976330023108,474.954281518489,7278.970283161528,7326.78703985073,0.6522178408280888,0.10556525077162558,7319.860342096027,0.6620426967394859,0.10574865357414796,0.23081012172633564,0.19164208224174217,8.0,7.987029571888343,1.5828618108670867e-05,-7.444825249486309e-05,2.9768391639466927,4.3585445438832835,6.532844309104803,7.025540948074195,0.0020945881060756566,0.0005890959825883418,5.0,5.0,5.0
0,1909,613.784378293255,468.7685784322457,7294.0,609.4447557095888,460.7383167346122,7293.214014038775,7334.77410989338,0.652233678329536,0.10549096459273023,7333.1216655215085,0.6473280594494919,0.10437483244087754,0.23079966817977038,0.19165467160019034,8.0,7.987070042649975,1.5837501447291125e-05,-7.428617889534972e-05,0.04712270727793566,-14.215964783876757,14.24373087724689,13.26132342548135,-0.014714637289994004,-0.0013738211332704198,5.0,5.0,5.0
0,1910,614.0151675071993,468.9602456926332,7302.0,603.4529823303234,468.350127199462,7299.932336066378,7342.761220274631,0.6522495247039695,0.10541683995931952,7339.790150588683,0.6600075526185849,0.1042621424534338,0.23078921394426288,0.19166726038747584,8.0,7.987110381251114,1.5846374433414745e-05,-7.412463341070763e-05,-5.991773379265396,7.611810464849782,6.71832202760379,6.668485067174515,0.012679493169093004,-0.00011268998744373704,5.0,5.0,5.0
0,1911,614.2459462662232,469.1519255412377,7310.0,595.9006417013111,462.0690159179328,7304.812347311677,7350.748370862897,0.6522653799410503,0.10534287634556742,7343.629128686206,0.6595679483424667,0.10286339994789757,0.23077875902390588,0.19167984860450815,8.0,7.987150588265649,1.5855237080808493e-05,-7.396361375210103e-05,-7.552340629012292,-6.281111281529206,4.880011245298192,3.838978097523068,-0.0004396042761182217,-0.0013987425055362324,5.0,5.0,5.0
0,1912,614.4767145696392,469.3436179774899,7318.0,605.9871883225725,466.48975871654164,7314.584076063585,7358.735561527164,0.6522812440304588,0.10526907322792349,7354.452622269143,0.6560539995403188,0.10417209742035402,0.23076830341597088,0.19169243625219679,8.0,7.9871906642665635,1.5864089408568205e-05,-7.380311764393355e-05,10.086546621261391,4.420742798608842,9.771728751908086,10.823493582936862,-0.003513948802147837,0.0013086974724564465,5.0,5.0,5.0
0,1913,614.7074724167605,469.5353230008186,7326.0,607.2079551227097,468.169412638135,7321.866540978215,7366.722792136981,0.6522971169618893,0.10519543008510095,7361.902861597029,0.6568186767918637,0.1043383708440247,0.23075784712136738,0.19170502332872275,8.0,7.987230609817743,1.5872931430460646e-05,-7.36431428225437e-05,1.2207668001371985,1.6796539215933421,7.282464914630509,7.4502393278862655,0.0007646772515448319,0.00016627342367067643,5.0,5.0,5.0
0,1914,614.9382198069006,469.7270406106545,7334.0,614.2554608750519,467.45953019560886,7325.660460933345,7374.710062562468,0.6523129987250535,0.10512194639806446,7366.215403615868,0.6505154869662959,0.10498183023515369,0.23074739014009538,0.19171760983590502,8.0,7.987270425486713,1.5881763164249385e-05,-7.348368703648245e-05,7.047505752342204,-0.7098824425261228,3.79391995513015,4.31254201883894,-0.006303189825567768,0.0006434593911289893,5.0,5.0,5.0
0,1915,615.1689567393742,469.9187708064255,7342.0,613.3607879180254,457.51636603130845,7336.0667371947,7382.697372674301,0.6523288893096756,0.10504862165001805,7375.8665832508395,0.6408829966571553,0.10393089023798226,0.23073693247351912,0.19173019577101513,8.0,7.987310111832812,1.5890584622035853e-05,-7.332474804641609e-05,-0.8946729570265006,-9.943164164300413,10.406276261354833,9.651179634971413,-0.009632490309140596,-0.0010509399971714295,5.0,5.0,5.0
0,1916,615.3996832134935,470.1105135875632,7350.0,613.1013628557704,465.6069358141377,7333.122217967483,7390.684722343717,0.6523447887055009,0.10497545532639294,7373.4228526148,0.6495083879127618,0.10460064863219062,0.23072647411936487,0.19174278113769105,8.0,7.9873496694162895,1.5899395825358376e-05,-7.316632362511233e-05,-0.25942506225499073,8.090569782829277,-2.944519227216915,-2.443730636039618,0.008625391255606463,0.0006697583942083668,5.0,5.0,5.0
0,1917,615.6303992285721,470.3022689534955,7358.0,607.5157510237883,462.30772292165636,7350.503879201881,7398.672111442508,0.6523606969022868,0.10490244691483545,7390.041346066807,0.6504917560569985,0.10348795403946927,0.2307160150785421,0.1917553659322948,8.0,7.987389098791027,1.5908196785874296e-05,-7.300841155748194e-05,-5.585611831982078,-3.299212892481364,17.381661234398052,16.618493452006987,0.0009833681442367181,-0.0011126945927213555,5.0,5.0,5.0
0,1918,615.8611047839245,470.49403690365216,7366.0,602.713456247412,461.8298865523091,7374.594520190209,7406.659539843017,0.6523766138898069,0.10482959590519565,7413.581772104094,0.6538209828398185,0.10260127989372997,0.2307055553524151,0.19176795015664538,8.0,7.9874284005090885,1.5916987520125936e-05,-7.285100963980162e-05,-4.802294776376357,-0.47783636934724427,24.090640988327323,23.540426037287034,0.003329226782819994,-0.0008866741457392996,5.0,5.0,5.0
0,1919,616.0917998788632,470.6858174374638,7374.0,604.0501355635502,457.8481635386019,7363.1888605641025,7414.647007418138,0.6523925396578536,0.10475690178951495,7402.097790725633,0.648578516888305,0.10257762869347772,0.2306950949387101,0.19178053381165228,8.0,7.987467575120718,1.592576804665402e-05,-7.269411568069928e-05,1.336679316138202,-3.98172301370721,-11.405659626106171,-11.483981378461067,-0.005242465951513453,-2.3651200252244875e-05,5.0,5.0,5.0
0,1920,616.322484512702,470.8776105543575,7382.0,618.6394742178077,470.96661581214585,7379.411280555258,7422.634514041311,0.6524084741962304,0.1046843640620145,7420.25843214751,0.6506902696646184,0.10497497940630546,0.23068463383879134,0.1917931168936775,8.0,7.987506623173431,1.5934538376782825e-05,-7.253772750044629e-05,14.589338654257517,13.118452273543937,16.22241999115522,18.16064142187679,0.0021117527763133692,0.002397350712827734,5.0,5.0,5.0
0,1921,616.553158684756,471.06941625376567,7390.0,604.1164047566084,469.02808215400415,7391.301069276352,7430.62205958652,0.6524244174947611,0.10461198221908416,7430.765469925077,0.6601759807507129,0.10310823992281619,0.23067417205402307,0.19180569940817804,8.0,7.987545545208377,1.5943298530718408e-05,-7.238184293034688e-05,-14.52306946119927,-1.9385336581416936,11.889788721094192,10.507037777567348,0.009485711086094528,-0.0018667394834892687,5.0,5.0,5.0
0,1922,616.7838223943368,471.26123453511536,7398.0,611.4375559490985,454.8764145367446,7395.35485580794,7438.609643928287,0.6524403695432826,0.1045397557592696,7434.516923153036,0.6396151611349541,0.10268623975346945,0.23066370958076732,0.19181828134969692,8.0,7.987584341767615,1.595204852145038e-05,-7.222645981455611e-05,7.321151192490106,-14.151667617259534,4.05378653158823,3.751453227959246,-0.02056081961575884,-0.0004220001693467368,5.0,5.0,5.0
0,1923,617.0144756407594,471.4530653978363,7406.0,610.5983999280728,473.8845596737353,7399.1552110813,7446.597266941678,0.6524563303316473,0.10446768418326216,7439.414951430216,0.6599960564658661,0.10408236237222694,0.23065324642266205,0.1918308627209626,8.0,7.9876230133904755,1.5960788364743905e-05,-7.207157600744307e-05,-0.8391560210257012,19.008145136990663,3.8003552733598553,4.898028277179947,0.02038089533091203,0.0013961226187574893,5.0,5.0,5.0
0,1924,617.2451184233373,471.6449088413583,7414.0,614.3536780175195,464.81420424108484,7407.762393293072,7454.584928502284,0.6524722998497251,0.10439576699388663,7447.712827549477,0.6477057524506493,0.10362358517816833,0.23064278257788828,0.19184344352197513,8.0,7.987661560606284,1.5969518077807443e-05,-7.191718937553382e-05,3.7552780894467332,-9.070355432650445,8.607182211771942,8.297876119260764,-0.012290304015216802,-0.00045877719405860995,5.0,5.0,5.0
0,1925,617.4757507413842,471.83676486511104,7422.0,612.2091181600458,446.67841458608524,7419.545573631137,7462.572628486239,0.6524882780874012,0.10432400369609006,7458.14843842658,0.6303281083071344,0.10178804086768507,0.23063231804690076,0.19185602375273447,8.0,7.987699983955281,1.5978237676073093e-05,-7.176329779656765e-05,-2.1445598574737232,-18.1357896549996,11.783180338064994,10.43561087710259,-0.017377644143514948,-0.0018355443104832586,5.0,5.0,5.0
0,1926,617.7063725942144,472.02863346852155,7430.0,613.5844417537495,472.75115409508595,7425.4077548467385,7470.560366770197,0.6525042650345731,0.10425239379693041,7465.69888534212,0.6564765218919534,0.10393935107252265,0.23062185283015424,0.19186860341051215,8.0,7.987738283957697,1.5986947171975352e-05,-7.160989915964977e-05,1.3753235937036834,26.072739509000712,5.862181215601595,7.550446915540306,0.026148413584819008,0.002151310204837581,5.0,5.0,5.0
0,1927,617.9369839811407,472.2205146510214,7438.0,621.9923519046016,465.292611980061,7431.24579085501,7478.548143231344,0.6525202606811599,0.10418093680556548,7471.732443328745,0.6422635201245854,0.10414935368370429,0.23061138692628447,0.19188118249985564,8.0,7.987776461146495,1.599564658671948e-05,-7.145699136493211e-05,8.407910150852103,-7.4585421150249545,5.838036008271047,6.0335579866250555,-0.01421300176736795,0.00021000261118163388,5.0,5.0,5.0
0,1928,618.1675849014778,472.41240841203853,7446.0,612.5468212457986,465.37200569160836,7432.231674976103,7486.535957747387,0.6525362650170909,0.10410963223324171,7471.937659162973,0.6497011537674648,0.10313803877876117,0.23060092033711044,0.19189376101712696,8.0,7.987814516043727,1.6004335931074642e-05,-7.130457232376597e-05,-9.445530658803023,0.07939371154736818,0.985884121093477,0.20521583422851108,0.007437633642879415,-0.0010113149049431197,5.0,5.0,5.0
0,1929,618.39817535454,472.6043147510027,7454.0,607.9986186133998,471.61221617835963,7450.573565450709,7494.523810196555,0.6525522780323139,0.10403847959328304,7490.202057146213,0.659734606124996,0.10291144251128456,0.2305904530621774,0.1919063389641451,8.0,7.987852449167804,1.6013015222915428e-05,-7.115263995867427e-05,-4.548202632398784,6.240210486751266,18.34189047460586,18.264397983239178,0.01003345235753117,-0.00022659626747660588,5.0,5.0,5.0
0,1930,618.6287553396405,472.79623366734177,7462.0,617.3346819716423,471.5198144902302,7459.566649325112,7502.511700457594,0.65256829971679,0.10396747840107971,7499.904508775122,0.6522743402958726,0.10376201572019288,0.23057998510057587,0.19191891633909108,8.0,7.987890261038956,1.6021684476119624e-05,-7.100119220332379e-05,9.33606335824254,-0.09240168812942784,8.993083874403055,9.70245162890933,-0.0074602658291234025,0.0008505732089083146,5.0,5.0,5.0
0,1931,618.8593248560928,472.98816516048555,7470.0,612.8387432022539,462.5207431301565,7464.068986157826,7510.499628409765,0.6525843300604985,0.10389662817407773,7503.454044179821,0.6465141219172184,0.10250387348021313,0.23056951645230583,0.19193149314378388,8.0,7.987927952171049,1.6030343708561823e-05,-7.085022700198396e-05,-4.495938769388431,-8.999071360073685,4.502336832713809,3.5495354046988723,-0.005760218378654258,-0.0012581422399797482,5.0,5.0,5.0
0,1932,619.089883903212,473.18010922986196,7478.0,617.1379554447053,464.9106022471302,7467.783656868467,7518.487593932843,0.6526003690534309,0.10382592843176777,7507.649024156898,0.6456310404789696,0.10309871761251867,0.2305590471191863,0.1919440693764045,8.0,7.987965523077946,1.6038992932343454e-05,-7.069974230995701e-05,4.299212242451404,2.389859116973696,3.7146707106412578,4.19497997707731,-0.0008830814382487784,0.0005948441323055387,5.0,5.0,5.0
0,1933,619.3204324803123,473.37206587490255,7486.0,619.2784881499647,469.95460708372843,7493.087977851888,7526.475596907113,0.6526164166855983,0.10375537869567464,7533.308079617681,0.6491565899388874,0.10338014316773375,0.23054857710030774,0.19195664504059096,8.0,7.988002974269875,1.6047632167448533e-05,-7.054973609313397e-05,2.140532705259375,5.044004836598219,25.30432098342135,25.659055460782838,0.0035255494599177872,0.00028142555521508406,5.0,5.0,5.0
0,1934,619.5509705867062,473.56403509503343,7494.0,605.0507995306847,473.61618533236583,7487.15818715467,7534.463637213363,0.652632472947023,0.10368497848934569,7526.482344395601,0.6641467753195714,0.10226757511478493,0.2305381063938512,0.19196922013088624,8.0,7.988040306249786,1.6056261424646223e-05,-7.040020632895216e-05,-14.227688619280002,3.6615782486373973,-5.9297906972187775,-6.825735222079857,0.014990185380684085,-0.0011125680529488202,5.0,5.0,5.0
0,1935,619.7814982217092,473.75601688968527,7502.0,612.804158300373,463.55501769337917,7502.541131118173,7542.451714732891,0.6526485378277453,0.1036147273383414,7541.7859698468565,0.6476156307799826,0.10206049655378797,0.2305276350029999,0.19198179465183784,8.0,7.988077519527906,1.6064880722366226e-05,-7.02511510042858e-05,7.7533587696883615,-10.06116763898666,15.382943963503749,15.303625451255357,-0.016531144539588816,-0.00020707856099695665,5.0,5.0,5.0
0,1936,620.0120153846351,473.948011258286,7510.0,621.0192024944828,466.0873766681408,7507.984351197654,7550.439829347493,0.6526646113178193,0.1035446247702238,7548.028306146257,0.643833871893416,0.10305258949409311,0.23051716292593483,0.19199436860071728,8.0,7.988114614602637,1.6073490073931218e-05,-7.010256811759707e-05,8.215044194109737,2.532358974761621,5.443220079480852,6.242336299400449,-0.003781758886566622,0.0009920929403051393,5.0,5.0,5.0
0,1937,620.2425220747982,474.1400182002644,7518.0,616.7179167500782,463.8579304264371,7510.251120421545,7558.427980939466,0.6526806934073149,0.1034746703145464,7549.793179965471,0.6448690089542748,0.10239219359153023,0.23050669016311076,0.19200694197843404,8.0,7.9881515919723824,1.6082089495661478e-05,-6.995445567740954e-05,-4.301285744404595,-2.22944624170367,2.2667692238910604,1.7648738192137898,0.0010351370608587818,-0.0006603959025628797,5.0,5.0,5.0
0,1938,620.4730182915118,474.3320377150485,7526.0,613.5600941692297,460.984254585857,7516.128214162258,7566.416169391602,0.6526967840863173,0.1034048635028434,7555.206536148365,0.6443498372608288,0.10175298368265412,0.2304962167136182,0.19201951478407864,8.0,7.9881884521364555,1.6090679002322972e-05,-6.980681170298819e-05,-3.1578225808484603,-2.8736758405801197,5.877093740712553,5.413356182893949,-0.0005191716934459523,-0.000639209908876115,5.0,5.0,5.0
0,1939,620.703504034092,474.5240698020689,7534.0,620.5070797046075,464.00156741351725,7540.91331608441,7574.404394587189,0.6527128833449275,0.10333520386862004,7580.613440297883,0.6420775365871866,0.10238786161722371,0.23048574258018562,0.19203208702037955,8.0,7.988225195586892,1.6099258610235978e-05,-6.965963422336796e-05,6.946985535377735,3.0173128276602483,24.785101922152535,25.406904149518596,-0.002272300673642258,0.0006348779345695943,5.0,5.0,5.0
0,1940,620.9339793018503,474.7161144607535,7542.0,623.0328349166407,473.24339529793565,7535.102069633391,7582.392656410003,0.6527289911732627,0.103265690947341,7575.611686482537,0.6496042849527914,0.10346153816659272,0.23047526775826555,0.1920446586846083,8.0,7.988261822813911,1.6107828335165664e-05,-6.951292127903297e-05,2.525755212033232,9.241827884418399,-5.811246451019542,-5.001753815346092,0.007526748365604852,0.0010736765493690043,5.0,5.0,5.0
0,1941,621.1644440941031,474.90817169052934,7550.0,625.6069824516497,466.7941960242825,7550.527345989237,7590.3809547443125,0.6527451075614502,0.10319632427642134,7590.767031102027,0.6410300322232492,0.103012871772913,0.2304647922528602,0.19205722977585538,8.0,7.9882983343095475,1.6116388187548125e-05,-6.93666709196683e-05,2.574147535009047,-6.449199273653164,15.425276355846108,15.155344619490279,-0.008574252729542264,-0.00044866639367971417,5.0,5.0,5.0
0,1942,621.3948984101653,475.1002414908271,7558.0,620.0029517785857,468.01574180390236,7552.46729018475,7598.369289474869,0.652761232499638,0.10312710339521586,7592.3122014377805,0.6466045820100847,0.10249543365093518,0.2304543160621506,0.19206980029775877,8.0,7.988334730556744,1.6124938187811466e-05,-6.922088120547842e-05,-5.604030673064017,1.2215457796198734,1.9399441955129078,1.5451703357530278,0.005574549786835581,-0.0005174381219778257,5.0,5.0,5.0
0,1943,621.6253422493487,475.2923238610747,7566.0,615.6166278771527,466.98495265586246,7565.4485486914255,7606.357660486909,0.6527773659779885,0.10305802784500848,7604.805751721936,0.6489599276718149,0.10178189379517359,0.23044383918340827,0.19208237024759,8.0,7.988371012039352,1.6133478350499608e-05,-6.907555020738143e-05,-4.386323901433002,-1.0307891480399007,12.981258506675658,12.49355028415539,0.002355345661730124,-0.0007135398557615857,5.0,5.0,5.0
0,1944,621.8557756109694,475.48441880070004,7574.0,625.9438042806594,475.32077406867563,7572.759111141851,7614.34606766615,0.6527935079866759,0.10298909716900291,7613.436545986346,0.6494687859730177,0.10341772133235566,0.23043336162072592,0.19209493962534907,8.0,7.9884071792412215,1.6142008687380915e-05,-6.89306760055658e-05,10.327176403506655,8.335821412813175,7.3105624504250954,8.630794264409815,0.0005088583012028414,0.001635827537182069,5.0,5.0,5.0
0,1945,622.0861984943422,475.6765263091329,7582.0,623.0737236025058,470.4321251459809,7574.769516727962,7622.334510898788,0.6528096585158926,0.10292031091231243,7614.897273172134,0.6467051550450701,0.10270611739622011,0.2304228833727393,0.19210750843285496,8.0,7.988443232638019,1.6150529216663045e-05,-6.878625669047567e-05,-2.870080678153613,-4.888648922694756,2.010405586111119,1.460727185788528,-0.0027636309279476245,-0.0007116039361355492,5.0,5.0,5.0
0,1946,622.3166108987803,475.8686463858003,7590.0,611.3979263021266,466.2196681206099,7578.989373633087,7630.322990071495,0.6528258175558442,0.10285166862194937,7617.890005038947,0.6514829612391638,0.10110228179636722,0.2304124044380842,0.19212007666737918,8.0,7.98847917270723,1.6159039951668674e-05,-6.864229036306069e-05,-11.675797300379145,-4.212457025370952,4.219856905125198,2.9927318668123917,0.004777806194093737,-0.0016038355998528875,5.0,5.0,5.0
0,1947,622.5470128235984,476.060779030131,7598.0,625.845759382538,473.39849947147496,7591.764385843475,7638.311505071416,0.6528419850967526,0.10278316984681604,7632.213017467496,0.6475934520344517,0.10299915536970652,0.23040192481812483,0.19213264433074073,8.0,7.988514999920881,1.6167540908385014e-05,-6.849877513333269e-05,14.447833080411328,7.178831350865039,12.775012210388013,14.323012428549191,-0.003889509204712094,0.0018968735733393,5.0,5.0,5.0
0,1948,622.7774042681122,476.25292424155487,7606.0,619.4205270228592,470.2703769084492,7602.005916493993,7646.300055786168,0.6528581611288543,0.10271481413769463,7641.68371310306,0.6493696196006281,0.10194885117754844,0.2303914445137707,0.1921452114238491,8.0,7.988550714751909,1.6176032101689053e-05,-6.835570912140654e-05,-6.425232359678716,-3.1281225630257836,10.241530650518143,9.47069563556397,0.0017761675661763787,-0.001050304192158083,5.0,5.0,5.0
0,1949,623.0077852316344,476.445082019497,7614.0,611.519195297682,469.8496063395208,7605.149349794383,7654.2886421038365,0.6528743456423989,0.10264660104723677,7644.148808825797,0.6551305621190393,0.10105656651998861,0.2303809635222933,0.19215777794215683,8.0,7.988586317668705,1.61845135445704e-05,-6.821309045786095e-05,-7.901331725177215,-0.4207705689283898,3.1434333003899155,2.4650957227368053,0.005760942518411194,-0.0008922846575598331,5.0,5.0,5.0
0,1950,623.2381557134809,476.63725236338905,7622.0,622.6902328352368,467.8903853602763,7610.051314641035,7662.277263912972,0.6528905386276548,0.10257853012995512,7649.806896272005,0.6443974762024723,0.10199457682338486,0.23037048184642117,0.19217034389203036,8.0,7.988621809135111,1.6192985255902848e-05,-6.807091728165682e-05,11.171037537554753,-1.959220979244492,4.901964846651936,5.65808744620881,-0.010733085916566965,0.0009380103033962556,5.0,5.0,5.0
0,1951,623.4685157129666,476.82943527265707,7630.0,618.9579888399019,474.8582893177853,7621.07010620823,7670.26592110259,0.6529067400749006,0.10251060094221255,7660.894787857569,0.6544121505803344,0.10200928946959596,0.23035999948569952,0.19218290926801274,8.0,7.988657189618607,1.6201447245789424e-05,-6.792918774256584e-05,-3.7322439953348976,6.967903957509009,11.018791567194967,11.087891585563739,0.010014674377862076,1.4712646211098579e-05,5.0,5.0,5.0
0,1952,623.6988652294049,477.0216307467308,7638.0,614.5319550589729,471.7315093767688,7623.838102285759,7678.254613562168,0.6529229499744347,0.10244281304221313,7663.0990826552425,0.6546874653757179,0.10126956468135563,0.23034951643830937,0.19219547407374193,8.0,7.988692459577578,1.6209899534103123e-05,-6.778789999942192e-05,-4.426033780928947,-3.12677994101648,2.7679960775294603,2.204294797673356,0.00027531479538345227,-0.0007397247882403313,5.0,5.0,5.0
0,1953,623.9292042621109,477.2138387850364,7646.0,620.7041418451439,467.37445180306497,7638.839666970103,7686.24334118164,0.6529391683165652,0.10237516598999236,7678.2539660770435,0.6454021350451508,0.10136700584761041,0.2303390327060697,0.19220803830557998,8.0,7.988727619472229,1.6218342130502883e-05,-6.764705222077338e-05,6.1721867861709825,-4.357057573703855,15.001564684343975,15.15488342180106,-0.00928533033056711,9.74411662547775e-05,5.0,5.0,5.0
0,1954,624.1595328103999,477.40605938700446,7654.0,613.7136915215106,474.81706714646725,7651.440422462155,7694.232103851399,0.6529553950916199,0.1023076593474082,7690.685033266047,0.6584839033700836,0.10106652897645865,0.23032854828898053,0.19222060196807433,8.0,7.988762669759126,1.6226775054750675e-05,-6.750664258416139e-05,-6.990450323633354,7.442615343402281,12.600755492051576,12.431067189003443,0.013081768324932797,-0.0003004768711517558,5.0,5.0,5.0
0,1955,624.389850873586,477.59829255206205,7662.0,612.859793143591,474.08877297912954,7667.664131734674,7702.220901462291,0.6529716302899384,0.10224029267813084,7706.713341483989,0.6584148468318475,0.10070941377653991,0.23031806318613235,0.19223316505758703,8.0,7.988797610892107,1.623519831850384e-05,-6.736666927735502e-05,-0.8538983779195632,-0.7282941673377081,16.223709272519045,16.02830821794214,-6.90565382360786e-05,-0.0003571151999187394,5.0,5.0,5.0
0,1956,624.6201584509836,477.7905382796371,7670.0,622.4512830685698,475.72483252516685,7668.780175216006,7710.209733905614,0.652987873901876,0.10217306554763396,7708.693085851896,0.6525755765140497,0.1018049473633006,0.23030757739752516,0.19224572757502756,8.0,7.988832443322281,1.6243611937527547e-05,-6.722713049688023e-05,9.59148992497876,1.636059546037302,1.1160434813318716,1.9797443679071876,-0.00583927031779774,0.0010955335867606913,5.0,5.0,5.0
0,1957,624.8504555419086,477.9827965691575,7678.0,623.1735193275731,470.4182977236205,7677.4721490734055,7718.198601073116,0.6530041259178012,0.10210597752318537,7717.073098644467,0.6466140064643574,0.10135084747944763,0.23029709092497797,0.19225828952039592,8.0,7.988867167502576,1.6252015925255492e-05,-6.708802444858886e-05,0.7222362590033526,-5.30653480154632,8.691973857399717,8.380012792570597,-0.005961570049692333,-0.0004540998838529764,5.0,5.0,5.0
0,1958,625.0807421456752,478.17506742005116,7686.0,625.5518565752753,473.15985228190664,7678.463174909099,7726.187502856991,0.653020386328099,0.10203902817383757,7718.419015544007,0.6475768422632575,0.10179547816069646,0.23028660376667176,0.1922708508936921,8.0,7.988901783875008,1.626041029778591e-05,-6.69493493477974e-05,2.378337247702234,2.7415545582861114,0.9910258356931081,1.345916899540498,0.000962835798900108,0.00044463068124883653,5.0,5.0,5.0
0,1959,625.3110182615983,478.3673508317461,7694.0,617.6784721733841,468.42989014118734,7692.902671762009,7734.176439149882,0.6530366551231684,0.10197221707041862,7731.862956245874,0.6488375197088113,0.1004307063447432,0.2302761159230613,0.19228341169491614,8.0,7.988936292890685,1.6268795069440678e-05,-6.681110341895391e-05,-7.873384401891258,-4.729962140719294,14.439496852910452,13.443940701866268,0.001260677445553804,-0.001364771815953264,5.0,5.0,5.0
0,1960,625.5412838889924,478.55964680367015,7702.0,628.4993862088294,477.2436821686181,7697.892705574657,7742.165409844867,0.6530529322934233,0.10190554378552315,7738.23785607384,0.6494509080456842,0.10215943972705234,0.23026562739414658,0.192295971924068,8.0,7.988970694985255,1.627717025487474e-05,-6.667328489547153e-05,10.820914035445298,8.813792027430736,4.990033812648107,6.374899827966146,0.0006133883368728554,0.0017287333823091389,5.0,5.0,5.0
0,1961,625.7715390271733,478.7519553352522,7710.0,623.4416264126573,471.20769452054316,7715.918370023835,7750.154414835472,0.6530692178292926,0.10183900789350334,7755.392475290384,0.6472135187982008,0.10093775386025586,0.2302551381808371,0.19230853158205719,8.0,7.989004990605281,1.628553586929815e-05,-6.653589201981169e-05,-5.057759796172036,-6.035987648074922,18.025664449178294,17.154619216544233,-0.002237389247483401,-0.001221685866796482,5.0,5.0,5.0
0,1962,626.001783675455,478.94427642591927,7718.0,625.2151927596916,478.2394202609323,7709.024789086885,7758.143454015658,0.6530855117212188,0.1017726089704595,7749.107702123202,0.6529815396532594,0.1017550957747401,0.2302446482817686,0.1923210906670647,8.0,7.9890391801855,1.629389192614461e-05,-6.63989230438311e-05,1.7735663470342615,7.031725740389163,-6.893580936950457,-6.284773167181811,0.005768020855058675,0.0008173419144842375,5.0,5.0,5.0
0,1963,626.2320178331524,479.13661007509836,7726.0,624.610156123077,465.66239462841634,7713.981013602932,7766.132527279819,0.6531018139596586,0.1017063465942315,7753.223999803545,0.6406308568719191,0.10065566169239383,0.23023415769739586,0.19233364917909057,8.0,7.989073264161561,1.6302238439847017e-05,-6.626237622800457e-05,-0.6050366366146136,-12.577025632515983,4.956224516046859,4.116297680342541,-0.012350682781340327,-0.001099434082346265,5.0,5.0,5.0
0,1964,626.4622414995824,479.3289562822192,7734.0,618.9692439577904,472.03275620877145,7725.840257852837,7774.1216345227895,0.6531181245350847,0.10164022034439012,7764.956248283651,0.6515234165370012,0.1004165135955604,0.2302236664299926,0.19234620712086326,8.0,7.989107242970022,1.6310575426059515e-05,-6.612624984138338e-05,-5.640912165286636,6.370361580355109,11.859244249904805,11.732248480106136,0.010892559665082069,-0.00023914809683342475,5.0,5.0,5.0
0,1965,626.6924546740579,479.52131504670797,7742.0,626.5596152324708,480.78633843781586,7735.0041231642435,7782.110775639828,0.6531344434379834,0.1015742298022272,7775.21840465183,0.6545087520678502,0.10175042189842931,0.23021317447546608,0.19235876448874478,8.0,7.9891411170383435,1.6318902898770915e-05,-6.599054216291367e-05,7.590371274680479,8.753582229044412,9.16386531140688,10.262156368178694,0.0029853355308490093,0.0013339083028689053,5.0,5.0,5.0
0,1966,626.9226573558935,479.7136863679925,7750.0,619.6538508514216,488.45252163424294,7741.995416931481,7790.099950526626,0.6531507706588564,0.10150837455074786,7782.098033085545,0.6675454558918497,0.1015639723016124,0.2302026818356353,0.19237132128455414,8.0,7.989174886798537,1.6327220872969228e-05,-6.58552514793409e-05,-6.905764381049266,7.666183196427085,6.991293767237039,6.87962843371497,0.013036703823999463,-0.00018644959681690665,5.0,5.0,5.0
0,1967,627.1528495444077,479.9060702455017,7758.0,620.8772592576188,469.69286045517305,7747.658475176418,7798.089159079303,0.6531671061882174,0.10144265417466175,7786.675272682096,0.647647340848411,0.1001489237234195,0.23019218851413825,0.19238387750920083,8.0,7.989208552676246,1.633552936097793e-05,-6.572037608611192e-05,1.2234084061972226,-18.759661179069894,5.6630582449370195,4.577239596551408,-0.019898115043438636,-0.0014150485781928984,5.0,5.0,5.0
0,1968,627.3830312389118,480.09846667866077,7766.0,626.9836976199382,470.5485797492571,7755.215755945638,7806.078401194401,0.6531834500165968,0.10137706826037314,7794.7351426621735,0.6438182922485274,0.10074026179881714,0.2301816945041537,0.19239643315904686,8.0,7.989242115098023,1.6343828379450365e-05,-6.558591428861005e-05,6.106438362319409,0.8557192940840537,7.557280769220597,8.059869980077565,-0.0038290485998836443,0.0005913380753976294,5.0,5.0,5.0
0,1969,627.613202438723,480.2908756668994,7774.0,624.9581321534304,473.94564741125845,7756.7891871780785,7814.067676768884,0.6531998021345394,0.10131161639597398,7796.343735236892,0.6488325104431991,0.10077469863396947,0.23017119981113865,0.19240898823863972,8.0,7.989275574483145,1.635211794259739e-05,-6.545186439915751e-05,-2.025565466507828,3.397067662001348,1.5734312324402708,1.6085925747183865,0.005014218194671738,3.443683515233498e-05,5.0,5.0,5.0
0,1970,627.8433631431562,480.48329720964557,7782.0,622.9564923801319,474.6430634007882,7782.460666803759,7822.05698570014,0.6532161625326043,0.10124629817123425,7821.76801365143,0.651086416244995,0.10029549822851096,0.23016070443327408,0.1924215427461604,8.0,7.989308931256346,1.63603980648519e-05,-6.531822473973548e-05,-2.001639773298507,0.6974159895297589,25.67147962568015,25.424278414538094,0.0022539058017958524,-0.00047920040545851306,5.0,5.0,5.0
0,1971,628.0735133515263,480.67573130632536,7790.0,623.7713375278412,474.39253072132,7792.367457207888,7830.0463278859725,0.6532325312013632,0.10118111317759347,7831.6747597737985,0.6502019651952184,0.10023193361664436,0.23015020837010525,0.19243409667978995,8.0,7.989342185832356,1.636866875887044e-05,-6.518499364077668e-05,0.8148451477093204,-0.2505326794682219,9.906790404129424,9.906746122368531,-0.0008844510497765246,-6.356461186660112e-05,5.0,5.0,5.0
0,1972,628.3036530631489,480.8681779563658,7798.0,614.1869174323376,481.88458517720346,7785.734966996783,7838.035703224602,0.6532489081314024,0.10111606100815261,7824.775223563476,0.6652733847237118,0.0999346575731823,0.23013971162254165,0.19244665004043782,8.0,7.989375338629543,1.6376930039196935e-05,-6.505216944086012e-05,-9.58442009550356,7.492054455883476,-6.632490211104596,-6.899536210322367,0.015071419528493335,-0.0002972760434620525,5.0,5.0,5.0
0,1973,628.5337822773395,481.0606371591957,7806.0,631.6925167028803,481.58770509685877,7808.946852125303,7846.025111614662,0.6532652933133247,0.10105114125766561,7849.242835629215,0.6513753030898843,0.10137198873484947,0.2301292141905833,0.19245920282992302,8.0,7.989408390059907,1.6385181922373704e-05,-6.491975048700249e-05,17.50559927054269,-0.2968800803446925,23.211885128519498,24.46761206573865,-0.013898081633827442,0.0014373311616671658,5.0,5.0,5.0
0,1974,628.7639009934128,481.25310891424124,7814.0,619.214117492162,479.56203177737655,7815.331730394299,7854.014552955201,0.6532816867377449,0.10098635352253063,7854.477444218169,0.6589781300266474,0.09988010614562118,0.23011871607332068,0.19247175504551706,8.0,7.989441340539088,1.639342442016911e-05,-6.478773513497738e-05,-12.478399210718294,-2.025673319482223,6.384878268995635,5.234608588953961,0.007602826936763063,-0.001491882589228291,5.0,5.0,5.0
0,1975,628.994009210684,481.4455932209312,7822.0,623.3464931347397,482.80214916937325,7814.803675595401,7862.004027145674,0.6532980883952944,0.10092169740078227,7854.477401701868,0.65901796036549,0.10055202490080675,0.23010821727120856,0.19248430668994843,8.0,7.98947419047272,1.6401657549458548e-05,-6.465612174835766e-05,4.132375642577699,3.240117391996705,-0.528054798897756,-4.251630070939427e-05,3.983033884258358e-05,0.0006719187551855743,5.0,5.0,5.0
0,1976,629.2241069284696,481.6380900786917,7830.0,626.0879859159065,480.1501106159807,7827.850955095292,7869.993534085945,0.6533144982766153,0.10085717249208286,7867.514275170974,0.6542329164798047,0.10045542230576696,0.23009771778561117,0.19249685776048864,8.0,7.989506940270985,1.6409881320900155e-05,-6.452490869941763e-05,2.741492781166812,-2.652038553392572,13.047279499891374,13.036873469105558,-0.004785043885685236,-9.66025950397964e-05,5.0,5.0,5.0
0,1977,629.4541941460834,481.83059948695063,7838.0,623.4564519978519,473.4313890577248,7837.047357422684,7877.983073676285,0.6533309163723675,0.10079277839771436,7876.048914917223,0.6494682031021598,0.09955914301100403,0.23008721761380002,0.19250940825895668,8.0,7.989539590340428,1.64180957522575e-05,-6.439409436849453e-05,-2.631533918054629,-6.718721558255879,9.196402327392207,8.534639746249013,-0.004764713377644947,-0.0008962792947629222,5.0,5.0,5.0
0,1978,629.6842708628424,482.0231214451351,7846.0,619.2979563275171,482.26573829363133,7836.432988155273,7885.972645817368,0.6533473426732225,0.10072851472057044,7875.645508711747,0.6616360427499073,0.09983082424936333,0.23007671675895836,0.19252195818444306,8.0,7.989572141083045,1.642630085496588e-05,-6.426367714391923e-05,-4.158495670334787,8.83434923590653,-0.6143692674113481,-0.4034062054752212,0.01216783964774748,0.00027168123835930036,5.0,5.0,5.0
0,1979,629.9143370780616,482.215655952672,7854.0,613.7464660637305,482.74226984773327,7850.246694915527,7893.962250410269,0.6533637771698663,0.100664381065148,7888.985866049933,0.6664857337557959,0.0991419483643197,0.23006621521926718,0.19253450753694779,8.0,7.989604592900832,1.6434496643791263e-05,-6.413365542244642e-05,-5.551490263786604,0.47653155410193904,13.813706760253808,13.34035733818564,0.004849691005888612,-0.0006888758850436272,5.0,5.0,5.0
0,1980,630.1443927910559,482.4082030089894,7862.0,626.9491849788369,482.6134916541622,7848.637003019413,7901.951887356463,0.6533802198530012,0.10060037703753917,7888.41453449537,0.656041139315914,0.10046660196934179,0.23005571299427174,0.19254705631738034,8.0,7.9896369461939685,1.6442683134942904e-05,-6.40040276088244e-05,13.202718915106402,-0.12877819357106546,-1.6096918961138726,-0.5713315545626756,-0.010444594439881882,0.001324653605022083,5.0,5.0,5.0
0,1981,630.3744380011412,482.6007626135133,7870.0,631.6799921360259,480.43190741354005,7870.021687524101,7909.941556557823,0.6533966707133403,0.10053650224542347,7909.935258409242,0.6502266998523599,0.10050128520037159,0.2300452100853363,0.19255960452392173,8.0,7.989669201359902,1.6450860339078943e-05,-6.387479211569791e-05,4.73080715718902,-2.1815842406221577,21.384684504688266,21.520723913871734,-0.005814439463554089,3.468323102980009e-05,5.0,5.0,5.0
0,1982,630.6044727076337,482.7933347656708,7878.0,624.7926914466609,484.1268267928719,7868.859194125208,7917.931257916617,0.6534131297416117,0.10047275629805973,7908.456847493986,0.6592225584656455,0.10011178939127548,0.23003470649246083,0.19257215215748147,8.0,7.989701358794264,1.6459028271409437e-05,-6.374594736374695e-05,-6.88730068936502,3.69491937933185,-1.1624933988932753,-1.4784109152560632,0.008995858613285557,-0.00038949580909611314,5.0,5.0,5.0
0,1983,630.834496909848,482.9859194648898,7886.0,626.244088861438,474.33463778660575,7878.797995504027,7925.920991335508,0.65342959692856,0.10040913880627811,7917.867949227009,0.648237931315087,0.09938276211068779,0.2300242022142811,0.19258469921896904,8.0,7.989733418890864,1.6467186948254664e-05,-6.361749178161735e-05,1.451397414777034,-9.792189006266142,9.938801378819335,9.411101733023315,-0.01098462715055848,-0.0007290272805876852,5.0,5.0,5.0
0,1984,631.0645106071001,483.17851671059725,7894.0,627.2339426315897,484.13521234143076,7885.056507116986,7933.910756717549,0.6534460722649411,0.10034564938247234,7924.766586029267,0.6573437729429726,0.10015062176682693,0.23001369725216136,0.19259724570747494,8.0,7.989765382040787,1.6475336381160943e-05,-6.348942380576816e-05,0.9898537701517398,9.800574554825005,6.2585116129585,6.898636802257897,0.009105841627885636,0.0007678596561391388,5.0,5.0,5.0
0,1985,631.2945137987062,483.37112650222025,7902.0,621.1668567200805,483.0448229275741,7885.314303435001,7941.900553966184,0.6534625557415256,0.10028228764059179,7924.478672367114,0.6609579474489516,0.09946132497695635,0.2300031916061016,0.19260979162299918,8.0,7.989797248635114,1.6483476584450152e-05,-6.336174188055488e-05,-6.067085911509139,-1.0903894138566557,0.25779631801560754,-0.28791366215318703,0.0036141745059790065,-0.0006892967898705776,5.0,5.0,5.0
0,1986,631.524506483981,483.563748839184,7910.0,629.8241705440182,475.2747841422831,7905.674702080351,7949.8903829852425,0.653479047349097,0.1002190531961334,7944.951673947187,0.6464481898016721,0.09947580110835615,0.2299926852747376,0.19262233696372277,8.0,7.989829019058561,1.6491607571444966e-05,-6.323444445838211e-05,8.65731382393767,-7.7700387852909785,20.36039864534996,20.473001580073287,-0.014509757647279575,1.4476131399793202e-05,5.0,5.0,5.0
0,1987,631.7544886622409,483.75638372091726,7918.0,632.9300635923528,463.28166703642387,7914.177371616925,7957.880243678943,0.653495547078455,0.10015594566613478,7952.951265902768,0.6318574267372037,0.09878639863937752,0.22998217825988831,0.1926348817332837,8.0,7.989860693700393,1.6499729358021575e-05,-6.310752999862113e-05,3.105893048334565,-11.993117105859255,8.502669536573194,7.999591955580399,-0.014590763064468382,-0.0006894024689786254,5.0,5.0,5.0
0,1988,631.984460332802,483.94903114684803,7926.0,618.5466740162068,477.1303751950281,7928.699537494729,7965.870135951886,0.6535120549204129,0.10009296466916581,7967.090418637119,0.6570402699345437,0.09820954819048908,0.22997167056109902,0.19264742593077244,8.0,7.989892272943507,1.6507841957835723e-05,-6.298099696896986e-05,-14.383389576145987,13.848708158604211,14.522165877804582,14.139152734351228,0.025182843197339988,-0.0005768504488884441,5.0,5.0,5.0
0,1989,632.214421494979,484.14169111639967,7934.0,616.5170704802637,471.50691186883364,7925.84508765017,7973.8600597090535,0.6535285708657941,0.10003010982532073,7963.757430984571,0.6529005483213947,0.09761549104567674,0.22996116217700546,0.19265996955164155,8.0,7.989923757167162,1.6515945381212482e-05,-6.285484384507822e-05,-2.0296035359431244,-5.62346332619444,-2.854449844558985,-3.332987652547672,-0.004139721613149017,-0.0005940571448123377,5.0,5.0,5.0
0,1990,632.4443721480884,484.334363629001,7942.0,622.7703430093292,476.03269617919517,7947.342924986986,7981.8500148558105,0.65354509490544,0.0999673807562115,7985.906936303747,0.6526404602134206,0.09831479971130842,0.22995065310942664,0.192672512601348,8.0,7.989955146756984,1.6524039645915423e-05,-6.272906910922971e-05,6.253272529065498,4.52578431036153,21.497837336815792,22.14950531917566,-0.0002600881079740658,0.0006993086656316844,5.0,5.0,5.0
0,1991,632.6743122914459,484.5270486840791,7950.0,621.9395238595,470.22487140676606,7945.025356206668,7989.8400012978955,0.6535616270302052,0.09990477708495954,7983.191599341393,0.6473695451481063,0.09782269052138619,0.22994014335745305,0.19268505507807276,8.0,7.989986442084955,1.6532124765156198e-05,-6.260367125196509e-05,-0.8308191498291535,-5.8078247724291145,-2.3175687803177425,-2.715336962353831,-0.005270915065314297,-0.0004921091899222352,5.0,5.0,5.0
0,1992,632.9042419243674,484.71974628106,7958.0,623.9770949709258,478.77951751210657,7967.800210634171,7997.830018941428,0.653578167230956,0.09984229843618837,8006.523430179882,0.6544833918501122,0.09839067279921299,0.22992963292153945,0.19269759698090638,8.0,7.9900176435321555,1.6540200750814193e-05,-6.247864877116649e-05,2.037571111425791,8.55464610534051,22.77485442750276,23.331830838488713,0.007113846702005877,0.0005679822778267979,5.0,5.0,5.0
0,1993,633.1341610461691,484.91245641937076,7966.0,626.1703228782665,484.53880134487406,7965.120596371922,8005.820067692897,0.6535947154985744,0.0997799444360162,8004.374631288219,0.6585681219103046,0.09907659912870416,0.22991912180168583,0.19271013831075834,8.0,7.990048751469658,1.6548267618432533e-05,-6.235400017216841e-05,2.193227907340656,5.759283832767494,-2.6796142622488333,-2.1487988916633185,0.0040847300601923875,0.0006859263294911738,5.0,5.0,5.0
0,1994,633.3640696561665,485.1051790984375,7974.0,612.067430070142,491.0876641388462,7965.975673394649,8013.810147459169,0.6536112718239548,0.0997177147120484,8004.533844137168,0.6761676170390807,0.09819280695155251,0.22990860999743745,0.19272267906671914,8.0,7.990079766271265,1.6556325380445713e-05,-6.222972396779936e-05,-14.102892808124466,6.548862793972148,0.8550770227266185,0.15921284894920973,0.01759949512877612,-0.0008837921771516488,5.0,5.0,5.0
0,1995,633.5939677536758,485.2979143176881,7982.0,621.9619427803407,471.01732457827757,7971.8549998527615,8021.800258147478,0.6536278361980075,0.09965560889337038,8009.9417049687345,0.6481624278388962,0.09755718463753456,0.22989809750924906,0.19273521925060777,8.0,7.990110688309869,1.6564374052618902e-05,-6.210581867802101e-05,9.894512710198683,-20.07033956056864,5.8793264581127005,5.4078608315667225,-0.028005189200184466,-0.0006356223140179529,5.0,5.0,5.0
0,1996,633.8238553380124,485.49066207654687,7990.0,629.3679060171831,479.36226036337206,7975.394775799795,8029.790399665428,0.6536444086116525,0.09959362661053972,8014.53766399783,0.6509197288831042,0.09887331839739912,0.2298875843366659,0.19274775885878626,8.0,7.990141517949269,1.657241364505513e-05,-6.198228283066376e-05,7.405963236842467,8.344935785094492,3.5397759470333767,4.595959029095866,0.002757301044208016,0.0013161337598645573,5.0,5.0,5.0
0,1997,634.0537324084939,485.68342237444267,7998.0,625.8695964794667,477.9334432270663,7998.041607666219,8037.780571920988,0.6536609890558274,0.0995317674955798,8036.715914222194,0.6521680413346593,0.09814343866197307,0.22987707048150696,0.19276029789580207,8.0,7.9901722555605375,1.6580444174851827e-05,-6.185911495991403e-05,-3.498309537716409,-1.4288171363057813,22.64683186642378,22.178250224364092,0.0012483124515551003,-0.0007298797354260422,5.0,5.0,5.0
0,1998,634.2835989644345,485.8761952107998,8006.0,622.888264642105,484.2365732822209,7997.459299753319,8045.770774822497,0.6536775775214808,0.0994700311819713,8036.282106816797,0.6608109796452871,0.09833449014689459,0.22986655594058902,0.19277283635710774,8.0,7.990202901508383,1.6588465653444295e-05,-6.173631360850695e-05,-2.981331837361722,6.303130055154611,-0.5823079128995232,-0.43380740539760154,0.00864293831062779,0.00019105148492151725,5.0,5.0,5.0
0,1999,634.5134550051516,486.06898058504703,8014.0,641.2401367136467,479.1814221570212,7998.941993762881,8053.761008278651,0.6536941739995774,0.09940841730464635,8038.8977333871,0.6417535245383394,0.09974390762924726,0.2298560407170953,0.19278537424725073,8.0,7.990233456154783,1.65964780965977e-05,-6.161387732495083e-05,18.35187207154172,-5.0551511251997,1.4826940095617829,2.615626570302993,-0.019057455106947674,0.0014094174823526678,5.0,5.0,5.0
0,2000,634.7433005299613,486.2617784966096,8022.0,632.8787355112664,480.0558145765752,8023.169504522385,8061.751272198514,0.6537107784810928,0.0993469254999803,8062.396540562185,0.6489362964809485,0.09868517391918265,0.22984552480966158,0.19279791156259307,8.0,7.9902639198626275,1.660448151541427e-05,-6.149180466605286e-05,-8.361401202380307,0.8743924195539989,24.227510759504185,23.49880717508495,0.007182771942609079,-0.0010587337100646105,5.0,5.0,5.0
