id,time,x_true,y_true,z_true,x_measure,y_measure,z_measure,r_true,fi_true,psi_true,r_measure,fi_measure,psi_measure,v_x_true_extr,v_y_true_extr,v_z_true_extr,v_r_true_extr,v_fi_true_extr,v_psi_true_extr,v_x_measure_extr,v_y_measure_extr,v_z_measure_extr,v_r_measure_extr,v_fi_measure_extr,v_psi_measure_extr,x_err,y_err,z_err
0,0,0.0,0.0,0.0,-3.290308027037555,29.83857854585566,10.772691744468895,0.0,,,31.893851820865628,-1.4609697718762888,1.2262528339137146,,,,,,,,,,,,,13.0,13.0,13.0
0,1,0.4,0.3,0.03,11.524561656990942,-24.515991914434366,6.042890630127747,0.5008991914547277,0.6435011087932843,1.5108681716736887,27.75546627426898,-1.1313671039302227,1.3513195944979142,0.4,0.3,0.03,0.5008991914547277,,,14.814869684028498,-54.35457046029003,-4.729801114341148,-4.138385546596648,0.3296026679460662,0.12506676058419952,13.0,13.0,13.0
0,2,0.8,0.6,0.06,14.531606854219746,-14.070445544904826,6.525612708597066,1.0017983829094554,0.6435011087932843,1.5108681716736887,21.253909212668194,-0.7692761960817601,1.2587243697047807,0.4,0.3,0.03,0.5008991914547277,0.0,0.0,3.0070451972288037,10.44554636952954,0.4827220784693189,-6.501557061600785,0.36209090784846254,-0.09259522479313342,13.0,13.0,13.0
0,3,1.2000000000000002,0.8999999999999999,0.09,-4.393909740234312,-1.7724429765140317,30.198119824318862,1.5026975743641833,0.6435011087932843,1.5108681716736887,30.56753895612533,0.38342218505695475,0.1556262338671611,0.40000000000000013,0.29999999999999993,0.03,0.5008991914547278,0.0,0.0,-18.92551659445406,12.298002568390794,23.672507115721796,9.313629743457135,1.1526983811387148,-1.1030981358376197,13.0,13.0,13.0
0,4,1.6,1.2,0.12,-9.38985357043926,-5.838774201848623,6.361334170216335,2.003596765818911,0.6435011087932843,1.5108681716736887,12.75645745023382,0.556307419727933,1.0487261538475106,0.3999999999999999,0.30000000000000004,0.03,0.5008991914547276,0.0,0.0,-4.995943830204949,-4.066331225334592,-23.836785654102528,-17.811081505891508,0.17288523467097822,0.8930999199803494,13.0,13.0,13.0
0,5,2.0,1.5,0.15,-6.635307847015495,18.088836889581465,-27.932187068236505,2.5044959572736385,0.6435011087932844,1.5108681716736887,33.932880877660644,-1.2192182928674016,-0.6038424675422738,0.3999999999999999,0.30000000000000004,0.03,0.5008991914547276,1.1102230246251565e-16,0.0,2.7545457234237656,23.927611091430087,-34.29352123845284,21.176423427426826,-1.7755257125953345,-1.6525686213897843,13.0,13.0,13.0
0,6,2.4000000000000004,1.7999999999999998,0.18,30.582395915343724,0.8413599028389847,17.222880604436174,3.0053951487283666,0.6435011087932843,1.5108681716736887,35.108666205420015,0.02750431114533119,1.0580649238396926,0.40000000000000036,0.2999999999999998,0.03,0.500899191454728,-1.1102230246251565e-16,0.0,37.21770376235922,-17.24747698674248,45.15506767267268,1.175785327759371,1.2467226040127328,1.6619073913819664,13.0,13.0,13.0
0,7,2.8000000000000003,2.1,0.21,2.741632832558162,-12.206860661599324,8.359124476276373,3.5062943401830946,0.6435011087932844,1.5108681716736887,15.04655973337908,-1.3498648320613167,0.98177138135866,0.3999999999999999,0.30000000000000027,0.03,0.500899191454728,1.1102230246251565e-16,0.0,-27.840763082785564,-13.048220564438308,-8.863756128159801,-20.062106472040934,-1.377369143206648,-0.0762935424810326,13.0,13.0,13.0
0,8,3.2,2.4,0.24,9.76617838254391,8.418897295243438,2.6987547120959636,4.007193531637822,0.6435011087932843,1.5108681716736887,13.173433450076157,0.7114460852067821,1.364472154738279,0.3999999999999999,0.2999999999999998,0.03,0.5008991914547272,-1.1102230246251565e-16,0.0,7.024545549985747,20.62575795684276,-5.660369764180409,-1.8731262833029234,2.0613109172680986,0.38270077337961894,13.0,13.0,13.0
0,9,3.6,2.6999999999999997,0.27,8.011567743066063,1.317219578236068,-4.2127759171240236,4.50809272309255,0.6435011087932843,1.5108681716736887,9.147008584609791,0.16295678643161857,-1.0921666858938648,0.3999999999999999,0.2999999999999998,0.030000000000000027,0.500899191454728,0.0,0.0,-1.7546106394778462,-7.1016777170073695,-6.911530629219987,-4.026424865466366,-0.5484892987751635,-2.4566388406321438,13.0,13.0,13.0
0,10,4.0,3.0,0.3,14.386424850808382,23.48493560366022,-24.55089078923674,5.008991914547277,0.6435011087932844,1.5108681716736887,36.895225420656445,1.0211774280503199,-0.8427374633175855,0.3999999999999999,0.30000000000000027,0.02999999999999997,0.5008991914547272,1.1102230246251565e-16,0.0,6.374857107742319,22.167716025424152,-20.338114872112715,27.74821683604665,0.8582206416187013,0.2494292225762793,13.0,13.0,13.0
0,11,4.4,3.3,0.32999999999999996,5.601317842940269,3.8796560712082475,-4.244368801622123,5.509891106002005,0.6435011087932843,1.5108681716736887,8.027525106325564,0.6057643559103099,-1.013696310142806,0.40000000000000036,0.2999999999999998,0.02999999999999997,0.500899191454728,-1.1102230246251565e-16,0.0,-8.785107007868113,-19.60527953245197,20.306521987614616,-28.867700314330882,-0.41541307214001,-0.17095884682522056,13.0,13.0,13.0
0,12,4.800000000000001,3.5999999999999996,0.36,-2.68066964853341,-19.795874263343237,0.8890471471101294,6.010790297456733,0.6435011087932843,1.5108681716736887,19.996325473557587,1.4361994869976513,1.5263211400208787,0.40000000000000036,0.2999999999999998,0.030000000000000027,0.500899191454728,0.0,0.0,-8.281987491473679,-23.675530334551485,5.133415948732252,11.968800367232022,0.8304351310873415,2.5400174501636847,13.0,13.0,13.0
0,13,5.2,3.9,0.39,8.291806718532277,24.390816235481857,7.0157673554992845,6.51168948891146,0.6435011087932844,1.5108681716736887,26.699943199884,1.2430971732054457,1.3049112138693502,0.39999999999999947,0.30000000000000027,0.030000000000000027,0.5008991914547272,1.1102230246251565e-16,0.0,10.972476367065687,44.186690498825094,6.126720208389155,6.703617726326414,-0.19310231379220566,-0.22140992615152855,13.0,13.0,13.0
0,14,5.6000000000000005,4.2,0.42,14.352982041496468,-3.8263724635985215,22.10385840985046,7.012588680366189,0.6435011087932844,1.5108681716736887,26.631368277210655,-0.2605315279296616,0.591700575820474,0.40000000000000036,0.30000000000000027,0.02999999999999997,0.5008991914547289,0.0,0.0,6.061175322964191,-28.217188699080378,15.088091054351175,-0.06857492267334564,-1.5036287011351073,-0.7132106380488762,13.0,13.0,13.0
0,15,6.0,4.5,0.44999999999999996,8.670078705308352,-22.451560304888957,2.0511225267625903,7.513487871820916,0.6435011087932844,1.5108681716736887,24.154708205650092,-1.2022704839902243,1.4857778881681607,0.39999999999999947,0.2999999999999998,0.02999999999999997,0.5008991914547272,0.0,0.0,-5.682903336188115,-18.625187841290437,-20.05273588308787,-2.4766600715605627,-0.9417389560605627,0.8940773123476867,13.0,13.0,13.0
0,16,6.4,4.8,0.48,24.82699337314513,7.677342905408689,1.498411139413841,8.014387063275644,0.6435011087932843,1.5108681716736887,26.03010622298996,0.29990639932634594,1.513199945718797,0.40000000000000036,0.2999999999999998,0.030000000000000027,0.5008991914547272,-1.1102230246251565e-16,0.0,16.156914667836777,30.128903210297647,-0.5527113873487493,1.8753980173398688,1.5021768833165703,0.027422057550636314,13.0,13.0,13.0
0,17,6.800000000000001,5.1,0.51,12.72957124213455,5.190008818135448,7.395879762091035,8.515286254730372,0.6435011087932843,1.5108681716736887,15.610163772241803,0.3871375875661154,1.0772111528930577,0.40000000000000036,0.2999999999999998,0.030000000000000027,0.500899191454728,0.0,0.0,-12.097422131010578,-2.487334087273241,5.897468622677193,-10.419942450748158,0.08723118823976944,-0.4359887928257393,13.0,13.0,13.0
0,18,7.2,5.3999999999999995,0.54,2.545568701237018,31.176203736298618,-4.794155121838291,9.0161854461851,0.6435011087932843,1.5108681716736887,31.645213267604404,1.4893260414181093,-1.4187137406951167,0.39999999999999947,0.2999999999999998,0.030000000000000027,0.500899191454728,0.0,0.0,-10.184002540897533,25.98619491816317,-12.190034883929325,16.0350494953626,1.102188453851994,-2.4959248935881746,13.0,13.0,13.0
0,19,7.6000000000000005,5.7,0.57,-7.3242294182746095,18.08120657418397,18.58411024179481,9.517084637639828,0.6435011087932844,1.5108681716736887,26.943339088335275,-1.1859233488837029,0.8096555797033426,0.40000000000000036,0.3000000000000007,0.029999999999999916,0.500899191454728,1.1102230246251565e-16,0.0,-9.869798119511628,-13.094997162114648,23.3782653636331,-4.701874179269129,-2.675249390301812,2.228369320398459,13.0,13.0,13.0
0,20,8.0,6.0,0.6,-5.48265494890064,21.214335938255168,-2.844358581176389,10.017983829094554,0.6435011087932844,1.5108681716736887,22.095201522687255,-1.3178890732492357,-1.4417061337234158,0.39999999999999947,0.2999999999999998,0.030000000000000027,0.5008991914547263,0.0,0.0,1.8415744693739695,3.1331293640711984,-21.4284688229712,-4.84813756564802,-0.13196572436553278,-2.2513617134267583,13.0,13.0,13.0
0,21,8.4,6.3,0.63,8.851385323337965,27.598530060283462,17.081554868749322,10.518883020549282,0.6435011087932844,1.5108681716736887,33.6423156213223,1.260440898975216,1.0382366794683522,0.40000000000000036,0.2999999999999998,0.030000000000000027,0.500899191454728,0.0,0.0,14.334040272238605,6.384194122028294,19.925913449925712,11.547114098635042,2.5783299722244517,2.479942813191768,13.0,13.0,13.0
0,22,8.8,6.6,0.6599999999999999,8.358653443415648,22.380858709365747,4.253844705266478,11.01978221200401,0.6435011087932843,1.5108681716736887,24.266543197007696,1.2133647934418734,1.3945892101925164,0.40000000000000036,0.2999999999999998,0.029999999999999916,0.500899191454728,-1.1102230246251565e-16,0.0,-0.49273187992231726,-5.2176713509177155,-12.827710163482845,-9.3757724243146,-0.04707610553334263,0.3563525307241642,13.0,13.0,13.0
0,23,9.200000000000001,6.8999999999999995,0.69,9.092938431772847,19.97655637005371,3.9692247400684946,11.520681403458738,0.6435011087932843,1.5108681716736887,22.304687372099995,1.1436426749122075,1.391888707021192,0.40000000000000036,0.2999999999999998,0.030000000000000027,0.500899191454728,0.0,0.0,0.7342849883571994,-2.4043023393120357,-0.2846199651979835,-1.9618558249077012,-0.06972211852966592,-0.002700503171324309,13.0,13.0,13.0
0,24,9.600000000000001,7.199999999999999,0.72,-12.900035660153769,-5.082674049999783,-7.935748908367484,12.021580594913466,0.6435011087932843,1.5108681716736887,15.975625379572337,0.3753273121343799,-1.0509565935139624,0.40000000000000036,0.2999999999999998,0.030000000000000027,0.500899191454728,0.0,0.0,-21.992974091926616,-25.059230420053495,-11.904973648435979,-6.329061992527658,-0.7683153627778276,-2.4428453005351543,13.0,13.0,13.0
0,25,10.0,7.5,0.75,-7.9215840888846465,13.681751838554407,-5.647477893458417,12.522479786368194,0.6435011087932844,1.5108681716736887,16.78796695273608,-1.0459693602311915,-1.2277044804107662,0.3999999999999986,0.3000000000000007,0.030000000000000027,0.500899191454728,1.1102230246251565e-16,0.0,4.978451571269122,18.76442588855419,2.288271014909067,0.812341573163744,-1.4212966723655713,-0.17674788689680376,13.0,13.0,13.0
0,26,10.4,7.8,0.78,32.14871859919445,2.591965293994355,5.089922333448516,13.02337897782292,0.6435011087932844,1.5108681716736887,32.65219289750691,0.08045020318222952,1.4142749915894843,0.40000000000000036,0.2999999999999998,0.030000000000000027,0.5008991914547263,0.0,0.0,40.070302688079096,-11.089786544560052,10.737400226906933,15.864225944770826,1.126419563413421,2.6419794720002505,13.0,13.0,13.0
0,27,10.8,8.1,0.8099999999999999,11.476842763325845,8.016450253312193,5.198637102046907,13.524278169277649,0.6435011087932843,1.5108681716736887,14.933426338141981,0.6097112574685686,1.2152305031396298,0.40000000000000036,0.2999999999999998,0.029999999999999916,0.500899191454728,-1.1102230246251565e-16,0.0,-20.671875835868608,5.424484959317838,0.10871476859839024,-17.718766559364926,0.5292610542863391,-0.19904448844985456,13.0,13.0,13.0
0,28,11.200000000000001,8.4,0.84,-9.07609515298119,17.824338068938914,11.502800998401142,14.025177360732378,0.6435011087932844,1.5108681716736887,23.07372881938704,-1.0998184094362689,1.0489013816481567,0.40000000000000036,0.3000000000000007,0.030000000000000027,0.5008991914547298,1.1102230246251565e-16,0.0,-20.552937916307037,9.80788781562672,6.304163896354235,8.140302481245058,-1.7095296669048374,-0.16632912149147305,13.0,13.0,13.0
0,29,11.600000000000001,8.7,0.87,9.12622267788585,17.59147152025129,-28.123007816596218,14.526076552187105,0.6435011087932843,1.5108681716736887,34.404234903082816,1.0922325079462156,-0.6138634433379242,0.40000000000000036,0.29999999999999893,0.030000000000000027,0.5008991914547263,-1.1102230246251565e-16,0.0,18.20231783086704,-0.23286654868762469,-39.625808814997356,11.330506083695777,2.1920509173824847,-1.662764824986081,13.0,13.0,13.0
0,30,12.0,9.0,0.8999999999999999,-12.106185178287536,9.442338845418586,-16.551754860447303,15.026975743641833,0.6435011087932844,1.5108681716736887,22.5760508371821,-0.662401354773965,-0.7478459464510306,0.3999999999999986,0.3000000000000007,0.029999999999999916,0.500899191454728,1.1102230246251565e-16,0.0,-21.23240785617339,-8.149132674832703,11.571252956148914,-11.828184065900718,-1.7546338627201807,-0.13398250311310644,13.0,13.0,13.0
0,31,12.4,9.299999999999999,0.9299999999999999,12.24526519198129,15.223892451059218,-10.64181231863487,15.52787493509656,0.6435011087932843,1.5108681716736887,22.247732253162685,0.8934114676876928,-1.072041469250841,0.40000000000000036,0.29999999999999893,0.030000000000000027,0.500899191454728,-1.1102230246251565e-16,0.0,24.351450370268825,5.781553605640632,5.909942541812434,-0.3283185840194136,1.5558128224616579,-0.32419552279981045,13.0,13.0,13.0
0,32,12.8,9.6,0.96,9.812944307791172,1.037700227349836,-10.652542138250698,16.028774126551287,0.6435011087932843,1.5108681716736887,14.520583726450525,0.10535654329928505,-0.7471675186050168,0.40000000000000036,0.3000000000000007,0.030000000000000027,0.5008991914547263,0.0,0.0,-2.4323208841901174,-14.186192223709382,-0.010729819615828973,-7.72714852671216,-0.7880549243884077,0.32487395064582425,13.0,13.0,13.0
0,33,13.200000000000001,9.9,0.99,24.45594054961039,7.450342459431091,7.296204131869894,16.52967331800602,0.6435011087932844,1.5108681716736887,26.586372931688043,0.2957113906027536,1.292795293592274,0.40000000000000036,0.3000000000000007,0.030000000000000027,0.5008991914547316,1.1102230246251565e-16,0.0,14.642996241819217,6.4126422320812555,17.948746270120594,12.065789205237518,0.19035484730346852,2.039962812197291,13.0,13.0,13.0
0,34,13.600000000000001,10.2,1.02,18.264313092010763,13.883609214353367,-1.6108236689597093,17.030572509460743,0.6435011087932843,1.5108681716736887,22.998575834871914,0.6499652327981504,-1.5006987863274543,0.40000000000000036,0.29999999999999893,0.030000000000000027,0.5008991914547245,-1.1102230246251565e-16,0.0,-6.191627457599626,6.4332667549222755,-8.907027800829603,-3.5877970968161286,0.35425384219539685,-2.7934940799197285,13.0,13.0,13.0
0,35,14.0,10.5,1.05,30.858712318424846,30.616538733866193,8.658460022774904,17.53147170091547,0.6435011087932844,1.5108681716736887,44.32382542109408,0.7814588166246865,1.3741865977613985,0.3999999999999986,0.3000000000000007,0.030000000000000027,0.500899191454728,1.1102230246251565e-16,0.0,12.594399226414083,16.732929519512826,10.269283691734612,21.325249586222164,0.1314935838265361,2.874885384088853,13.0,13.0,13.0
0,36,14.4,10.799999999999999,1.08,21.621434580037135,10.281638633606475,12.784998430531438,18.0323708923702,0.6435011087932843,1.5108681716736887,27.141383737009175,0.44388059883562847,1.0803135215337034,0.40000000000000036,0.29999999999999893,0.030000000000000027,0.500899191454728,-1.1102230246251565e-16,0.0,-9.23727773838771,-20.334900100259716,4.126538407756534,-17.182441684084903,-0.33757821778905805,-0.2938730762276951,13.0,13.0,13.0
0,37,14.8,11.1,1.1099999999999999,20.144667415371845,5.625909679582562,-35.08499688259389,18.533270083824927,0.6435011087932843,1.5108681716736887,40.84624207011446,0.2723366383141301,-0.5375751314543515,0.40000000000000036,0.3000000000000007,0.029999999999999805,0.500899191454728,0.0,0.0,-1.47676716466529,-4.655728954023913,-47.86999531312533,13.704858333105282,-0.1715439605214984,-1.617888652988055,13.0,13.0,13.0
0,38,15.200000000000001,11.4,1.14,-9.463504345352748,14.041361675523403,5.753747962840589,19.034169275279655,0.6435011087932844,1.5108681716736887,17.883606118936413,-0.9777522561968264,1.2432369888326325,0.40000000000000036,0.3000000000000007,0.030000000000000027,0.500899191454728,1.1102230246251565e-16,0.0,-29.608171760724595,8.415451995940842,40.83874484543448,-22.962635951178044,-1.2500888945109565,1.780812120286984,13.0,13.0,13.0
0,39,15.600000000000001,11.7,1.17,35.45626986112657,16.847336102598614,-12.137158245160691,19.535068466734383,0.6435011087932843,1.5108681716736887,41.08881132969202,0.4435773764393065,-1.270934292466544,0.40000000000000036,0.29999999999999893,0.030000000000000027,0.500899191454728,-1.1102230246251565e-16,0.0,44.91977420647932,2.8059744270752116,-17.89090620800128,23.205205210755608,1.4213296326361329,-2.5141712812991766,13.0,13.0,13.0
0,40,16.0,12.0,1.2,23.796560598483076,-2.6854313846611824,0.46555279534200156,20.035967658189108,0.6435011087932844,1.5108681716736887,23.952130958314573,-0.11237413983366575,1.5513583020693247,0.3999999999999986,0.3000000000000007,0.030000000000000027,0.5008991914547245,1.1102230246251565e-16,0.0,-11.659709262643496,-19.532767487259797,12.602711040502692,-17.136680371377448,-0.5559515162729722,2.8222925945358686,13.0,13.0,13.0
0,41,16.400000000000002,12.299999999999999,1.23,15.22313179250062,-2.329062684355039,-6.386206577933269,20.53686684964384,0.6435011087932843,1.5108681716736887,16.671889785370354,-0.15181772484412065,-1.1776978974012684,0.40000000000000213,0.29999999999999893,0.030000000000000027,0.5008991914547316,-1.1102230246251565e-16,0.0,-8.573428805982456,0.35636870030614354,-6.851759373275271,-7.280241172944219,-0.039443585010454904,-2.729056199470593,13.0,13.0,13.0
0,42,16.8,12.6,1.26,12.150464635370255,-0.934608252907319,-15.540061190431098,21.037766041098564,0.6435011087932844,1.5108681716736887,19.748437539312533,-0.07676838352668351,-0.6650259137777137,0.3999999999999986,0.3000000000000007,0.030000000000000027,0.5008991914547245,1.1102230246251565e-16,0.0,-3.0726671571303648,1.3944544314477199,-9.15385461249783,3.0765477539421795,0.07504934131743714,0.5126719836235547,13.0,13.0,13.0
0,43,17.2,12.9,1.29,6.710449637791349,16.070363011065982,-29.968620509208094,21.538665232553292,0.6435011087932844,1.5108681716736887,34.661288447974634,1.1752384969906549,-0.5264155661547364,0.3999999999999986,0.3000000000000007,0.030000000000000027,0.500899191454728,0.0,0.0,-5.440014997578906,17.004971263973303,-14.428559318776996,14.9128509086621,1.2520068805173383,0.1386103476229773,13.0,13.0,13.0
0,44,17.6,13.2,1.3199999999999998,25.79609963758098,30.67217599887184,-13.226942860546533,22.03956442400802,0.6435011087932843,1.5108681716736887,42.203947143056865,0.8715352171333663,-1.2520193898850283,0.40000000000000213,0.29999999999999893,0.029999999999999805,0.500899191454728,-1.1102230246251565e-16,0.0,19.08564999978963,14.601812987805857,16.74167764866156,7.542658695082231,-0.3037032798572885,-0.7256038237302919,13.0,13.0,13.0
0,45,18.0,13.5,1.3499999999999999,14.686490377808788,26.353313227229087,-13.821368071970463,22.54046361546275,0.6435011087932844,1.5108681716736887,33.18464001689339,1.0623719024009326,-1.1412053708692589,0.3999999999999986,0.3000000000000007,0.030000000000000027,0.500899191454728,1.1102230246251565e-16,0.0,-11.109609259772192,-4.318862771642753,-0.5944252114239301,-9.019307126163476,0.19083668526756625,0.11081401901576937,13.0,13.0,13.0
0,46,18.400000000000002,13.799999999999999,1.38,21.028891600984778,16.54652874255552,-13.297340530818662,23.041362806917476,0.6435011087932843,1.5108681716736887,29.8801131287473,0.6666694542512378,-1.1095962726033366,0.40000000000000213,0.29999999999999893,0.030000000000000027,0.500899191454728,-1.1102230246251565e-16,0.0,6.34240122317599,-9.806784484673567,0.524027541151801,-3.304526888146089,-0.3957024481496948,0.031609098265922286,13.0,13.0,13.0
0,47,18.8,14.1,1.41,40.286479588067266,24.655429618693464,16.930266245876652,23.542261998372204,0.6435011087932844,1.5108681716736887,50.174939585796984,0.549198217589244,1.2266164710022842,0.3999999999999986,0.3000000000000007,0.030000000000000027,0.500899191454728,1.1102230246251565e-16,0.0,19.257587987082488,8.108900876137945,30.227606776695314,20.294826457049684,-0.11747123666199377,2.336212743605621,13.0,13.0,13.0
0,48,19.200000000000003,14.399999999999999,1.44,24.953220988135495,18.565587331922313,-0.8469001250577626,24.043161189826932,0.6435011087932843,1.5108681716736887,31.1136868674187,0.6396601206947983,-1.5435734283308058,0.40000000000000213,0.29999999999999893,0.030000000000000027,0.500899191454728,-1.1102230246251565e-16,0.0,-15.33325859993177,-6.089842286771152,-17.777166370934413,-19.061252718378284,0.09046190310555424,-2.77018989933309,13.0,13.0,13.0
0,49,19.6,14.7,1.47,24.592127959376487,6.312760455785828,21.53831983661931,24.54406038128166,0.6435011087932843,1.5108681716736887,33.2944878850387,0.25127305702737923,0.8672795558237916,0.3999999999999986,0.3000000000000007,0.030000000000000027,0.500899191454728,0.0,0.0,-0.36109302875900795,-12.252826876136485,22.38521996167707,2.1808010176199986,-0.38838706366741904,2.410852984154597,13.0,13.0,13.0
0,50,20.0,15.0,1.5,22.14286026251244,31.082200464986073,24.382044235116922,25.04495957273639,0.6435011087932844,1.5108681716736887,45.28679197551899,0.9517987237280717,1.0022686073732205,0.3999999999999986,0.3000000000000007,0.030000000000000027,0.500899191454728,1.1102230246251565e-16,0.0,-2.449267696864048,24.769440009200245,2.8437243984976135,11.992304090480289,0.7005256667006925,0.13498905154942897,13.0,13.0,13.0
0,51,20.400000000000002,15.299999999999999,1.53,34.87124856792262,29.624279736310328,-1.7316162865494908,25.545858764191117,0.6435011087932843,1.5108681716736887,45.78864948374056,0.7042229396029059,-1.532969718609753,0.40000000000000213,0.29999999999999893,0.030000000000000027,0.500899191454728,-1.1102230246251565e-16,0.0,12.728388305410181,-1.4579207286757452,-26.113660521666414,0.5018575082215762,-0.2475757841251658,-2.5352383259829736,13.0,13.0,13.0
0,52,20.8,15.6,1.56,13.678988076621145,24.55221029964622,26.609537637009307,26.04675795564584,0.6435011087932844,1.5108681716736887,38.70391761377409,1.0624888260736536,0.8127344171405539,0.3999999999999986,0.3000000000000007,0.030000000000000027,0.5008991914547245,1.1102230246251565e-16,0.0,-21.192260491301475,-5.072069436664108,28.3411539235588,-7.084731869966475,0.35826588647074764,2.345704135750307,13.0,13.0,13.0
0,53,21.200000000000003,15.899999999999999,1.5899999999999999,14.926189774108249,2.454867125412269,18.64128557215648,26.54765714710057,0.6435011087932843,1.5108681716736887,24.006562468600393,0.16300779678680943,0.681691653410626,0.40000000000000213,0.29999999999999893,0.029999999999999805,0.500899191454728,-1.1102230246251565e-16,0.0,1.2472016974871032,-22.09734317423395,-7.968252064852827,-14.697355145173695,-0.8994810292868441,-0.13104276372992796,13.0,13.0,13.0
0,54,21.6,16.2,1.6199999999999999,30.816060222762896,28.52578784348875,0.30793615239939576,27.048556338555297,0.6435011087932843,1.5108681716736887,41.993391913712266,0.7468227512995241,1.5634632941872086,0.3999999999999986,0.3000000000000007,0.030000000000000027,0.500899191454728,0.0,0.0,15.889870448654648,26.07092071807648,-18.333349419757084,17.986829445111873,0.5838149545127147,0.8817716407765827,13.0,13.0,13.0
0,55,22.0,16.5,1.65,0.8494681121927741,6.36979493608767,-4.506529666110739,27.549455530010025,0.6435011087932844,1.5108681716736887,7.848865729070452,1.438219787668018,-0.9592146333535208,0.3999999999999986,0.3000000000000007,0.030000000000000027,0.500899191454728,1.1102230246251565e-16,0.0,-29.966592110570122,-22.155992907401078,-4.8144658185101346,-34.14452618464181,0.6913970363684939,-2.5226779275407294,13.0,13.0,13.0
0,56,22.400000000000002,16.8,1.68,5.101341788684049,26.12360927640909,-3.8382628517819395,28.050354721464757,0.6435011087932844,1.5108681716736887,26.89235786224091,1.3779461461484863,-1.4275803499361788,0.40000000000000213,0.3000000000000007,0.030000000000000027,0.5008991914547316,0.0,0.0,4.251873676491275,19.75381434032142,0.6682668143287991,19.04349213317046,-0.06027364151953174,-0.468365716582658,13.0,13.0,13.0
0,57,22.8,17.099999999999998,1.71,28.291957623471855,36.75467674483217,-2.6353478963231174,28.55125391291948,0.6435011087932843,1.5108681716736887,46.45735880697576,0.9147738020141664,-1.5140396928163844,0.3999999999999986,0.29999999999999716,0.030000000000000027,0.5008991914547245,-1.1102230246251565e-16,0.0,23.190615834787806,10.631067468423076,1.202914955458822,19.56500094473485,-0.46317234413431996,-0.08645934288020563,13.0,13.0,13.0
0,58,23.200000000000003,17.4,1.74,6.380646561542445,-11.934878135524023,-26.330634009470806,29.05215310437421,0.6435011087932843,1.5108681716736887,29.605003867485536,-1.079836371248014,-0.47476954509838076,0.40000000000000213,0.3000000000000007,0.030000000000000027,0.500899191454728,0.0,0.0,-21.91131106192941,-48.68955488035619,-23.695286113147688,-16.852354939490226,-1.9946101732621804,1.0392701477180037,13.0,13.0,13.0
0,59,23.6,17.7,1.77,10.734298548164718,47.0346980374331,12.789365012584597,29.553052295828937,0.6435011087932843,1.5108681716736887,49.9104782808056,1.3464183601686257,1.3116597092092033,0.3999999999999986,0.3000000000000007,0.030000000000000027,0.500899191454728,0.0,0.0,4.353651986622273,58.969576172957126,39.1199990220554,20.305474413320063,2.4262547314166394,1.786429254307584,13.0,13.0,13.0
0,60,24.0,18.0,1.7999999999999998,21.70579980188397,14.061058719312939,1.329117799956618,30.053951487283666,0.6435011087932844,1.5108681716736887,25.896364058948393,0.5748284428611985,1.5194492721436865,0.3999999999999986,0.3000000000000007,0.029999999999999805,0.500899191454728,1.1102230246251565e-16,0.0,10.971501253719252,-32.97363931812016,-11.460247212627978,-24.014114221857206,-0.7715899173074272,0.20778956293448325,13.0,13.0,13.0
0,61,24.400000000000002,18.3,1.8299999999999998,15.742332005240417,31.11746476773272,6.029653913511272,30.554850678738397,0.6435011087932844,1.5108681716736887,35.390314449733644,1.1024396972246344,1.39958527191382,0.40000000000000213,0.3000000000000007,0.030000000000000027,0.5008991914547316,0.0,0.0,-5.9634677966435525,17.05640604841978,4.700536113554653,9.493950390785251,0.5276112543634359,-0.11986400022986654,13.0,13.0,13.0
0,62,24.8,18.599999999999998,1.8599999999999999,16.823339401060764,43.16195661928997,-22.0664679154887,31.05574987019312,0.6435011087932843,1.5108681716736887,51.31187244755394,1.1991378208460968,-1.1262525461060169,0.3999999999999986,0.29999999999999716,0.030000000000000027,0.5008991914547245,-1.1102230246251565e-16,0.0,1.0810073958203468,12.044491851557247,-28.096121828999973,15.921557997820294,0.09669812362146235,-2.525837818019837,13.0,13.0,13.0
0,63,25.200000000000003,18.9,1.89,27.3595499974452,31.52655916822482,13.09289136560824,31.55664906164785,0.6435011087932843,1.5108681716736887,43.74805953824584,0.8560442730568237,1.2668590165879197,0.40000000000000213,0.3000000000000007,0.030000000000000027,0.500899191454728,0.0,0.0,10.536210596384436,-11.635397451065145,35.15935928109694,-7.563812909308098,-0.34309354778927303,2.3931115626939365,13.0,13.0,13.0
0,64,25.6,19.2,1.92,40.73577438479373,13.387131726790145,7.359192691725138,32.057548253102574,0.6435011087932843,1.5108681716736887,43.50604932274578,0.31751457166817976,1.4008257801657726,0.3999999999999986,0.3000000000000007,0.030000000000000027,0.5008991914547245,0.0,0.0,13.376224387348529,-18.139427441434677,-5.733698673883103,-0.2420102155000592,-0.538529701388644,0.13396676357785298,13.0,13.0,13.0
0,65,26.0,19.5,1.95,29.171678581961295,29.686857975886156,15.172487560492184,32.5584474445573,0.6435011087932844,1.5108681716736887,44.300121292644164,0.794150780576055,1.2212270797145566,0.3999999999999986,0.3000000000000007,0.030000000000000027,0.500899191454728,1.1102230246251565e-16,0.0,-11.564095802832433,16.29972624909601,7.813294868767047,0.7940719698983827,0.4766362089078753,-0.17959870045121606,13.0,13.0,13.0
0,66,26.400000000000002,19.8,1.98,28.60987329111379,9.627782536241947,8.43726745031605,33.05934663601204,0.6435011087932844,1.5108681716736887,31.343364980916043,0.32461542985446207,1.2982461944670147,0.40000000000000213,0.3000000000000007,0.030000000000000027,0.5008991914547352,0.0,0.0,-0.5618052908475057,-20.05907543964421,-6.735220110176135,-12.956756311728121,-0.46953535072159297,0.07701911475245815,13.0,13.0,13.0
0,67,26.8,20.099999999999998,2.01,35.84359033409263,38.07259913753707,7.106085118516994,33.56024582746676,0.6435011087932843,1.5108681716736887,52.77103579462371,0.8155449217368603,1.4357271939929774,0.3999999999999986,0.29999999999999716,0.029999999999999805,0.500899191454721,-1.1102230246251565e-16,0.0,7.233717042978842,28.444816601295123,-1.3311823317990559,21.427670813707664,0.49092949188239826,0.1374809995259627,13.0,13.0,13.0
0,68,27.200000000000003,20.4,2.04,26.294355946698698,20.689038228144703,13.287062391912922,34.061145018921486,0.6435011087932843,1.5108681716736887,35.99965950483294,0.6666551857411893,1.1927681819359468,0.40000000000000213,0.3000000000000007,0.03000000000000025,0.500899191454728,0.0,0.0,-9.549234387393934,-17.383560909392365,6.1809772733959285,-16.771376289790766,-0.148889735995671,-0.24295901205703063,13.0,13.0,13.0
0,69,27.6,20.7,2.07,25.43489362687088,14.11723564624668,-3.806383086615391,34.562044210376214,0.6435011087932843,1.5108681716736887,29.338007913012202,0.5067000161659536,-1.4406871635734775,0.3999999999999986,0.3000000000000007,0.029999999999999805,0.500899191454728,0.0,0.0,-0.8594623198278164,-6.571802581898023,-17.093445478528313,-6.661651591820739,-0.1599551695752357,-2.6334553455094243,13.0,13.0,13.0
0,70,28.0,21.0,2.1,41.87915487979966,25.89326586539983,-2.1673369758084706,35.06294340183094,0.6435011087932844,1.5108681716736887,49.285111141086354,0.553756189451016,-1.5268066495322892,0.3999999999999986,0.3000000000000007,0.03000000000000025,0.500899191454728,1.1102230246251565e-16,0.0,16.444261252928776,11.77603021915315,1.6390461108069205,19.947103228074152,0.0470561732850624,-0.08611948595881169,13.0,13.0,13.0
0,71,28.400000000000002,21.3,2.13,32.88648749165851,30.068572304006473,20.04840089652532,35.56384259328567,0.6435011087932844,1.5108681716736887,48.86285376897336,0.7406672786109675,1.1480139522268902,0.40000000000000213,0.3000000000000007,0.029999999999999805,0.500899191454728,0.0,0.0,-8.99266738814115,4.175306438606643,22.21573787233379,-0.42225737211299474,0.18691108915995147,2.6748206017591794,13.0,13.0,13.0
0,72,28.8,21.599999999999998,2.16,43.384314242502164,51.30752007111575,11.749270029027755,36.0647417847404,0.6435011087932843,1.5108681716736887,68.21074464008682,0.8688772969586421,1.3976834286475222,0.3999999999999986,0.29999999999999716,0.03000000000000025,0.500899191454728,-1.1102230246251565e-16,0.0,10.497826750843657,21.23894776710928,-8.299130867497563,19.347890871113457,0.12821001834767465,0.24966947642063197,13.0,13.0,13.0
0,73,29.200000000000003,21.9,2.19,1.6015232700877178,43.2629670506455,-17.871692289831984,36.56564097619513,0.6435011087932843,1.5108681716736887,46.83638094593038,1.5337948812875342,-1.1792943907803508,0.40000000000000213,0.3000000000000007,0.029999999999999805,0.500899191454728,0.0,0.0,-41.782790972414446,-8.044553020470254,-29.62096231885974,-21.374363694156436,0.664917584328892,-2.576977819427873,13.0,13.0,13.0
0,74,29.6,22.2,2.2199999999999998,25.875076922102163,17.666757725345597,-16.06655917536972,37.066540167649855,0.6435011087932843,1.5108681716736887,35.21034305408596,0.5990691950198799,-1.0969611573319253,0.3999999999999986,0.3000000000000007,0.029999999999999805,0.500899191454728,0.0,0.0,24.273553652014446,-25.596209325299903,1.805133114462265,-11.626037891844419,-0.9347256862676543,0.08233323344842547,13.0,13.0,13.0
0,75,30.0,22.5,2.25,30.96221803892845,33.4879550128298,12.539436115772446,37.56743935910458,0.6435011087932844,1.5108681716736887,47.300523622186226,0.8245671067096931,1.3024872195904313,0.3999999999999986,0.3000000000000007,0.03000000000000025,0.500899191454728,1.1102230246251565e-16,0.0,5.087141116826288,15.821197287484203,28.605995291142165,12.090180568100266,0.22549791168981326,2.399448376922357,13.0,13.0,13.0
0,76,30.400000000000002,22.8,2.28,34.834278581962266,26.349764297531205,-9.721147140320825,38.06833855055931,0.6435011087932844,1.5108681716736887,44.746371300754355,0.6476049192111261,-1.3518000783272708,0.40000000000000213,0.3000000000000007,0.029999999999999805,0.500899191454728,0.0,0.0,3.8720605430338146,-7.138190715298595,-22.26058325609327,-2.5541523214318715,-0.17696218749856707,-2.654287297917702,13.0,13.0,13.0
0,77,30.8,23.099999999999998,2.31,-0.09523697867117065,47.61966221461553,-6.179499138471316,38.56923774201404,0.6435011087932843,1.5108681716736887,48.01903277991505,-1.5687963787216432,-1.4417499188398888,0.3999999999999986,0.29999999999999716,0.03000000000000025,0.500899191454728,-1.1102230246251565e-16,0.0,-34.92951556063343,21.269897917084325,3.5416480018495093,3.2726614791606963,-2.2164012979327694,-0.089949840512618,13.0,13.0,13.0
0,78,31.200000000000003,23.4,2.34,46.04648981019646,29.80809416938998,26.675990078176735,39.07013693346877,0.6435011087932843,1.5108681716736887,60.99516496004197,0.5745085009837134,1.1181510091193378,0.40000000000000213,0.3000000000000007,0.029999999999999805,0.500899191454728,0.0,0.0,46.14172678886763,-17.81156804522555,32.85548921664805,12.976132180126918,2.1433048797053567,2.5599009279592266,13.0,13.0,13.0
0,79,31.6,23.7,2.37,30.601722715583204,18.30755863183623,33.1538811760959,39.571036124923495,0.6435011087932843,1.5108681716736887,48.69098451724147,0.5391336195314307,0.8218001937245053,0.3999999999999986,0.3000000000000007,0.03000000000000025,0.500899191454728,0.0,0.0,-15.444767094613258,-11.500535537553752,6.477891097919166,-12.3041804428005,-0.035374881452282736,-0.29635081539483255,13.0,13.0,13.0
0,80,32.0,24.0,2.4,13.322985003979962,3.741473947582463,-4.671266987337171,40.071935316378216,0.6435011087932844,1.5108681716736887,14.60552265356154,0.2737768092240176,-1.2452475210105693,0.3999999999999986,0.3000000000000007,0.029999999999999805,0.500899191454721,1.1102230246251565e-16,0.0,-17.27873771160324,-14.566084684253767,-37.82514816343307,-34.085461863679924,-0.2653568103074131,-2.0670477147350748,13.0,13.0,13.0
0,81,32.4,24.3,2.4299999999999997,11.606173837114802,35.094703449638786,4.128805794477439,40.572834507832944,0.6435011087932844,1.5108681716736887,37.19393120717313,1.251408513033927,1.459559555638661,0.3999999999999986,0.3000000000000007,0.029999999999999805,0.500899191454728,0.0,0.0,-1.7168111668651598,31.353229502056323,8.80007278181461,22.58840855361159,0.9776317038099094,2.7048070766492303,13.0,13.0,13.0
0,82,32.800000000000004,24.599999999999998,2.46,47.39739075932659,34.71971853833606,-9.966289997569937,41.07373369928768,0.6435011087932843,1.5108681716736887,59.59277173021269,0.6322222251262957,-1.402766840433822,0.4000000000000057,0.29999999999999716,0.03000000000000025,0.5008991914547352,-1.1102230246251565e-16,0.0,35.79121692221179,-0.37498491130272527,-14.095095792047378,22.39884052303956,-0.6191862879076313,-2.8623263960724827,13.0,13.0,13.0
0,83,33.2,24.9,2.4899999999999998,29.459636489303588,14.086016164333087,-6.28141705816004,41.5746328907424,0.6435011087932843,1.5108681716736887,33.252702652901824,0.44601230216734367,-1.3807550340488084,0.3999999999999986,0.3000000000000007,0.029999999999999805,0.500899191454721,0.0,0.0,-17.937754270023003,-20.633702374002972,3.684872939409898,-26.340069077310865,-0.186209922958952,0.022011806385013655,13.0,13.0,13.0
0,84,33.6,25.2,2.52,60.640117385098826,35.39993304476944,18.18295203274931,42.07553208219713,0.6435011087932844,1.5108681716736887,72.53274323143987,0.52840082572109,1.3174073842243608,0.3999999999999986,0.3000000000000007,0.03000000000000025,0.500899191454728,1.1102230246251565e-16,0.0,31.180480895795238,21.313916880436352,24.46436909090935,39.28004057853804,0.08238852355374637,2.698162418273169,13.0,13.0,13.0
0,85,34.0,25.5,2.55,36.197017250799654,30.95252791637162,11.715986319839946,42.576431273651856,0.6435011087932844,1.5108681716736887,49.04637986350398,0.7074547518673922,1.3295885016664795,0.3999999999999986,0.3000000000000007,0.029999999999999805,0.500899191454728,0.0,0.0,-24.443100134299172,-4.447405128397822,-6.466965712909364,-23.486363367935887,0.1790539261463021,0.012181117442118694,13.0,13.0,13.0
0,86,34.4,25.8,2.58,15.049119584296676,10.358381829229746,14.777289195258579,43.077330465106584,0.6435011087932844,1.5108681716736887,23.497666912757204,0.6028336626342025,0.8906802826540097,0.3999999999999986,0.3000000000000007,0.03000000000000025,0.500899191454728,0.0,0.0,-21.147897666502978,-20.594146087141873,3.061302875418633,-25.548712950746776,-0.10462108923318969,-0.4389082190124698,13.0,13.0,13.0
0,87,34.800000000000004,26.099999999999998,2.61,62.201791466890114,21.02282017038707,-17.19169828573095,43.57822965656131,0.6435011087932843,1.5108681716736887,67.87176378697198,0.32592466963499905,-1.3147096815381438,0.4000000000000057,0.29999999999999716,0.029999999999999805,0.500899191454728,-1.1102230246251565e-16,0.0,47.15267188259344,10.664438341157325,-31.96898748098953,44.37409687421478,-0.2769089929992034,-2.2053899641921535,13.0,13.0,13.0
0,88,35.2,26.4,2.6399999999999997,43.13597808601056,24.213298277535117,-3.181995021241886,44.07912884801604,0.6435011087932843,1.5108681716736887,49.56936060944176,0.511496349105734,-1.506559378962866,0.3999999999999986,0.3000000000000007,0.029999999999999805,0.500899191454728,0.0,0.0,-19.065813380879554,3.1904781071480457,14.009703264489065,-18.302403177530223,0.185571679470735,-0.19184969742472213,13.0,13.0,13.0
0,89,35.6,26.7,2.67,24.286603085799694,39.23839751576745,14.494086580408393,44.58002803947077,0.6435011087932844,1.5108681716736887,48.36909627905958,1.0165594637683149,1.2664643345781066,0.3999999999999986,0.3000000000000007,0.03000000000000025,0.500899191454728,1.1102230246251565e-16,0.0,-18.849375000210866,15.025099238232336,17.676081601650278,-1.2002643303821756,0.5050631146625808,2.7730237135409723,13.0,13.0,13.0
0,90,36.0,27.0,2.6999999999999997,43.43634510202608,24.36710754224438,0.5490573019055955,45.0809272309255,0.6435011087932844,1.5108681716736887,49.80736360939398,0.5112373204284903,1.5597724864834037,0.3999999999999986,0.3000000000000007,0.029999999999999805,0.500899191454728,0.0,0.0,19.149742016226387,-14.871289973523073,-13.945029278502798,1.4382673303343978,-0.5053221433398245,0.29330815190529713,13.0,13.0,13.0
0,91,36.4,27.3,2.73,53.046168851746884,35.32628100908697,24.07624123291615,45.581826422380225,0.6435011087932844,1.5108681716736887,68.12861037542592,0.5875086998127149,1.2095996072683644,0.3999999999999986,0.3000000000000007,0.03000000000000025,0.500899191454728,0.0,0.0,9.609823749720803,10.95917346684259,23.527183931010555,18.32124676603194,0.07627137938422457,-0.35017287921503937,13.0,13.0,13.0
0,92,36.800000000000004,27.599999999999998,2.76,21.9345096741582,38.25956546238614,4.017528742695186,46.08272561383495,0.6435011087932843,1.5108681716736887,44.28383001971185,1.0502346635117055,1.479949163936319,0.4000000000000057,0.29999999999999716,0.029999999999999805,0.500899191454728,-1.1102230246251565e-16,0.0,-31.111659177588685,2.933284453299173,-20.058712490220962,-23.84478035571407,0.46272596369899055,0.27034955666795457,13.0,13.0,13.0
0,93,37.2,27.9,2.79,43.355828170006795,19.71245649224342,13.369470607798107,46.58362480528968,0.6435011087932843,1.5108681716736887,49.46768158705765,0.426728071647941,1.2971262228413085,0.3999999999999986,0.3000000000000007,0.03000000000000025,0.500899191454728,0.0,0.0,21.421318495848595,-18.547108970142723,9.351941865102921,5.183851567345798,-0.6235065918637644,-0.1828229410950104,13.0,13.0,13.0
0,94,37.6,28.2,2.82,63.13456111224534,26.535289757034086,12.759426391957158,47.08452399674441,0.6435011087932844,1.5108681716736887,69.66274019285613,0.3978807411921048,1.3865964707951803,0.3999999999999986,0.3000000000000007,0.029999999999999805,0.500899191454728,1.1102230246251565e-16,0.0,19.77873294223855,6.822833264790667,-0.6100442158409489,20.195058605798486,-0.028847330455836206,0.08947024795387182,13.0,13.0,13.0
0,95,38.0,28.5,2.85,48.282398564344646,32.418118941551434,5.350169478508546,47.58542318819914,0.6435011087932844,1.5108681716736887,58.40161607595778,0.5912911666849656,1.4790577467962565,0.3999999999999986,0.3000000000000007,0.03000000000000025,0.500899191454728,0.0,0.0,-14.852162547900697,5.882829184517348,-7.409256913448612,-11.261124116898351,0.1934104254928608,0.09246127600107612,13.0,13.0,13.0
0,96,38.400000000000006,28.799999999999997,2.88,32.081775573395866,39.12374522161871,-6.547540061406637,48.086322379653865,0.6435011087932843,1.5108681716736887,51.01742883528724,0.8839740233920506,-1.442102097948961,0.4000000000000057,0.29999999999999716,0.029999999999999805,0.500899191454728,-1.1102230246251565e-16,0.0,-16.20062299094878,6.705626280067278,-11.897709539915184,-7.384187240670542,0.29268285670708494,-2.921159844745217,13.0,13.0,13.0
0,97,38.800000000000004,29.099999999999998,2.9099999999999997,28.789832069395903,21.660615892434706,-4.996765411933332,48.58722157110859,0.6435011087932843,1.5108681716736887,36.37312711337183,0.6450164045116681,-1.432985331569648,0.3999999999999986,0.3000000000000007,0.029999999999999805,0.500899191454728,0.0,0.0,-3.2919435039999634,-17.463129329184007,1.550774649473305,-14.644301721915411,-0.23895761888038247,0.009116766379313024,13.0,13.0,13.0
0,98,39.2,29.4,2.94,42.00518680911556,31.454419998432673,-13.900934007715465,49.08812076256332,0.6435011087932843,1.5108681716736887,54.28675918300297,0.6427469454653132,-1.3118471468010116,0.3999999999999986,0.3000000000000007,0.03000000000000025,0.500899191454728,0.0,0.0,13.215354739719654,9.793804105997967,-8.904168595782133,17.91363206963114,-0.0022694590463548936,0.12113818476863636,13.0,13.0,13.0
0,99,39.6,29.7,2.9699999999999998,25.816644535286656,39.73047771110642,16.78275476566844,49.58901995401805,0.6435011087932844,1.5108681716736887,50.26600095232002,0.9945656078760944,1.2303807466483891,0.3999999999999986,0.3000000000000007,0.029999999999999805,0.500899191454728,1.1102230246251565e-16,0.0,-16.1885422738289,8.276057712673744,30.683688773383906,-4.020758230682951,0.3518186624107812,2.5422278934494007,13.0,13.0,13.0
0,100,40.0,30.0,3.0,17.578901817083597,13.482348564431202,10.21684764374821,50.08991914547278,0.6435011087932844,1.5108681716736887,24.396218716904645,0.6542686615803004,1.1386859158352427,0.3999999999999986,0.3000000000000007,0.03000000000000025,0.500899191454728,0.0,0.0,-8.237742718203059,-26.248129146675215,-6.56590712192023,-25.869782235415375,-0.340296946295794,-0.09169483081314644,13.0,13.0,13.0
0,101,40.400000000000006,30.299999999999997,3.03,32.333359947428065,37.37059232932791,33.06559137105837,50.590818336927505,0.6435011087932843,1.5108681716736887,59.45873080761628,0.8575388497917964,0.9810984602933495,0.4000000000000057,0.29999999999999716,0.029999999999999805,0.500899191454728,-1.1102230246251565e-16,0.0,14.754458130344467,23.88824376489671,22.848743727310158,35.062512090711635,0.203270188211496,-0.15758745554189324,13.0,13.0,13.0
0,102,40.800000000000004,30.599999999999998,3.06,53.45999508958298,28.432333678508584,6.374742721831737,51.09171752838223,0.6435011087932843,1.5108681716736887,60.8851871817262,0.48879645286406737,1.4659030377494582,0.3999999999999986,0.3000000000000007,0.03000000000000025,0.500899191454728,0.0,0.0,21.126635142154917,-8.938258650819328,-26.69084864922663,1.4264563741099252,-0.36874239692772903,0.4848045774561087,13.0,13.0,13.0
0,103,41.2,30.9,3.09,29.267367195586978,14.001757775383513,-14.135819858604222,51.592616719836954,0.6435011087932843,1.5108681716736887,35.38996194455065,0.44622570541468903,-1.1599010905511538,0.3999999999999986,0.3000000000000007,0.029999999999999805,0.500899191454721,0.0,0.0,-24.192627893996004,-14.43057590312507,-20.51056258043596,-25.495225237175553,-0.04257074744937833,-2.625804128300612,13.0,13.0,13.0
0,104,41.6,31.2,3.12,36.835548270004445,30.30788536121299,1.9853443872674195,52.09351591129168,0.6435011087932844,1.5108681716736887,47.742718018105236,0.6884830573106528,1.5292000979301155,0.3999999999999986,0.3000000000000007,0.03000000000000025,0.500899191454728,1.1102230246251565e-16,0.0,7.568181074417467,16.306127585829476,16.12116424587164,12.352756073554588,0.2422573518959638,2.6891011884812692,13.0,13.0,13.0
0,105,42.0,31.5,3.15,52.61584584874203,29.003141353131216,2.8872951763837738,52.59441510274642,0.6435011087932844,1.5108681716736887,60.14936338951447,0.5037828112956095,1.5227757828882469,0.3999999999999986,0.3000000000000007,0.029999999999999805,0.5008991914547352,0.0,0.0,15.780297578737589,-1.304744008081773,0.9019507891163543,12.406645371409233,-0.1847002460150433,-0.006424315041868578,13.0,13.0,13.0
0,106,42.400000000000006,31.799999999999997,3.1799999999999997,40.92504054835284,47.846656824321,-8.586419369032088,53.09531429420114,0.6435011087932843,1.5108681716736887,63.54437906478871,0.8632117101580087,-1.4352569442628504,0.4000000000000057,0.29999999999999716,0.029999999999999805,0.500899191454721,-1.1102230246251565e-16,0.0,-11.690805300389194,18.843515471189786,-11.473714545415861,3.3950156752742373,0.35942889886239915,-2.9580327271510973,13.0,13.0,13.0
0,107,42.800000000000004,32.1,3.21,40.005356545399216,56.57311626083793,24.06254162407613,53.59621348565587,0.6435011087932844,1.5108681716736887,73.34815570412931,0.955291607812062,1.236547925831027,0.3999999999999986,0.30000000000000426,0.03000000000000025,0.5008991914547352,1.1102230246251565e-16,0.0,-0.9196840029536233,8.726459436516926,32.64896099310822,9.803776639340605,0.09207989765405333,2.6718048700938777,13.0,13.0,13.0
0,108,43.2,32.4,3.2399999999999998,25.640003311275166,24.987017251116797,13.576574468091685,54.097112677110594,0.6435011087932843,1.5108681716736887,38.28947864880703,0.7725009032634058,1.2083345242798618,0.3999999999999986,0.29999999999999716,0.029999999999999805,0.500899191454721,-1.1102230246251565e-16,0.0,-14.36535323412405,-31.58609900972113,-10.485967155984444,-35.058677055322285,-0.1827907045486562,-0.02821340155116525,13.0,13.0,13.0
0,109,43.6,32.699999999999996,3.27,51.398993329706684,33.418942945182565,7.863365743986506,54.59801186856532,0.6435011087932843,1.5108681716736887,61.81031292352677,0.5765064720869661,1.4432329491134404,0.3999999999999986,0.29999999999999716,0.03000000000000025,0.500899191454728,0.0,0.0,25.75899001843152,8.431925694065768,-5.713208724105179,23.520834274719746,-0.19599443117643967,0.2348984248335786,13.0,13.0,13.0
0,110,44.0,33.0,3.3,49.62360652714449,34.03550950824536,8.547508058589766,55.09891106002005,0.6435011087932844,1.5108681716736887,60.77810564881382,0.601181942016551,1.4296939131150215,0.3999999999999986,0.30000000000000426,0.029999999999999805,0.500899191454728,1.1102230246251565e-16,0.0,-1.7753868025621955,0.616566563062797,0.6841423146032604,-1.0322072747129525,0.024675469929584803,-0.01353903599841888,13.0,13.0,13.0
0,111,44.400000000000006,33.3,3.33,50.5678710326812,44.873960316975854,7.949580246300604,55.599810251474786,0.6435011087932843,1.5108681716736887,68.07332606388331,0.7258103505647301,1.453749588791741,0.4000000000000057,0.29999999999999716,0.03000000000000025,0.5008991914547352,-1.1102230246251565e-16,0.0,0.944264505536708,10.838450808730492,-0.5979278122891625,7.295220415069494,0.12462840854817914,0.024055675676719623,13.0,13.0,13.0
0,112,44.800000000000004,33.6,3.36,48.27057870463843,49.75033134445325,-4.101819986677528,56.100709442929514,0.6435011087932844,1.5108681716736887,69.44040008933335,0.8004933124170064,-1.5116922735988472,0.3999999999999986,0.30000000000000426,0.029999999999999805,0.500899191454728,1.1102230246251565e-16,0.0,-2.297292328042765,4.876371027477397,-12.051400232978132,1.3670740254500373,0.0746829618522763,-2.9654418623905885,13.0,13.0,13.0
0,113,45.2,33.9,3.3899999999999997,29.533728123799296,49.20108264766546,10.518468099727759,56.601608634384235,0.6435011087932843,1.5108681716736887,58.340601657489714,1.0301813950067191,1.3895108520543942,0.3999999999999986,0.29999999999999716,0.029999999999999805,0.500899191454721,-1.1102230246251565e-16,0.0,-18.736850580839135,-0.5492486967877923,14.620288086405287,-11.099798431843638,0.22968808258971274,2.9012031256532413,13.0,13.0,13.0
0,114,45.6,34.199999999999996,3.42,59.70634947401017,35.0867350058197,-4.821509504343853,57.10250782583896,0.6435011087932843,1.5108681716736887,69.42027149746481,0.5312928422351972,-1.501286452964425,0.3999999999999986,0.29999999999999716,0.03000000000000025,0.500899191454728,0.0,0.0,30.17262135021087,-14.114347641845761,-15.339977604071612,11.079669839975097,-0.4988885527715219,-2.890797305018819,13.0,13.0,13.0
0,115,46.0,34.5,3.4499999999999997,49.16409765282589,55.39762110682039,-7.091939491094903,57.60340701729369,0.6435011087932844,1.5108681716736887,74.40632048459851,0.8449434206290929,-1.4753377474610303,0.3999999999999986,0.30000000000000426,0.029999999999999805,0.500899191454728,1.1102230246251565e-16,0.0,-10.54225182118428,20.31088610100069,-2.2704299867510507,4.9860489871336995,0.31365057839389565,0.025948705503394676,13.0,13.0,13.0
0,116,46.400000000000006,34.8,3.48,64.23278462243191,41.311340662114176,14.93234631610756,58.10430620874842,0.6435011087932843,1.5108681716736887,77.81678773990316,0.5715449503275012,1.377707667791587,0.4000000000000057,0.29999999999999716,0.03000000000000025,0.500899191454728,-1.1102230246251565e-16,0.0,15.06868696960602,-14.086280444706212,22.024285807202464,3.4104672553046527,-0.2733984703015917,2.853045415252617,13.0,13.0,13.0
0,117,46.800000000000004,35.1,3.51,19.803181459429794,25.904299570419592,11.751758415848373,58.60520540020315,0.6435011087932844,1.5108681716736887,34.65981185773529,0.9180955935100564,1.2248787165431794,0.3999999999999986,0.30000000000000426,0.029999999999999805,0.500899191454728,1.1102230246251565e-16,0.0,-44.42960316300211,-15.407041091694584,-3.1805879002591873,-43.15697588216787,0.34655064318255524,-0.15282895124840756,13.0,13.0,13.0
0,118,47.2,35.4,3.54,63.51926651741448,46.10906306162701,18.828632403681368,59.106104591657875,0.6435011087932843,1.5108681716736887,80.71716244717965,0.627902269816103,1.3353605342586554,0.3999999999999986,0.29999999999999716,0.03000000000000025,0.500899191454728,-1.1102230246251565e-16,0.0,43.716085057984685,20.20476349120742,7.076873987832995,46.057350589444354,-0.29019332369395345,0.11048181771547605,13.0,13.0,13.0
0,119,47.6,35.699999999999996,3.57,70.02994912414587,40.527261451101765,14.246519997010662,59.6070037831126,0.6435011087932843,1.5108681716736887,82.15604680777699,0.524620429248062,1.396507226842623,0.3999999999999986,0.29999999999999716,0.029999999999999805,0.500899191454728,0.0,0.0,6.510682606731393,-5.581801610525247,-4.582112406670706,1.438884360597342,-0.10328184056804102,0.061146692583967654,13.0,13.0,13.0
0,120,48.0,36.0,3.5999999999999996,54.89267995848016,37.29874329889897,5.262595630733808,60.10790297456733,0.6435011087932844,1.5108681716736887,66.5740000110697,0.5968242964845871,1.4916649565605609,0.3999999999999986,0.30000000000000426,0.029999999999999805,0.500899191454728,1.1102230246251565e-16,0.0,-15.137269165665714,-3.2285181522027955,-8.983924366276852,-15.582046796707289,0.07220386723652517,0.09515772971793779,13.0,13.0,13.0
0,121,48.400000000000006,36.3,3.63,33.23237324732774,33.97161546243444,14.819913848906829,60.60880216602206,0.6435011087932843,1.5108681716736887,49.78042923947362,0.7963976950546376,1.2685079236488104,0.4000000000000057,0.29999999999999716,0.03000000000000025,0.500899191454728,-1.1102230246251565e-16,0.0,-21.660306711152415,-3.327127836464527,9.55731821817302,-16.79357077159608,0.19957339857005052,-0.22315703291175049,13.0,13.0,13.0
0,122,48.800000000000004,36.6,3.6599999999999997,37.69225427170855,17.05286945446143,31.02133681007572,61.109701357476794,0.6435011087932844,1.5108681716736887,51.709087462439264,0.42486765485115263,0.9273947052014507,0.3999999999999986,0.30000000000000426,0.029999999999999805,0.5008991914547352,1.1102230246251565e-16,0.0,4.459881024380806,-16.918746007973013,16.20142296116889,1.9286582229656446,-0.371530040203485,-0.34111321844735965,13.0,13.0,13.0
0,123,49.2,36.9,3.69,54.687872422796005,32.47917304895698,-4.95073254066136,61.610600548931515,0.6435011087932843,1.5108681716736887,63.79788260409015,0.5359227498210966,-1.4931179686401572,0.3999999999999986,0.29999999999999716,0.03000000000000025,0.500899191454721,-1.1102230246251565e-16,0.0,16.995618151087456,15.42630359449555,-35.97206935073708,12.088795141650884,0.11105509496994392,-2.420512673841608,13.0,13.0,13.0
0,124,49.6,37.199999999999996,3.7199999999999998,31.529594040535635,36.91282618240969,18.32931174711615,62.11149974038624,0.6435011087932843,1.5108681716736887,51.8906128915119,0.8638900149276982,1.2097750939471406,0.3999999999999986,0.29999999999999716,0.029999999999999805,0.500899191454728,0.0,0.0,-23.15827838226037,4.433653133452708,23.28004428777751,-11.907269712578248,0.3279672651066017,2.7028930625872976,13.0,13.0,13.0
0,125,50.0,37.5,3.75,41.94355479775561,41.87909789842459,-33.53856168781333,62.61239893184097,0.6435011087932844,1.5108681716736887,68.10253849854217,0.7846291960055435,-1.0558690753031716,0.3999999999999986,0.30000000000000426,0.03000000000000025,0.500899191454728,1.1102230246251565e-16,0.0,10.413960757219975,4.9662717160149015,-51.86787343492948,16.211925607030274,-0.07926081892215475,-2.2656441692503124,13.0,13.0,13.0
0,126,50.400000000000006,37.8,3.78,56.399572978652195,59.432266646382686,16.103537140311694,63.1132981232957,0.6435011087932843,1.5108681716736887,83.50107819262243,0.8115740490773311,1.3767261586131139,0.4000000000000057,0.29999999999999716,0.029999999999999805,0.500899191454728,-1.1102230246251565e-16,0.0,14.456018180896585,17.553168747958097,49.64209882812502,15.398539694080256,0.026944853071787622,2.4325952339162855,13.0,13.0,13.0
0,127,50.800000000000004,38.1,3.81,50.73098968653001,24.966494879635633,12.237715835612493,63.61419731475043,0.6435011087932844,1.5108681716736887,57.85085021002619,0.45733582413688767,1.3576469144629197,0.3999999999999986,0.30000000000000426,0.03000000000000025,0.500899191454728,1.1102230246251565e-16,0.0,-5.668583292122186,-34.465771766747054,-3.8658213046992014,-25.650227982596242,-0.35423822494044344,-0.01907924415019413,13.0,13.0,13.0
0,128,51.2,38.4,3.84,44.69319496369565,37.19865317199296,32.45752776253375,64.11509650620515,0.6435011087932843,1.5108681716736887,66.59363770157613,0.6941348317764005,1.061690316013434,0.3999999999999986,0.29999999999999716,0.029999999999999805,0.500899191454721,-1.1102230246251565e-16,0.0,-6.037794722834356,12.232158292357326,20.21981192692126,8.74278749154994,0.23679900763951278,-0.29595659844948563,13.0,13.0,13.0
0,129,51.6,38.699999999999996,3.8699999999999997,48.071526560411364,31.982410181999214,-0.4034157677501873,64.61599569765988,0.6435011087932843,1.5108681716736887,57.74001187374014,0.5870619604434597,-1.5638095071382239,0.3999999999999986,0.29999999999999716,0.029999999999999805,0.5008991914547352,0.0,0.0,3.378331596715711,-5.216242989993745,-32.86094353028394,-8.853625827835991,-0.10707287133294074,-2.625499823151658,13.0,13.0,13.0
0,130,52.0,39.0,3.9,44.82418900253887,27.299433444142995,-1.2874584399391371,65.1168948891146,0.6435011087932844,1.5108681716736887,52.49880508488827,0.5470353282142338,-1.546270291958751,0.3999999999999986,0.30000000000000426,0.03000000000000025,0.500899191454721,1.1102230246251565e-16,0.0,-3.2473375578724912,-4.682976737856219,-0.8840426721889498,-5.241206788851869,-0.04002663222922587,0.017539215179472878,13.0,13.0,13.0
0,131,52.400000000000006,39.3,3.9299999999999997,40.06396831697198,18.70670380060753,-3.1075026155101426,65.61779408056934,0.6435011087932843,1.5108681716736887,44.32514971088537,0.43683590068173084,-1.500631785005347,0.4000000000000057,0.29999999999999716,0.029999999999999805,0.5008991914547352,-1.1102230246251565e-16,0.0,-4.7602206855668925,-8.592729643535463,-1.8200441755710055,-8.173655374002898,-0.110199427532503,0.04563850695340399,13.0,13.0,13.0
0,132,52.800000000000004,39.6,3.96,62.004822056003,44.21736646693299,-20.523347327676905,66.11869327202407,0.6435011087932844,1.5108681716736887,78.87319722820997,0.6194823830660572,-1.3075598856745274,0.3999999999999986,0.30000000000000426,0.03000000000000025,0.5008991914547352,1.1102230246251565e-16,0.0,21.94085373903102,25.510662666325455,-17.415844712166763,34.548047517324605,0.18264648238432635,0.19307189933081959,13.0,13.0,13.0
0,133,53.2,39.9,3.9899999999999998,31.248179566490187,37.37300243710118,11.252128065939027,66.6195924634788,0.6435011087932843,1.5108681716736887,49.998004194122366,0.8744178423412603,1.3438003893448145,0.3999999999999986,0.29999999999999716,0.029999999999999805,0.500899191454721,-1.1102230246251565e-16,0.0,-30.756642489512814,-6.844364029831809,31.775475393615935,-28.87519303408761,0.2549354592752031,2.651360275019342,13.0,13.0,13.0
0,134,53.6,40.199999999999996,4.02,77.85052436200378,57.65982560389612,28.384416714590746,67.12049165493352,0.6435011087932843,1.5108681716736887,100.95065499707367,0.6374888330695475,1.285782001094863,0.3999999999999986,0.29999999999999716,0.029999999999999805,0.500899191454721,0.0,0.0,46.602344795513595,20.28682316679494,17.132288648651716,50.952650802951304,-0.2369290092717128,-0.058018388249951425,13.0,13.0,13.0
0,135,54.0,40.5,4.05,24.348172571467096,30.21542022650787,7.669100230565351,67.62139084638825,0.6435011087932844,1.5108681716736887,39.55528062573771,0.892517013660568,1.3756775136217303,0.3999999999999986,0.30000000000000426,0.03000000000000025,0.5008991914547352,1.1102230246251565e-16,0.0,-53.502351790536686,-27.444405377388247,-20.715316484025394,-61.39537437133596,0.2550281805910205,0.08989551252686723,13.0,13.0,13.0
0,136,54.400000000000006,40.8,4.08,49.04172405189327,48.085920313245715,13.04360534845708,68.12229003784297,0.6435011087932843,1.5108681716736887,69.91052904134085,0.7755577838272563,1.3831208530051715,0.4000000000000057,0.29999999999999716,0.03000000000000025,0.500899191454721,-1.1102230246251565e-16,0.0,24.693551480426173,17.870500086737845,5.3745051178917285,30.355248415603143,-0.11695922983331175,0.0074433393834412165,13.0,13.0,13.0
0,137,54.800000000000004,41.1,4.109999999999999,44.28837321902008,30.454760251295674,40.4603973893925,68.62318922929771,0.6435011087932844,1.5108681716736887,67.2755243848658,0.6023870557770502,0.9255273781205058,0.3999999999999986,0.30000000000000426,0.02999999999999936,0.5008991914547352,1.1102230246251565e-16,0.0,-4.753350832873188,-17.63116006195004,27.41679204093542,-2.635004656475047,-0.17317072805020606,-0.45759347488466573,13.0,13.0,13.0
0,138,55.2,41.4,4.14,30.431906736345965,21.256341637265994,31.33006560026232,69.12408842075243,0.6435011087932843,1.5108681716736887,48.574746709854985,0.6097109192281202,0.8697904472122018,0.3999999999999986,0.29999999999999716,0.03000000000000025,0.500899191454721,-1.1102230246251565e-16,0.0,-13.856466482674115,-9.19841861402968,-9.130331789130178,-18.70077767501082,0.007323863451069945,-0.055736930908304005,13.0,13.0,13.0
0,139,55.6,41.699999999999996,4.17,63.74578782362968,42.074273086100966,-6.678002908503961,69.62498761220715,0.6435011087932843,1.5108681716736887,76.67050047981297,0.5833954418603933,-1.4835857894023947,0.3999999999999986,0.29999999999999716,0.03000000000000025,0.500899191454721,0.0,0.0,33.31388108728372,20.817931448834972,-38.00806850876628,28.095753769957987,-0.02631547736772688,-2.3533762366145963,13.0,13.0,13.0
0,140,56.0,42.0,4.2,40.09380565072222,22.75891359091209,-9.727135696696298,70.12588680366188,0.6435011087932844,1.5108681716736887,47.11792194333735,0.5162866937332885,-1.3628587189057637,0.3999999999999986,0.30000000000000426,0.03000000000000025,0.5008991914547352,1.1102230246251565e-16,0.0,-23.651982172907466,-19.315359495188876,-3.0491327881923365,-29.55257853647562,-0.06710874812710477,0.120727070496631,13.0,13.0,13.0
0,141,56.400000000000006,42.3,4.2299999999999995,36.81489929793749,26.666037024653473,18.97671168608424,70.6267859951166,0.6435011087932843,1.5108681716736887,49.25982061816947,0.6268671246779441,1.175331560130494,0.4000000000000057,0.29999999999999716,0.02999999999999936,0.500899191454721,-1.1102230246251565e-16,0.0,-3.2789063527847304,3.9071234337413827,28.703847382780538,2.1418986748321203,0.11058043094465564,2.5381902790362574,13.0,13.0,13.0
0,142,56.800000000000004,42.6,4.26,48.46971637328693,23.681284487734896,-26.931614474168484,71.12768518657134,0.6435011087932844,1.5108681716736887,60.29451466328553,0.45446911684301444,-1.107758912065197,0.3999999999999986,0.30000000000000426,0.03000000000000025,0.5008991914547352,1.1102230246251565e-16,0.0,11.654817075349442,-2.9847525369185774,-45.90832616025273,11.034694045116062,-0.1723980078349297,-2.283090472195691,13.0,13.0,13.0
0,143,57.2,42.9,4.29,62.562982101934544,41.32393245025148,13.95287717626573,71.62858437802606,0.6435011087932843,1.5108681716736887,76.2658305149553,0.5837332632549143,1.3868094841899818,0.3999999999999986,0.29999999999999716,0.03000000000000025,0.500899191454721,-1.1102230246251565e-16,0.0,14.093265728647616,17.642647962516588,40.884491650434214,15.971315851669765,0.12926414641189982,2.494568396255179,13.0,13.0,13.0
0,144,57.6,43.199999999999996,4.32,55.37202312391118,25.973512710058372,20.94184692457376,72.1294835694808,0.6435011087932843,1.5108681716736887,64.64708237768197,0.4386012176804298,1.2409040675628666,0.3999999999999986,0.29999999999999716,0.03000000000000025,0.5008991914547352,0.0,0.0,-7.190958978023367,-15.35041974019311,6.98896974830803,-11.618748137273329,-0.14513204557448445,-0.1459054166271152,13.0,13.0,13.0
0,145,58.0,43.5,4.35,74.5792045279403,37.743418713996626,8.561855741383036,72.63038276093552,0.6435011087932844,1.5108681716736887,84.02338232882961,0.46850377213294325,1.4687206677573468,0.3999999999999986,0.30000000000000426,0.02999999999999936,0.500899191454721,1.1102230246251565e-16,0.0,19.20718140402913,11.769906003938253,-12.379991183190723,19.376299951147644,0.02990255445251344,0.22781660019448013,13.0,13.0,13.0
0,146,58.400000000000006,43.8,4.38,54.642574459812295,68.39701477718623,2.308290357174548,73.13128195239025,0.6435011087932843,1.5108681716736887,87.57448702904166,0.8967246971363159,1.5444352506630261,0.4000000000000057,0.29999999999999716,0.03000000000000025,0.5008991914547352,-1.1102230246251565e-16,0.0,-19.93663006812801,30.653596063189603,-6.253565384208488,3.5511047002120506,0.4282209250033726,0.07571458290567934,13.0,13.0,13.0
0,147,58.800000000000004,44.1,4.41,53.46795795310048,47.37700077635819,7.151469922746346,73.63218114384499,0.6435011087932844,1.5108681716736887,71.79516872529454,0.7250722265816403,1.4710215182593611,0.3999999999999986,0.30000000000000426,0.03000000000000025,0.5008991914547352,1.1102230246251565e-16,0.0,-1.1746165067118142,-21.02001400082804,4.8431795655717975,-15.779318303747118,-0.17165247055467558,-0.073413732403665,13.0,13.0,13.0
0,148,59.2,44.4,4.4399999999999995,74.1736789346013,26.708252144891816,20.053951356237164,74.13308033529971,0.6435011087932843,1.5108681716736887,81.3463357768914,0.3456239398218535,1.3217027999718578,0.3999999999999986,0.29999999999999716,0.02999999999999936,0.500899191454721,-1.1102230246251565e-16,0.0,20.705720981500818,-20.66874863146637,12.902481433490818,9.551167051596849,-0.37944828675978676,-0.14931871828750332,13.0,13.0,13.0
0,149,59.6,44.699999999999996,4.47,38.993426061564975,59.37211572506138,2.4070590008198156,74.63397952675443,0.6435011087932843,1.5108681716736887,71.07270456878817,0.9896812802052597,1.5369222902407136,0.3999999999999986,0.29999999999999716,0.03000000000000025,0.500899191454721,0.0,0.0,-35.18025287303632,32.66386358016956,-17.64689235541735,-10.273631208103225,0.6440573403834062,0.21521949026885578,13.0,13.0,13.0
0,150,60.0,45.0,4.5,68.98362659972206,61.63794020899357,5.197850962718135,75.13487871820917,0.6435011087932844,1.5108681716736887,92.65524306097296,0.7292209365161889,1.514668027948102,0.3999999999999986,0.30000000000000426,0.03000000000000025,0.5008991914547352,1.1102230246251565e-16,0.0,29.990200538157083,2.2658244839321924,2.7907919618983197,21.582538492184796,-0.2604603436890708,-0.022254262292611626,13.0,13.0,13.0
0,151,60.400000000000006,45.3,4.53,56.069309755263134,42.822360995269484,4.300463792154806,75.63577790966389,0.6435011087932843,1.5108681716736887,70.6825019822336,0.652236717386543,1.5099167412409322,0.4000000000000057,0.29999999999999716,0.03000000000000025,0.500899191454721,-1.1102230246251565e-16,0.0,-12.914316844458924,-18.815579213724085,-0.897387170563329,-21.97274107873936,-0.07698421912964593,-0.004751286707169733,13.0,13.0,13.0
0,152,60.800000000000004,45.6,4.56,22.84093809766952,44.92767873781829,-11.035450390798836,76.13667710111862,0.6435011087932844,1.5108681716736887,51.59443705747707,1.1004565173574925,-1.3552425967627217,0.3999999999999986,0.30000000000000426,0.02999999999999936,0.5008991914547352,1.1102230246251565e-16,0.0,-33.22837165759361,2.105317742548806,-15.335914182953642,-19.08806492475653,0.4482197999709495,-2.8651593380036537,13.0,13.0,13.0
0,153,61.2,45.9,4.59,65.07921547289212,45.25132047357283,9.146740974664493,76.63757629257334,0.6435011087932843,1.5108681716736887,79.79128499796653,0.6075826755010283,1.4559104347610503,0.3999999999999986,0.29999999999999716,0.03000000000000025,0.500899191454721,-1.1102230246251565e-16,0.0,42.238277375222594,0.323641735754542,20.18219136546333,28.196847940489455,-0.4928738418564642,2.811153031523772,13.0,13.0,13.0
0,154,61.6,46.199999999999996,4.62,83.64342029906187,56.17448521727117,5.861183872726102,77.13847548402808,0.6435011087932843,1.5108681716736887,100.92644859074768,0.5914066249467106,1.5126898194838854,0.3999999999999986,0.29999999999999716,0.03000000000000025,0.5008991914547352,0.0,0.0,18.564204826169757,10.923164743698337,-3.285557101938391,21.135163592781154,-0.0161760505543177,0.05677938472283506,13.0,13.0,13.0
0,155,62.0,46.5,4.6499999999999995,82.66915307856166,55.140307158371,13.325318909744386,77.6393746754828,0.6435011087932844,1.5108681716736887,100.26069253846471,0.5882331870434299,1.4374951905695699,0.3999999999999986,0.30000000000000426,0.02999999999999936,0.500899191454721,1.1102230246251565e-16,0.0,-0.9742672205002094,-1.0341780589001672,7.464135037018284,-0.6657560522829726,-0.003173437903280729,-0.0751946289143155,13.0,13.0,13.0
0,156,62.400000000000006,46.8,4.68,80.80593654261949,35.97816736271512,11.067812094655768,78.14027386693753,0.6435011087932843,1.5108681716736887,89.14328001522043,0.41888982839682176,1.4463175505049068,0.4000000000000057,0.29999999999999716,0.03000000000000025,0.5008991914547352,-1.1102230246251565e-16,0.0,-1.863216535942172,-19.162139795655882,-2.257506815088618,-11.117412523244283,-0.1693433586466081,0.008822359935336976,13.0,13.0,13.0
0,157,62.800000000000004,47.1,4.71,77.70812748860217,38.47306565684079,8.472476128522583,78.64117305839227,0.6435011087932844,1.5108681716736887,87.12354854210666,0.45971757175396105,1.4733957119276035,0.3999999999999986,0.30000000000000426,0.03000000000000025,0.5008991914547352,1.1102230246251565e-16,0.0,-3.0978090540173184,2.4948982941256688,-2.5953359661331845,-2.019731473113765,0.04082774335713929,0.0270781614226967,13.0,13.0,13.0
0,158,63.2,47.4,4.74,47.30670367869319,49.98490487603083,8.719757157735833,79.14207224984699,0.6435011087932843,1.5108681716736887,69.37181771655851,0.8129187796195629,1.444767003799581,0.3999999999999986,0.29999999999999716,0.03000000000000025,0.500899191454721,-1.1102230246251565e-16,0.0,-30.401423809908984,11.511839219190044,0.24728102921324968,-17.75173082554815,0.3532012078656019,-0.02862870812802254,13.0,13.0,13.0
0,159,63.6,47.699999999999996,4.77,92.45018443042257,54.899579881584906,16.29972048967294,79.64297144130171,0.6435011087932843,1.5108681716736887,108.75054648338616,0.535869479158413,1.4203476722206205,0.3999999999999986,0.29999999999999716,0.02999999999999936,0.500899191454721,0.0,0.0,45.14348075172938,4.9146750055540736,7.5799633319371065,39.37872876682765,-0.27704930046114995,-0.02441933157896048,13.0,13.0,13.0
0,160,64.0,48.0,4.8,75.63202340770414,65.24140653552621,1.259629443257884,80.14387063275643,0.6435011087932844,1.5108681716736887,99.89109448700435,0.7117729568360701,1.5581859651307088,0.3999999999999986,0.30000000000000426,0.03000000000000025,0.500899191454721,1.1102230246251565e-16,0.0,-16.818161022718428,10.341826653941304,-15.040091046415055,-8.859451996381807,0.17590347767765713,0.1378382929100883,13.0,13.0,13.0
0,161,64.4,48.3,4.83,67.63408250394453,82.41686218631696,14.628303062287452,80.64476982421117,0.6435011087932843,1.5108681716736887,107.61456936340389,0.8835996756021205,1.434441823446082,0.4000000000000057,0.29999999999999716,0.03000000000000025,0.5008991914547352,-1.1102230246251565e-16,0.0,-7.997940903759613,17.175455650790752,13.368673619029568,7.723474876399536,0.17182671876605038,-0.12374414168462677,13.0,13.0,13.0
0,162,64.8,48.6,4.859999999999999,65.89649848337672,52.34318393478514,10.985271496849432,81.14566901566589,0.6435011087932844,1.5108681716736887,84.86950928725764,0.6712704984862572,1.440994944592281,0.3999999999999915,0.30000000000000426,0.02999999999999936,0.500899191454721,1.1102230246251565e-16,0.0,-1.7375840205678088,-30.073678251531824,-3.6430315654380205,-22.745060076146245,-0.2123291771158633,0.006553121146198881,13.0,13.0,13.0
0,163,65.2,48.9,4.89,67.7337662297533,65.77918208539919,16.47260736392257,81.64656820712062,0.6435011087932844,1.5108681716736887,95.84420001678205,0.7707595493026004,1.398070157073018,0.4000000000000057,0.29999999999999716,0.03000000000000025,0.5008991914547352,0.0,0.0,1.8372677463765825,13.435998150614047,5.4873358670731385,10.974690729524411,0.09948905081634318,-0.042924787519262875,13.0,13.0,13.0
0,164,65.60000000000001,49.199999999999996,4.92,95.72706198956178,47.81853684667226,-6.0651620515299705,82.14746739857536,0.6435011087932843,1.5108681716736887,107.17774514338915,0.4632715180104527,-1.5141763270310982,0.4000000000000057,0.29999999999999716,0.03000000000000025,0.5008991914547352,-1.1102230246251565e-16,0.0,27.993295759808476,-17.960645238726926,-22.53776941545254,11.333545126607092,-0.3074880312921477,-2.9122464841041165,13.0,13.0,13.0
0,165,66.0,49.5,4.95,46.03248851753493,27.110832415451654,15.59289660638159,82.64836659003008,0.6435011087932844,1.5108681716736887,55.65182528860124,0.5322548509091009,1.286807820322518,0.3999999999999915,0.30000000000000426,0.03000000000000025,0.500899191454721,1.1102230246251565e-16,0.0,-49.694573472026846,-20.707704431220606,21.65805865791156,-51.52591985478791,0.06898333289864816,2.800984147353616,13.0,13.0,13.0
0,166,66.4,49.8,4.9799999999999995,75.00460995085075,42.530391985635156,19.209418199410315,83.1492657814848,0.6435011087932843,1.5108681716736887,88.33757696411463,0.5158293125198784,1.3515903543217775,0.4000000000000057,0.29999999999999716,0.02999999999999936,0.500899191454721,-1.1102230246251565e-16,0.0,28.97212143331582,15.419559570183502,3.6165215930287253,32.685751675513394,-0.01642553838922245,0.0647825339992596,13.0,13.0,13.0
0,167,66.8,50.1,5.01,72.16298101123687,49.60365123391422,1.736520178470931,83.65016497293954,0.6435011087932844,1.5108681716736887,87.58443666824701,0.6022083156689486,1.5509682153587105,0.3999999999999915,0.30000000000000426,0.03000000000000025,0.5008991914547352,1.1102230246251565e-16,0.0,-2.8416289396138836,7.073259248279065,-17.472898020939382,-0.7531402958676239,0.08637900314907021,0.199377861036933,13.0,13.0,13.0
0,168,67.2,50.4,5.04,67.68315916046075,52.3895860959153,-5.019448866761258,84.15106416439426,0.6435011087932844,1.5108681716736887,85.73723597228694,0.6587110731558501,-1.512218270565988,0.4000000000000057,0.29999999999999716,0.03000000000000025,0.500899191454721,0.0,0.0,-4.479821850776119,2.7859348620010778,-6.755969045232189,-1.847200695960069,0.05650275748690148,-3.0631864859246987,13.0,13.0,13.0
0,169,67.60000000000001,50.699999999999996,5.069999999999999,64.55330712292434,63.19230045840456,-4.635363558081909,84.65196335584899,0.6435011087932843,1.5108681716736887,90.45376107740057,0.7747445276404193,-1.5195282010699873,0.4000000000000057,0.29999999999999716,0.02999999999999936,0.5008991914547352,-1.1102230246251565e-16,0.0,-3.129852037536409,10.802714362489262,0.3840853086793494,4.716525105113632,0.11603345448456925,-0.007309930503999418,13.0,13.0,13.0
0,170,68.0,51.0,5.1,50.992091560367555,73.1926739808322,19.77999719520868,85.15286254730371,0.6435011087932844,1.5108681716736887,91.37072405977618,0.9623000088836666,1.3525880989172172,0.3999999999999915,0.30000000000000426,0.03000000000000025,0.500899191454721,1.1102230246251565e-16,0.0,-13.561215562556782,10.000373522427637,24.41536075329059,0.9169629823756082,0.18755548124324728,2.8721162999872045,13.0,13.0,13.0
0,171,68.4,51.3,5.13,63.494082692160426,70.52407468839613,-0.8169179858195097,85.65376173875845,0.6435011087932843,1.5108681716736887,94.89895153566734,0.8378056497597124,-1.5621879274159536,0.4000000000000057,0.29999999999999716,0.03000000000000025,0.5008991914547352,-1.1102230246251565e-16,0.0,12.50199113179287,-2.6685992924360704,-20.596915181028187,3.528227475891157,-0.12449435912395423,-2.914776026333171,13.0,13.0,13.0
0,172,68.8,51.6,5.16,55.205498708178034,34.24722474333131,2.555176107450662,86.15466093021317,0.6435011087932844,1.5108681716736887,65.01575513042187,0.5552549615168768,1.5314853270241984,0.3999999999999915,0.30000000000000426,0.03000000000000025,0.500899191454721,1.1102230246251565e-16,0.0,-8.288583983982392,-36.27684994506482,3.3720940932701717,-29.88319640524547,-0.2825506882428356,3.093673254440152,13.0,13.0,13.0
0,173,69.2,51.9,5.1899999999999995,62.59307192838166,37.70091629823723,-6.73536073311837,86.6555601216679,0.6435011087932844,1.5108681716736887,73.37994840120483,0.5421219628363404,-1.4788794691205096,0.4000000000000057,0.29999999999999716,0.02999999999999936,0.5008991914547352,0.0,0.0,7.3875732202036275,3.453691554905923,-9.290536840569033,8.364193270782962,-0.013132998680536412,-3.010364796144708,13.0,13.0,13.0
0,174,69.60000000000001,52.199999999999996,5.22,59.54882420306528,34.0411598516916,24.602860080546172,87.15645931312262,0.6435011087932843,1.5108681716736887,72.87087039523355,0.5193139642880895,1.2264061753260798,0.4000000000000057,0.29999999999999716,0.03000000000000025,0.500899191454721,-1.1102230246251565e-16,0.0,-3.0442477253163815,-3.6597564465456287,31.33822081366454,-0.5090780059712756,-0.022807998548250885,2.7052856444465894,13.0,13.0,13.0
0,175,70.0,52.5,5.25,86.23971319393816,51.63449268232998,0.3687702267069559,87.65735850457736,0.6435011087932844,1.5108681716736887,100.51639148822646,0.5394867684754788,1.5671275614471463,0.3999999999999915,0.30000000000000426,0.03000000000000025,0.5008991914547352,1.1102230246251565e-16,0.0,26.690888990872878,17.593332830638374,-24.234089853839215,27.645521092992908,0.020172804187389315,0.3407213861210665,13.0,13.0,13.0
0,176,70.4,52.8,5.279999999999999,71.07387569424108,61.160228320994094,18.97839027975793,88.15825769603208,0.6435011087932843,1.5108681716736887,95.66738541471368,0.7105677223467793,1.3710926600370776,0.4000000000000057,0.29999999999999716,0.02999999999999936,0.500899191454721,-1.1102230246251565e-16,0.0,-15.165837499697076,9.525735638664116,18.609620053050975,-4.849006073512783,0.1710809538713005,-0.19603490141006863,13.0,13.0,13.0
0,177,70.8,53.1,5.31,95.06914046327353,40.97279938318191,3.162833910669195,88.65915688748682,0.6435011087932844,1.5108681716736887,103.57082251322802,0.4069239618907717,1.540253692968673,0.3999999999999915,0.30000000000000426,0.03000000000000025,0.5008991914547352,1.1102230246251565e-16,0.0,23.995264769032445,-20.187428937812186,-15.815556369088736,7.903437098514345,-0.30364376045600766,0.16916103293159535,13.0,13.0,13.0
0,178,71.2,53.4,5.34,70.15559060601407,23.713981642650058,11.439756385252672,89.16005607894154,0.6435011087932844,1.5108681716736887,74.93348947420321,0.3259624653869663,1.4175315269816866,0.4000000000000057,0.29999999999999716,0.03000000000000025,0.500899191454721,0.0,0.0,-24.913549857259454,-17.25881774053185,8.276922474583476,-28.63733303902481,-0.08096149650380535,-0.12272216598698638,13.0,13.0,13.0
0,179,71.60000000000001,53.699999999999996,5.37,66.76263271883893,32.399048087572524,14.376904317118,89.66095527039627,0.6435011087932843,1.5108681716736887,75.58864215128477,0.45180820638131614,1.3794312122821035,0.4000000000000057,0.29999999999999716,0.03000000000000025,0.5008991914547352,-1.1102230246251565e-16,0.0,-3.392957887175143,8.685066444922466,2.9371479318653293,0.6551526770815599,0.1258457409943498,-0.03810031469958308,13.0,13.0,13.0
0,180,72.0,54.0,5.3999999999999995,77.54891933472571,48.26155882014774,1.58721339322737,90.161854461851,0.6435011087932844,1.5108681716736887,91.35388440613795,0.5566820289096721,1.5534211131503977,0.3999999999999915,0.30000000000000426,0.02999999999999936,0.500899191454721,1.1102230246251565e-16,0.0,10.78628661588678,15.862510732575217,-12.789690923890632,15.765242254853177,0.10487382252835598,0.17398990086829413,13.0,13.0,13.0
0,181,72.4,54.3,5.43,76.18211378396643,66.72519932002467,18.904162839067656,90.66275365330573,0.6435011087932843,1.5108681716736887,103.0210369659334,0.7193193463308123,1.3862525424884555,0.4000000000000057,0.29999999999999716,0.03000000000000025,0.5008991914547352,-1.1102230246251565e-16,0.0,-1.3668055507592811,18.46364049987693,17.316949445840287,11.667152559795454,0.16263731742114018,-0.16716857066194213,13.0,13.0,13.0
0,182,72.8,54.6,5.46,68.07526766927856,65.22492224864371,2.2838185638466273,91.16365284476045,0.6435011087932844,1.5108681716736887,94.30667196873247,0.7640185155391038,1.5465770239277974,0.3999999999999915,0.30000000000000426,0.03000000000000025,0.500899191454721,1.1102230246251565e-16,0.0,-8.106846114687869,-1.500277071380964,-16.62034427522103,-8.714364997200931,0.044699169208291534,0.16032448143934186,13.0,13.0,13.0
0,183,73.2,54.9,5.49,64.37457428938072,42.227110487115375,24.68738340544337,91.66455203621518,0.6435011087932844,1.5108681716736887,80.84974690397866,0.580553240536759,1.260491492435504,0.4000000000000057,0.29999999999999716,0.03000000000000025,0.5008991914547352,0.0,0.0,-3.7006933798978423,-22.997811761528332,22.403564841596744,-13.456925064753818,-0.18346527500234477,-0.28608553149229343,13.0,13.0,13.0
0,184,73.60000000000001,55.199999999999996,5.52,66.46293290275841,58.591286209396735,-6.901405233714282,92.1654512276699,0.6435011087932843,1.5108681716736887,88.87007181221331,0.7225352300707585,-1.4930608119787534,0.4000000000000057,0.29999999999999716,0.02999999999999936,0.500899191454721,-1.1102230246251565e-16,0.0,2.088358613377693,16.36417572228136,-31.588788639157652,8.020324908234656,0.14198198953399943,-2.7535523044142574,13.0,13.0,13.0
0,185,74.0,55.5,5.55,73.83113503418025,54.526106302557785,3.304148060531632,92.66635041912463,0.6435011087932844,1.5108681716736887,91.84252916464739,0.6361162816593294,1.5348123304927062,0.3999999999999915,0.30000000000000426,0.03000000000000025,0.500899191454721,1.1102230246251565e-16,0.0,7.368202131421839,-4.065179906838949,10.205553294245913,2.972457352434077,-0.08641894841142905,3.0278731424714596,13.0,13.0,13.0
0,186,74.4,55.8,5.58,74.9114880084251,38.925621914473204,11.247931676936435,93.16724961057936,0.6435011087932843,1.5108681716736887,85.16719464719948,0.4792213307589711,1.4383405246126328,0.4000000000000057,0.29999999999999716,0.03000000000000025,0.5008991914547352,-1.1102230246251565e-16,0.0,1.080352974244846,-15.600484388084581,7.9437836164048035,-6.675334517447908,-0.15689495090035832,-0.09647180588007331,13.0,13.0,13.0
0,187,74.8,56.1,5.609999999999999,73.57698288333339,67.94048585387286,18.135207406852576,93.6681488020341,0.6435011087932844,1.5108681716736887,101.77606681319628,0.7455902200285623,1.3916523166491224,0.3999999999999915,0.30000000000000426,0.02999999999999936,0.5008991914547352,1.1102230246251565e-16,0.0,-1.3345051250917095,29.014863939399653,6.887275729916141,16.6088721659968,0.26636888926959124,-0.046688207963510475,13.0,13.0,13.0
0,188,75.2,56.4,5.64,60.37911417837648,50.58965592397466,17.88589442642003,94.16904799348882,0.6435011087932844,1.5108681716736887,80.77658036154175,0.6974078136568204,1.3475215857182758,0.4000000000000057,0.29999999999999716,0.03000000000000025,0.500899191454721,0.0,0.0,-13.197868704956903,-17.350829929898197,-0.24931298043254557,-20.999486451654533,-0.04818240637174198,-0.04413073093084652,13.0,13.0,13.0
0,189,75.60000000000001,56.699999999999996,5.67,74.10038943639837,71.9474480336342,6.2141865575867685,94.66994718494354,0.6435011087932843,1.5108681716736887,103.46941145938197,0.7706578871257657,1.5107019636851404,0.4000000000000057,0.29999999999999716,0.03000000000000025,0.500899191454721,-1.1102230246251565e-16,0.0,13.72127525802189,21.357792109659542,-11.671707868833263,22.692831097840227,0.0732500734689453,0.16318037796686458,13.0,13.0,13.0
0,190,76.0,57.0,5.7,86.77230664680363,59.5886877009178,-2.220482634271943,95.17084637639827,0.6435011087932844,1.5108681716736887,105.28615980200597,0.6017607032638457,-1.5497047865733549,0.3999999999999915,0.30000000000000426,0.03000000000000025,0.5008991914547352,1.1102230246251565e-16,0.0,12.671917210405255,-12.3587603327164,-8.434669191858712,1.8167483426239954,-0.16889718386191999,-3.0604067502584953,13.0,13.0,13.0
0,191,76.4,57.3,5.7299999999999995,101.79571797756711,43.30734824234878,1.4430314037514282,95.671745567853,0.6435011087932843,1.5108681716736887,110.6344293155827,0.40223809841508446,1.5577527170250385,0.4000000000000057,0.29999999999999716,0.02999999999999936,0.500899191454721,-1.1102230246251565e-16,0.0,15.02341133076348,-16.281339458569022,3.6635140380233713,5.348269513576724,-0.19952260484876122,3.1074575035983933,13.0,13.0,13.0
0,192,76.80000000000001,57.599999999999994,5.76,98.21139920644191,67.65585822700024,0.19654248246263784,96.17264475930773,0.6435011087932843,1.5108681716736887,119.25951834326041,0.6032237525513731,1.5691483026022728,0.4000000000000057,0.29999999999999716,0.03000000000000025,0.5008991914547352,0.0,0.0,-3.584318771125197,24.348509984651457,-1.2464889212887904,8.625089027677717,0.2009856541362886,0.011395585577234302,13.0,13.0,13.0
0,193,77.2,57.9,5.79,72.68169584950519,63.045273384002634,7.742361408030348,96.67354395076245,0.6435011087932844,1.5108681716736887,96.52605641895958,0.7145185175883304,1.4905000029824442,0.3999999999999915,0.30000000000000426,0.03000000000000025,0.500899191454721,1.1102230246251565e-16,0.0,-25.52970335693672,-4.6105848429976035,7.54581892556771,-22.733461924300826,0.11129476503695734,-0.07864829961982855,13.0,13.0,13.0
0,194,77.60000000000001,58.199999999999996,5.819999999999999,77.35869486435186,94.84129888103314,12.373693359758196,97.17444314221719,0.6435011087932843,1.5108681716736887,123.01360872650912,0.8865764857840018,1.4700379218485418,0.4000000000000057,0.29999999999999716,0.02999999999999936,0.5008991914547352,-1.1102230246251565e-16,0.0,4.676999014846672,31.796025497030506,4.631331951727848,26.487552307549535,0.17205796819567143,-0.020462081133902466,13.0,13.0,13.0
0,195,78.0,58.5,5.85,75.843171934775,63.47315763328244,11.784484927124698,97.6753423336719,0.6435011087932844,1.5108681716736887,99.59870759234275,0.6968395599662187,1.452198845752526,0.3999999999999915,0.30000000000000426,0.03000000000000025,0.500899191454721,1.1102230246251565e-16,0.0,-1.5155229295768606,-31.3681412477507,-0.5892084326334981,-23.41490113416637,-0.18973692581778312,-0.01783907609601587,13.0,13.0,13.0
0,196,78.4,58.8,5.88,86.65147004544967,78.03401133116495,12.6322384932262,98.17624152512664,0.6435011087932843,1.5108681716736887,117.2917628600559,0.7331190771590756,1.4628877486991636,0.4000000000000057,0.29999999999999716,0.03000000000000025,0.5008991914547352,-1.1102230246251565e-16,0.0,10.80829811067467,14.560853697882507,0.8477535661015025,17.69305526771315,0.036279517192856936,0.010688902946637713,13.0,13.0,13.0
0,197,78.80000000000001,59.099999999999994,5.91,86.69743620430822,49.94415468111548,12.335970185205579,98.67714071658136,0.6435011087932843,1.5108681716736887,100.81190500938648,0.5226411816994825,1.4481226713061028,0.4000000000000057,0.29999999999999716,0.03000000000000025,0.500899191454721,0.0,0.0,0.0459661588585476,-28.08985665004947,-0.2962683080206219,-16.47985785066942,-0.21047789545959317,-0.014765077393060766,13.0,13.0,13.0
0,198,79.2,59.4,5.9399999999999995,83.29237673157759,61.94788960345083,4.576799519975287,99.1780399080361,0.6435011087932844,1.5108681716736887,103.90432205525632,0.6394827896961011,1.5267338591151136,0.3999999999999915,0.30000000000000426,0.02999999999999936,0.5008991914547352,1.1102230246251565e-16,0.0,-3.4050594727306276,12.003734922335354,-7.759170665230291,3.092417045869837,0.11684160799661858,0.07861118780901077,13.0,13.0,13.0
0,199,79.60000000000001,59.699999999999996,5.97,58.333756020170796,71.74770189609447,-20.399697202351195,99.67893909949083,0.6435011087932843,1.5108681716736887,94.69270016605961,0.8881545497714078,-1.3536636510356284,0.4000000000000057,0.29999999999999716,0.03000000000000025,0.5008991914547352,-1.1102230246251565e-16,0.0,-24.958620711406795,9.799812292643637,-24.97649672232648,-9.211621889196707,0.24867176007530678,-2.880397510150742,13.0,13.0,13.0
0,200,80.0,60.0,6.0,74.55675131193634,57.231168629137315,15.627822322736186,100.17983829094555,0.6435011087932844,1.5108681716736887,95.2803477082115,0.654682152166939,1.406032493698959,0.3999999999999915,0.30000000000000426,0.03000000000000025,0.500899191454721,1.1102230246251565e-16,0.0,16.222995291765542,-14.516533266957154,36.027519525087385,0.5876475421518847,-0.2334723976044688,2.7596961447345874,13.0,13.0,13.0
0,201,80.4,60.3,6.029999999999999,56.6761356120691,62.22032104155431,5.552897227064614,100.68073748240027,0.6435011087932843,1.5108681716736887,84.34682783629788,0.8319947770444128,1.5049145814517981,0.4000000000000057,0.29999999999999716,0.02999999999999936,0.500899191454721,-1.1102230246251565e-16,0.0,-17.880615699867235,4.989152412416992,-10.074925095671572,-10.933519871913617,0.1773126248774738,0.09888208775283913,13.0,13.0,13.0
0,202,80.80000000000001,60.599999999999994,6.06,56.82919551596991,34.05670449169192,14.508532784683151,101.18163667385501,0.6435011087932843,1.5108681716736887,67.8226666195822,0.5398912694378663,1.3552116137318067,0.4000000000000057,0.29999999999999716,0.03000000000000025,0.5008991914547352,0.0,0.0,0.15305990390080382,-28.16361654986239,8.955635557618537,-16.524161216715683,-0.2921035076065466,-0.14970296771999148,13.0,13.0,13.0
0,203,81.2,60.9,6.09,86.92072205342461,58.009005383979826,-5.783669220040434,101.68253586530973,0.6435011087932844,1.5108681716736887,104.65996110057627,0.5884951242305769,-1.5155066349035367,0.3999999999999915,0.30000000000000426,0.03000000000000025,0.500899191454721,1.1102230246251565e-16,0.0,30.091526537454705,23.95230089228791,-20.292202004723585,36.837294480994075,0.04860385479271068,-2.8707182486353435,13.0,13.0,13.0
0,204,81.60000000000001,61.199999999999996,6.12,69.24802838521559,68.0058912117523,14.423643867252743,102.18343505676447,0.6435011087932843,1.5108681716736887,98.12304610617045,0.7763484891295908,1.4232662646785104,0.4000000000000057,0.29999999999999716,0.03000000000000025,0.5008991914547352,-1.1102230246251565e-16,0.0,-17.67269366820902,9.996885827772473,20.207313087293176,-6.536914994405819,0.18785336489901383,2.9387728995820472,13.0,13.0,13.0
0,205,82.0,61.5,6.1499999999999995,67.0695010263487,69.36997712139276,26.472354848357796,102.68433424821919,0.6435011087932844,1.5108681716736887,100.05647038029734,0.8022573464271268,1.3030340248170478,0.3999999999999915,0.30000000000000426,0.02999999999999936,0.500899191454721,1.1102230246251565e-16,0.0,-2.178527358866887,1.3640859096404654,12.048710981105053,1.9334242741268923,0.025908857297536003,-0.12023223986146259,13.0,13.0,13.0
0,206,82.4,61.8,6.18,88.40426962038981,44.19851075531654,12.94320742430002,103.18523343967391,0.6435011087932843,1.5108681716736887,99.68124125697304,0.46361481317029185,1.4405826941764162,0.4000000000000057,0.29999999999999716,0.03000000000000025,0.500899191454721,-1.1102230246251565e-16,0.0,21.33476859404111,-25.171466366076224,-13.529147424057776,-0.3752291233243028,-0.3386425332568349,0.13754866935936838,13.0,13.0,13.0
0,207,82.80000000000001,62.099999999999994,6.21,84.05263590908015,73.14663646355122,6.8385801380794655,103.68613263112864,0.6435011087932843,1.5108681716736887,111.63351740181014,0.7161322424068758,1.5094987459722131,0.4000000000000057,0.29999999999999716,0.03000000000000025,0.5008991914547352,0.0,0.0,-4.35163371130966,28.948125708234677,-6.104627286220555,11.9522761448371,0.25251742923658393,0.06891605179579696,13.0,13.0,13.0
0,208,83.2,62.4,6.24,100.19269260932042,86.90819346686041,11.809239952628802,104.18703182258336,0.6435011087932844,1.5108681716736887,133.15805605459167,0.7145153194687278,1.4819937739304883,0.3999999999999915,0.30000000000000426,0.03000000000000025,0.500899191454721,1.1102230246251565e-16,0.0,16.140056700240265,13.761557003309193,4.970659814549337,21.52453865278153,-0.0016169229381479688,-0.027504972041724862,13.0,13.0,13.0
0,209,83.60000000000001,62.699999999999996,6.27,88.90854960368178,55.9252664802845,21.30404307945104,104.68793101403811,0.6435011087932843,1.5108681716736887,107.17382084750119,0.5614849658600466,1.370683110546438,0.4000000000000057,0.29999999999999716,0.02999999999999936,0.5008991914547494,-1.1102230246251565e-16,0.0,-11.28414300563864,-30.98292698657591,9.494803126822239,-25.984235207090478,-0.15303035360868122,-0.11131066338405016,13.0,13.0,13.0
0,210,84.0,63.0,6.3,96.34752006289573,62.356597792467,12.309299138614499,105.18883020549283,0.6435011087932844,1.5108681716736887,115.42403889920631,0.5744078677188827,1.4639489862537332,0.3999999999999915,0.30000000000000426,0.03000000000000025,0.500899191454721,1.1102230246251565e-16,0.0,7.438970459213948,6.4313313121825,-8.994743940836543,8.250218051705119,0.012922901858836155,0.09326587570729505,13.0,13.0,13.0
0,211,84.4,63.3,6.33,52.3271172922838,67.7101484497577,9.172770540657506,105.68972939694756,0.6435011087932843,1.5108681716736887,86.06352959645686,0.912855579041662,1.464012112247065,0.4000000000000057,0.29999999999999716,0.03000000000000025,0.500899191454721,-1.1102230246251565e-16,0.0,-44.02040277061192,5.353550657290697,-3.1365285979569926,-29.36050930274945,0.3384477113227793,6.312599333191393e-05,13.0,13.0,13.0
0,212,84.80000000000001,63.599999999999994,6.359999999999999,73.58451955566397,89.77637575981909,4.353537977864407,106.19062858840228,0.6435011087932843,1.5108681716736887,116.16123473745806,0.8841925691927135,1.5333091408317128,0.4000000000000057,0.29999999999999716,0.02999999999999936,0.500899191454721,0.0,0.0,21.257402263380172,22.066227310061393,-4.819232562793099,30.0977051410012,-0.02866300984894854,0.0692970285846477,13.0,13.0,13.0
0,213,85.2,63.9,6.39,118.0688768067196,75.67207951747201,5.667535687378783,106.69152777985701,0.6435011087932844,1.5108681716736887,140.35185873249648,0.5699618336812898,1.5304044350592207,0.3999999999999915,0.30000000000000426,0.03000000000000025,0.5008991914547352,1.1102230246251565e-16,0.0,44.48435725105563,-14.104296242347075,1.3139977095143758,24.190623995038422,-0.31423073551142366,-0.0029047057724920222,13.0,13.0,13.0
0,214,85.60000000000001,64.2,6.42,99.66791007733754,74.25537930333937,-0.9708527559185356,107.19242697131175,0.6435011087932844,1.5108681716736887,124.29197966779964,0.640311398792357,-1.562985182172515,0.4000000000000057,0.30000000000000426,0.03000000000000025,0.5008991914547352,0.0,0.0,-18.400966729382063,-1.4167002141326464,-6.638388443297319,-16.059879064696844,0.07034956511106716,-3.0933896172317357,13.0,13.0,13.0
0,215,86.0,64.5,6.45,95.79528866042206,63.37863249282447,-15.47482889756537,107.69332616276647,0.6435011087932844,1.5108681716736887,115.90107297002481,0.5844901129345883,-1.4368788448879346,0.3999999999999915,0.29999999999999716,0.03000000000000025,0.500899191454721,0.0,0.0,-3.8726214169154787,-10.876746810514895,-14.503976141646834,-8.390906697774824,-0.05582128585776869,0.12610633728458032,13.0,13.0,13.0
0,216,86.4,64.8,6.4799999999999995,82.62027615131473,48.15340249480006,-5.255076787042687,108.19422535422119,0.6435011087932843,1.5108681716736887,95.77304440803495,0.5276972586362999,-1.5158986535176997,0.4000000000000057,0.29999999999999716,0.02999999999999936,0.500899191454721,-1.1102230246251565e-16,0.0,-13.175012509107333,-15.22522999802441,10.219752110522684,-20.128028561989865,-0.0567928542982884,-0.0790198086297651,13.0,13.0,13.0
0,217,86.80000000000001,65.1,6.51,83.70902057418724,59.89862919446381,23.826132771750956,108.69512454567592,0.6435011087932843,1.5108681716736887,105.6538239143415,0.621091200387839,1.3433284879621683,0.4000000000000057,0.29999999999999716,0.03000000000000025,0.5008991914547352,0.0,0.0,1.0887444228725087,11.745226699663746,29.081209558793642,9.880779506306553,0.09339394175153914,2.859227141479868,13.0,13.0,13.0
0,218,87.2,65.39999999999999,6.54,94.43833288914516,69.84319993835804,0.6395354284318522,109.19602373713064,0.6435011087932843,1.5108681716736887,117.46097352769843,0.6367886036370739,1.5653516367924547,0.3999999999999915,0.29999999999999716,0.03000000000000025,0.500899191454721,0.0,0.0,10.729312314957923,9.944570743894232,-23.186597343319104,11.807149613356927,0.015697403249234854,0.2220231488302864,13.0,13.0,13.0
0,219,87.60000000000001,65.7,6.569999999999999,99.72275939184016,68.07646726452991,3.4394813646684517,109.69692292858538,0.6435011087932844,1.5108681716736887,120.79264947834929,0.5989914786790458,1.5423182171722458,0.4000000000000057,0.30000000000001137,0.02999999999999936,0.5008991914547352,1.1102230246251565e-16,0.0,5.284426502694998,-1.7667326738281304,2.7999459362365995,3.3316759506508618,-0.03779712495802812,-0.023033419620208884,13.0,13.0,13.0
0,220,88.0,66.0,6.6,79.51390721742398,90.06997261062257,4.676018199100943,110.1978221200401,0.6435011087932844,1.5108681716736887,120.23696001337414,0.8475648224368186,1.5318964935299928,0.3999999999999915,0.29999999999999716,0.03000000000000025,0.500899191454721,0.0,0.0,-20.20885217441618,21.99350534609266,1.2365368344324912,-0.5556894649751456,0.24857334375777285,-0.010421723642253022,13.0,13.0,13.0
0,221,88.4,66.3,6.63,86.65615729423098,59.060755800945145,-5.362906909839324,110.69872131149482,0.6435011087932843,1.5108681716736887,105.00582480655528,0.598237779947941,-1.5197016271197545,0.4000000000000057,0.29999999999999716,0.03000000000000025,0.500899191454721,-1.1102230246251565e-16,0.0,7.142250076807002,-31.009216809677426,-10.038925108940266,-15.231135206818863,-0.2493270424888776,-3.0515981206497473,13.0,13.0,13.0
0,222,88.80000000000001,66.6,6.66,96.74732730807258,62.46474964298048,31.014496908132575,111.19962050294957,0.6435011087932843,1.5108681716736887,119.26352882453261,0.5733099597018154,1.3077222017140813,0.4000000000000057,0.29999999999999716,0.03000000000000025,0.5008991914547494,0.0,0.0,10.091170013841605,3.4039938420353337,36.377403817971896,14.257704017977332,-0.02492782024612561,2.827423828833836,13.0,13.0,13.0
0,223,89.2,66.89999999999999,6.6899999999999995,94.80112124758958,57.84586225120873,-0.1103565637410977,111.70051969440429,0.6435011087932843,1.5108681716736887,111.05588029436872,0.5478720659366548,-1.5698026236104237,0.3999999999999915,0.29999999999999716,0.02999999999999936,0.500899191454721,0.0,0.0,-1.9462060604830071,-4.61888739177175,-31.12485347187367,-8.207648530163894,-0.02543789376516059,-2.877524825324505,13.0,13.0,13.0
0,224,89.60000000000001,67.2,6.72,86.34804718681744,69.9043738656643,-1.6093018584733914,112.20141888585903,0.6435011087932844,1.5108681716736887,111.10894019384358,0.6805462269723783,-1.5563118206047435,0.4000000000000057,0.30000000000001137,0.03000000000000025,0.5008991914547352,1.1102230246251565e-16,0.0,-8.453074060772138,12.058511614455568,-1.4989452947322937,0.05305989947486012,0.1326741610357235,0.013490803005680174,13.0,13.0,13.0
0,225,90.0,67.5,6.75,89.99931966979648,68.41419721275308,6.283825949247127,112.70231807731375,0.6435011087932844,1.5108681716736887,113.2248488179698,0.6499740752855951,1.515269149712321,0.3999999999999915,0.29999999999999716,0.03000000000000025,0.500899191454721,0.0,0.0,3.6512724829790386,-1.4901766529112166,7.893127807720519,2.11590862412622,-0.030572151686783178,3.0715809703170645,13.0,13.0,13.0
0,226,90.4,67.8,6.779999999999999,104.48760610288721,77.5145310633072,-7.934837738502212,113.20321726876847,0.6435011087932843,1.5108681716736887,130.34233389429886,0.6382671437245655,-1.5098817584097302,0.4000000000000057,0.29999999999999716,0.02999999999999936,0.500899191454721,-1.1102230246251565e-16,0.0,14.488286433090735,9.100333850554122,-14.21866368774934,17.11748507632906,-0.011706931561029643,-3.0251509081220513,13.0,13.0,13.0
0,227,90.80000000000001,68.1,6.81,85.23957380787726,70.66120063587795,5.7343082228036195,113.70411646022319,0.6435011087932843,1.5108681716736887,110.86781547882356,0.6921587131058904,1.5190512104397307,0.4000000000000057,0.29999999999999716,0.03000000000000025,0.500899191454721,0.0,0.0,-19.24803229500995,-6.853330427429256,13.669145961305832,-19.474518415475302,0.05389156938132489,3.028932968849461,13.0,13.0,13.0
0,228,91.2,68.39999999999999,6.84,84.8557991537622,64.46173059401798,3.530786843961306,114.20501565167793,0.6435011087932843,1.5108681716736887,106.62217319552663,0.6496561986361258,1.5376753317292007,0.3999999999999915,0.29999999999999716,0.03000000000000025,0.5008991914547352,0.0,0.0,-0.38377465411505796,-6.199470041859968,-2.2035213788423134,-4.245642283296931,-0.04250251446976461,0.018624121289469997,13.0,13.0,13.0
0,229,91.60000000000001,68.7,6.87,108.25596263017363,63.85849978031155,-7.805194078807419,114.70591484313266,0.6435011087932844,1.5108681716736887,125.92927576137905,0.5329483296050321,-1.508775798863116,0.4000000000000057,0.30000000000001137,0.03000000000000025,0.5008991914547352,1.1102230246251565e-16,0.0,23.40016347641142,-0.603230813706432,-11.335980922768725,19.307102565852418,-0.11670786903109365,-3.0464511305923168,13.0,13.0,13.0
0,230,92.0,69.0,6.8999999999999995,98.11188670500457,74.35105580962014,-5.2688454417659765,115.20681403458738,0.6435011087932844,1.5108681716736887,123.21437637349838,0.6484865420020663,-1.5280216713609598,0.3999999999999915,0.29999999999999716,0.02999999999999936,0.500899191454721,0.0,0.0,-10.144075925169062,10.492556029308588,2.536348637041442,-2.7148993878806635,0.11553821239703421,-0.019245872497843708,13.0,13.0,13.0
0,231,92.4,69.3,6.93,101.38929712580787,85.99084329784444,25.952007639444563,115.70771322604212,0.6435011087932843,1.5108681716736887,135.45376112628833,0.7034047844690078,1.3780112541727607,0.4000000000000057,0.29999999999999716,0.03000000000000025,0.5008991914547352,-1.1102230246251565e-16,0.0,3.2774104208033066,11.6397874882243,31.22085308121054,12.239384752789945,0.054918242466941436,2.9060329255337205,13.0,13.0,13.0
0,232,92.80000000000001,69.6,6.96,54.44194302962273,61.45648173829836,3.0308660605197923,116.20861241749684,0.6435011087932843,1.5108681716736887,82.1584472684781,0.8458475838514541,1.5338974559170913,0.4000000000000057,0.29999999999999716,0.03000000000000025,0.500899191454721,0.0,0.0,-46.947354096185144,-24.534361559546078,-22.92114157892477,-53.29531385781023,0.1424427993824463,0.15588620174433054,13.0,13.0,13.0
0,233,93.2,69.89999999999999,6.989999999999999,86.5958560418105,75.10847498821622,14.593217975248944,116.70951160895156,0.6435011087932843,1.5108681716736887,115.55555940560627,0.714477890474541,1.4441707524319694,0.3999999999999915,0.29999999999999716,0.02999999999999936,0.500899191454721,0.0,0.0,32.15391301218778,13.651993249917858,11.562351914729152,33.397112137128175,-0.13136969337691307,-0.0897267034851219,13.0,13.0,13.0
0,234,93.60000000000001,70.2,7.02,100.61516855187595,53.18134035295074,36.06625985020195,117.2104108004063,0.6435011087932844,1.5108681716736887,119.38359269196536,0.48623515185089083,1.2638973233397002,0.4000000000000057,0.30000000000001137,0.03000000000000025,0.5008991914547352,1.1102230246251565e-16,0.0,14.019312510065447,-21.927134635265475,21.473041874953008,3.828033286359087,-0.2282427386236502,-0.18027342909226918,13.0,13.0,13.0
0,235,94.0,70.5,7.05,81.77162257517958,60.581956112046385,18.20636968347403,117.71130999186101,0.6435011087932844,1.5108681716736887,103.38396182189409,0.637630788412231,1.3937687454885954,0.3999999999999915,0.29999999999999716,0.03000000000000025,0.500899191454721,0.0,0.0,-18.843545976696376,7.400615759095643,-17.859890166727922,-15.999630870071272,0.15139563656134014,0.12987142214889524,13.0,13.0,13.0
0,236,94.4,70.8,7.08,85.45884002959092,69.8332402281085,8.673886683119639,118.21220918331575,0.6435011087932843,1.5108681716736887,110.70289558160403,0.6851149816616792,1.49236309051175,0.4000000000000057,0.29999999999999716,0.03000000000000025,0.5008991914547352,-1.1102230246251565e-16,0.0,3.687217454411339,9.25128411606211,-9.532483000354391,7.318933759709935,0.04748419324944819,0.09859434502315456,13.0,13.0,13.0
0,237,94.80000000000001,71.1,7.109999999999999,98.2112142222588,92.7605954315448,-0.48224239826911663,118.71310837477048,0.6435011087932843,1.5108681716736887,135.09331301569233,0.7568644260396192,-1.5672266207029217,0.4000000000000057,0.29999999999999716,0.02999999999999936,0.5008991914547352,0.0,0.0,12.752374192667887,22.927355203436306,-9.156129081388755,24.390417434088306,0.07174944437794006,-3.059589711214672,13.0,13.0,13.0
0,238,95.2,71.39999999999999,7.14,114.10341724757802,64.61031418049222,24.72609307759265,119.2140075662252,0.6435011087932843,1.5108681716736887,133.4371095496248,0.5152286105025354,1.3844176863719593,0.3999999999999915,0.29999999999999716,0.03000000000000025,0.500899191454721,0.0,0.0,15.892203025319219,-28.150281251052576,25.208335475861766,-1.6562034660675238,-0.2416358155370838,2.951644307074881,13.0,13.0,13.0
0,239,95.60000000000001,71.7,7.17,79.16277067884211,77.66251666455025,-0.0621114946505088,119.71490675767994,0.6435011087932844,1.5108681716736887,110.8973156305429,0.7758320514748809,-1.5702362456284171,0.4000000000000057,0.30000000000001137,0.03000000000000025,0.5008991914547352,1.1102230246251565e-16,0.0,-34.940646568735914,13.052202484058029,-24.78820457224316,-22.5397939190819,0.26060344097234545,-2.9546539320003764,13.0,13.0,13.0
0,240,96.0,72.0,7.199999999999999,105.85366102964335,57.82458104244772,-5.626517105835532,120.21580594913466,0.6435011087932844,1.5108681716736887,120.749067991664,0.4999742618575715,-1.5241826734049941,0.3999999999999915,0.29999999999999716,0.02999999999999936,0.500899191454721,0.0,0.0,26.69089035080124,-19.837935622102535,-5.564405611185023,9.8517523611211,-0.2758577896173094,0.04605357222342299,13.0,13.0,13.0
0,241,96.4,72.3,7.2299999999999995,93.47075652984064,66.39284062872001,11.205215443576977,120.71670514058938,0.6435011087932843,1.5108681716736887,115.19699851188979,0.6176093165334656,1.4733722544676877,0.4000000000000057,0.29999999999999716,0.03000000000000025,0.500899191454721,-1.1102230246251565e-16,0.0,-12.382904499802706,8.56825958627229,16.831732549412507,-5.552069479774218,0.11763505467589414,2.997554927872682,13.0,13.0,13.0
0,242,96.80000000000001,72.6,7.26,115.68192002378143,70.64883280976358,4.697755634644565,121.21760433204412,0.6435011087932843,1.5108681716736887,135.6305021216589,0.5482618853864191,1.5361529731933194,0.4000000000000057,0.29999999999999716,0.03000000000000025,0.5008991914547352,0.0,0.0,22.211163493940788,4.255992181043567,-6.507459808932412,20.43350360976912,-0.06934743114704656,0.06278071872563173,13.0,13.0,13.0
0,243,97.2,72.89999999999999,7.29,77.67995054935892,80.85812564398869,1.3275743539581972,121.71850352349884,0.6435011087932843,1.5108681716736887,112.13373111457229,0.8054422407130489,1.5589568440954418,0.3999999999999915,0.29999999999999716,0.03000000000000025,0.500899191454721,0.0,0.0,-38.00196947442251,10.20929283422511,-3.370181280686368,-23.496771007086622,0.25718035532662986,0.022803870902122325,13.0,13.0,13.0
0,244,97.60000000000001,73.2,7.319999999999999,96.00916899551454,61.953703191591046,25.578131572167347,122.21940271495359,0.6435011087932844,1.5108681716736887,117.09083091807032,0.5730566260696369,1.350573655835807,0.4000000000000057,0.30000000000001137,0.02999999999999936,0.5008991914547494,1.1102230246251565e-16,0.0,18.329218446155622,-18.90442245239764,24.25055721820915,4.957099803498039,-0.232385614643412,-0.20838318825963476,13.0,13.0,13.0
0,245,98.0,73.5,7.35,108.60341420282168,78.34136247046283,29.846083275374596,122.7203019064083,0.6435011087932844,1.5108681716736887,137.19642610913263,0.6249133318818666,1.3515001428112274,0.3999999999999915,0.29999999999999716,0.03000000000000025,0.5008991914547067,0.0,0.0,12.59424520730714,16.38765927887178,4.267951703207249,20.105595191062307,0.051856705812229675,0.0009264869754204152,13.0,13.0,13.0
0,246,98.4,73.8,7.38,115.74855742175207,92.5356017545808,15.981102000347821,123.22120109786303,0.6435011087932843,1.5108681716736887,149.05019878700108,0.6744076870475261,1.4633702278772034,0.4000000000000057,0.29999999999999716,0.03000000000000025,0.5008991914547352,-1.1102230246251565e-16,0.0,7.145143218930386,14.19423928411797,-13.864981275026775,11.853772677868449,0.049494355165659476,0.11187008506597595,13.0,13.0,13.0
0,247,98.80000000000001,74.1,7.41,75.07672671646228,78.98532410031483,-3.952565021010944,123.72210028931777,0.6435011087932843,1.5108681716736887,109.04503238541155,0.8107630024075978,-1.5345412956343876,0.4000000000000057,0.29999999999999716,0.03000000000000025,0.5008991914547352,0.0,0.0,-40.67183070528979,-13.550277654265969,-19.933667021358765,-40.005166401589534,0.13635531536007173,-2.9979115235115907,13.0,13.0,13.0
0,248,99.2,74.39999999999999,7.4399999999999995,95.84802639625893,96.37241563920348,31.54320404624798,124.22299948077249,0.6435011087932843,1.5108681716736887,139.53300821560674,0.7881262184185817,1.3427625203224414,0.3999999999999915,0.29999999999999716,0.02999999999999936,0.500899191454721,0.0,0.0,20.771299679796655,17.387091538888654,35.49576906725892,30.487975830195197,-0.02263678398901614,2.8773038159568287,13.0,13.0,13.0
0,249,99.60000000000001,74.7,7.47,106.56239562117023,82.9853831877876,4.988223635701357,124.72389867222722,0.6435011087932844,1.5108681716736887,135.1554673640194,0.6616481713743029,1.5338806408939702,0.4000000000000057,0.30000000000001137,0.03000000000000025,0.5008991914547352,1.1102230246251565e-16,0.0,10.714369224911295,-13.387032451415877,-26.554980410546623,-4.377540851587355,-0.12647804704427879,0.19111812057152888,13.0,13.0,13.0
0,250,100.0,75.0,7.5,131.16507411509698,110.15298529400796,-0.013817577990657526,125.22479786368194,0.6435011087932844,1.5108681716736887,171.2832654631686,0.6985450384036865,-1.5707156558783988,0.3999999999999915,0.29999999999999716,0.03000000000000025,0.500899191454721,0.0,0.0,24.60267849392676,27.167602106220357,-5.0020412136920145,36.1277980991492,0.03689686702938366,-3.1045962967723693,13.0,13.0,13.0
0,251,100.4,75.3,7.529999999999999,109.17546508098857,84.75256794828331,13.435702965628808,125.72569705513666,0.6435011087932843,1.5108681716736887,138.86251496951633,0.6601197648211237,1.473889288292873,0.4000000000000057,0.29999999999999716,0.02999999999999936,0.500899191454721,-1.1102230246251565e-16,0.0,-21.989609034108412,-25.400417345724648,13.449520543619466,-32.420750493652264,-0.03842527358256287,3.0446049441712715,13.0,13.0,13.0
0,252,100.80000000000001,75.6,7.56,87.72354291165101,79.09298176052397,-11.43117915079161,126.2265962465914,0.6435011087932843,1.5108681716736887,118.6667249127587,0.7337074029456963,-1.4743166047172063,0.4000000000000057,0.29999999999999716,0.03000000000000025,0.5008991914547352,0.0,0.0,-21.451922169337564,-5.659586187759345,-24.86688211642042,-20.19579005675763,0.07358763812457259,-2.948205893010079,13.0,13.0,13.0
0,253,101.2,75.89999999999999,7.59,99.92563744848616,73.19000433606034,11.232557325088088,126.72749543804612,0.6435011087932843,1.5108681716736887,124.37073650284547,0.6321707267458632,1.4803579785918943,0.3999999999999915,0.29999999999999716,0.03000000000000025,0.500899191454721,0.0,0.0,12.202094536835148,-5.902977424463629,22.6637364758797,5.704011590086779,-0.10153667619983309,2.9546745833091004,13.0,13.0,13.0
0,254,101.60000000000001,76.2,7.62,99.51456272717779,68.76097695120565,-9.775350492364918,127.22839462950085,0.6435011087932844,1.5108681716736887,121.35393534333453,0.6046357333761169,-1.4901565602564177,0.4000000000000057,0.30000000000001137,0.03000000000000025,0.5008991914547352,1.1102230246251565e-16,0.0,-0.411074721308367,-4.429027384854692,-21.007907817453006,-3.0168011595109476,-0.027534993369746297,-2.9705145388483123,13.0,13.0,13.0
0,255,102.0,76.5,7.6499999999999995,107.8360667426527,72.15520532973117,12.813743634462451,127.72929382095558,0.6435011087932844,1.5108681716736887,130.380914909473,0.5896987347499364,1.472358135715586,0.3999999999999915,0.29999999999999716,0.02999999999999936,0.500899191454721,0.0,0.0,8.321504015474915,3.3942283785255256,22.58909412682737,9.026979566138479,-0.014936998626180475,2.9625146959720037,13.0,13.0,13.0
0,256,102.4,76.8,7.68,109.37967354604557,70.97930395642943,0.5660803012332689,128.2301930124103,0.6435011087932843,1.5108681716736887,130.39284881497966,0.575619776398246,1.5664549684721716,0.4000000000000057,0.29999999999999716,0.03000000000000025,0.500899191454721,-1.1102230246251565e-16,0.0,1.543606803392862,-1.1759013733017412,-12.247663333229182,0.011933905506651854,-0.014078958351690374,0.09409683275658565,13.0,13.0,13.0
0,257,102.80000000000001,77.1,7.71,130.00718559248392,60.307226791295975,4.0351096223597205,128.73109220386505,0.6435011087932843,1.5108681716736887,143.3705409719857,0.43433319057398934,1.5426479882313064,0.4000000000000057,0.29999999999999716,0.03000000000000025,0.5008991914547494,0.0,0.0,20.627512046438355,-10.672077165133459,3.4690293211264516,12.977692157006032,-0.14128658582425668,-0.02380698024086514,13.0,13.0,13.0
0,258,103.2,77.39999999999999,7.739999999999999,122.59974368718001,66.10944456459062,-0.6877175683526806,129.23199139531977,0.6435011087932843,1.5108681716736887,139.28972958640824,0.4945368155534832,-1.5658589896019912,0.3999999999999915,0.29999999999999716,0.02999999999999936,0.500899191454721,0.0,0.0,-7.407441905303912,5.802217773294643,-4.722827190712401,-4.080811385577448,0.060203624979493886,-3.1085069778332977,13.0,13.0,13.0
0,259,103.60000000000001,77.7,7.77,105.00521171453978,64.10361332849737,-9.322347295766285,129.7328905867745,0.6435011087932844,1.5108681716736887,123.37857953505426,0.5480899875899008,-1.4951653652811725,0.4000000000000057,0.30000000000001137,0.03000000000000025,0.500899191454721,1.1102230246251565e-16,0.0,-17.594531972640226,-2.0058312360932433,-8.634629727413603,-15.911150051353985,0.05355317203641757,0.07069362432081872,13.0,13.0,13.0
0,260,104.0,78.0,7.8,110.401342616443,61.66237383663896,20.64201151195247,130.2337897782292,0.6435011087932844,1.5108681716736887,128.12805094101068,0.5093679505983183,1.4089866102732478,0.3999999999999915,0.29999999999999716,0.03000000000000025,0.500899191454721,0.0,0.0,5.39613090190322,-2.4412394918584113,29.964358807718757,4.749471405956427,-0.0387220369915825,2.90415197555442,13.0,13.0,13.0
0,261,104.4,78.3,7.83,116.84203755266265,63.352684216980435,14.417681939609759,130.73468896968393,0.6435011087932843,1.5108681716736887,133.6917869185165,0.4968411710492285,1.462743499207905,0.4000000000000057,0.29999999999999716,0.03000000000000025,0.500899191454721,-1.1102230246251565e-16,0.0,6.440694936219643,1.6903103803414723,-6.224329572342713,5.563735977505814,-0.012526779549089817,0.05375688893465713,13.0,13.0,13.0
0,262,104.80000000000001,78.6,7.859999999999999,123.92478524213666,83.58118350365446,-2.724437092086129,131.23558816113868,0.6435011087932843,1.5108681716736887,149.5011344125856,0.5933723475071285,-1.5525717967842225,0.4000000000000057,0.29999999999999716,0.02999999999999936,0.5008991914547494,0.0,0.0,7.082747689474019,20.228499286674023,-17.142119031695888,15.809347494069101,0.09653117645790005,-3.0153152959921274,13.0,13.0,13.0
0,263,105.2,78.89999999999999,7.89,81.68055183740287,90.24812407026138,19.92337518535957,131.7364873525934,0.6435011087932843,1.5108681716736887,123.34252034655589,0.835189106952519,1.408556677876582,0.3999999999999915,0.29999999999999716,0.03000000000000025,0.500899191454721,0.0,0.0,-42.24423340473379,6.666940566606925,22.647812277445702,-26.158614066029713,0.2418167594453905,2.9611284746608044,13.0,13.0,13.0
0,264,105.60000000000001,79.2,7.92,125.27245671203802,77.93428412368253,12.082485483093993,132.23738654404815,0.6435011087932844,1.5108681716736887,148.03015742742926,0.5565243760922518,1.4890836414028754,0.4000000000000057,0.30000000000001137,0.03000000000000025,0.5008991914547494,1.1102230246251565e-16,0.0,43.59190487463515,-12.313839946578852,-7.840889702265578,24.687637080873372,-0.2786647308602672,0.08052696352629352,13.0,13.0,13.0
0,265,106.0,79.5,7.949999999999999,95.55130767393956,66.09329009283242,30.57924236007455,132.73828573550284,0.6435011087932844,1.5108681716736887,120.13935848343513,0.6051369362659342,1.3134331857298105,0.3999999999999915,0.29999999999999716,0.02999999999999936,0.5008991914546925,0.0,0.0,-29.72114903809846,-11.840994030850112,18.496756876980555,-27.890798943994128,0.04861256017368243,-0.17565045567306492,13.0,13.0,13.0
0,266,106.4,79.8,7.9799999999999995,108.44555459901552,72.58069825839108,7.857585362278291,133.2391849269576,0.6435011087932843,1.5108681716736887,130.72925349625905,0.5898112925113764,1.5106542847385933,0.4000000000000057,0.29999999999999716,0.03000000000000025,0.5008991914547494,-1.1102230246251565e-16,0.0,12.894246925075961,6.487408165558662,-22.72165699779626,10.589895012823916,-0.015325643754557805,0.19722109900878282,13.0,13.0,13.0
0,267,106.80000000000001,80.1,8.01,93.92467732349778,89.63317313868833,-1.9246605215972785,133.7400841184123,0.6435011087932843,1.5108681716736887,129.8447344152109,0.7620228486836758,-1.5559729994056053,0.4000000000000057,0.29999999999999716,0.03000000000000025,0.500899191454721,0.0,0.0,-14.520877275517748,17.052474880297254,-9.78224588387557,-0.884519081048154,0.17221155617229933,-3.0666272841441984,13.0,13.0,13.0
0,268,107.2,80.39999999999999,8.04,118.20090326808739,102.30482306834882,-4.319948741903296,134.24098330986703,0.6435011087932843,1.5108681716736887,156.3853967401387,0.7134334598830596,-1.5431690775432907,0.3999999999999915,0.29999999999999716,0.02999999999999936,0.500899191454721,0.0,0.0,24.276225944589612,12.67164992966049,-2.3952882203060177,26.54066232492781,-0.04858938880061614,0.012803921862314604,13.0,13.0,13.0
0,269,107.60000000000001,80.7,8.07,118.02275891984866,97.2847255367969,10.439744271809488,134.74188250132178,0.6435011087932844,1.5108681716736887,153.30583063368266,0.6893761520537892,1.5026460825106391,0.4000000000000057,0.30000000000001137,0.030000000000001137,0.5008991914547494,1.1102230246251565e-16,0.0,-0.1781443482387317,-5.020097531551926,14.759693013712784,-3.079566106456042,-0.024057307829270402,3.04581516005393,13.0,13.0,13.0
0,270,108.0,81.0,8.1,116.37304403802604,93.19156696933624,5.836789932304044,135.2427816927765,0.6435011087932844,1.5108681716736887,149.20261944614268,0.6752287311384009,1.5316664528197435,0.3999999999999915,0.29999999999999716,0.02999999999999936,0.500899191454721,0.0,0.0,-1.649714881822618,-4.093158567460662,-4.602954339505444,-4.1032111875399835,-0.014147420915388342,0.029020370309104315,13.0,13.0,13.0
0,271,108.4,81.3,8.129999999999999,153.1113311052766,88.56759023859145,28.459251682555074,135.74368088423122,0.6435011087932843,1.5108681716736887,179.15698914592113,0.5244248485294265,1.4112696459957654,0.4000000000000057,0.29999999999999716,0.02999999999999936,0.500899191454721,-1.1102230246251565e-16,0.0,36.73828706725057,-4.623976730744786,22.62246175025103,29.954369699778454,-0.15080388260897437,-0.12039680682397802,13.0,13.0,13.0
0,272,108.80000000000001,81.6,8.16,97.86915983785339,76.15317428553045,13.619552910708013,136.24458007568595,0.6435011087932843,1.5108681716736887,124.75243734138924,0.6612514231918185,1.4614056501438264,0.4000000000000057,0.29999999999999716,0.030000000000001137,0.500899191454721,0.0,0.0,-55.24217126742322,-12.414415953060995,-14.839698771847061,-54.40455180453189,0.136826574662392,0.050136004148060964,13.0,13.0,13.0
0,273,109.2,81.89999999999999,8.19,132.27903562766699,87.64113342231751,33.14412462583631,136.74547926714067,0.6435011087932843,1.5108681716736887,162.10257410462987,0.5851453911979355,1.3648803201258768,0.3999999999999915,0.29999999999999716,0.02999999999999936,0.500899191454721,0.0,0.0,34.4098757898136,11.487959136787055,19.5245717151283,37.35013676324063,-0.076106031993883,-0.0965253300179496,13.0,13.0,13.0
0,274,109.60000000000001,82.2,8.219999999999999,116.50388498917889,80.47856674017127,6.492945265548065,137.24637845859542,0.6435011087932844,1.5108681716736887,141.7466516724308,0.604511281021312,1.5249736002899104,0.4000000000000057,0.30000000000001137,0.02999999999999936,0.5008991914547494,1.1102230246251565e-16,0.0,-15.7751506384881,-7.162566682146235,-26.651179360288246,-20.355922432199065,0.019365889823376503,0.16009328016403357,13.0,13.0,13.0
0,275,110.0,82.5,8.25,116.41473343401782,62.1874570621877,13.556075089234774,137.74727765005014,0.6435011087932844,1.5108681716736887,132.67794522150183,0.49062317930212324,1.4684449337418182,0.3999999999999915,0.29999999999999716,0.030000000000001137,0.500899191454721,0.0,0.0,-0.08915155516106665,-18.291109677983577,7.063129823686709,-9.068706450928971,-0.11388810171918878,-0.05652866654809219,13.0,13.0,13.0
0,276,110.4,82.8,8.28,111.92451002358116,86.70619435045457,-10.792333673951882,138.24817684150486,0.6435011087932843,1.5108681716736887,141.99131856873305,0.6591129906166565,-1.4947159563671522,0.4000000000000057,0.29999999999999716,0.02999999999999936,0.500899191454721,-1.1102230246251565e-16,0.0,-4.490223410436656,24.51873728826687,-24.348408763186654,9.31337334723122,0.16848981131453328,-2.9631608901089703,13.0,13.0,13.0
0,277,110.80000000000001,83.1,8.31,102.66327842019084,79.82164946971591,7.3748670126695455,138.74907603295958,0.6435011087932843,1.5108681716736887,130.25219047487215,0.6608758388520801,1.514146123141995,0.4000000000000057,0.29999999999999716,0.030000000000001137,0.500899191454721,0.0,0.0,-9.261231603390328,-6.884544880738659,18.167200686621428,-11.739128093860899,0.0017628482354236086,3.0088620795091474,13.0,13.0,13.0
0,278,111.2,83.39999999999999,8.34,107.61945594526313,84.73058451876572,4.531741761609039,139.2499752244143,0.6435011087932843,1.5108681716736887,137.04654659727856,0.6669591739649819,1.5377231254352595,0.3999999999999915,0.29999999999999716,0.02999999999999936,0.500899191454721,0.0,0.0,4.956177525072292,4.908935049049816,-2.8431252510605063,6.794356122406413,0.006083335112901822,0.023577002293264426,13.0,13.0,13.0
0,279,111.60000000000001,83.7,8.37,130.40778010604302,101.97848047945931,-1.5412781328128826,139.75087441586905,0.6435011087932844,1.5108681716736887,165.55414561818807,0.6636666397688789,-1.5614863793311164,0.4000000000000057,0.30000000000001137,0.02999999999999936,0.5008991914547494,1.1102230246251565e-16,0.0,22.788324160779894,17.247895960693583,-6.073019894421922,28.50759902090951,-0.003292534196103092,-3.099209504766376,13.0,13.0,13.0
0,280,112.0,84.0,8.4,113.5331148788469,88.58445804615923,10.20015464842587,140.25177360732377,0.6435011087932844,1.5108681716736887,144.36418370315053,0.6625830512027581,1.5000816908711543,0.3999999999999915,0.29999999999999716,0.030000000000001137,0.500899191454721,0.0,0.0,-16.874665227196118,-13.39402243330008,11.741432781238753,-21.189961915037543,-0.0010835885661207856,3.061568070202271,13.0,13.0,13.0
0,281,112.4,84.3,8.43,113.1226588256751,66.25226637106267,-17.461024605027568,140.7526727987785,0.6435011087932843,1.5108681716736887,132.25349189851175,0.5298142440353436,-1.4383827779490381,0.4000000000000057,0.29999999999999716,0.02999999999999936,0.500899191454721,-1.1102230246251565e-16,0.0,-0.41045605317179934,-22.332191675096553,-27.66117925345344,-12.110691804638776,-0.13276880716741446,-2.938464468820192,13.0,13.0,13.0
0,282,112.80000000000001,84.6,8.459999999999999,136.46603791918827,98.63891823486004,25.88357195359751,141.2535719902332,0.6435011087932843,1.5108681716736887,170.3601332265909,0.6258707457737127,1.418271182517726,0.4000000000000057,0.29999999999999716,0.02999999999999936,0.500899191454721,0.0,0.0,23.343379093513164,32.38665186379737,43.34459655862508,38.10664132807915,0.0960565017383691,2.8566539604667645,13.0,13.0,13.0
0,283,113.2,84.89999999999999,8.49,120.97718935540614,82.82853673327959,6.978071887166925,141.75447118168796,0.6435011087932843,1.5108681716736887,146.781266955196,0.6003579563329634,1.5232377844538918,0.3999999999999915,0.29999999999999716,0.030000000000001137,0.5008991914547494,0.0,0.0,-15.488848563782128,-15.810381501580451,-18.905500066430584,-23.5788662713949,-0.025512789440749306,0.1049666019361657,13.0,13.0,13.0
0,284,113.60000000000001,85.2,8.52,124.31394314135264,80.44441597057806,22.93727894045498,142.25537037314268,0.6435011087932844,1.5108681716736887,149.83784330198793,0.574338749218219,1.4171113784402736,0.4000000000000057,0.30000000000001137,0.02999999999999936,0.500899191454721,1.1102230246251565e-16,0.0,3.336753785946499,-2.384120762701528,15.959207053288056,3.0565763467919282,-0.02601920711474437,-0.10612640601361822,13.0,13.0,13.0
0,285,114.0,85.5,8.549999999999999,120.6989633039909,78.73368891397585,10.663317841438428,142.7562695645974,0.6435011087932844,1.5108681716736887,144.5023870392749,0.578000594384725,1.4969358208695538,0.3999999999999915,0.29999999999999716,0.02999999999999936,0.500899191454721,0.0,0.0,-3.6149798373617443,-1.7107270566022095,-12.273961099016553,-5.3354562627130235,0.003661845166505917,0.07982444242928022,13.0,13.0,13.0
0,286,114.4,85.8,8.58,108.03991152525819,74.87968202963138,28.020208119066638,143.25716875605212,0.6435011087932843,1.5108681716736887,134.40506436247156,0.6060626793474548,1.3607800329236934,0.4000000000000057,0.29999999999999716,0.030000000000001137,0.500899191454721,-1.1102230246251565e-16,0.0,-12.659051778732703,-3.8540068843444715,17.35689027762821,-10.097322676803344,0.028062084962729883,-0.13615578794586036,13.0,13.0,13.0
0,287,114.80000000000001,86.1,8.61,118.37859593742115,100.25997873679523,14.28700077104967,143.75806794750685,0.6435011087932843,1.5108681716736887,155.78727067206046,0.7027169120845729,1.478958890255872,0.4000000000000057,0.29999999999999716,0.02999999999999936,0.500899191454721,0.0,0.0,10.338684412162962,25.38029670716385,-13.733207348016968,21.382206309588895,0.09665423273711804,0.11817885733217848,13.0,13.0,13.0
0,288,115.2,86.39999999999999,8.64,126.79442915589024,73.3095140605817,-2.619596753954582,144.2589671389616,0.6435011087932843,1.5108681716736887,146.48540679507985,0.5242179597871437,-1.5529123856131528,0.3999999999999915,0.29999999999999716,0.030000000000001137,0.5008991914547494,0.0,0.0,8.41583321846909,-26.950464676213528,-16.90659752500425,-9.301863876980605,-0.17849895229742918,-3.0318712758690247,13.0,13.0,13.0
0,289,115.60000000000001,86.7,8.67,118.99872144792522,104.8320523280522,28.006361259269582,144.75986633041634,0.6435011087932844,1.5108681716736887,161.04288612831394,0.7221905997222496,1.3960013619265732,0.4000000000000057,0.30000000000001137,0.02999999999999936,0.5008991914547494,1.1102230246251565e-16,0.0,-7.795707707965022,31.522538267470495,30.625958013224164,14.557479333234085,0.19797263993510594,2.9489137475397262,13.0,13.0,13.0
0,290,116.0,87.0,8.7,135.53220955452812,116.15521702836277,13.392064334138919,145.26076552187104,0.6435011087932844,1.5108681716736887,178.99821690946615,0.7085614116230456,1.4959096048862377,0.3999999999999915,0.29999999999999716,0.02999999999999936,0.5008991914546925,0.0,0.0,16.533488106602903,11.32316470031057,-14.614296925130663,17.955330781152213,-0.013629188099203993,0.0999082429596645,13.0,13.0,13.0
0,291,116.4,87.3,8.73,105.28181281201194,105.46502767978335,8.836362130479587,145.76166471332576,0.6435011087932843,1.5108681716736887,149.2823280505163,0.7862675231524356,1.5115694214302278,0.4000000000000057,0.29999999999999716,0.030000000000001137,0.500899191454721,-1.1102230246251565e-16,0.0,-30.250396742516187,-10.690189348579423,-4.555702203659331,-29.715888858949853,0.07770611152939,0.01565981654399007,13.0,13.0,13.0
0,292,116.80000000000001,87.6,8.76,123.69569612958313,98.20156195386002,7.5732709072975775,146.2625639047805,0.6435011087932843,1.5108681716736887,158.11870997258768,0.6710081090172234,1.5228818866712346,0.4000000000000057,0.29999999999999716,0.02999999999999936,0.5008991914547494,0.0,0.0,18.41388331757119,-7.263465725923325,-1.26309122318201,8.836381922071382,-0.11525941413521223,0.01131246524100682,13.0,13.0,13.0
0,293,117.2,87.89999999999999,8.79,114.13909332094865,79.85299675830555,23.89356967042289,146.76346309623523,0.6435011087932843,1.5108681716736887,141.33342275274285,0.6104650283786036,1.4009223217566105,0.3999999999999915,0.29999999999999716,0.02999999999999936,0.500899191454721,0.0,0.0,-9.55660280863448,-18.34856519555447,16.320298763125315,-16.785287219844832,-0.060543080638619795,-0.12195956491462412,13.0,13.0,13.0
0,294,117.60000000000001,88.2,8.82,130.68368857235794,92.69832386098798,27.1421226332288,147.26436228768998,0.6435011087932844,1.5108681716736887,162.5050784638772,0.6169626589680718,1.4029866181837318,0.4000000000000057,0.30000000000001137,0.030000000000001137,0.5008991914547494,1.1102230246251565e-16,0.0,16.54459525140929,12.845327102682432,3.2485529628059098,21.17165571113435,0.006497630589468173,0.0020642964271213593,13.0,13.0,13.0
0,295,118.0,88.5,8.85,132.29101546191646,84.67576200328436,7.637346599737906,147.76526147914467,0.6435011087932844,1.5108681716736887,157.2552908676411,0.5693641988707284,1.5222106663108448,0.3999999999999915,0.29999999999999716,0.02999999999999936,0.5008991914546925,0.0,0.0,1.6073268895585215,-8.022561857703622,-19.504776033490895,-5.249787596236104,-0.047598460097343365,0.11922404812711296,13.0,13.0,13.0
0,296,118.4,88.8,8.879999999999999,149.21640107583065,90.58556571786521,7.962922975849635,148.26616067059942,0.6435011087932843,1.5108681716736887,174.7417729358614,0.545605565631683,1.525210881597793,0.4000000000000057,0.29999999999999716,0.02999999999999936,0.5008991914547494,-1.1102230246251565e-16,0.0,16.925385613914187,5.909803714580846,0.3255763761117283,17.48648206822031,-0.023758633239045368,0.00300021528694816,13.0,13.0,13.0
0,297,118.80000000000001,89.1,8.91,97.92932516296551,87.65121421685713,26.82198230288108,148.76705986205414,0.6435011087932843,1.5108681716736887,134.13540477897428,0.7300711260760578,1.3694772009091989,0.4000000000000057,0.29999999999999716,0.030000000000001137,0.500899191454721,0.0,0.0,-51.287075912865134,-2.9343515010080807,18.859059327031446,-40.60636815688713,0.1844655604443748,-0.15573368068859406,13.0,13.0,13.0
0,298,119.2,89.39999999999999,8.94,112.08509288160192,132.43200162521367,16.091283330953004,149.26795905350886,0.6435011087932843,1.5108681716736887,174.24187929420108,0.8684195160024503,1.4783142884063363,0.3999999999999915,0.29999999999999716,0.02999999999999936,0.500899191454721,0.0,0.0,14.155767718636412,44.780787408356545,-10.730698971928074,40.10647451522681,0.13834838992639242,0.10883708749713739,13.0,13.0,13.0
0,299,119.60000000000001,89.7,8.969999999999999,125.94348835644608,92.02603785552667,32.837181024365755,149.76885824496358,0.6435011087932844,1.5108681716736887,159.4014879491533,0.6310297571175274,1.3633077690964512,0.4000000000000057,0.30000000000001137,0.02999999999999936,0.500899191454721,1.1102230246251565e-16,0.0,13.858395474844158,-40.405963769687006,16.74589769341275,-14.840391345047777,-0.23738975888492286,-0.11500651930988504,13.0,13.0,13.0
0,300,120.0,90.0,9.0,122.2602826877821,92.48676334016517,26.16007238969093,150.26975743641833,0.6435011087932844,1.5108681716736887,155.5176115540294,0.6476318086243725,1.4017798464641311,0.3999999999999915,0.29999999999999716,0.030000000000001137,0.5008991914547494,0.0,0.0,-3.6832056686639874,0.4607254846385018,-6.677108634674823,-3.883876395123906,0.016602051506845128,0.03847207736767988,13.0,13.0,13.0
0,301,120.4,90.3,9.03,124.98545832056094,101.2066767067142,-6.085039205492825,150.77065662787305,0.6435011087932843,1.5108681716736887,160.93844756226036,0.6806564125271464,-1.532977582619727,0.4000000000000057,0.29999999999999716,0.02999999999999936,0.500899191454721,-1.1102230246251565e-16,0.0,2.725175632778843,8.719913366549036,-32.24511159518376,5.420836008230964,0.03302460390277384,-2.934757429083858,13.0,13.0,13.0
0,302,120.80000000000001,90.6,9.06,136.18903281387838,63.48839041576001,20.481754443884533,151.27155581932777,0.6435011087932843,1.5108681716736887,151.65002684293597,0.4362261660601814,1.4353229631483795,0.4000000000000057,0.29999999999999716,0.030000000000001137,0.500899191454721,0.0,0.0,11.203574493317447,-37.7182862909542,26.56679364937736,-9.288420719324392,-0.24443024646696498,2.9683005457681064,13.0,13.0,13.0
0,303,121.2,90.89999999999999,9.09,129.5845888375177,76.8424950860188,27.682465602253433,151.77245501078252,0.6435011087932843,1.5108681716736887,153.1771967919941,0.5352498851449607,1.3890759953508989,0.3999999999999915,0.29999999999999716,0.02999999999999936,0.5008991914547494,0.0,0.0,-6.60444397636067,13.354104670258792,7.2007111583689,1.527169949058134,0.09902371908477936,-0.04624696779748061,13.0,13.0,13.0
0,304,121.60000000000001,91.2,9.12,131.7932922438672,110.18889929325755,0.5410703617838042,152.27335420223724,0.6435011087932844,1.5108681716736887,171.78870208798205,0.6963533360403552,1.5676466944279557,0.4000000000000057,0.30000000000001137,0.02999999999999936,0.500899191454721,1.1102230246251565e-16,0.0,2.2087034063494855,33.34640420723875,-27.141395240469627,18.61150529598794,0.16110345089539446,0.1785706990770568,13.0,13.0,13.0
0,305,122.0,91.5,9.15,136.2375272921033,83.33561791046404,-21.619009212014568,152.77425339369196,0.6435011087932844,1.5108681716736887,161.16100835653336,0.5489733668192561,-1.4362453013704732,0.3999999999999915,0.29999999999999716,0.030000000000001137,0.500899191454721,0.0,0.0,4.444235048236095,-26.85328138279351,-22.16007957379837,-10.627693731448687,-0.14737996922109908,-3.003891995798429,13.0,13.0,13.0
0,306,122.4,91.8,9.18,128.94262176604636,92.19407087804285,4.679914719803196,153.27515258514669,0.6435011087932843,1.5108681716736887,158.58073027562935,0.6207227934624365,1.541280796892697,0.4000000000000057,0.29999999999999716,0.02999999999999936,0.500899191454721,-1.1102230246251565e-16,0.0,-7.294905526056937,8.858452967578813,26.298923931817765,-2.5802780809040087,0.0717494266431804,2.97752609826317,13.0,13.0,13.0
0,307,122.80000000000001,92.1,9.209999999999999,133.70453460475966,87.51262357306898,-4.441933883210176,153.77605177660143,0.6435011087932843,1.5108681716736887,159.8596028868452,0.579547901327806,-1.5430062810576586,0.4000000000000057,0.29999999999999716,0.02999999999999936,0.5008991914547494,0.0,0.0,4.7619128387133,-4.681447304973872,-9.121848603013373,1.27887261121586,-0.04117489213463055,-3.0842870779503553,13.0,13.0,13.0
0,308,123.2,92.39999999999999,9.24,130.18870178071677,94.10792885781963,23.298851098170132,154.27695096805616,0.6435011087932843,1.5108681716736887,162.32139972213014,0.6259026684569909,1.4267635372634886,0.3999999999999915,0.29999999999999716,0.030000000000001137,0.500899191454721,0.0,0.0,-3.5158328240428887,6.595305284750651,27.74078498138031,2.461796835284929,0.04635476712918496,2.969769818321147,13.0,13.0,13.0
0,309,123.60000000000001,92.7,9.27,115.13978720027058,97.42753257231064,21.189002223886714,154.77785015951088,0.6435011087932844,1.5108681716736887,152.3097781329095,0.7022648209692163,1.4312258244090945,0.4000000000000057,0.30000000000001137,0.02999999999999936,0.500899191454721,1.1102230246251565e-16,0.0,-15.048914580446194,3.3196037144910093,-2.1098488742834185,-10.011621589220624,0.07636215251222533,0.004462287145605925,13.0,13.0,13.0
0,310,124.0,93.0,9.299999999999999,116.86488005864173,92.03022252716622,15.523786945655711,155.2787493509656,0.6435011087932844,1.5108681716736887,149.55918564452855,0.6670677832100641,1.4668120884379157,0.3999999999999915,0.29999999999999716,0.02999999999999936,0.500899191454721,0.0,0.0,1.7250928583711556,-5.3973100451444225,-5.665215278231003,-2.75059248838096,-0.03519703775915217,0.035586264028821146,13.0,13.0,13.0
0,311,124.4,93.3,9.33,119.45751843568637,104.44846323710766,0.07962428369673624,155.77964854242035,0.6435011087932843,1.5108681716736887,158.68076923002462,0.7184654493797312,1.570294537652932,0.4000000000000057,0.29999999999999716,0.030000000000001137,0.5008991914547494,-1.1102230246251565e-16,0.0,2.5926383770446364,12.418240709941443,-15.444162661958975,9.121583585496069,0.05139766616966712,0.10348244921501637,13.0,13.0,13.0
0,312,124.80000000000001,93.6,9.36,130.50454472680593,107.90952062228676,12.599847166830518,156.28054773387507,0.6435011087932843,1.5108681716736887,169.8077059026183,0.6909081904756498,1.4965273897336457,0.4000000000000057,0.29999999999999716,0.02999999999999936,0.500899191454721,0.0,0.0,11.047026291119565,3.461057385179103,12.520222883133782,11.126936672593672,-0.02755725890408145,-0.07376714791928629,13.0,13.0,13.0
0,313,125.2,93.89999999999999,9.389999999999999,123.54867584005852,102.47177193032047,37.578484912333195,156.7814469253298,0.6435011087932843,1.5108681716736887,164.85412300782147,0.6924148683460718,1.3408246720550019,0.3999999999999915,0.29999999999999716,0.02999999999999936,0.500899191454721,0.0,0.0,-6.95586888674741,-5.437748691966291,24.978637745502677,-4.953582894796824,0.001506677870422024,-0.15570271767864385,13.0,13.0,13.0
0,314,125.60000000000001,94.2,9.42,104.28448972511146,78.79063776700872,32.05007494141872,157.28234611678454,0.6435011087932844,1.5108681716736887,134.57498541968866,0.6470344483519946,1.3303277527164583,0.4000000000000057,0.30000000000001137,0.030000000000001137,0.5008991914547494,1.1102230246251565e-16,0.0,-19.264186114947066,-23.681134163311754,-5.528409970914474,-30.279137588132812,-0.04538041999407716,-0.010496919338543576,13.0,13.0,13.0
0,315,126.0,94.5,9.45,123.77931834427166,106.70953581332378,15.519988210381122,157.78324530823923,0.6435011087932844,1.5108681716736887,164.1618552445054,0.7114740809760973,1.4761141536927769,0.3999999999999915,0.29999999999999716,0.02999999999999936,0.5008991914546925,0.0,0.0,19.494828619160202,27.918898046315064,-16.5300867310376,29.586869824816745,0.06443963262410268,0.14578640097631856,13.0,13.0,13.0
0,316,126.4,94.8,9.48,113.99972399039149,96.9036903681965,13.944251689561106,158.28414449969398,0.6435011087932843,1.5108681716736887,150.26877397530922,0.704514052117765,1.4778672267444897,0.4000000000000057,0.29999999999999716,0.030000000000001137,0.5008991914547494,-1.1102230246251565e-16,0.0,-9.77959435388017,-9.80584544512729,-1.5757365208200156,-13.893081269196188,-0.006960028858332357,0.0017530730517127946,13.0,13.0,13.0
0,317,126.80000000000001,95.1,9.51,156.69759663323592,93.94946847256591,25.133992446890602,158.7850436911487,0.6435011087932843,1.5108681716736887,184.42439370438586,0.5400952388180772,1.4340874429261088,0.4000000000000057,0.29999999999999716,0.02999999999999936,0.500899191454721,0.0,0.0,42.69787264284443,-2.9542218956305817,11.189740757329496,34.15561972907665,-0.16441881329968777,-0.04377978381838088,13.0,13.0,13.0
0,318,127.2,95.39999999999999,9.54,141.02436471615079,109.6893579559215,2.9877895937496373,159.28594288260342,0.6435011087932843,1.5108681716736887,178.68562779091303,0.6610596970048203,1.5540746191010586,0.3999999999999915,0.29999999999999716,0.02999999999999936,0.500899191454721,0.0,0.0,-15.673231917085133,15.739889483355583,-22.146202853140963,-5.738765913472832,0.12096445818674306,0.1199871761749498,13.0,13.0,13.0
0,319,127.60000000000001,95.7,9.57,144.83341804353975,85.17578011751885,19.024814385552283,159.78684207405814,0.6435011087932844,1.5108681716736887,169.09635141896877,0.5316196839847275,1.4580488826294609,0.4000000000000057,0.30000000000001137,0.030000000000001137,0.500899191454721,1.1102230246251565e-16,0.0,3.809053327388966,-24.51357783840264,16.037024791802644,-9.589276371944266,-0.12944001302009278,-0.09602573647159773,13.0,13.0,13.0
0,320,128.0,96.0,9.6,140.2644114159021,94.45838341498371,5.818659836730993,160.28774126551286,0.6435011087932844,1.5108681716736887,169.2050475296677,0.5926708995102827,1.5364013288842144,0.3999999999999915,0.29999999999999716,0.02999999999999936,0.500899191454721,0.0,0.0,-4.569006627637663,9.28260329746486,-13.206154548821289,0.10869611069892926,0.06105121552555526,0.07835244625475357,13.0,13.0,13.0
0,321,128.4,96.3,9.629999999999999,133.4221834161541,93.12872841686027,-3.15423101660714,160.7886404569676,0.6435011087932844,1.5108681716736887,162.74024781037207,0.6093826446504198,-1.5514131159432578,0.4000000000000057,0.29999999999999716,0.02999999999999936,0.5008991914547494,0.0,0.0,-6.8422279997479905,-1.329654998123445,-8.972890853338132,-6.464799719295627,0.01671174514013707,-3.0878144448274725,13.0,13.0,13.0
0,322,128.8,96.6,9.66,131.83604677828973,119.32458619170949,19.137059290704535,161.28953964842233,0.6435011087932843,1.5108681716736887,178.84442160225754,0.7356247303949833,1.4635871224549253,0.4000000000000057,0.29999999999999716,0.030000000000001137,0.500899191454721,-1.1102230246251565e-16,0.0,-1.5861366378643709,26.195857774849216,22.291290307311677,16.104173791885472,0.12624208574456353,3.015000238398183,13.0,13.0,13.0
0,323,129.20000000000002,96.89999999999999,9.69,117.27248733748215,100.4502603741422,13.179334343928005,161.79043883987705,0.6435011087932843,1.5108681716736887,154.97350079707792,0.7082869223509342,1.4856509813592014,0.4000000000000057,0.29999999999999716,0.02999999999999936,0.500899191454721,0.0,0.0,-14.56355944080758,-18.874325817567282,-5.95772494677653,-23.870920805179622,-0.027337808044049172,0.02206385890427609,13.0,13.0,13.0
0,324,129.6,97.2,9.719999999999999,141.1692461573926,97.71211645521151,13.61194352128987,162.29133803133178,0.6435011087932844,1.5108681716736887,172.22572040560638,0.6054467852461908,1.4916783246400056,0.39999999999997726,0.30000000000001137,0.02999999999999936,0.500899191454721,1.1102230246251565e-16,0.0,23.896758819910445,-2.738143918930689,0.432609177361865,17.252219608528463,-0.10284013710474338,0.0060273432808042315,13.0,13.0,13.0
0,325,130.0,97.5,9.75,141.19617026407215,119.66986682685874,1.710054169593958,162.79223722278653,0.6435011087932844,1.5108681716736887,185.09500211745834,0.7030660879280773,1.561557403658191,0.4000000000000057,0.29999999999999716,0.030000000000001137,0.5008991914547494,0.0,0.0,0.02692410667955869,21.957750371647222,-11.901889351695912,12.869281711851954,0.09761930268188657,0.06987907901818535,13.0,13.0,13.0
0,326,130.4,97.8,9.78,125.20698543919384,104.13510634201654,23.788771678917044,163.29313641424125,0.6435011087932844,1.5108681716736887,164.580725583603,0.6937757225567577,1.425746571767918,0.4000000000000057,0.29999999999999716,0.02999999999999936,0.500899191454721,0.0,0.0,-15.989184824878308,-15.534760484842195,22.078717509323084,-20.514276533855337,-0.009290365371319664,-0.13581083189027288,13.0,13.0,13.0
0,327,130.8,98.1,9.81,146.01080531274042,104.10634871719093,17.610539294379826,163.79403560569597,0.6435011087932843,1.5108681716736887,180.18717547466923,0.6194005433127172,1.4729053607084728,0.4000000000000057,0.29999999999999716,0.030000000000001137,0.500899191454721,-1.1102230246251565e-16,0.0,20.803819873546573,-0.028757624825615835,-6.178232384537218,15.606449891066234,-0.07437517924404047,0.0471587889405547,13.0,13.0,13.0
0,328,131.20000000000002,98.39999999999999,9.84,140.79839004249592,98.08679181747388,5.041237261073212,164.29493479715072,0.6435011087932843,1.5108681716736887,171.67008895181976,0.6084721577364479,1.541426259316017,0.4000000000000057,0.29999999999999716,0.02999999999999936,0.5008991914547494,0.0,0.0,-5.212415270244492,-6.019556899717045,-12.569302033306615,-8.517086522849468,-0.010928385576269295,0.06852089860754429,13.0,13.0,13.0
0,329,131.6,98.7,9.87,135.49706327553477,117.94703459272085,20.865866452401814,164.79583398860544,0.6435011087932844,1.5108681716736887,180.8489466607982,0.7162623725519265,1.455161480596731,0.39999999999997726,0.30000000000001137,0.02999999999999936,0.500899191454721,1.1102230246251565e-16,0.0,-5.301326766961154,19.860242775246974,15.824629191328603,9.178857708978427,0.10779021481547857,-0.08626477871928606,13.0,13.0,13.0
0,330,132.0,99.0,9.9,136.6569000529342,95.62789928608935,7.704219040942508,165.29673318006016,0.6435011087932844,1.5108681716736887,166.9705316664558,0.6105691308397556,1.5246387484951407,0.4000000000000057,0.29999999999999716,0.030000000000001137,0.500899191454721,0.0,0.0,1.1598367773994198,-22.31913530663151,-13.161647411459306,-13.878414994342393,-0.10569324171217087,0.06947726789840969,13.0,13.0,13.0
0,331,132.4,99.3,9.93,104.22249358063482,109.46265129286981,18.546192416598757,165.79763237151488,0.6435011087932844,1.5108681716736887,152.27725191039988,0.8099160477537318,1.448700929429652,0.4000000000000057,0.29999999999999716,0.02999999999999936,0.500899191454721,0.0,0.0,-32.43440647229937,13.834752006780462,10.841973375656249,-14.693279756055915,0.1993469169139762,-0.07593781906548869,13.0,13.0,13.0
0,332,132.8,99.6,9.959999999999999,131.484955261984,90.22057257387463,0.2246802637376728,166.2985315629696,0.6435011087932843,1.5108681716736887,159.46189405944176,0.6013812809598031,1.569387336017481,0.4000000000000057,0.29999999999999716,0.02999999999999936,0.500899191454721,-1.1102230246251565e-16,0.0,27.26246168134918,-19.242078718995174,-18.321512152861082,7.184642149041878,-0.20853476679392868,0.12068640658782903,13.0,13.0,13.0
0,333,133.20000000000002,99.89999999999999,9.99,126.47394479447767,108.31090599551533,22.74290800848444,166.79943075442435,0.6435011087932843,1.5108681716736887,168.0599623174072,0.7081915834067195,1.4350536916126078,0.4000000000000057,0.29999999999999716,0.030000000000001137,0.5008991914547494,0.0,0.0,-5.011010467506324,18.090333421640693,22.518227744746767,8.598068257965451,0.10681030244691636,-0.13433364440487328,13.0,13.0,13.0
0,334,133.6,100.2,10.02,145.4299089018138,111.89379940094486,13.856872573108358,167.30032994587907,0.6435011087932844,1.5108681716736887,184.01655812745793,0.655802055993848,1.49542266476672,0.39999999999997726,0.30000000000001137,0.02999999999999936,0.500899191454721,1.1102230246251565e-16,0.0,18.95596410733613,3.5828934054295303,-8.886035435376083,15.956595810050715,-0.052389527412871506,0.06036897315411216,13.0,13.0,13.0
0,335,134.0,100.5,10.049999999999999,135.76275377406947,99.48098014697817,33.9393402527141,167.8012291373338,0.6435011087932844,1.5108681716736887,171.6970283380338,0.6323733352079787,1.3718159450130232,0.4000000000000057,0.29999999999999716,0.02999999999999936,0.500899191454721,0.0,0.0,-9.667155127744337,-12.412819253966688,20.082467679605745,-12.319529789424138,-0.023428720785869328,-0.12360671975369675,13.0,13.0,13.0
0,336,134.4,100.8,10.08,122.94429296634121,95.61472387745867,6.444719932253126,168.3021283287885,0.6435011087932844,1.5108681716736887,155.8813940474019,0.6609995063927426,1.5294407988701804,0.4000000000000057,0.29999999999999716,0.030000000000001137,0.500899191454721,0.0,0.0,-12.818460807728258,-3.8662562695194964,-27.494620320460978,-15.815634290631891,0.02862617118476396,0.1576248538571572,13.0,13.0,13.0
0,337,134.8,101.1,10.11,133.25827226555901,110.1388556217792,-5.501054143533921,168.80302752024326,0.6435011087932843,1.5108681716736887,172.96992872047753,0.6906958970242238,-1.5389874340004186,0.4000000000000057,0.29999999999999716,0.02999999999999936,0.5008991914547494,-1.1102230246251565e-16,0.0,10.313979299217806,14.524131744320528,-11.945774075787046,17.08853467307563,0.029696390631481218,-3.068428232870599,13.0,13.0,13.0
0,338,135.20000000000002,101.39999999999999,10.139999999999999,120.696940627921,122.26212910150208,11.946140839316012,169.30392671169798,0.6435011087932843,1.5108681716736887,172.21640447508193,0.7918402642136249,1.5013735441225506,0.4000000000000057,0.29999999999999716,0.02999999999999936,0.500899191454721,0.0,0.0,-12.56133163763802,12.123273479722883,17.447194982849933,-0.7535242453955959,0.10114436718940101,3.040360978122969,13.0,13.0,13.0
0,339,135.6,101.7,10.17,137.2280836881118,100.08000834722586,23.010807771669832,169.8048259031527,0.6435011087932844,1.5108681716736887,171.3973520734698,0.6301188939830475,1.4361355551745958,0.39999999999997726,0.30000000000001137,0.030000000000001137,0.500899191454721,1.1102230246251565e-16,0.0,16.531143060190814,-22.182120754276227,11.06466693235382,-0.8190524016121401,-0.1617213702305773,-0.06523798894795485,13.0,13.0,13.0
0,340,136.0,102.0,10.2,131.4653668977152,94.75259489004068,8.566414821722764,170.30572509460742,0.6435011087932844,1.5108681716736887,162.27932830414622,0.6245114703551818,1.5179836955676367,0.4000000000000057,0.29999999999999716,0.02999999999999936,0.500899191454721,0.0,0.0,-5.76271679039661,-5.327413457185173,-14.444392949947067,-9.118023769323571,-0.005607423627865704,0.08184814039304089,13.0,13.0,13.0
0,341,136.4,102.3,10.23,123.42158897191676,81.52997532631179,19.507661555992467,170.80662428606217,0.6435011087932844,1.5108681716736887,149.19978002813852,0.5837777129995885,1.439672308081493,0.4000000000000057,0.29999999999999716,0.030000000000001137,0.5008991914547494,0.0,0.0,-8.043777925798437,-13.222619563728898,10.941246734269702,-13.0795482760077,-0.04073375735559337,-0.07831138748614364,13.0,13.0,13.0
0,342,136.8,102.6,10.26,140.1010587197654,115.9937094244075,4.222714328158057,171.3075234775169,0.6435011087932843,1.5108681716736887,181.93591892952384,0.6915402599805354,1.5475843432904826,0.4000000000000057,0.29999999999999716,0.02999999999999936,0.500899191454721,-1.1102230246251565e-16,0.0,16.679469747848643,34.46373409809571,-15.28494722783441,32.73613890138532,0.1077625469809469,0.10791203520898951,13.0,13.0,13.0
0,343,137.20000000000002,102.89999999999999,10.29,131.62766159745928,112.18604907250068,-19.04712579768195,171.80842266897162,0.6435011087932843,1.5108681716736887,173.99524104200526,0.705826907667227,-1.4611072673880265,0.4000000000000057,0.29999999999999716,0.02999999999999936,0.500899191454721,0.0,0.0,-8.473397122306125,-3.8076603519068186,-23.269840125840005,-7.940677887518575,0.014286647686691634,-3.0086916106785093,13.0,13.0,13.0
0,344,137.6,103.2,10.32,140.54881357525952,114.10767308910263,-2.5181772551941055,172.30932186042634,0.6435011087932844,1.5108681716736887,181.05488469497624,0.6819382755058234,-1.5568875142620173,0.39999999999997726,0.30000000000001137,0.030000000000001137,0.500899191454721,1.1102230246251565e-16,0.0,8.921151977800235,1.9216240166019531,16.528948542487846,7.059643652970976,-0.023888632161403578,-0.09578024687399078,13.0,13.0,13.0
0,345,138.0,103.5,10.35,157.28039059679153,106.6858466410018,14.582523651588891,172.8102210518811,0.6435011087932844,1.5108681716736887,190.60860719242407,0.5960244039324418,1.4942164347469633,0.4000000000000057,0.29999999999999716,0.02999999999999936,0.5008991914547494,0.0,0.0,16.73157702153202,-7.4218264481008305,17.100700906782997,9.553722497447836,-0.0859138715733816,3.0511039490089806,13.0,13.0,13.0
0,346,138.4,103.8,10.379999999999999,145.6613650344724,111.19192396262316,-0.11388529494431587,173.3111202433358,0.6435011087932844,1.5108681716736887,183.25089409898112,0.6519962333702309,-1.5701748547806114,0.4000000000000057,0.29999999999999716,0.02999999999999936,0.500899191454721,0.0,0.0,-11.619025562319138,4.506077321621362,-14.696408946533207,-7.357713093442953,0.05597182943778911,-3.064391289527575,13.0,13.0,13.0
0,347,138.8,104.1,10.41,137.50577891616206,133.5257043801122,39.03449395670517,173.81201943479053,0.6435011087932843,1.5108681716736887,195.60328392949233,0.770714302954593,1.3698879666445538,0.4000000000000057,0.29999999999999716,0.030000000000001137,0.500899191454721,-1.1102230246251565e-16,0.0,-8.155586118310339,22.333780417489024,39.14837925164949,12.352389830511214,0.11871806958436204,2.9400628214251654,13.0,13.0,13.0
0,348,139.20000000000002,104.39999999999999,10.44,157.16049488101504,118.97871202856135,-0.8173614961362059,174.31291862624525,0.6435011087932843,1.5108681716736887,197.11931195861112,0.6479993149725753,-1.566649783108836,0.4000000000000057,0.29999999999999716,0.02999999999999936,0.500899191454721,0.0,0.0,19.654715964852983,-14.546992351550841,-39.85185545284138,1.516028029118786,-0.12271498798201763,-2.9365377497533895,13.0,13.0,13.0
0,349,139.6,104.7,10.469999999999999,144.2879006041209,104.97735183114646,-13.715410422646563,174.8138178177,0.6435011087932844,1.5108681716736887,178.9618818108667,0.6289807396244648,-1.4940823800858525,0.39999999999997726,0.30000000000001137,0.02999999999999936,0.5008991914547494,1.1102230246251565e-16,0.0,-12.872594276894148,-14.001360197414883,-12.898048926510358,-18.157430147744407,-0.019018575348110578,0.07256740302298348,13.0,13.0,13.0
0,350,140.0,105.0,10.5,148.83243860233765,94.26198931241852,-1.7767600244211401,175.31471700915472,0.6435011087932844,1.5108681716736887,176.18051619188057,0.5645763224193724,-1.560711272092298,0.4000000000000057,0.29999999999999716,0.030000000000001137,0.500899191454721,0.0,0.0,4.544537998216754,-10.715362518727943,11.938650398225423,-2.7813656189861433,-0.06440441720509238,-0.0666288920064455,13.0,13.0,13.0
0,351,140.4,105.3,10.53,139.88101810192327,115.6079396609903,-7.866893510935933,175.81561620060944,0.6435011087932844,1.5108681716736887,181.64190857674384,0.6906761044312728,-1.527472872227284,0.4000000000000057,0.29999999999999716,0.02999999999999936,0.500899191454721,0.0,0.0,-8.951420500414372,21.345950348571776,-6.090133486514793,5.461392384863274,0.12609978201190042,0.03323839986501409,13.0,13.0,13.0
0,352,140.8,105.6,10.559999999999999,132.98638891645885,87.06145384930406,2.6208898937634935,176.31651539206416,0.6435011087932843,1.5108681716736887,158.97152401367165,0.5796472473632082,1.5543090429656798,0.4000000000000057,0.29999999999999716,0.02999999999999936,0.500899191454721,-1.1102230246251565e-16,0.0,-6.894629185464424,-28.54648581168624,10.487783404699426,-22.67038456307219,-0.11102885706806465,3.0817819151929635,13.0,13.0,13.0
0,353,141.20000000000002,105.89999999999999,10.59,163.90025188083612,103.19410520846542,33.562379765310496,176.8174145835189,0.6435011087932843,1.5108681716736887,196.56741655698758,0.5619112960133694,1.3992133082539677,0.4000000000000057,0.29999999999999716,0.030000000000001137,0.5008991914547494,0.0,0.0,30.913862964377273,16.132651359161358,30.941489871547002,37.59589254331593,-0.01773595134983874,-0.15509573471171212,13.0,13.0,13.0
0,354,141.6,106.2,10.62,135.97670683432258,130.80474682046244,-1.9058101283834805,177.31831377497363,0.6435011087932844,1.5108681716736887,188.6880460032326,0.7660140864616928,-1.5606958324908924,0.39999999999997726,0.30000000000001137,0.02999999999999936,0.500899191454721,1.1102230246251565e-16,0.0,-27.92354504651354,27.610641611997025,-35.468189893693975,-7.879370553754967,0.20410279044832336,-2.95990914074486,13.0,13.0,13.0
0,355,142.0,106.5,10.65,158.3218332563896,119.78003908690336,22.700613133586995,177.81921296642835,0.6435011087932844,1.5108681716736887,199.8208659924306,0.6476865988443007,1.4569457134920112,0.4000000000000057,0.29999999999999716,0.030000000000001137,0.500899191454721,0.0,0.0,22.34512642206701,-11.024707733559083,24.606423261970477,11.132819989197998,-0.11832748761739209,3.0176415459829036,13.0,13.0,13.0
0,356,142.4,106.8,10.68,138.16313158799463,118.98982393537047,14.983436430919664,178.32011215788307,0.6435011087932844,1.5108681716736887,182.9539081234708,0.7109759334874204,1.488807170309572,0.4000000000000057,0.29999999999999716,0.02999999999999936,0.500899191454721,0.0,0.0,-20.15870166839497,-0.790215151532891,-7.717176702667331,-16.866957868959815,0.0632893346431197,0.03186145681756081,13.0,13.0,13.0
0,357,142.8,107.1,10.709999999999999,151.36474699079778,93.42125580144777,17.240296415632585,178.8210113493378,0.6435011087932843,1.5108681716736887,178.7065904985226,0.552965553795314,1.4741734127753714,0.4000000000000057,0.29999999999999716,0.02999999999999936,0.500899191454721,-1.1102230246251565e-16,0.0,13.201615402803156,-25.568568133922696,2.2568599847129214,-4.247317624948209,-0.1580103796921064,-0.014633757534200598,13.0,13.0,13.0
0,358,143.20000000000002,107.39999999999999,10.74,145.31435573478876,104.99914131582327,-8.170800576186808,179.32191054079254,0.6435011087932843,1.5108681716736887,179.46543857170042,0.6257106113745554,-1.5252520365799682,0.4000000000000057,0.29999999999999716,0.030000000000001137,0.5008991914547494,0.0,0.0,-6.050391256009021,11.577885514375495,-25.41109699181939,0.7588480731778304,0.07274505757924143,-2.9994254493553396,13.0,13.0,13.0
0,359,143.6,107.7,10.77,159.7641085267995,116.1751487469717,22.727896015725847,179.82280973224726,0.6435011087932844,1.5108681716736887,198.84112456191156,0.6287269728993814,1.456244174073696,0.39999999999997726,0.30000000000001137,0.02999999999999936,0.500899191454721,1.1102230246251565e-16,0.0,14.449752792010742,11.176007431148435,30.898696591912653,19.37568599021114,0.0030163615248259834,2.981496210653664,13.0,13.0,13.0
0,360,144.0,108.0,10.799999999999999,142.37117848986006,117.59125829942691,20.040314322398302,180.323708923702,0.6435011087932844,1.5108681716736887,185.73871618802218,0.6903641427928664,1.4626906897865977,0.4000000000000057,0.29999999999999716,0.02999999999999936,0.500899191454721,0.0,0.0,-17.392930036939447,1.416109552455211,-2.6875816933275445,-13.102408373889375,0.061637169893485,0.006446515712901668,13.0,13.0,13.0
0,361,144.4,108.3,10.83,151.44015725181703,97.11655463862904,-3.463475449049705,180.8246081151567,0.6435011087932844,1.5108681716736887,179.9381618098814,0.5702254510760909,-1.5515469951673495,0.4000000000000057,0.29999999999999716,0.030000000000001137,0.500899191454721,0.0,0.0,9.06897876195697,-20.47470366079787,-23.503789771448005,-5.800554378140788,-0.12013869171677549,-3.0142376849539474,13.0,13.0,13.0
0,362,144.8,108.6,10.86,147.04546338350457,106.24741700659297,9.762328599167592,181.32550730661146,0.6435011087932843,1.5108681716736887,181.6760440507239,0.625699160069592,1.5170356189793721,0.4000000000000057,0.29999999999999716,0.02999999999999936,0.5008991914547494,-1.1102230246251565e-16,0.0,-4.394693868312459,9.130862367963928,13.225804048217297,1.7378822408425094,0.055473708993501125,3.0685826141467216,13.0,13.0,13.0
0,363,145.20000000000002,108.89999999999999,10.889999999999999,131.77450925081712,110.3425917567739,8.329549422720241,181.82640649806618,0.6435011087932843,1.5108681716736887,172.0737930002163,0.6971094719170168,1.5223705571847697,0.4000000000000057,0.29999999999999716,0.02999999999999936,0.500899191454721,0.0,0.0,-15.27095413268745,4.095174750180931,-1.432779176447351,-9.60225105050759,0.07141031184742475,0.005334938205397544,13.0,13.0,13.0
0,364,145.6,109.2,10.92,134.2154606440648,104.33820984725432,7.676391089771944,182.3273056895209,0.6435011087932844,1.5108681716736887,170.17396654656469,0.6608036113571747,1.5256719344471052,0.39999999999997726,0.30000000000001137,0.030000000000001137,0.500899191454721,1.1102230246251565e-16,0.0,2.4409513932476727,-6.00438190951958,-0.6531583329482968,-1.8998264536516274,-0.036305860559842085,0.003301377262335592,13.0,13.0,13.0
0,365,146.0,109.5,10.95,142.77115108049142,118.58846798430083,19.469472994136346,182.82820488097562,0.6435011087932844,1.5108681716736887,186.6169517980118,0.6931343890358713,1.466277600121801,0.4000000000000057,0.29999999999999716,0.02999999999999936,0.500899191454721,0.0,0.0,8.55569043642663,14.250258137046515,11.793081904364403,16.442985251447112,0.03233077767869663,-0.05939433432530428,13.0,13.0,13.0
0,366,146.4,109.8,10.98,129.25944891922092,101.24424383226082,12.187283463579277,183.32910407243037,0.6435011087932844,1.5108681716736887,164.64182919989867,0.6644522899955607,1.4967055510723863,0.4000000000000057,0.29999999999999716,0.030000000000001137,0.5008991914547494,0.0,0.0,-13.511702161270506,-17.344224152040013,-7.282189530557069,-21.97512259811313,-0.028682099040310605,0.03042795095058537,13.0,13.0,13.0
0,367,146.8,110.1,11.01,137.93585026893405,92.77122254574655,12.139951159815668,183.8300032638851,0.6435011087932843,1.5108681716736887,166.67386398655592,0.5920769400849376,1.4978952093100095,0.4000000000000057,0.29999999999999716,0.02999999999999936,0.500899191454721,-1.1102230246251565e-16,0.0,8.676401349713132,-8.473021286514268,-0.04733230376360886,2.032034786657249,-0.07237534991062311,0.0011896582376231812,13.0,13.0,13.0
0,368,147.20000000000002,110.39999999999999,11.04,162.8552432322329,89.28124193948743,16.58546340875094,184.3309024553398,0.6435011087932843,1.5108681716736887,186.46192106424854,0.501479077320445,1.4817303573338851,0.4000000000000057,0.29999999999999716,0.02999999999999936,0.500899191454721,0.0,0.0,24.91939296329886,-3.489980606259124,4.445512248935271,19.788057077692628,-0.09059786276449255,-0.016164851976124384,13.0,13.0,13.0
0,369,147.6,110.7,11.07,124.61404238421542,130.62279523499623,20.107145776546187,184.83180164679453,0.6435011087932844,1.5108681716736887,181.6460060271573,0.8089356872884625,1.4598748863646491,0.39999999999997726,0.30000000000001137,0.030000000000001137,0.500899191454721,1.1102230246251565e-16,0.0,-38.241200848017485,41.3415532955088,3.521682367795247,-4.81591503709123,0.3074566099680175,-0.021855470969236013,13.0,13.0,13.0
0,370,148.0,111.0,11.1,152.1058597848522,116.17069848180003,15.361442800424577,185.33270083824925,0.6435011087932844,1.5108681716736887,192.00988956704583,0.6522425560477074,1.490707342090537,0.4000000000000057,0.29999999999999716,0.02999999999999936,0.500899191454721,0.0,0.0,27.49181740063679,-14.452096753196201,-4.74570297612161,10.36388353988852,-0.15669313124075512,0.030832455725887886,13.0,13.0,13.0
0,371,148.4,111.3,11.129999999999999,143.78012715432297,103.63356647354932,17.348166507154883,185.833600029704,0.6435011087932844,1.5108681716736887,178.08312650473323,0.6245353094353354,1.4732254708873658,0.4000000000000057,0.29999999999999716,0.02999999999999936,0.5008991914547494,0.0,0.0,-8.325732630529245,-12.537132008250708,1.9867237067303058,-13.926763062312602,-0.027707246612372005,-0.01748187120317124,13.0,13.0,13.0
0,372,148.8,111.6,11.16,162.53253790119896,112.53343961005672,19.827912161351573,186.33449922115872,0.6435011087932843,1.5108681716736887,198.68001159591577,0.6055900527123111,1.4708316967876818,0.4000000000000057,0.29999999999999716,0.030000000000001137,0.500899191454721,-1.1102230246251565e-16,0.0,18.752410746875995,8.899873136507395,2.479745654196691,20.596885091182543,-0.018945256723024273,-0.0023937740996839985,13.0,13.0,13.0
0,373,149.20000000000002,111.89999999999999,11.19,162.54038858849594,129.7798025000483,8.001457013165542,186.83539841261347,0.6435011087932843,1.5108681716736887,208.14946162261467,0.6737929609779099,1.532345932094293,0.4000000000000057,0.29999999999999716,0.02999999999999936,0.5008991914547494,0.0,0.0,0.007850687296979686,17.246362889991588,-11.826455148186032,9.469450026698894,0.06820290826559872,0.061514235306611154,13.0,13.0,13.0
0,374,149.6,112.2,11.219999999999999,126.08354836504543,114.06564894415193,35.184778896018514,187.3362976040682,0.6435011087932844,1.5108681716736887,173.62604097120044,0.7353964050527617,1.3667361768430977,0.39999999999997726,0.30000000000001137,0.02999999999999936,0.500899191454721,1.1102230246251565e-16,0.0,-36.45684022345051,-15.714153555896374,27.183321882852972,-34.52342065141423,0.061603444074851854,-0.16560975525119526,13.0,13.0,13.0
0,375,150.0,112.5,11.25,138.5886919283758,111.78447234923168,37.68445843803229,187.8371967955229,0.6435011087932844,1.5108681716736887,181.99646204413474,0.6787472963302331,1.3622259321374335,0.4000000000000057,0.29999999999999716,0.030000000000001137,0.500899191454721,0.0,0.0,12.505143563330364,-2.281176594920254,2.499679542013773,8.370421072934306,-0.056649108722528596,-0.00451024470566419,13.0,13.0,13.0
0,376,150.4,112.8,11.28,116.40172243957286,117.37868715216369,0.2416959071813416,188.33809598697763,0.6435011087932844,1.5108681716736887,165.30933307401742,0.7895771235898273,1.5693342436275484,0.4000000000000057,0.29999999999999716,0.02999999999999936,0.500899191454721,0.0,0.0,-22.18696948880293,5.594214802932015,-37.44276253085094,-16.687128970117328,0.11082982725959423,0.20710831149011488,13.0,13.0,13.0
0,377,150.8,113.1,11.309999999999999,147.524324506523,142.27067332009068,17.658220425144,188.83899517843236,0.6435011087932843,1.5108681716736887,205.7089778221671,0.7672712951200501,1.4848497676399213,0.4000000000000057,0.29999999999999716,0.02999999999999936,0.500899191454721,-1.1102230246251565e-16,0.0,31.122602066950122,24.891986167926987,17.416524517962657,40.39964474814968,-0.022305828469777245,-0.0844844759876271,13.0,13.0,13.0
0,378,151.20000000000002,113.39999999999999,11.34,144.3539369138932,94.74937414793598,15.552612485648627,189.33989436988708,0.6435011087932843,1.5108681716736887,173.37066291358113,0.5808391637261345,1.4809682797383008,0.4000000000000057,0.29999999999999716,0.030000000000001137,0.500899191454721,0.0,0.0,-3.170387592629794,-47.5212991721547,-2.1056079394953713,-32.33831490858597,-0.18643213139391557,-0.0038814879016204618,13.0,13.0,13.0
0,379,151.6,113.7,11.37,154.59416749464415,107.56228076092317,22.658909662109142,189.8407935613418,0.6435011087932844,1.5108681716736887,189.69034517584015,0.6078826868154305,1.4510583162480972,0.39999999999997726,0.30000000000001137,0.02999999999999936,0.500899191454721,1.1102230246251565e-16,0.0,10.24023058075096,12.812906612987192,7.106297176460515,16.319682262259022,0.027043523089295918,-0.029909963490203584,13.0,13.0,13.0
0,380,152.0,114.0,11.4,163.83046988988798,94.19142585822873,23.716201720688773,190.34169275279655,0.6435011087932844,1.5108681716736887,190.45972223439813,0.5217833861909551,1.445951444068767,0.4000000000000057,0.29999999999999716,0.030000000000001137,0.5008991914547494,0.0,0.0,9.236302395243825,-13.370854902694447,1.0572920585796304,0.7693770585579784,-0.08609930062447535,-0.005106872179330146,13.0,13.0,13.0
0,381,152.4,114.3,11.43,150.56120001208214,118.27496214135093,23.464521981669165,190.84259194425127,0.6435011087932844,1.5108681716736887,192.89433742451962,0.665874270697499,1.4488498771363374,0.4000000000000057,0.29999999999999716,0.02999999999999936,0.500899191454721,0.0,0.0,-13.26926987780584,24.0835362831222,-0.2516797390196075,2.434615190121491,0.14409088450654395,0.0028984330675703163,13.0,13.0,13.0
0,382,152.8,114.6,11.459999999999999,166.31778709140906,105.56454601599276,-12.246372232343331,191.343491135706,0.6435011087932843,1.5108681716736887,197.37135889332836,0.5655555505113815,-1.5087090828316758,0.4000000000000057,0.29999999999999716,0.02999999999999936,0.500899191454721,-1.1102230246251565e-16,0.0,15.75658707932692,-12.710416125358165,-35.7108942140125,4.4770214688087435,-0.10031872018611754,-2.957558959968013,13.0,13.0,13.0
0,383,153.20000000000002,114.89999999999999,11.49,155.89272269042598,115.19509165261869,10.413863561799753,191.84439032716074,0.6435011087932843,1.5108681716736887,194.11568376350493,0.6363839018499111,1.5171228411774542,0.4000000000000057,0.29999999999999716,0.030000000000001137,0.5008991914547494,0.0,0.0,-10.425064400983075,9.630545636625925,22.660235794143084,-3.2556751298234303,0.0708283513385296,3.02583192400913,13.0,13.0,13.0
0,384,153.60000000000002,115.19999999999999,11.52,156.04560299802242,124.00076707401941,6.693493728872941,192.34528951861546,0.6435011087932843,1.5108681716736887,199.42723813025165,0.6714668003026648,1.5372264335911319,0.4000000000000057,0.29999999999999716,0.02999999999999936,0.500899191454721,0.0,0.0,0.15288030759643334,8.805675421400721,-3.720369832926812,5.311554366746719,0.0350828984527537,0.02010359241367765,13.0,13.0,13.0
0,385,154.0,115.5,11.549999999999999,146.61974947642852,128.12294079508706,9.522290384534433,192.84618871007018,0.6435011087932844,1.5108681716736887,194.94489710859182,0.7181754882586264,1.5219308207171527,0.39999999999997726,0.30000000000001137,0.02999999999999936,0.500899191454721,1.1102230246251565e-16,0.0,-9.425853521593893,4.122173721067654,2.828796655661492,-4.482341021659835,0.046708687955961614,-0.01529561287397918,13.0,13.0,13.0
0,386,154.4,115.8,11.58,141.00001526593124,124.7733649706505,2.5904844483252027,193.3470879015249,0.6435011087932844,1.5108681716736887,188.29792224230468,0.7244193970237405,1.5570385214021174,0.4000000000000057,0.29999999999999716,0.030000000000001137,0.500899191454721,0.0,0.0,-5.619734210497285,-3.349575824436556,-6.93180593620923,-6.646974866287138,0.006243908765114048,0.035107700684964716,13.0,13.0,13.0
0,387,154.8,116.1,11.61,145.88597726162592,114.9105458410421,8.419190060657913,193.84798709297962,0.6435011087932843,1.5108681716736887,185.89791464226636,0.6671795767560499,1.525491510609685,0.4000000000000057,0.29999999999999716,0.02999999999999936,0.500899191454721,-1.1102230246251565e-16,0.0,4.885961995694686,-9.862819129608411,5.82870561233271,-2.4000076000383217,-0.05723982026769059,-0.031547010792432495,13.0,13.0,13.0
0,388,155.20000000000002,116.39999999999999,11.639999999999999,175.33677099892398,114.20600134651558,22.507998431156956,194.34888628443437,0.6435011087932843,1.5108681716736887,210.45808133988677,0.5773252525965553,1.463643740174621,0.4000000000000057,0.29999999999999716,0.02999999999999936,0.5008991914547494,0.0,0.0,29.450793737298056,-0.704544494526516,14.088808370499043,24.560166697620417,-0.08985432415949457,-0.06184777043506395,13.0,13.0,13.0
0,389,155.60000000000002,116.69999999999999,11.67,138.26568460115047,117.05926470304938,13.923264797871067,194.84978547588912,0.6435011087932843,1.5108681716736887,181.69790393308074,0.7025317715169133,1.4940924862637364,0.4000000000000057,0.29999999999999716,0.030000000000001137,0.5008991914547494,0.0,0.0,-37.07108639777351,2.8532633565338017,-8.58473363328589,-28.760177406806037,0.12520651892035795,0.030448746089115408,13.0,13.0,13.0
0,390,156.0,117.0,11.7,171.44677300891684,112.52062380940463,18.7097257374687,195.3506846673438,0.6435011087932844,1.5108681716736887,205.92459929498446,0.5807917364930493,1.4798136882973922,0.39999999999997726,0.30000000000001137,0.02999999999999936,0.5008991914546925,1.1102230246251565e-16,0.0,33.18108840776637,-4.538640893644754,4.786460939597632,24.226695361903722,-0.12174003502386399,-0.014278797966344126,13.0,13.0,13.0
0,391,156.4,117.3,11.73,137.61631773179474,119.02125802828698,11.625218912804502,195.85158385879856,0.6435011087932844,1.5108681716736887,182.31691222556665,0.7130680661316834,1.5069892400168254,0.4000000000000057,0.29999999999999716,0.030000000000001137,0.5008991914547494,0.0,0.0,-33.8304552771221,6.500634218882354,-7.084506824664196,-23.607687069417807,0.13227632963863412,0.0271755517194332,13.0,13.0,13.0
0,392,156.8,117.6,11.76,160.31177375236194,96.06116372066018,-0.9231448562292517,196.35248305025328,0.6435011087932843,1.5108681716736887,186.8915840144268,0.5398418384241559,-1.5658568394712422,0.4000000000000057,0.29999999999999716,0.02999999999999936,0.500899191454721,-1.1102230246251565e-16,0.0,22.695456020567207,-22.960094307626804,-12.548363769033754,4.574671788860144,-0.1732262277075275,-3.072846079488068,13.0,13.0,13.0
0,393,157.20000000000002,117.89999999999999,11.79,126.76968155450211,116.98194957952242,-7.573279839573068,196.853382241708,0.6435011087932843,1.5108681716736887,172.66349717408218,0.7452651949404451,-1.5269207517403882,0.4000000000000057,0.29999999999999716,0.02999999999999936,0.500899191454721,0.0,0.0,-33.54209219785983,20.920785858862246,-6.650134983343817,-14.228086840344616,0.20542335651628918,0.038936087730854,13.0,13.0,13.0
0,394,157.60000000000002,118.19999999999999,11.82,164.80758745405709,114.19541303744855,13.919870696822407,197.35428143316273,0.6435011087932843,1.5108681716736887,200.98730318464496,0.6059459188312517,1.5014833773495002,0.4000000000000057,0.29999999999999716,0.030000000000001137,0.500899191454721,0.0,0.0,38.03790589955497,-2.7865365420738755,21.493150536395476,28.323806010562777,-0.13931927610919337,3.028404129089888,13.0,13.0,13.0
0,395,158.0,118.5,11.85,147.78348554744485,128.03902297386696,3.53501095405686,197.85518062461745,0.6435011087932844,1.5108681716736887,195.56698675159765,0.7139361179943601,1.5527196383888444,0.39999999999997726,0.30000000000001137,0.02999999999999936,0.500899191454721,1.1102230246251565e-16,0.0,-17.02410190661223,13.843609936418417,-10.384859742765547,-5.420316433047304,0.10799019916310837,0.0512362610393442,13.0,13.0,13.0
0,396,158.4,118.8,11.879999999999999,171.57888524968186,112.72351447412701,34.04346801779421,198.3560798160722,0.6435011087932844,1.5108681716736887,208.09820348479897,0.5812648819364922,1.4064644132202748,0.4000000000000057,0.29999999999999716,0.02999999999999936,0.5008991914547494,0.0,0.0,23.795399702237006,-15.315508499739948,30.508457063737353,12.531216733201319,-0.1326712360578679,-0.1462552251685696,13.0,13.0,13.0
0,397,158.8,119.1,11.91,153.5167512247608,128.9776097512482,40.033210293739835,198.85697900752692,0.6435011087932843,1.5108681716736887,204.4633821743472,0.698749715912384,1.3737267430038904,0.4000000000000057,0.29999999999999716,0.030000000000001137,0.500899191454721,-1.1102230246251565e-16,0.0,-18.06213402492105,16.25409527712118,5.989742275945623,-3.6348213104517697,0.11748483397589182,-0.03273767021638441,13.0,13.0,13.0
0,398,159.20000000000002,119.39999999999999,11.94,176.10985012164687,96.08229625950796,42.96204894807393,199.35787819898167,0.6435011087932843,1.5108681716736887,205.1638969560324,0.49944464820892986,1.359831377496257,0.4000000000000057,0.29999999999999716,0.02999999999999936,0.5008991914547494,0.0,0.0,22.59309889688606,-32.89531349174024,2.9288386543340934,0.7005147816852002,-0.19930506770345413,-0.013895365507633484,13.0,13.0,13.0
0,399,159.60000000000002,119.69999999999999,11.969999999999999,176.88490326918313,151.51698816670228,11.871777339438225,199.85877739043636,0.6435011087932843,1.5108681716736887,233.20936045719534,0.7083047038187906,1.5198682217423314,0.4000000000000057,0.29999999999999716,0.02999999999999936,0.5008991914546925,0.0,0.0,0.775053147536255,55.43469190719432,-31.090271608635703,28.045463501162942,0.20886005560986076,0.16003684424607445,13.0,13.0,13.0
0,400,160.0,120.0,12.0,164.95491288934969,136.63000557239067,23.55126045697908,200.3596765818911,0.6435011087932844,1.5108681716736887,215.48211892905852,0.6917526958503746,1.4612818891671613,0.39999999999997726,0.30000000000001137,0.030000000000001137,0.5008991914547494,1.1102230246251565e-16,0.0,-11.929990379833441,-14.886982594311604,11.679483117540855,-17.72724152813683,-0.01655200796841605,-0.0585863325751701,13.0,13.0,13.0
0,401,160.4,120.3,12.03,157.23758188195603,106.27266541610406,23.929013684781776,200.86057577334583,0.6435011087932844,1.5108681716736887,191.28547845211486,0.5943492939602526,1.445371918064277,0.4000000000000057,0.29999999999999716,0.02999999999999936,0.500899191454721,0.0,0.0,-7.717331007393653,-30.35734015628661,0.37775322780269605,-24.196640476943656,-0.09740340189012198,-0.01590997110288428,13.0,13.0,13.0
0,402,160.8,120.6,12.059999999999999,173.38976956476648,123.25505897275418,14.063255663778593,201.36147496480055,0.6435011087932843,1.5108681716736887,213.19849181447023,0.6179743933846258,1.5047851927232323,0.4000000000000057,0.29999999999999716,0.02999999999999936,0.500899191454721,-1.1102230246251565e-16,0.0,16.15218768281045,16.982393556650123,-9.865758021003183,21.913013362355372,0.023625099424373186,0.059413274658955295,13.0,13.0,13.0
0,403,161.20000000000002,120.89999999999999,12.09,175.63880596109757,90.23718690878525,20.58891830386019,201.8623741562553,0.6435011087932843,1.5108681716736887,198.533734205485,0.4745993925858785,1.4669046493390814,0.4000000000000057,0.29999999999999716,0.030000000000001137,0.5008991914547494,0.0,0.0,2.2490363963310926,-33.01787206396894,6.525662640081597,-14.66475760898524,-0.14337500079874727,-0.03788054338415092,13.0,13.0,13.0
0,404,161.60000000000002,121.19999999999999,12.12,147.8736011941789,116.44879916856809,14.656042497632427,202.36327334771002,0.6435011087932843,1.5108681716736887,188.7901595412986,0.6670654446182499,1.4930867486156556,0.4000000000000057,0.29999999999999716,0.02999999999999936,0.500899191454721,0.0,0.0,-27.765204766918686,26.21161225978284,-5.932875806227763,-9.743574664186383,0.19246605203237138,0.026182099276574222,13.0,13.0,13.0
0,405,162.0,121.5,12.15,177.77254759714103,123.18494648174565,5.028499552202385,202.86417253916474,0.6435011087932844,1.5108681716736887,216.33976871263133,0.6059690787758854,1.5475507049822497,0.39999999999997726,0.30000000000001137,0.030000000000001137,0.500899191454721,1.1102230246251565e-16,0.0,29.89894640296214,6.736147313177568,-9.627542945430042,27.54960917133272,-0.06109636584236455,0.05446395636659407,13.0,13.0,13.0
0,406,162.4,121.8,12.18,179.10405753351722,132.1784431666852,-5.678861463296329,203.36507173061946,0.6435011087932844,1.5108681716736887,222.669382112713,0.6357754995397422,-1.5452900034376975,0.4000000000000057,0.29999999999999716,0.02999999999999936,0.500899191454721,0.0,0.0,1.331509936376193,8.993496684939558,-10.707361015498714,6.3296134000816835,0.029806420763856867,-3.0928407084199474,13.0,13.0,13.0
0,407,162.8,122.1,12.209999999999999,173.4409060739183,109.99265684737212,6.870276089060772,203.86597092207418,0.6435011087932843,1.5108681716736887,205.49290292763257,0.5651730460147888,1.5373569401291105,0.4000000000000057,0.29999999999999716,0.02999999999999936,0.500899191454721,-1.1102230246251565e-16,0.0,-5.663151459598907,-22.185786319313095,12.5491375523571,-17.17647918508044,-0.07060245352495342,3.0826469435668082,13.0,13.0,13.0
0,408,163.20000000000002,122.39999999999999,12.24,163.82198082468258,118.82358150461619,5.198325600263624,204.36687011352893,0.6435011087932843,1.5108681716736887,202.4443318839853,0.6275187999496687,1.545115701539964,0.4000000000000057,0.29999999999999716,0.030000000000001137,0.5008991914547494,0.0,0.0,-9.61892524923573,8.830924657244068,-1.6719504887971475,-3.0485710436472573,0.062345753934879955,0.00775876141085341,13.0,13.0,13.0
0,409,163.60000000000002,122.69999999999999,12.27,154.66677935692383,155.07097298452965,6.306567958051862,204.86776930498365,0.6435011087932843,1.5108681716736887,219.10863081682018,0.7867031170077718,1.542009514333521,0.4000000000000057,0.29999999999999716,0.02999999999999936,0.500899191454721,0.0,0.0,-9.155201467758758,36.24739147991346,1.1082423577882379,16.664298932834868,0.1591843170581031,-0.0031061872064428453,13.0,13.0,13.0
0,410,164.0,123.0,12.299999999999999,166.19831630236328,105.14415766227137,-1.6288979641964474,205.36866849643837,0.6435011087932844,1.5108681716736887,196.67187785961352,0.5640763476788189,-1.5625139195420816,0.39999999999997726,0.30000000000001137,0.02999999999999936,0.500899191454721,1.1102230246251565e-16,0.0,11.531536945439456,-49.92681532225828,-7.9354659222483095,-22.436752957206664,-0.22262676932895298,-3.1045234338756025,13.0,13.0,13.0
0,411,164.4,123.3,12.33,141.92517566268796,128.02177160383565,8.218730168954757,205.8695676878931,0.6435011087932844,1.5108681716736887,191.31094327575613,0.7339394232552048,1.5278230385644809,0.4000000000000057,0.29999999999999716,0.030000000000001137,0.500899191454721,0.0,0.0,-24.27314063967532,22.877613941564277,9.847628133151204,-5.360934583857386,0.1698630755763859,3.0903369581065627,13.0,13.0,13.0
0,412,164.8,123.6,12.36,164.57574938046304,140.07289126907477,26.257840691987973,206.37046687934782,0.6435011087932843,1.5108681716736887,217.704079774415,0.7051410313611018,1.4498894290447768,0.4000000000000057,0.29999999999999716,0.02999999999999936,0.500899191454721,-1.1102230246251565e-16,0.0,22.650573717775075,12.051119665239128,18.039110523033216,26.393136498658862,-0.028798391894102937,-0.07793360951970407,13.0,13.0,13.0
0,413,165.20000000000002,123.89999999999999,12.389999999999999,142.6778508296938,130.8891456892898,9.329789116358027,206.87136607080257,0.6435011087932843,1.5108681716736887,193.84525411164492,0.7423322368762933,1.5226476372453692,0.4000000000000057,0.29999999999999716,0.02999999999999936,0.5008991914547494,0.0,0.0,-21.89789855076924,-9.183745579784983,-16.928051575629944,-23.858825662770073,0.037191205515191506,0.07275820820059242,13.0,13.0,13.0
0,414,165.60000000000002,124.19999999999999,12.42,161.4761596190913,124.39903254137229,34.13821955829949,207.3722652622573,0.6435011087932843,1.5108681716736887,206.67628663484913,0.6564212306453121,1.4048586049924416,0.4000000000000057,0.29999999999999716,0.030000000000001137,0.500899191454721,0.0,0.0,18.79830878939751,-6.490113147917498,24.80843044194146,12.831032523204215,-0.08591100623098125,-0.11778903225292758,13.0,13.0,13.0
0,415,166.0,124.5,12.45,182.93515643010863,124.38744552860328,10.127007282054313,207.873164453712,0.6435011087932844,1.5108681716736887,221.44991383997046,0.5971450309712193,1.5250499087493676,0.39999999999997726,0.30000000000001137,0.02999999999999936,0.500899191454721,1.1102230246251565e-16,0.0,21.45899681101733,-0.011587012769012972,-24.011212276245175,14.773627205121329,-0.05927619967409281,0.120191303756926,13.0,13.0,13.0
0,416,166.4,124.8,12.48,194.0316695229189,124.90670040896302,31.393837469393635,208.37406364516673,0.6435011087932844,1.5108681716736887,232.88526277109153,0.5719646676160564,1.435580791646139,0.4000000000000057,0.29999999999999716,0.030000000000001137,0.500899191454721,0.0,0.0,11.096513092810255,0.519254880359739,21.266830187339323,11.43534893112107,-0.025180363355162938,-0.08946911710322869,13.0,13.0,13.0
0,417,166.8,125.1,12.51,182.689456052712,118.71407334502709,23.339254941678124,208.87496283662145,0.6435011087932843,1.5108681716736887,219.1191214482134,0.5762440964176039,1.4640798833584623,0.4000000000000057,0.29999999999999716,0.02999999999999936,0.500899191454721,-1.1102230246251565e-16,0.0,-11.3422134702069,-6.19262706393593,-8.05458252771551,-13.766141322878127,0.004279428801547525,0.028499091712323343,13.0,13.0,13.0
0,418,167.20000000000002,125.39999999999999,12.54,172.85587010725487,121.32146118756637,23.362344420723936,209.37586202807623,0.6435011087932843,1.5108681716736887,212.47081661267006,0.6119764525103042,1.4606180031930525,0.4000000000000057,0.29999999999999716,0.02999999999999936,0.5008991914547778,0.0,0.0,-9.833585945457116,2.607387842539282,0.0230894790458116,-6.6483048355433425,0.03573235609270031,-0.0034618801654098252,13.0,13.0,13.0
0,419,167.60000000000002,125.69999999999999,12.57,156.16156288834287,132.40012757978351,20.4352428543876,209.87676121953095,0.6435011087932843,1.5108681716736887,205.75185699621431,0.7032391382991634,1.471312462191958,0.4000000000000057,0.29999999999999716,0.030000000000001137,0.500899191454721,0.0,0.0,-16.694307218912,11.078666392217144,-2.9271015663363364,-6.718959616455749,0.09126268578885921,0.010694458998905532,13.0,13.0,13.0
0,420,168.0,126.0,12.6,184.77040933269365,146.96844545232116,14.157497510983855,210.37766041098567,0.6435011087932844,1.5108681716736887,236.51693989948495,0.6719365984226318,1.5109022422700245,0.39999999999997726,0.30000000000001137,0.02999999999999936,0.500899191454721,1.1102230246251565e-16,0.0,28.608846444350775,14.568317872537648,-6.277745343403744,30.76508290327064,-0.03130253987653164,0.03958978007806646,13.0,13.0,13.0
0,421,168.4,126.3,12.629999999999999,189.6339810307484,147.59650829462305,25.96267121451226,210.8785596024404,0.6435011087932844,1.5108681716736887,241.70195762328413,0.6613828577893657,1.4631726251982489,0.4000000000000057,0.29999999999999716,0.02999999999999936,0.500899191454721,0.0,0.0,4.863571698054756,0.6280628423018868,11.805173703528403,5.185017723799177,-0.010553740633266084,-0.04772961707177559,13.0,13.0,13.0
0,422,168.8,126.6,12.66,167.22694038711515,133.29039917309314,26.382445000570947,211.3794587938951,0.6435011087932843,1.5108681716736887,215.46975079385604,0.6729474932435924,1.4480467795703043,0.4000000000000057,0.29999999999999716,0.030000000000001137,0.500899191454721,-1.1102230246251565e-16,0.0,-22.407040643633252,-14.306109121529914,0.41977378605868765,-26.232206829428094,0.011564635454226702,-0.015125845627944612,13.0,13.0,13.0
0,423,169.20000000000002,126.89999999999999,12.69,169.17228589966896,125.2204104391057,26.661721313625577,211.88035798534983,0.6435011087932843,1.5108681716736887,212.15621812820586,0.6371960528198707,1.4447929357011244,0.4000000000000057,0.29999999999999716,0.02999999999999936,0.500899191454721,0.0,0.0,1.9453455125538142,-8.06998873398743,0.2792763130546305,-3.313532665650172,-0.03575144042372169,-0.0032538438691798177,13.0,13.0,13.0
0,424,169.60000000000002,127.19999999999999,12.719999999999999,173.5218826732078,127.73506150896641,19.44792229477394,212.38125717680455,0.6435011087932843,1.5108681716736887,216.34304099447593,0.634566540012085,1.4807809015252011,0.4000000000000057,0.29999999999999716,0.02999999999999936,0.500899191454721,0.0,0.0,4.349596773538849,2.5146510698607045,-7.213799018851638,4.186822866270063,-0.002629512807785672,0.035987965824076706,13.0,13.0,13.0
0,425,170.0,127.5,12.75,157.08563933762426,123.94794799254774,9.33923902058341,212.8821563682593,0.6435011087932844,1.5108681716736887,200.3152846967926,0.6680264917928468,1.5241567218254166,0.39999999999997726,0.30000000000001137,0.030000000000001137,0.5008991914547494,1.1102230246251565e-16,0.0,-16.436243335583555,-3.787113516418671,-10.108683274190529,-16.02775629768334,0.033459951780761776,0.04337582030021547,13.0,13.0,13.0
0,426,170.4,127.8,12.78,189.77570593236646,125.65584348821575,26.53373039560885,213.38305555971402,0.6435011087932844,1.5108681716736887,229.1467835549298,0.5848539919459783,1.454742392423057,0.4000000000000057,0.29999999999999716,0.02999999999999936,0.500899191454721,0.0,0.0,32.690066594742206,1.7078954956680121,17.19449137502544,28.831498858137223,-0.08317249984686848,-0.0694143294023597,13.0,13.0,13.0
0,427,170.8,128.1,12.809999999999999,180.988312540387,157.3000076246551,19.87871197094073,213.88395475116874,0.6435011087932843,1.5108681716736887,240.61426571289778,0.7154882682850341,1.4880855394446377,0.4000000000000057,0.29999999999999716,0.02999999999999936,0.500899191454721,-1.1102230246251565e-16,0.0,-8.787393391979464,31.644164136439358,-6.655018424668118,11.467482157967964,0.13063427633905578,0.03334314702158081,13.0,13.0,13.0
0,428,171.20000000000002,128.4,12.84,163.50015286823873,125.71032857076696,30.05829528121679,214.3848539426235,0.6435011087932844,1.5108681716736887,208.4199793986182,0.6554688018894949,1.4260718057690749,0.4000000000000057,0.30000000000001137,0.030000000000001137,0.5008991914547494,1.1102230246251565e-16,0.0,-17.48815967214827,-31.589679053888148,10.179583310276058,-32.194286314279566,-0.060019466395539234,-0.06201373367556284,13.0,13.0,13.0
0,429,171.60000000000002,128.7,12.87,177.3206974247676,140.73087357907175,-8.830508748009377,214.88575313407821,0.6435011087932843,1.5108681716736887,226.55195077130395,0.670858024838027,-1.5318085968708954,0.4000000000000057,0.29999999999998295,0.02999999999999936,0.500899191454721,-1.1102230246251565e-16,0.0,13.820544556528858,15.020545008304794,-38.888804029226165,18.13197137268574,0.015389222948532177,-2.9578804026399705,13.0,13.0,13.0
0,430,172.0,129.0,12.9,162.7124337384458,142.16343848157365,9.58483177721902,215.38665232553294,0.6435011087932844,1.5108681716736887,216.28141005225086,0.7180987665234788,1.5264653234635184,0.39999999999997726,0.30000000000001137,0.030000000000001137,0.500899191454721,1.1102230246251565e-16,0.0,-14.608263686321777,1.4325649025018947,18.415340525228395,-10.270540719053088,0.04724074168545178,3.058273920334414,13.0,13.0,13.0
0,431,172.4,129.29999999999998,12.93,157.02978460100388,132.88756362575018,15.331959447237224,215.88755151698766,0.6435011087932843,1.5108681716736887,206.2826381417428,0.7023170763784576,1.4964027135157998,0.4000000000000057,0.29999999999998295,0.02999999999999936,0.500899191454721,-1.1102230246251565e-16,0.0,-5.682649137441928,-9.275874855823474,5.747127670018205,-9.998771910508054,-0.015781690145021177,-0.030062609947718588,13.0,13.0,13.0
0,432,172.8,129.6,12.959999999999999,191.53352778731806,152.14390338349497,34.71234606462602,216.38845070844238,0.6435011087932843,1.5108681716736887,247.05830601850235,0.6712838976980502,1.4298272468557716,0.4000000000000057,0.30000000000001137,0.02999999999999936,0.500899191454721,0.0,0.0,34.50374318631418,19.256339757744797,19.380386617388794,40.77566787675954,-0.031033178680407447,-0.06657546666002823,13.0,13.0,13.0
0,433,173.20000000000002,129.9,12.99,171.57271762830135,144.41629132239615,16.983136280471452,216.88934989989713,0.6435011087932844,1.5108681716736887,224.90373396543927,0.6996677665175332,1.4952114632422768,0.4000000000000057,0.30000000000001137,0.030000000000001137,0.5008991914547494,1.1102230246251565e-16,0.0,-19.960810159016717,-7.727612061098824,-17.729209784154566,-22.154572053063077,0.02838386881948296,0.06538421638650527,13.0,13.0,13.0
0,434,173.60000000000002,130.2,13.02,179.15598088752384,111.29778454832791,13.29408269928999,217.39024909135185,0.6435011087932843,1.5108681716736887,211.33100806070175,0.5558865872618333,1.5078483173716632,0.4000000000000057,0.29999999999998295,0.02999999999999936,0.500899191454721,-1.1102230246251565e-16,0.0,7.583263259222491,-33.11850677406824,-3.6890535811814615,-13.572725904737524,-0.1437811792556999,0.012636854129386421,13.0,13.0,13.0
0,435,174.0,130.5,13.049999999999999,197.35237348668386,130.87318789093408,21.102102698891827,217.89114828280657,0.6435011087932844,1.5108681716736887,237.74156003500497,0.585560379822694,1.4819186813892777,0.39999999999997726,0.30000000000001137,0.02999999999999936,0.500899191454721,1.1102230246251565e-16,0.0,18.19639259916002,19.575403342606165,7.808019999601836,26.410551974303218,0.02967379256086078,-0.025929635982385513,13.0,13.0,13.0
0,436,174.4,130.79999999999998,13.08,174.2384576538539,127.52492467352916,19.24684208172865,218.3920474742613,0.6435011087932843,1.5108681716736887,216.7765842260232,0.6318153600726584,1.4818927232198489,0.4000000000000057,0.29999999999998295,0.030000000000001137,0.500899191454721,-1.1102230246251565e-16,0.0,-23.113915832829946,-3.34826321740492,-1.8552606171631751,-20.964975808981762,0.04625498024996433,-2.595816942885243e-05,13.0,13.0,13.0
0,437,174.8,131.1,13.11,183.01060650601045,125.53315415726355,28.453143849436614,218.89294666571604,0.6435011087932843,1.5108681716736887,223.7432373978839,0.6012230233905558,1.4432823161674229,0.4000000000000057,0.30000000000001137,0.02999999999999936,0.5008991914547494,0.0,0.0,8.772148852156533,-1.9917705162656034,9.206301767707963,6.966653171860685,-0.030592336682102594,-0.03861040705242602,13.0,13.0,13.0
0,438,175.20000000000002,131.4,13.139999999999999,174.70361696926705,127.88420091692551,27.13327143504986,219.39384585717076,0.6435011087932844,1.5108681716736887,218.2015972560078,0.6318855298326395,1.446124055927339,0.4000000000000057,0.30000000000001137,0.02999999999999936,0.500899191454721,1.1102230246251565e-16,0.0,-8.306989536743401,2.351046759661955,-1.3198724143867544,-5.541640141876087,0.03066250644208368,0.0028417397599160843,13.0,13.0,13.0
0,439,175.60000000000002,131.7,13.17,193.32775507792235,119.82916109582982,36.949059516666864,219.89474504862548,0.6435011087932843,1.5108681716736887,230.43411581527084,0.55486850658209,1.4097557162986105,0.4000000000000057,0.29999999999998295,0.030000000000001137,0.500899191454721,-1.1102230246251565e-16,0.0,18.624138108655302,-8.05503982109569,9.815788081617004,12.232518559263042,-0.07701702325054949,-0.03636833962872843,13.0,13.0,13.0
0,440,176.0,132.0,13.2,194.4123597550904,139.1862366629365,20.127103190507555,220.3956442400802,0.6435011087932844,1.5108681716736887,239.94598222261402,0.6213394498505806,1.4868158368340911,0.39999999999997726,0.30000000000001137,0.02999999999999936,0.500899191454721,1.1102230246251565e-16,0.0,1.0846046771680449,19.357075567106676,-16.82195632615931,9.511866407343177,0.06647094326849068,0.07706012053548061,13.0,13.0,13.0
0,441,176.4,132.29999999999998,13.229999999999999,175.00857560376323,117.46548790825098,14.012038956712042,220.89654343153492,0.6435011087932843,1.5108681716736887,211.24033615790802,0.5911334460480001,1.504415374094643,0.4000000000000057,0.29999999999998295,0.02999999999999936,0.500899191454721,-1.1102230246251565e-16,0.0,-19.40378415132716,-21.720748754685516,-6.115064233795513,-28.705646064706002,-0.03020600380258054,0.017599537260551967,13.0,13.0,13.0
0,442,176.8,132.6,13.26,204.28714792002856,118.76442625268903,30.61255712814677,221.39744262298964,0.6435011087932843,1.5108681716736887,238.27579902783683,0.5266010349734194,1.4419649320502619,0.4000000000000057,0.30000000000001137,0.030000000000001137,0.500899191454721,0.0,0.0,29.278572316265326,1.2989383444380564,16.60051817143473,27.035462869928807,-0.06453241107458074,-0.062450442044381216,13.0,13.0,13.0
0,443,177.20000000000002,132.9,13.29,191.79182549595154,159.3327813623657,15.365116522470075,221.89834181444442,0.6435011087932844,1.5108681716736887,249.81418364353542,0.6932170610300674,1.5092512993672107,0.4000000000000057,0.30000000000001137,0.02999999999999936,0.5008991914547778,1.1102230246251565e-16,0.0,-12.495322424077017,40.56835510967666,-15.247440605676694,11.53838461569859,0.16661602605664805,0.06728636731694881,13.0,13.0,13.0
0,444,177.60000000000002,133.2,13.32,188.48126935181878,125.69188356908134,9.435998799524922,222.39924100589914,0.6435011087932843,1.5108681716736887,226.74363621711856,0.5881410807566122,1.5291690305475605,0.4000000000000057,0.29999999999998295,0.030000000000001137,0.500899191454721,-1.1102230246251565e-16,0.0,-3.310556144132761,-33.64089779328435,-5.929117722945152,-23.07054742641685,-0.10507598027345522,0.019917731180349785,13.0,13.0,13.0
0,445,178.0,133.5,13.35,214.50600184540883,154.62983584527336,15.401658149892556,222.90014019735386,0.6435011087932844,1.5108681716736887,264.87812675833555,0.6245923961835828,1.51261730553816,0.39999999999997726,0.30000000000001137,0.02999999999999936,0.500899191454721,1.1102230246251565e-16,0.0,26.02473249359005,28.93795227619202,5.965659350367634,38.13449054121699,0.036451315426970554,-0.016551725009400498,13.0,13.0,13.0
0,446,178.4,133.79999999999998,13.379999999999999,162.3508373206207,138.12724580376704,28.212716547962753,223.40103938880858,0.6435011087932843,1.5108681716736887,215.0183429083589,0.7049552972099408,1.4392061436378805,0.4000000000000057,0.29999999999998295,0.02999999999999936,0.500899191454721,-1.1102230246251565e-16,0.0,-52.15516452478812,-16.502590041506323,12.811058398070196,-49.85978384997665,0.08036290102635801,-0.07341116190027952,13.0,13.0,13.0
0,447,178.8,134.1,13.41,205.19892951324047,114.84045403725533,41.54337439437565,223.9019385802633,0.6435011087932843,1.5108681716736887,238.7902479435332,0.5102250790015256,1.3959322039167577,0.4000000000000057,0.30000000000001137,0.030000000000001137,0.500899191454721,0.0,0.0,42.84809219261976,-23.286791766511712,13.330657846412894,23.771905035174285,-0.19473021820841518,-0.04327393972112281,13.0,13.0,13.0
0,448,179.20000000000002,134.4,13.44,186.81948868631832,150.62569947916785,-2.2299506511324854,224.40283777171805,0.6435011087932844,1.5108681716736887,239.9887401035984,0.6785483829762647,-1.561504296093103,0.4000000000000057,0.30000000000001137,0.02999999999999936,0.5008991914547494,1.1102230246251565e-16,0.0,-18.37944082692215,35.78524544191252,-43.77332504550813,1.1984921600652,0.16832330397473916,-2.9574365000098606,13.0,13.0,13.0
0,449,179.60000000000002,134.7,13.469999999999999,188.5487940046331,150.2678969434257,15.731394965882972,224.90373696317275,0.6435011087932843,1.5108681716736887,241.61656681604882,0.6728911823672287,1.5056413123373766,0.4000000000000057,0.29999999999998295,0.02999999999999936,0.5008991914546925,-1.1102230246251565e-16,0.0,1.729305318314772,-0.35780253574213816,17.961345617015457,1.6278267124504282,-0.005657200609036073,3.0671456084304793,13.0,13.0,13.0
0,450,180.0,135.0,13.5,190.28699208533249,152.40191935786584,13.719658354201282,225.4046361546275,0.6435011087932844,1.5108681716736887,244.17967443298969,0.6752928991910326,1.514579987859709,0.39999999999997726,0.30000000000001137,0.030000000000001137,0.5008991914547494,1.1102230246251565e-16,0.0,1.7381980806993909,2.1340224144401247,-2.0117366116816893,2.5631076169408686,0.0024017168238039677,0.008938675522332407,13.0,13.0,13.0
0,451,180.4,135.29999999999998,13.53,190.76024714104224,154.82436631607462,15.232529919804486,225.90553534608222,0.6435011087932843,1.5108681716736887,246.1545982959557,0.6817847848937142,1.5088747999676573,0.4000000000000057,0.29999999999998295,0.02999999999999936,0.500899191454721,-1.1102230246251565e-16,0.0,0.4732550557097568,2.4224469582087806,1.512871565603204,1.9749238629660226,0.006491885702681555,-0.005705187892051766,13.0,13.0,13.0
0,452,180.8,135.6,13.559999999999999,183.75371576432758,117.23316987648957,1.5633664318447202,226.40643453753694,0.6435011087932843,1.5108681716736887,217.97130153092945,0.5678864820765923,1.563623915449393,0.4000000000000057,0.30000000000001137,0.02999999999999936,0.500899191454721,0.0,0.0,-7.006531376714662,-37.59119643958505,-13.669163487959766,-28.183296765026256,-0.11389830281712188,0.054749115481735666,13.0,13.0,13.0
0,453,181.20000000000002,135.9,13.59,177.5231468850202,149.82585046420255,20.980358660651817,226.9073337289917,0.6435011087932844,1.5108681716736887,233.24328199717056,0.7009883009313829,1.4807240453868764,0.4000000000000057,0.30000000000001137,0.030000000000001137,0.5008991914547494,1.1102230246251565e-16,0.0,-6.230568879307384,32.59268058771298,19.416992228807096,15.271980466241104,0.13310181885479055,-0.08289987006251653,13.0,13.0,13.0
0,454,181.60000000000002,136.2,13.62,183.98994736380536,129.22516764591606,8.289569159464715,227.40823292044638,0.6435011087932843,1.5108681716736887,224.989247833981,0.6123007793612578,1.5339436953765895,0.4000000000000057,0.29999999999998295,0.02999999999999936,0.5008991914546925,-1.1102230246251565e-16,0.0,6.46680047878516,-20.600682818286487,-12.690789501187101,-8.254034163189544,-0.08868752157012505,0.05321964998971307,13.0,13.0,13.0
0,455,182.0,136.5,13.65,177.00067515761418,130.65278061144824,30.13861361191173,227.90913211190113,0.6435011087932844,1.5108681716736887,222.0534262699015,0.63587289293123,1.4346492552821635,0.39999999999997726,0.30000000000001137,0.030000000000001137,0.5008991914547494,1.1102230246251565e-16,0.0,-6.989272206191174,1.4276129655321768,21.849044452447014,-2.935821564079504,0.02357211356997213,-0.099294440094426,13.0,13.0,13.0
0,456,182.4,136.79999999999998,13.68,197.72229933001736,156.62949545246204,40.26215085786056,228.41003130335585,0.6435011087932843,1.5108681716736887,255.4367774807358,0.6699477285075591,1.4125154502708923,0.4000000000000057,0.29999999999998295,0.02999999999999936,0.500899191454721,-1.1102230246251565e-16,0.0,20.72162417240318,25.976714841013802,10.123537245948832,33.38335121083429,0.03407483557632918,-0.022133805011271157,13.0,13.0,13.0
0,457,182.8,137.1,13.709999999999999,186.68471641752635,138.9346807997546,10.365105379729343,228.91093049481057,0.6435011087932843,1.5108681716736887,232.94090298261236,0.6397922586627331,1.526284913342109,0.4000000000000057,0.30000000000001137,0.02999999999999936,0.500899191454721,0.0,0.0,-11.037582912491018,-17.694814652707436,-29.89704547813122,-22.49587449812344,-0.030155469844825977,0.11376946307121671,13.0,13.0,13.0
0,458,183.20000000000002,137.4,13.74,166.05284495645182,115.43659969145524,17.224682745905497,229.41182968626532,0.6435011087932844,1.5108681716736887,202.96759732073937,0.6074836653082617,1.4858299310027707,0.4000000000000057,0.30000000000001137,0.030000000000001137,0.5008991914547494,1.1102230246251565e-16,0.0,-20.631871461074525,-23.49808110829936,6.859577366176154,-29.973305661872985,-0.03230859335447145,-0.04045498233933831,13.0,13.0,13.0
0,459,183.60000000000002,137.7,13.77,175.87236029635534,153.0411521266792,15.948080668914704,229.91272887772004,0.6435011087932843,1.5108681716736887,233.6814554848001,0.7160953111031803,1.5024961409920488,0.4000000000000057,0.29999999999998295,0.02999999999999936,0.500899191454721,-1.1102230246251565e-16,0.0,9.819515339903518,37.604552435223965,-1.2766020769907929,30.713858164060724,0.10861164579491855,0.016666209989278036,13.0,13.0,13.0
0,460,184.0,138.0,13.799999999999999,168.9371961717697,139.2389476624221,36.920198210940086,230.41362806917476,0.6435011087932844,1.5108681716736887,222.0143279891026,0.6893270540457176,1.4037236873765264,0.39999999999997726,0.30000000000001137,0.02999999999999936,0.500899191454721,1.1102230246251565e-16,0.0,-6.93516412458564,-13.802204464257102,20.97211754202538,-11.667127495697486,-0.026768257057462663,-0.09877245361552234,13.0,13.0,13.0
0,461,184.4,138.29999999999998,13.83,151.65686881656802,142.0192439324337,17.752873956368017,230.91452726062948,0.6435011087932843,1.5108681716736887,208.52922107008533,0.7525927464930096,1.4855594048100509,0.4000000000000057,0.29999999999998295,0.030000000000001137,0.500899191454721,-1.1102230246251565e-16,0.0,-17.280327355201678,2.780296270011604,-19.16732425457207,-13.485106919017284,0.06326569244729197,0.08183571743352447,13.0,13.0,13.0
0,462,184.8,138.6,13.86,200.97253701479397,140.16399611848166,31.398656255090966,231.41542645208423,0.6435011087932843,1.5108681716736887,247.02587325357203,0.6089981102866305,1.443344804126896,0.4000000000000057,0.30000000000001137,0.02999999999999936,0.5008991914547494,0.0,0.0,49.31566819822595,-1.8552478139520474,13.64578229872295,38.4966521834867,-0.14359463620637902,-0.04221460068315497,13.0,13.0,13.0
0,463,185.20000000000002,138.9,13.889999999999999,184.26953656601927,145.92367728024527,19.06702513549905,231.91632564353898,0.6435011087932844,1.5108681716736887,235.82309714012843,0.669784471352262,1.4898548882920117,0.4000000000000057,0.30000000000001137,0.02999999999999936,0.5008991914547494,1.1102230246251565e-16,0.0,-16.703000448774702,5.759681161763609,-12.331631119591915,-11.202776113443605,0.06078636106563151,0.04651008416511582,13.0,13.0,13.0
0,464,185.60000000000002,139.2,13.92,184.90447089506577,153.23006263499542,20.221568688735395,232.41722483499368,0.6435011087932843,1.5108681716736887,240.99383247780864,0.691996738310975,1.4867884785968433,0.4000000000000057,0.29999999999998295,0.030000000000001137,0.5008991914546925,-1.1102230246251565e-16,0.0,0.6349343290465015,7.306385354750148,1.1545435532363442,5.170735337680213,0.022212266958712923,-0.0030664096951684705,13.0,13.0,13.0
0,465,186.0,139.5,13.95,210.7030628109463,133.34466602582535,-0.9206321839000182,232.9181240264484,0.6435011087932844,1.5108681716736887,249.3540218225295,0.5642285314385047,-1.5671042496879632,0.39999999999997726,0.30000000000001137,0.02999999999999936,0.500899191454721,1.1102230246251565e-16,0.0,25.798591915880536,-19.885396609170073,-21.142200872635414,8.360189344720851,-0.12776820687247026,-3.0538927282848065,13.0,13.0,13.0
0,466,186.4,139.79999999999998,13.979999999999999,177.88443613381338,158.23679800346545,0.4252325092269942,233.41902321790312,0.6435011087932843,1.5108681716736887,238.07968767562082,0.7270105815475292,1.569010232653603,0.4000000000000057,0.29999999999998295,0.02999999999999936,0.500899191454721,-1.1102230246251565e-16,0.0,-32.818626677132926,24.892131977640105,1.3458646931270124,-11.274334146908672,0.16278205010902447,3.1361144823415663,13.0,13.0,13.0
0,467,186.8,140.1,14.01,190.85421857807648,147.386849731626,18.45368661771079,233.91992240935787,0.6435011087932843,1.5108681716736887,241.8444846851914,0.6575886483040938,1.4944181499494382,0.4000000000000057,0.30000000000001137,0.030000000000001137,0.5008991914547494,0.0,0.0,12.969782444263103,-10.849948271839452,18.028454108483796,3.7647970095705716,-0.06942193324343537,-0.07459208270416484,13.0,13.0,13.0
0,468,187.20000000000002,140.4,14.04,190.84393537790044,146.4659755683398,30.216128499407976,234.4208216008126,0.6435011087932844,1.5108681716736887,242.45969580778262,0.6545851144670934,1.4458481599329776,0.4000000000000057,0.30000000000001137,0.02999999999999936,0.500899191454721,1.1102230246251565e-16,0.0,-0.010283200176047558,-0.9208741632862143,11.762441881697185,0.6152111225912336,-0.0030035338370003606,-0.048569990016460673,13.0,13.0,13.0
0,469,187.60000000000002,140.7,14.07,179.78188852060214,154.49061209392988,15.026615333804116,234.92172079226734,0.6435011087932843,1.5108681716736887,237.51773793462553,0.7098813883040558,1.5074888132535857,0.4000000000000057,0.29999999999998295,0.030000000000001137,0.5008991914547494,-1.1102230246251565e-16,0.0,-11.062046857298299,8.024636525590097,-15.18951316560386,-4.941957873157094,0.05529627383696234,0.061640653320608196,13.0,13.0,13.0
0,470,188.0,141.0,14.1,183.33966565426456,147.23620763815543,16.72928213139005,235.42261998372203,0.6435011087932844,1.5108681716736887,235.73672332183457,0.6766154715576557,1.4997706684932997,0.39999999999997726,0.30000000000001137,0.02999999999999936,0.5008991914546925,1.1102230246251565e-16,0.0,3.5577771336624266,-7.2544044557744485,1.702666797585934,-1.7810146127909547,-0.033265916746400115,-0.007718144760286094,13.0,13.0,13.0
0,471,188.4,141.29999999999998,14.129999999999999,180.9176049321918,137.66745515998136,18.60051794819064,235.92351917517678,0.6435011087932843,1.5108681716736887,228.09973093488532,0.6504660664541837,1.4891601303163566,0.4000000000000057,0.29999999999998295,0.02999999999999936,0.5008991914547494,-1.1102230246251565e-16,0.0,-2.4220607220727572,-9.568752478174076,1.8712358168005885,-7.6369923869492595,-0.026149405103471968,-0.010610538176943018,13.0,13.0,13.0
0,472,188.8,141.6,14.16,187.291464408349,138.49265182174864,12.641531514397716,236.4244183666315,0.6435011087932843,1.5108681716736887,233.2769074895187,0.6367147724781076,1.516578671106907,0.4000000000000057,0.30000000000001137,0.030000000000001137,0.500899191454721,0.0,0.0,6.373859476157179,0.8251966617672792,-5.958986433792923,5.177176554633377,-0.013751293976076107,0.027418540790550283,13.0,13.0,13.0
0,473,189.20000000000002,141.9,14.19,182.7946672310891,136.2357461602949,38.832415922873345,236.92531755808622,0.6435011087932844,1.5108681716736887,231.26181143107897,0.6404823798333243,1.4020816809094785,0.4000000000000057,0.30000000000001137,0.02999999999999936,0.500899191454721,1.1102230246251565e-16,0.0,-4.496797177259879,-2.256905661453743,26.19088440847563,-2.015096058439724,0.003767607355216751,-0.11449699019742843,13.0,13.0,13.0
0,474,189.60000000000002,142.2,14.219999999999999,166.41984488225518,139.1516214497668,7.824047474558851,237.42621674954097,0.6435011087932843,1.5108681716736887,217.07131142004286,0.6963970966945308,1.5347448443962746,0.4000000000000057,0.29999999999998295,0.02999999999999936,0.5008991914547494,-1.1102230246251565e-16,0.0,-16.37482234883393,2.9158752894718987,-31.008368448314492,-14.190500011036107,0.055914716861206415,0.13266316348679608,13.0,13.0,13.0
0,475,190.0,142.5,14.25,196.43771274984536,168.38255552648997,14.427960809063086,237.9271159409957,0.6435011087932844,1.5108681716736887,259.1305193317262,0.708647909197551,1.5150891646217042,0.39999999999997726,0.30000000000001137,0.030000000000001137,0.500899191454721,1.1102230246251565e-16,0.0,30.017867867590184,29.230934076723173,6.6039133345042345,42.05920791168333,0.012250812503020292,-0.01965567977457039,13.0,13.0,13.0
0,476,190.4,142.79999999999998,14.28,174.34578007236146,134.36951386549262,6.892813931402928,238.4280151324504,0.6435011087932843,1.5108681716736887,220.22517605710294,0.6566224135604031,1.5394922772537045,0.4000000000000057,0.29999999999998295,0.02999999999999936,0.500899191454721,-1.1102230246251565e-16,0.0,-22.091932677483896,-34.013041660997345,-7.535146877660157,-38.90534327462325,-0.05202549563714798,0.024403112632000346,13.0,13.0,13.0
0,477,190.8,143.1,14.309999999999999,202.1278296363887,162.94639817933503,26.919054873104905,238.92891432390513,0.6435011087932843,1.5108681716736887,261.02073424997604,0.6784828519559645,1.4674826864416917,0.4000000000000057,0.30000000000001137,0.02999999999999936,0.500899191454721,0.0,0.0,27.782049564027233,28.576884313842413,20.026240941701978,40.7955581928731,0.0218604383955614,-0.07200959081201286,13.0,13.0,13.0
0,478,191.20000000000002,143.4,14.34,203.78785935247265,133.90328547995807,30.50409160171128,239.42981351535988,0.6435011087932844,1.5108681716736887,245.74393397647867,0.5813306581544803,1.446345746970557,0.4000000000000057,0.30000000000001137,0.030000000000001137,0.5008991914547494,1.1102230246251565e-16,0.0,1.6600297160839546,-29.043112699376962,3.585036728606376,-15.276800273497372,-0.09715219380148421,-0.021136939471134708,13.0,13.0,13.0
0,479,191.60000000000002,143.7,14.37,165.71808687041332,187.89086374541728,5.9206646956321265,239.9307127068146,0.6435011087932843,1.5108681716736887,250.60030978717268,0.8480204058686382,1.5471682010241137,0.4000000000000057,0.29999999999998295,0.02999999999999936,0.500899191454721,-1.1102230246251565e-16,0.0,-38.069772482059335,53.987578265459206,-24.583426906079154,4.856375810694004,0.266689747714158,0.10082245405355672,13.0,13.0,13.0
0,480,192.0,144.0,14.399999999999999,206.71160499249328,148.79313039302122,10.907437517381759,240.43161189826932,0.6435011087932844,1.5108681716736887,254.92754948008812,0.6238980693256807,1.527996840097812,0.39999999999997726,0.30000000000001137,0.02999999999999936,0.500899191454721,1.1102230246251565e-16,0.0,40.99351812207996,-39.09773335239606,4.986772821749632,4.327239692915441,-0.22412233654295755,-0.019171360926301784,13.0,13.0,13.0
0,481,192.4,144.29999999999998,14.43,215.4565438350017,151.62609346783393,18.743675481644765,240.93251108972404,0.6435011087932843,1.5108681716736887,264.1274689845824,0.6132338129903103,1.4997721225230394,0.4000000000000057,0.29999999999998295,0.030000000000001137,0.500899191454721,-1.1102230246251565e-16,0.0,8.744938842508418,2.83296307481271,7.836237964263006,9.199919504494261,-0.010664256335370381,-0.028224717574772518,13.0,13.0,13.0
0,482,192.8,144.6,14.459999999999999,184.97771189472155,149.8582706034138,33.208095458379816,241.43341028117877,0.6435011087932843,1.5108681716736887,240.36853531613798,0.6808947530524389,1.4321981010436449,0.4000000000000057,0.30000000000001137,0.02999999999999936,0.500899191454721,0.0,0.0,-30.478831940280145,-1.7678228644201113,14.464419976735051,-23.7589336684444,0.06766094006212853,-0.06757402147939451,13.0,13.0,13.0
0,483,193.20000000000002,144.9,14.49,183.014653550469,127.64368022619291,16.728077793810627,241.93430947263352,0.6435011087932844,1.5108681716736887,223.75679007029166,0.6090129087130691,1.4959664210160426,0.4000000000000057,0.30000000000001137,0.030000000000001137,0.5008991914547494,1.1102230246251565e-16,0.0,-1.9630583442525449,-22.2145903772209,-16.48001766456919,-16.611745245846322,-0.07188184433936973,0.06376831997239774,13.0,13.0,13.0
0,484,193.60000000000002,145.2,14.52,193.50729282970136,139.7919745141264,-7.159371176166008,242.43520866408824,0.6435011087932843,1.5108681716736887,238.82655864136228,0.6256096970776803,-1.5408145528640649,0.4000000000000057,0.29999999999998295,0.02999999999999936,0.500899191454721,-1.1102230246251565e-16,0.0,10.49263927923235,12.148294287933481,-23.887448969976635,15.069768571070625,0.016596788364611204,-3.0367809738801075,13.0,13.0,13.0
0,485,194.0,145.5,14.549999999999999,218.75174871691394,138.46522358492797,13.032955312083631,242.93610785554296,0.6435011087932844,1.5108681716736887,259.2196050326802,0.5643163295001252,1.5204974597640109,0.39999999999997726,0.30000000000001137,0.02999999999999936,0.500899191454721,1.1102230246251565e-16,0.0,25.24445588721258,-1.3267509291984254,20.19232648824964,20.39304639131791,-0.0612933675775551,3.0613120126280755,13.0,13.0,13.0
0,486,194.4,145.79999999999998,14.58,177.40478667834606,138.5456434241855,11.423535267267503,243.43700704699768,0.6435011087932843,1.5108681716736887,225.38378558852347,0.6630214861957473,1.5200897864692342,0.4000000000000057,0.29999999999998295,0.030000000000001137,0.500899191454721,-1.1102230246251565e-16,0.0,-41.34696203856788,0.08041983925753016,-1.6094200448161278,-33.835819444156726,0.09870515669562208,-0.0004076732947766448,13.0,13.0,13.0
0,487,194.8,146.1,14.61,218.9336758603789,135.32966965313102,-3.9091422442566603,243.93790623845243,0.6435011087932843,1.5108681716736887,257.4128110783317,0.5536444800207145,-1.5556094660484043,0.4000000000000057,0.30000000000001137,0.02999999999999936,0.5008991914547494,0.0,0.0,41.528889182032856,-3.215973771054479,-15.332677511524164,32.02902548980822,-0.10937700617503276,-3.0756992525176385,13.0,13.0,13.0
0,488,195.20000000000002,146.4,14.639999999999999,202.55844427689522,136.27765027400486,6.598288701928215,244.43880542990718,0.6435011087932844,1.5108681716736887,244.22337874551246,0.5922242700640656,1.5437756061445598,0.4000000000000057,0.30000000000001137,0.02999999999999936,0.5008991914547494,1.1102230246251565e-16,0.0,-16.375231583483696,0.9479806208738353,10.507430946184876,-13.189432332819223,0.0385797900433511,3.0993850721929643,13.0,13.0,13.0
0,489,195.60000000000002,146.7,14.67,192.85786717675643,153.0327192706013,8.915489533748659,244.93970462136187,0.6435011087932843,1.5108681716736887,246.35879536348702,0.6707649469439964,1.5345993779814926,0.4000000000000057,0.29999999999998295,0.030000000000001137,0.5008991914546925,-1.1102230246251565e-16,0.0,-9.700577100138787,16.755068996596435,2.3172008318204433,2.135416617974556,0.07854067687993072,-0.00917622816306718,13.0,13.0,13.0
0,490,196.0,147.0,14.7,182.61756541824354,139.30152404323727,8.887854608020275,245.4406038128166,0.6435011087932844,1.5108681716736887,229.85448387966758,0.6516458302013939,1.5321193745559658,0.39999999999997726,0.30000000000001137,0.02999999999999936,0.500899191454721,1.1102230246251565e-16,0.0,-10.240301758512885,-13.731195227364026,-0.027634925728383664,-16.504311483819436,-0.01911911674260247,-0.002480003425526789,13.0,13.0,13.0
0,491,196.4,147.29999999999998,14.729999999999999,203.75246866745243,132.53662166272204,48.00337633494741,245.9415030042713,0.6435011087932843,1.5108681716736887,247.76066820503067,0.5767116007121658,1.3758142225633558,0.4000000000000057,0.29999999999998295,0.02999999999999936,0.500899191454721,-1.1102230246251565e-16,0.0,21.13490324920889,-6.764902380515224,39.115521726927135,17.906184325363085,-0.07493422948922812,-0.15630515199260997,13.0,13.0,13.0
0,492,196.8,147.6,14.76,214.65005333268465,158.56614871453672,-8.546190183125544,246.44240219572606,0.6435011087932843,1.5108681716736887,267.0035697898646,0.6362423178475095,-1.5387830839695038,0.4000000000000057,0.30000000000001137,0.030000000000001137,0.5008991914547494,0.0,0.0,10.897584665232216,26.029527051814682,-56.54956651807296,19.24290158483396,0.05953071713534375,-2.9145973065328596,13.0,13.0,13.0
0,493,197.20000000000002,147.9,14.79,188.46823094731985,137.38278172534802,-8.759547981832316,246.9433013871808,0.6435011087932844,1.5108681716736887,233.39030072360106,0.629888505080218,-1.5332557530990156,0.4000000000000057,0.30000000000001137,0.02999999999999936,0.5008991914547494,1.1102230246251565e-16,0.0,-26.181822385364796,-21.1833669891887,-0.21335779870677207,-33.61326906626357,-0.006353812767291522,0.0055273308704881785,13.0,13.0,13.0
0,494,197.60000000000002,148.2,14.82,200.1462736879812,156.5563640677315,17.869250640561443,247.44420057863553,0.6435011087932843,1.5108681716736887,254.73071294947448,0.6637986949604092,1.5005890925160492,0.4000000000000057,0.29999999999998295,0.030000000000001137,0.500899191454721,-1.1102230246251565e-16,0.0,11.67804274066134,19.17358234238347,26.62879862239376,21.340412225873422,0.03391018988019123,3.033844845615065,13.0,13.0,13.0
0,495,198.0,148.5,14.85,196.98568086961106,173.35267594122593,15.75074851524549,247.94509977009022,0.6435011087932844,1.5108681716736887,262.87372406240695,0.7216699473796521,1.5108428707292345,0.39999999999997726,0.30000000000001137,0.02999999999999936,0.5008991914546925,1.1102230246251565e-16,0.0,-3.1605928183701337,16.79631187349443,-2.1185021253159526,8.14301111293247,0.05787125241924285,0.010253778213185294,13.0,13.0,13.0
0,496,198.4,148.79999999999998,14.879999999999999,190.0615472537592,146.9907808016923,31.614162463168217,248.44599896154497,0.6435011087932843,1.5108681716736887,242.3409512513964,0.6583004005287922,1.4399702134794963,0.4000000000000057,0.29999999999998295,0.02999999999999936,0.5008991914547494,-1.1102230246251565e-16,0.0,-6.924133615851872,-26.36189513953363,15.863413947922727,-20.532772811010545,-0.06336954685085983,-0.07087265724973824,13.0,13.0,13.0
0,497,198.8,149.1,14.91,188.32408259674253,162.66155403906063,-3.321719343414003,248.9468981529997,0.6435011087932843,1.5108681716736887,248.8689917762021,0.7124124275117507,-1.5574486696414327,0.4000000000000057,0.30000000000001137,0.030000000000001137,0.500899191454721,0.0,0.0,-1.737464657016659,15.670773237368337,-34.935881806582216,6.528040524805704,0.05411202698295847,-2.997418883120929,13.0,13.0,13.0
0,498,199.20000000000002,149.4,14.94,203.27709286881415,138.95092154760712,13.267458314351902,249.44779734445444,0.6435011087932844,1.5108681716736887,246.58661872504118,0.5996030684696017,1.5169658792767386,0.4000000000000057,0.30000000000001137,0.02999999999999936,0.5008991914547494,1.1102230246251565e-16,0.0,14.953010272071623,-23.71063249145351,16.589177657765905,-2.2823730511609313,-0.11280935904214906,3.0744145489181713,13.0,13.0,13.0
0,499,199.60000000000002,149.7,14.969999999999999,211.14981925439125,165.2164596347069,17.742007081164402,249.94869653590916,0.6435011087932843,1.5108681716736887,268.69220963894156,0.663954445891702,1.5047172794896937,0.4000000000000057,0.29999999999998295,0.02999999999999936,0.500899191454721,-1.1102230246251565e-16,0.0,7.872726385577096,26.26553808709977,4.4745487668125,22.105590913900386,0.0643513774221004,-0.012248599787044956,13.0,13.0,13.0
0,500,200.0,150.0,15.0,198.86765499233564,140.16117756053362,1.3186875429910323,250.44959572736389,0.6435011087932844,1.5108681716736887,243.30071687963047,0.6139376764472396,1.5653763098859947,0.39999999999997726,0.30000000000001137,0.030000000000001137,0.500899191454721,1.1102230246251565e-16,0.0,-12.282164262055602,-25.055282074173277,-16.42331953817337,-25.39149275931109,-0.05001676944446243,0.06065903039630105,13.0,13.0,13.0
0,501,200.4,150.29999999999998,15.03,205.7909951098315,142.52442063165626,28.145139048560424,250.9504949188186,0.6435011087932843,1.5108681716736887,251.9033405827457,0.6057211445891526,1.45883263046969,0.4000000000000057,0.29999999999998295,0.02999999999999936,0.500899191454721,-1.1102230246251565e-16,0.0,6.923340117495854,2.363243071122639,26.82645150556939,8.602623703115228,-0.008216531858087017,-0.10654367941630483,13.0,13.0,13.0
0,502,200.8,150.6,15.059999999999999,197.44597427931257,163.78427606285553,35.46000487991824,251.45139411027333,0.6435011087932843,1.5108681716736887,258.974156607613,0.6924802338758954,1.4334399437195184,0.4000000000000057,0.30000000000001137,0.02999999999999936,0.500899191454721,0.0,0.0,-8.345020830518934,21.25985543119927,7.314865831357814,7.070816024867298,0.08675908928674281,-0.025392686750171478,13.0,13.0,13.0
0,503,201.20000000000002,150.9,15.09,189.7986387271734,181.9281957703601,30.443643185649258,251.9522933017281,0.6435011087932844,1.5108681716736887,264.6662182624781,0.7642286741770343,1.455514595209018,0.4000000000000057,0.30000000000001137,0.030000000000001137,0.5008991914547778,1.1102230246251565e-16,0.0,-7.647335552139168,18.14391970750458,-5.01636169426898,5.6920616548650855,0.07174844030113892,0.022074651489499608,13.0,13.0,13.0
0,504,201.60000000000002,151.2,15.12,215.36823281005812,147.89252778290324,11.48730672794317,252.4531924931828,0.6435011087932843,1.5108681716736887,261.51029366662806,0.6017412639885024,1.5268554018532488,0.4000000000000057,0.29999999999998295,0.02999999999999936,0.5008991914546925,-1.1102230246251565e-16,0.0,25.56959408288472,-34.03566798745686,-18.956336457706087,-3.155924595850024,-0.16248741018853197,0.0713408066442307,13.0,13.0,13.0
0,505,202.0,151.5,15.149999999999999,198.3292871481695,156.55961257931955,24.750364567778306,252.95409168463752,0.6435011087932844,1.5108681716736887,253.88579908676587,0.6682392822063042,1.4731550406965603,0.39999999999997726,0.30000000000001137,0.02999999999999936,0.500899191454721,1.1102230246251565e-16,0.0,-17.03894566188862,8.667084796416304,13.263057839835135,-7.624494579862187,0.06649801821780188,-0.053700361156688414,13.0,13.0,13.0
0,506,202.4,151.79999999999998,15.18,227.98355719951917,154.7911781875458,3.567635271695142,253.45499087609224,0.6435011087932843,1.5108681716736887,275.5894396007707,0.5964635397499095,1.5578504935599755,0.4000000000000057,0.29999999999998295,0.030000000000001137,0.500899191454721,-1.1102230246251565e-16,0.0,29.65427005134967,-1.7684343917737522,-21.182729296083163,21.703640514004803,-0.07177574245639473,0.08469545286341518,13.0,13.0,13.0
0,507,202.8,152.1,15.209999999999999,185.83246174731514,149.22363222743635,4.429566410453775,253.95589006754696,0.6435011087932843,1.5108681716736887,238.3715950208857,0.6765680766895049,1.5522126470526596,0.4000000000000057,0.30000000000001137,0.02999999999999936,0.500899191454721,0.0,0.0,-42.15109545220403,-5.567545960109442,0.8619311387586333,-37.21784457988497,0.0801045369395954,-0.005637846507315913,13.0,13.0,13.0
0,508,203.20000000000002,152.4,15.24,197.08584795440535,162.44421744200974,7.68850461858708,254.4567892590017,0.6435011087932844,1.5108681716736887,255.51921326492058,0.6893421587652564,1.540702052558814,0.4000000000000057,0.30000000000001137,0.030000000000001137,0.5008991914547494,1.1102230246251565e-16,0.0,11.253386207090216,13.22058521457339,3.258938208133305,17.147618244034874,0.01277408207575148,-0.011510594493845616,13.0,13.0,13.0
0,509,203.60000000000002,152.7,15.27,214.5880915030292,137.76299481417763,39.62692809963245,254.95768845045643,0.6435011087932843,1.5108681716736887,258.0639168611083,0.5707222974262303,1.4166316840062074,0.4000000000000057,0.29999999999998295,0.02999999999999936,0.500899191454721,-1.1102230246251565e-16,0.0,17.502243548623852,-24.681222627832113,31.93842348104537,2.544703596187702,-0.11861986133902613,-0.12407036855260656,13.0,13.0,13.0
0,510,204.0,153.0,15.299999999999999,206.30660920412532,161.18272845607817,23.310309000790767,255.45858764191115,0.6435011087932844,1.5108681716736887,262.8415101530994,0.6632201194099065,1.481993860855245,0.39999999999997726,0.30000000000001137,0.02999999999999936,0.500899191454721,1.1102230246251565e-16,0.0,-8.281482298903882,23.419733641900535,-16.316619098841684,4.777593291991138,0.09249782198367629,0.06536217684903756,13.0,13.0,13.0
0,511,204.4,153.29999999999998,15.33,209.4561763058593,193.65579215588895,17.579658542669826,255.95948683336587,0.6435011087932843,1.5108681716736887,285.80325404493374,0.7462221991180142,1.5092478228319832,0.4000000000000057,0.29999999999998295,0.030000000000001137,0.500899191454721,-1.1102230246251565e-16,0.0,3.1495671017339646,32.47306369981078,-5.730650458120941,22.961743891834317,0.08300207970810769,0.02725396197673824,13.0,13.0,13.0
0,512,204.8,153.6,15.36,188.013372612749,136.75888553206192,8.724443084104967,256.4603860248206,0.6435011087932843,1.5108681716736887,232.65454425031075,0.6288724228286376,1.5332879722918664,0.4000000000000057,0.30000000000001137,0.02999999999999936,0.500899191454721,0.0,0.0,-21.442803693110278,-56.89690662382702,-8.855215458564858,-53.14870979462299,-0.1173497762893766,0.024040149459883198,13.0,13.0,13.0
0,513,205.20000000000002,153.9,15.389999999999999,213.12832265085515,153.55381317429664,38.72928434218865,256.96128521627537,0.6435011087932844,1.5108681716736887,265.5229047031384,0.6243363829560663,1.4244136810249013,0.4000000000000057,0.30000000000001137,0.02999999999999936,0.5008991914547778,1.1102230246251565e-16,0.0,25.114950038106144,16.79492764223471,30.00484125808368,32.86836045282766,-0.00453603987257134,-0.10887429126696513,13.0,13.0,13.0
0,514,205.60000000000002,154.2,15.42,202.4054522438586,141.81719466205652,-5.7936275789717175,257.4621844077301,0.6435011087932843,1.5108681716736887,247.21175117777145,0.6111680858193654,-1.5473582902448617,0.4000000000000057,0.29999999999998295,0.030000000000001137,0.500899191454721,-1.1102230246251565e-16,0.0,-10.722870406996549,-11.736618512240113,-44.522911921160365,-18.31115352536696,-0.013168297136700868,-2.971771971269763,13.0,13.0,13.0
0,515,206.0,154.5,15.45,210.17324197441548,171.13082858576456,5.007449767948369,257.9630835991848,0.6435011087932844,1.5108681716736887,271.07863561642966,0.6833619487316859,1.5523229617534016,0.39999999999997726,0.30000000000001137,0.02999999999999936,0.500899191454721,1.1102230246251565e-16,0.0,7.767789730556871,29.31363392370804,10.801077346920087,23.866884438658218,0.07219386291232044,3.0996812519982635,13.0,13.0,13.0
0,516,206.4,154.79999999999998,15.479999999999999,204.31947465940817,171.71549475121762,6.623710167695581,258.46398279063953,0.6435011087932843,1.5108681716736887,266.97665141194955,0.6989098129959144,1.5459837079869787,0.4000000000000057,0.29999999999998295,0.02999999999999936,0.500899191454721,-1.1102230246251565e-16,0.0,-5.853767315007303,0.5846661654530578,1.6162603997472118,-4.101984204480118,0.015547864264228495,-0.006339253766422859,13.0,13.0,13.0
0,517,206.8,155.1,15.51,209.08679539278495,169.51901369371078,41.882734277337924,258.96488198209425,0.6435011087932843,1.5108681716736887,272.411724127026,0.6812670006795142,1.4164361512520887,0.4000000000000057,0.30000000000001137,0.030000000000001137,0.500899191454721,0.0,0.0,4.767320733376778,-2.196481057506844,35.25902410964234,5.435072715076444,-0.01764281231640019,-0.12954755673489005,13.0,13.0,13.0
0,518,207.20000000000002,155.4,15.54,206.17633344817068,185.63717788979366,29.502915510151254,259.465781173549,0.6435011087932844,1.5108681716736887,278.99868156071506,0.733025357188224,1.464852534335463,0.4000000000000057,0.30000000000001137,0.02999999999999936,0.500899191454721,1.1102230246251565e-16,0.0,-2.910461944614269,16.118164196082887,-12.37981876718667,6.586957433689065,0.05175835650870986,0.04841638308337437,13.0,13.0,13.0
0,519,207.60000000000002,155.7,15.57,214.2564294936723,160.16561493131965,41.62358493139194,259.9666803650037,0.6435011087932843,1.5108681716736887,270.7237791702929,0.6419259375984792,1.4164347730725244,0.4000000000000057,0.29999999999998295,0.030000000000001137,0.500899191454721,-1.1102230246251565e-16,0.0,8.08009604550162,-25.47156295847401,12.120669421240684,-8.274902390422142,-0.09109941958974488,-0.04841776126293862,13.0,13.0,13.0
0,520,208.0,156.0,15.6,220.5187354747091,156.25612229305318,33.44027339545677,260.4675795564584,0.6435011087932844,1.5108681716736887,272.3283685813676,0.6164640609024397,1.4476916854250976,0.39999999999997726,0.30000000000001137,0.02999999999999936,0.500899191454721,1.1102230246251565e-16,0.0,6.262305981036803,-3.909492638266471,-8.183311535935168,1.6045894110746985,-0.025461876696039498,0.03125691235257322,13.0,13.0,13.0
0,521,208.4,156.29999999999998,15.629999999999999,212.74043502330485,148.80642341144645,15.856297186670647,260.96847874791314,0.6435011087932843,1.5108681716736887,260.10241541147536,0.610372921286596,1.5097967592223125,0.4000000000000057,0.29999999999998295,0.02999999999999936,0.500899191454721,-1.1102230246251565e-16,0.0,-7.778300451404249,-7.449698881606736,-17.583976208786126,-12.22595316989225,-0.0060911396158436215,0.06210507379721486,13.0,13.0,13.0
0,522,208.8,156.6,15.66,202.05394563418747,157.64213068219578,-0.766895576903611,261.46937793936786,0.6435011087932843,1.5108681716736887,256.27607465620264,0.6625495284870635,-1.5678038635986957,0.4000000000000057,0.30000000000001137,0.030000000000001137,0.500899191454721,0.0,0.0,-10.686489389117384,8.835707270749339,-16.62319276357426,-3.8263407552727244,0.05217660720046746,-3.0776006228210084,13.0,13.0,13.0
0,523,209.20000000000002,156.9,15.69,212.45063476454328,144.42412519986698,-1.2230149720631527,261.9702771308226,0.6435011087932844,1.5108681716736887,256.8951068378417,0.5970404752223046,-1.566035552613314,0.4000000000000057,0.30000000000001137,0.02999999999999936,0.500899191454721,1.1102230246251565e-16,0.0,10.39668913035581,-13.218005482328806,-0.4561193951595417,0.6190321816390565,-0.06550905326475887,0.0017683109853816603,13.0,13.0,13.0
0,524,209.60000000000002,157.2,15.719999999999999,209.39871504747305,172.02368243950718,23.99230148327285,262.47117632227736,0.6435011087932843,1.5108681716736887,272.0580815084262,0.687721426795122,1.4824934566130512,0.4000000000000057,0.29999999999998295,0.02999999999999936,0.5008991914547778,-1.1102230246251565e-16,0.0,-3.051919717070234,27.599557239640205,25.215316455336,15.162974670584504,0.09068095157281741,3.0485290092263653,13.0,13.0,13.0
0,525,210.0,157.5,15.75,219.38710184596493,149.45526182092303,4.499750708168181,262.9720755137321,0.6435011087932844,1.5108681716736887,265.4954302785042,0.5980240673321265,1.5538470099714832,0.39999999999997726,0.30000000000001137,0.030000000000001137,0.500899191454721,1.1102230246251565e-16,0.0,9.988386798491888,-22.568420618584156,-19.492550775104668,-6.562651229921983,-0.08969735946299551,0.07135355335843196,13.0,13.0,13.0
0,526,210.4,157.79999999999998,15.78,228.28611931673336,180.17989151001913,17.67299718438472,263.4729747051868,0.6435011087932843,1.5108681716736887,291.36176895182274,0.6681652946339777,1.5101025289816759,0.4000000000000057,0.29999999999998295,0.02999999999999936,0.500899191454721,-1.1102230246251565e-16,0.0,8.899017470768428,30.724629689096105,13.173246476216539,25.866338673318523,0.07014122730185113,-0.04374448098980732,13.0,13.0,13.0
0,527,210.8,158.1,15.809999999999999,207.3125628938286,147.8103608146765,10.099149096758632,263.9738738966415,0.6435011087932843,1.5108681716736887,254.8105066716266,0.619386435121851,1.5311519842517716,0.4000000000000057,0.30000000000001137,0.02999999999999936,0.500899191454721,0.0,0.0,-20.97355642290475,-32.36953069534263,-7.573848087626088,-36.55126228019614,-0.04877885951212668,0.021049455270095718,13.0,13.0,13.0
0,528,211.20000000000002,158.4,15.84,209.1179787424037,129.23306185932478,4.3086888823229135,264.4747730880963,0.6435011087932844,1.5108681716736887,245.8659759111234,0.5535433657428246,1.5532708866163638,0.4000000000000057,0.30000000000001137,0.030000000000001137,0.5008991914547778,1.1102230246251565e-16,0.0,1.8054158485750804,-18.577298955351722,-5.7904602144357185,-8.944530760503199,-0.0658430693790264,0.02211890236459224,13.0,13.0,13.0
0,529,211.60000000000002,158.7,15.87,236.39219582551993,155.78597406234644,4.27741326264888,264.97567227955096,0.6435011087932843,1.5108681716736887,283.1410182682554,0.582686486839762,1.5556887454022648,0.4000000000000057,0.29999999999998295,0.02999999999999936,0.5008991914546641,-1.1102230246251565e-16,0.0,27.27421708311624,26.552912203021663,-0.031275619674033805,37.27504235713198,0.029143121096937397,0.0024178587859009504,13.0,13.0,13.0
0,530,212.0,159.0,15.899999999999999,194.47161393895058,160.25146017736347,22.027135053042052,265.4765714710057,0.6435011087932844,1.5108681716736887,252.95243385989056,0.6892257156146531,1.483605748738168,0.39999999999997726,0.30000000000001137,0.02999999999999936,0.500899191454721,1.1102230246251565e-16,0.0,-41.92058188656935,4.465486115017029,17.749721790393174,-30.188584408364818,0.10653922877489108,-0.07208299666409679,13.0,13.0,13.0
0,531,212.4,159.29999999999998,15.93,237.40960764796412,164.92048804302823,21.321083888574677,265.9774706624604,0.6435011087932843,1.5108681716736887,289.85630543097477,0.6071374205235472,1.4971724054432807,0.4000000000000057,0.29999999999998295,0.030000000000001137,0.500899191454721,-1.1102230246251565e-16,0.0,42.93799370901354,4.669027865664759,-0.7060511644673753,36.90387157108421,-0.08208829509110582,0.0135666567051127,13.0,13.0,13.0
0,532,212.8,159.6,15.959999999999999,222.06428299341624,168.25184649725713,14.606386947673345,266.4783698539152,0.6435011087932843,1.5108681716736887,278.98848752373596,0.6483930116376523,1.5184175778818358,0.4000000000000057,0.30000000000001137,0.02999999999999936,0.5008991914547778,0.0,0.0,-15.34532465454788,3.331358454228905,-6.714696940901332,-10.867817907238816,0.04125559111410504,0.02124517243855517,13.0,13.0,13.0
0,533,213.20000000000002,159.9,15.99,230.0625747086625,159.99059939404665,5.370512362120374,266.9792690453699,0.6435011087932844,1.5108681716736887,280.27597574368895,0.6076469375884817,1.5516336388584324,0.4000000000000057,0.30000000000001137,0.030000000000001137,0.500899191454721,1.1102230246251565e-16,0.0,7.998291715246268,-8.26124710321048,-9.23587458555297,1.2874882199529907,-0.04074607404917063,0.03321606097659657,13.0,13.0,13.0
0,534,213.60000000000002,160.2,16.02,210.31635434971957,110.07327836615062,32.53760160344429,267.4801682368246,0.6435011087932843,1.5108681716736887,239.5992300391079,0.48216836930086693,1.434575318423533,0.4000000000000057,0.29999999999998295,0.02999999999999936,0.500899191454721,-1.1102230246251565e-16,0.0,-19.746220358942935,-49.91732102789604,27.167089241323914,-40.67674570458104,-0.12547856828761472,-0.11705832043489939,13.0,13.0,13.0
0,535,214.0,160.5,16.05,189.63666740022595,159.53187750635766,8.406050387667108,267.98106742827935,0.6435011087932844,1.5108681716736887,247.9579545940953,0.6993923495162276,1.5368887177680814,0.39999999999997726,0.30000000000001137,0.030000000000001137,0.500899191454721,1.1102230246251565e-16,0.0,-20.67968694949363,49.45859914020704,-24.13155121577718,8.35872455498739,0.2172239802153607,0.10231339934454842,13.0,13.0,13.0
0,536,214.4,160.79999999999998,16.08,235.8457617788918,160.33406655857746,33.40050780614944,268.48196661973407,0.6435011087932843,1.5108681716736887,287.13381927245143,0.5970576245366731,1.4542085444880695,0.4000000000000057,0.29999999999998295,0.029999999999997584,0.500899191454721,-1.1102230246251565e-16,0.0,46.20909437866587,0.8021890522198021,24.994457418482334,39.175864678356135,-0.10233472497955454,-0.08268017328001198,13.0,13.0,13.0
0,537,214.8,161.1,16.11,226.7571517176174,176.20610158601966,6.002951822639611,268.9828658111888,0.6435011087932843,1.5108681716736887,287.2341057775246,0.6606018022684322,1.5498956441196552,0.4000000000000057,0.30000000000001137,0.030000000000001137,0.500899191454721,0.0,0.0,-9.088610061274409,15.872035027442195,-27.397555983509832,0.10028650507314296,0.06354417773175913,0.09568709963158573,13.0,13.0,13.0
0,538,215.20000000000002,161.4,16.14,204.10667928236958,148.06536699703514,31.303063073737988,269.48376500264357,0.6435011087932844,1.5108681716736887,254.0920525900824,0.6275908166603889,1.4472867931512632,0.4000000000000057,0.30000000000001137,0.030000000000001137,0.5008991914547778,1.1102230246251565e-16,0.0,-22.65047243524782,-28.140734588984515,25.30011125109838,-33.14205318744217,-0.033010985608043386,-0.102608850968392,13.0,13.0,13.0
0,539,215.60000000000002,161.7,16.169999999999998,196.54461874860982,165.75540172462783,48.08243497401919,269.9846641940983,0.6435011087932843,1.5108681716736887,261.56559581290486,0.7006192111863131,1.3859194268245203,0.4000000000000057,0.29999999999998295,0.029999999999997584,0.500899191454721,-1.1102230246251565e-16,0.0,-7.562060533759762,17.69003472759269,16.779371900281205,7.473543222822457,0.07302839452592425,-0.06136736632674289,13.0,13.0,13.0
0,540,216.0,162.0,16.2,210.17428137940283,147.34856751738783,10.387485917285687,270.485563385553,0.6435011087932844,1.5108681716736887,256.8904995644183,0.6114490965131798,1.530349838289152,0.39999999999997726,0.30000000000001137,0.030000000000001137,0.500899191454721,1.1102230246251565e-16,0.0,13.629662630793007,-18.406834207239996,-37.694949056733506,-4.675096248486568,-0.0891701146731333,0.14443041146463176,13.0,13.0,13.0
0,541,216.4,162.29999999999998,16.23,215.46869822870553,150.79917539886824,3.227039875737491,270.9864625770077,0.6435011087932843,1.5108681716736887,263.0162827729705,0.6106358995031275,1.5585266649623988,0.4000000000000057,0.29999999999998295,0.030000000000001137,0.500899191454721,-1.1102230246251565e-16,0.0,5.294416849302706,3.4506078814804084,-7.160446041548196,6.125783208552207,-0.0008131970100523356,0.028176826673246724,13.0,13.0,13.0
0,542,216.8,162.6,16.259999999999998,239.81849821142313,160.11227798210496,-0.6183137505265073,271.48736176846245,0.6435011087932843,1.5108681716736887,288.3560922833005,0.5886757312250359,-1.5686520536517297,0.4000000000000057,0.30000000000001137,0.029999999999997584,0.500899191454721,0.0,0.0,24.3497999827176,9.313102583236713,-3.8453536262639982,25.339809510329985,-0.021960168278091552,-3.1271787186141284,13.0,13.0,13.0
0,543,217.20000000000002,162.9,16.29,226.47488900391704,158.53058636434406,4.926528441644214,271.98826095991717,0.6435011087932844,1.5108681716736887,276.490674064869,0.6107205237060516,1.5529773201416501,0.4000000000000057,0.30000000000001137,0.030000000000001137,0.500899191454721,1.1102230246251565e-16,0.0,-13.343609207506091,-1.581691617760896,5.544842192170721,-11.8654182184315,0.02204479248101565,3.12162937379338,13.0,13.0,13.0
0,544,217.60000000000002,163.2,16.32,237.02123111607938,149.62650281906053,9.019262214140758,272.4891601513719,0.6435011087932843,1.5108681716736887,280.44340148509764,0.5631017454313763,1.538630058381945,0.4000000000000057,0.29999999999998295,0.030000000000001137,0.500899191454721,-1.1102230246251565e-16,0.0,10.546342112162336,-8.904083545283527,4.092733772496544,3.952727420228655,-0.04761877827467531,-0.014347261759705132,13.0,13.0,13.0
0,545,218.0,163.5,16.349999999999998,230.18302603279534,163.74520836338806,46.50495642018382,272.9900593428266,0.6435011087932844,1.5108681716736887,286.285573697361,0.6183158844206774,1.4076307546655857,0.39999999999997726,0.30000000000001137,0.029999999999997584,0.500899191454721,1.1102230246251565e-16,0.0,-6.838205083284038,14.118705544327526,37.48569420604306,5.8421722122633355,0.055214138989301165,-0.13099930371635926,13.0,13.0,13.0
0,546,218.4,163.79999999999998,16.38,214.4988434006192,150.19828132618764,20.16029646552996,273.49095853428133,0.6435011087932843,1.5108681716736887,262.63228112157503,0.6108795475070095,1.493958292777642,0.4000000000000057,0.29999999999998295,0.030000000000001137,0.500899191454721,-1.1102230246251565e-16,0.0,-15.684182632176146,-13.546927037200419,-26.344659954653856,-23.65329257578594,-0.0074363369136679625,0.08632753811205629,13.0,13.0,13.0
0,547,218.8,164.1,16.41,239.2115837184101,162.10992090700566,5.8343218268177335,273.9918577257361,0.6435011087932843,1.5108681716736887,289.02568666595096,0.5955914202176961,1.5506087850006585,0.4000000000000057,0.30000000000001137,0.030000000000001137,0.5008991914547778,0.0,0.0,24.712740317790917,11.911639580818019,-14.325974638712227,26.393405544375923,-0.015288127289313391,0.056650492223016435,13.0,13.0,13.0
0,548,219.20000000000002,164.4,16.439999999999998,251.14947706399403,169.23741525672855,19.732677477390187,274.49275691719083,0.6435011087932844,1.5108681716736887,303.4909242674692,0.5929601380962062,1.5057314249021565,0.4000000000000057,0.30000000000001137,0.029999999999997584,0.500899191454721,1.1102230246251565e-16,0.0,11.937893345583916,7.127494349722895,13.898355650572453,14.465237601518254,-0.0026312821214898863,-0.04487736009850196,13.0,13.0,13.0
0,549,219.60000000000002,164.7,16.47,223.26841712918343,161.3142427831581,3.7146136024922143,274.9936561086455,0.6435011087932843,1.5108681716736887,275.4720845499423,0.6256758452268235,1.5573113807945094,0.4000000000000057,0.29999999999998295,0.030000000000001137,0.5008991914546641,-1.1102230246251565e-16,0.0,-27.881059934810594,-7.923172473570446,-16.018063874897972,-28.01883971752693,0.03271570713061733,0.05157995589235287,13.0,13.0,13.0
0,550,220.0,165.0,16.5,226.09465624880943,154.6978952082305,43.4808045405967,275.4945553001003,0.6435011087932844,1.5108681716736887,277.3820699497744,0.6000548873076189,1.4133929650539445,0.39999999999997726,0.30000000000001137,0.030000000000001137,0.5008991914547778,1.1102230246251565e-16,0.0,2.8262391196259955,-6.616347574927602,39.76619093810449,1.9099853998321237,-0.0256209579192046,-0.14391841574056485,13.0,13.0,13.0
0,551,220.4,165.29999999999998,16.53,207.7485692199655,156.58977615299585,18.133671270535864,275.995454491555,0.6435011087932843,1.5108681716736887,260.78469288348964,0.6458946190313234,1.5012051401449356,0.4000000000000057,0.29999999999998295,0.030000000000001137,0.500899191454721,-1.1102230246251565e-16,0.0,-18.346087028843925,1.8918809447653473,-25.347133270060837,-16.597377066284764,0.04583973172370448,0.08781217509099104,13.0,13.0,13.0
0,552,220.8,165.6,16.56,232.50138261919207,169.74782583893614,24.83935790852863,276.4963536830097,0.6435011087932843,1.5108681716736887,288.9432660544103,0.6306389678440912,1.4847238772216136,0.4000000000000057,0.30000000000001137,0.029999999999997584,0.500899191454721,0.0,0.0,24.752813399226568,13.158049685940284,6.705686637992766,28.158573170920647,-0.015255651187232155,-0.01648126292332197,13.0,13.0,13.0
0,553,221.20000000000002,165.9,16.59,213.62603153457624,171.73367000348526,17.147411435678357,276.99725287446444,0.6435011087932844,1.5108681716736887,274.6316960604187,0.6771136272522462,1.5083178410284357,0.4000000000000057,0.30000000000001137,0.030000000000001137,0.500899191454721,1.1102230246251565e-16,0.0,-18.87535108461583,1.9858441645491212,-7.691946472850272,-14.311569993991611,0.046474659408154984,0.023593963806822105,13.0,13.0,13.0
0,554,221.60000000000002,166.2,16.62,224.98022063242453,158.5340800792865,1.4385389779579185,277.49815206591916,0.6435011087932843,1.5108681716736887,275.2294018029163,0.613845206900745,1.5655696122129727,0.4000000000000057,0.29999999999998295,0.030000000000001137,0.500899191454721,-1.1102230246251565e-16,0.0,11.354189097848291,-13.199589924198762,-15.708872457720439,0.5977057424976238,-0.06326842035150126,0.05725177118453706,13.0,13.0,13.0
0,555,222.0,166.5,16.65,216.04674551933,193.31569370394337,-1.947862977899895,277.9990512573739,0.6435011087932844,1.5108681716736887,289.91541499532525,0.7299271915743266,-1.5640775476879702,0.39999999999997726,0.30000000000001137,0.029999999999997584,0.500899191454721,1.1102230246251565e-16,0.0,-8.933475113094545,34.78161362465687,-3.3864019558578136,14.68601319240895,0.11608198467358166,-3.129647159900943,13.0,13.0,13.0
0,556,222.4,166.79999999999998,16.68,232.9188279820633,188.50721647093616,24.92624712586655,278.4999504488286,0.6435011087932843,1.5108681716736887,300.6783478834786,0.6804015927993143,1.4878010378014845,0.4000000000000057,0.29999999999998295,0.030000000000001137,0.500899191454721,-1.1102230246251565e-16,0.0,16.872082462733317,-4.80847723300721,26.874110103766444,10.76293288815333,-0.04952559877501228,3.0518785854894546,13.0,13.0,13.0
0,557,222.8,167.1,16.71,240.11134273628826,163.23776392401643,39.39478527821605,279.0008496402834,0.6435011087932843,1.5108681716736887,293.0050743394267,0.5970685756972325,1.4359370533141276,0.4000000000000057,0.30000000000001137,0.030000000000001137,0.5008991914547778,0.0,0.0,7.192514754224959,-25.269452546919723,14.468538152349499,-7.673273544051881,-0.08333301710208185,-0.05186398448735696,13.0,13.0,13.0
0,558,223.20000000000002,167.4,16.74,228.02616587072825,149.78378613859047,3.512345035740065,279.5017488317381,0.6435011087932844,1.5108681716736887,272.843272739802,0.5811903263750546,1.5579228481230842,0.4000000000000057,0.30000000000001137,0.029999999999997584,0.500899191454721,1.1102230246251565e-16,0.0,-12.085176865560015,-13.453977785425963,-35.88244024247598,-20.16180159962471,-0.01587824932217785,0.12198579480895666,13.0,13.0,13.0
0,559,223.60000000000002,167.7,16.77,217.16900896865045,190.54269265035128,41.57636301735627,280.0026480231928,0.6435011087932843,1.5108681716736887,291.8860910365943,0.7201840444044227,1.4278698362334523,0.4000000000000057,0.29999999999998295,0.030000000000001137,0.500899191454721,-1.1102230246251565e-16,0.0,-10.857156902077804,40.75890651176081,38.0640179816162,19.04281829679229,0.1389937180293681,-0.13005301188963192,13.0,13.0,13.0
0,560,224.0,168.0,16.8,208.8559742406643,173.84662290858907,5.371616019655232,280.50354721464754,0.6435011087932844,1.5108681716736887,271.79462932773487,0.6941728073048673,1.5510315294427384,0.39999999999997726,0.30000000000001137,0.030000000000001137,0.500899191454721,1.1102230246251565e-16,0.0,-8.31303472798615,-16.696069741762216,-36.20474699770104,-20.091461708859413,-0.02601123709955544,0.12316169320928605,13.0,13.0,13.0
0,561,224.4,168.29999999999998,16.83,217.79488234152814,145.47320186872182,14.447695590328728,281.00444640610226,0.6435011087932843,1.5108681716736887,262.30859525369885,0.5888813639238498,1.5156894380785506,0.4000000000000057,0.29999999999998295,0.029999999999997584,0.500899191454721,-1.1102230246251565e-16,0.0,8.938908100863841,-28.373421039867253,9.076079570673496,-9.486034074036013,-0.10529144338101748,-0.035342091364187755,13.0,13.0,13.0
0,562,224.8,168.6,16.86,242.6762953992751,192.8854561833657,-2.026733354799198,281.505345597557,0.6435011087932843,1.5108681716736887,310.00111484295144,0.6715781601947582,-1.5642584541995952,0.4000000000000057,0.30000000000001137,0.030000000000001137,0.500899191454721,0.0,0.0,24.881413057746954,47.41225431464389,-16.474428945127926,47.69251958925258,0.08269679627090842,-3.079947892278146,13.0,13.0,13.0
0,563,225.20000000000002,168.9,16.89,237.02533762064633,168.01762065744936,15.843494480075266,282.00624478901176,0.6435011087932844,1.5108681716736887,290.96726249341543,0.6166471057333586,1.5163182596164373,0.4000000000000057,0.30000000000001137,0.030000000000001137,0.5008991914547778,1.1102230246251565e-16,0.0,-5.650957778628765,-24.867835525916348,17.870227834874463,-19.033852349536005,-0.054931054461399675,3.0805767138160327,13.0,13.0,13.0
0,564,225.60000000000002,169.2,16.919999999999998,223.15365361882533,199.01865384127717,8.324631194503274,282.5071439804664,0.6435011087932843,1.5108681716736887,299.12418355049346,0.728291721953362,1.542962715833714,0.4000000000000057,0.29999999999998295,0.029999999999997584,0.5008991914546641,-1.1102230246251565e-16,0.0,-13.871684001820995,31.001033183827815,-7.518863285571992,8.156921057078023,0.11164461622000343,0.026644456217276735,13.0,13.0,13.0
0,565,226.0,169.5,16.95,255.08348542860085,189.14209582525586,0.12704917167153695,283.0080431719212,0.6435011087932844,1.5108681716736887,317.55681868457106,0.6380330372959468,1.570396243510314,0.39999999999997726,0.30000000000001137,0.030000000000001137,0.5008991914547778,1.1102230246251565e-16,0.0,31.92983180977552,-9.876558016021306,-8.197582022831737,18.4326351340776,-0.09025868465741516,0.02743352767660001,13.0,13.0,13.0
0,566,226.4,169.79999999999998,16.98,232.96828788360136,173.55839129709375,9.363402116471441,283.5089423633759,0.6435011087932843,1.5108681716736887,290.6620230581326,0.640285186626093,1.5385766984935085,0.4000000000000057,0.29999999999998295,0.030000000000001137,0.500899191454721,-1.1102230246251565e-16,0.0,-22.11519754499949,-15.583704528162116,9.236352944799904,-26.89479562643845,0.0022521493301461692,-0.031819545016805506,13.0,13.0,13.0
0,567,226.8,170.1,17.009999999999998,250.60196488875533,159.13696062986088,13.901460401220774,284.00984155483064,0.6435011087932843,1.5108681716736887,297.18540954411196,0.5657714319111928,1.5240021889642368,0.4000000000000057,0.30000000000001137,0.029999999999997584,0.500899191454721,0.0,0.0,17.63367700515397,-14.421430667232869,4.538058284749333,6.523386485979358,-0.07451375471490018,-0.01457450952927175,13.0,13.0,13.0
0,568,227.20000000000002,170.4,17.04,215.5823707643762,201.878725982656,20.35508303518258,284.51074074628536,0.6435011087932844,1.5108681716736887,296.04916482594314,0.7525837864014749,1.5019862868392124,0.4000000000000057,0.30000000000001137,0.030000000000001137,0.500899191454721,1.1102230246251565e-16,0.0,-35.019594124379125,42.74176535279511,6.453622633961807,-1.1362447181688253,0.1868123544902821,-0.022015902125024356,13.0,13.0,13.0
0,569,227.60000000000002,170.7,17.07,228.5011619591262,161.036577413153,-3.3715889826014553,285.0116399377401,0.6435011087932843,1.5108681716736887,279.5656057062114,0.6139078964213172,-1.5587359350663768,0.4000000000000057,0.29999999999998295,0.030000000000001137,0.500899191454721,-1.1102230246251565e-16,0.0,12.918791194749986,-40.842148569502996,-23.726672017784036,-16.48355911973175,-0.13867588998015778,-3.060722221905589,13.0,13.0,13.0
0,570,228.0,171.0,17.099999999999998,257.2913322792934,173.44047030466078,10.901182300817528,285.5125391291948,0.6435011087932844,1.5108681716736887,310.4823057456114,0.5931321415994517,1.535678630638488,0.39999999999997726,0.30000000000001137,0.029999999999997584,0.500899191454721,1.1102230246251565e-16,0.0,28.790170320167192,12.40389289150778,14.272771283418983,30.91670003940004,-0.020775754821865444,3.0944145657048647,13.0,13.0,13.0
0,571,228.4,171.29999999999998,17.13,251.49284298341163,170.14830717012214,17.990531563975654,286.0134383206495,0.6435011087932843,1.5108681716736887,304.1755344052042,0.594815984509212,1.511616560417721,0.4000000000000057,0.29999999999998295,0.030000000000001137,0.500899191454721,-1.1102230246251565e-16,0.0,-5.798489295881751,-3.29216313453864,7.089349263158127,-6.306771340407238,0.0016838429097603136,-0.024062070220767007,13.0,13.0,13.0
0,572,228.8,171.6,17.16,217.8741057957128,172.20417021945252,10.047422908669677,286.51433751210425,0.6435011087932843,1.5108681716736887,277.89270037976405,0.6688498578412281,1.5346326807258248,0.4000000000000057,0.30000000000001137,0.030000000000001137,0.500899191454721,0.0,0.0,-33.61873718769883,2.0558630493303838,-7.943108655305977,-26.28283402544014,0.07403387333201605,0.02301612030810385,13.0,13.0,13.0
0,573,229.20000000000002,171.9,17.189999999999998,209.7413468155596,180.81574778447438,35.93933249655764,287.015236703559,0.6435011087932844,1.5108681716736887,279.2443425231058,0.7114707277960066,1.4417362462922012,0.4000000000000057,0.30000000000001137,0.029999999999997584,0.5008991914547778,1.1102230246251565e-16,0.0,-8.132758980153199,8.611577565021861,25.891909587887962,1.351642143341735,0.04262086995477854,-0.09289643443362361,13.0,13.0,13.0
0,574,229.60000000000002,172.2,17.22,219.4588858672706,174.45617614100505,34.67576713274521,287.5161358950137,0.6435011087932843,1.5108681716736887,282.48817463053115,0.6716466378227836,1.4477347345823295,0.4000000000000057,0.29999999999998295,0.030000000000001137,0.5008991914546641,-1.1102230246251565e-16,0.0,9.717539051710986,-6.359571643469337,-1.2635653638124325,3.243832107425362,-0.039824089973223065,0.005998488290128279,13.0,13.0,13.0
0,575,230.0,172.5,17.25,249.252607053659,175.58473537602455,19.205944941932916,288.01703508646847,0.6435011087932844,1.5108681716736887,305.4926017782212,0.6137029136703207,1.507886065641481,0.39999999999997726,0.30000000000001137,0.030000000000001137,0.5008991914547778,1.1102230246251565e-16,0.0,29.79372118638841,1.1285592350195088,-15.469822190812291,23.00442714769008,-0.05794372415246285,0.06015133105915149,13.0,13.0,13.0
0,576,230.4,172.79999999999998,17.28,216.11839800565664,152.30910938641506,19.677876916149934,288.5179342779232,0.6435011087932843,1.5108681716736887,265.12722530615656,0.6139057497874477,1.4965075080629084,0.4000000000000057,0.29999999999998295,0.030000000000001137,0.500899191454721,-1.1102230246251565e-16,0.0,-33.13420904800236,-23.275625989609495,0.4719319742170178,-40.36537647206467,0.00020283611712701433,-0.011378557578572535,13.0,13.0,13.0
0,577,230.8,173.1,17.31,243.84767459077042,178.51225839186964,14.596074338975917,289.0188334693779,0.6435011087932843,1.5108681716736887,302.55802779896754,0.631923313802057,1.5225353634746976,0.4000000000000057,0.30000000000001137,0.029999999999997584,0.500899191454721,0.0,0.0,27.72927658511378,26.203149005454577,-5.081802577174017,37.43080249281098,0.0180175640146093,0.026027855411789202,13.0,13.0,13.0
0,578,231.20000000000002,173.4,17.34,232.14865097559726,165.31868996965778,2.42022602099318,289.5197326608327,0.6435011087932844,1.5108681716736887,285.0072330609632,0.6188167995876969,1.5623044191217672,0.4000000000000057,0.30000000000001137,0.030000000000001137,0.5008991914547778,1.1102230246251565e-16,0.0,-11.69902361517316,-13.193568422211854,-12.175848317982737,-17.550794738004356,-0.013106514214360154,0.03976905564706956,13.0,13.0,13.0
0,579,231.60000000000002,173.7,17.37,224.8360641639953,173.94625447162073,35.49326831022605,290.02063185228735,0.6435011087932843,1.5108681716736887,286.47570104426615,0.658471197561725,1.4465808819586987,0.4000000000000057,0.29999999999998295,0.030000000000001137,0.5008991914546641,-1.1102230246251565e-16,0.0,-7.31258681160196,8.62756450196295,33.07304228923287,1.4684679833029577,0.039654397974028144,-0.11572353716306849,13.0,13.0,13.0
0,580,232.0,174.0,17.4,244.73133043901578,197.57962132126548,29.882409879702326,290.5215310437421,0.6435011087932844,1.5108681716736887,315.94950432011115,0.6791961737286517,1.4760750467989643,0.39999999999997726,0.30000000000001137,0.029999999999997584,0.500899191454721,1.1102230246251565e-16,0.0,19.895266275020475,23.633366849644744,-5.610858430523724,29.473803275845,0.0207249761669267,0.02949416484026557,13.0,13.0,13.0
0,581,232.4,174.29999999999998,17.43,232.20325793568583,156.25774704430836,-16.254711583561445,291.02243023519685,0.6435011087932843,1.5108681716736887,280.3552249485899,0.5923298145937618,-1.5127848085061832,0.4000000000000057,0.29999999999998295,0.030000000000001137,0.5008991914547778,-1.1102230246251565e-16,0.0,-12.528072503329952,-41.32187427695712,-46.13712146326377,-35.594279371521225,-0.08686635913488994,-2.9888598553051473,13.0,13.0,13.0
0,582,232.8,174.6,17.46,246.0243238976161,180.41281955271555,18.788665492153175,291.5233294266515,0.6435011087932843,1.5108681716736887,305.66283280637157,0.6327355714195411,1.5092889551104864,0.4000000000000057,0.30000000000001137,0.030000000000001137,0.5008991914546641,0.0,0.0,13.821065961930287,24.155072508407187,35.043377075714616,25.307607857781647,0.04040575682577929,3.0220737636166697,13.0,13.0,13.0
0,583,233.20000000000002,174.9,17.49,219.0740228896435,182.73347973859217,6.435873517692041,292.0242286181063,0.6435011087932844,1.5108681716736887,285.35306655153056,0.6952008939306604,1.5482403425177054,0.4000000000000057,0.30000000000001137,0.029999999999997584,0.5008991914547778,1.1102230246251565e-16,0.0,-26.950301007972627,2.320660185876619,-12.352791974461134,-20.30976625484101,0.06246532251111936,0.03895138740721893,13.0,13.0,13.0
0,584,233.60000000000002,175.2,17.52,232.79608915853038,174.47339665466242,42.621788542057416,292.525127809561,0.6435011087932843,1.5108681716736887,294.02653303102676,0.6431610295332355,1.4253248046743443,0.4000000000000057,0.29999999999998295,0.030000000000001137,0.500899191454721,-1.1102230246251565e-16,0.0,13.722066268886891,-8.260083083929743,36.18591502436537,8.673466479496199,-0.05203986439742492,-0.12291553784336107,13.0,13.0,13.0
0,585,234.0,175.5,17.55,236.1694375541949,188.23459365318053,15.12028040547565,293.02602700101573,0.6435011087932844,1.5108681716736887,302.3853309305578,0.6729285498975426,1.520772112919077,0.39999999999997726,0.30000000000001137,0.030000000000001137,0.500899191454721,1.1102230246251565e-16,0.0,3.3733483956645216,13.761196998518102,-27.501508136581766,8.358797899531055,0.029767520364307076,0.09544730824473269,13.0,13.0,13.0
0,586,234.4,175.79999999999998,17.58,275.32165060194257,166.7951936942381,3.9381356668281455,293.52692619247046,0.6435011087932843,1.5108681716736887,321.92880710214007,0.5446874780752422,1.5585630820313874,0.4000000000000057,0.29999999999998295,0.029999999999997584,0.500899191454721,-1.1102230246251565e-16,0.0,39.152213047747665,-21.43939995894243,-11.182144738647505,19.543476171582256,-0.12824107182230038,0.03779096911231039,13.0,13.0,13.0
0,587,234.8,176.1,17.61,216.6954954574716,154.06729592022393,21.988854324644496,294.0278253839252,0.6435011087932843,1.5108681716736887,266.7905154578014,0.6180606144280004,1.488282801503965,0.4000000000000057,0.30000000000001137,0.030000000000001137,0.500899191454721,0.0,0.0,-58.62615514447097,-12.727897774014167,18.05071865781635,-55.138291644338665,0.07337313635275822,-0.0702802805274223,13.0,13.0,13.0
0,588,235.20000000000002,176.4,17.64,250.9356488719729,183.3211112935645,22.53921700147882,294.52872457537995,0.6435011087932844,1.5108681716736887,311.58200529514744,0.6309366500039988,1.498395096307744,0.4000000000000057,0.30000000000001137,0.030000000000001137,0.5008991914547778,1.1102230246251565e-16,0.0,34.24015341450129,29.253815373340586,0.5503626768343253,44.791489837346035,0.012876035575998368,0.010112294803778843,13.0,13.0,13.0
0,589,235.60000000000002,176.7,17.669999999999998,255.42689833984107,169.9204411164994,-0.3800444237940077,295.0296237668346,0.6435011087932843,1.5108681716736887,306.7833130052893,0.5870149426995882,-1.5695575223851128,0.4000000000000057,0.29999999999998295,0.029999999999997584,0.5008991914546641,-1.1102230246251565e-16,0.0,4.491249467868187,-13.400670177065109,-22.91926142527283,-4.798692289858138,-0.043921707304410584,-3.067952618692857,13.0,13.0,13.0
0,590,236.0,177.0,17.7,230.18671659527735,159.56518639197367,25.315872719571395,295.53052295828934,0.6435011087932844,1.5108681716736887,281.2256507091296,0.6061468912189731,1.480654515763772,0.39999999999997726,0.30000000000001137,0.030000000000001137,0.500899191454721,1.1102230246251565e-16,0.0,-25.240181744563728,-10.355254724525736,25.695917143365403,-25.55766229615972,0.019131948519384934,3.050212038148885,13.0,13.0,13.0
0,591,236.4,177.29999999999998,17.73,236.24400791476629,178.54409369131392,28.573637027412968,296.0314221497441,0.6435011087932843,1.5108681716736887,297.4990376466102,0.6471781964041485,1.474601892210148,0.4000000000000057,0.29999999999998295,0.030000000000001137,0.5008991914547778,-1.1102230246251565e-16,0.0,6.0572913194889395,18.97890729934025,3.2577643078415726,16.27338693748061,0.04103130518517539,-0.006052623553624015,13.0,13.0,13.0
0,592,236.8,177.6,17.759999999999998,241.28102651418655,180.23549257515512,10.072540261104244,296.53232134119884,0.6435011087932843,1.5108681716736887,301.3350670049205,0.6415745270889296,1.53736371963711,0.4000000000000057,0.30000000000001137,0.029999999999997584,0.500899191454721,0.0,0.0,5.037018599420264,1.6913988838412024,-18.501096766308724,3.836029358310327,-0.00560366931521894,0.0627618274269619,13.0,13.0,13.0
0,593,237.20000000000002,177.9,17.79,245.39668338142326,176.37940895064511,15.663150799135664,297.03322053265356,0.6435011087932844,1.5108681716736887,302.6128920078222,0.6232007883298156,1.5190134932572932,0.4000000000000057,0.30000000000001137,0.030000000000001137,0.500899191454721,1.1102230246251565e-16,0.0,4.115656867236709,-3.8560836245100063,5.59061053803142,1.277825002901693,-0.018373738759113967,-0.01835022637981676,13.0,13.0,13.0
0,594,237.60000000000002,178.2,17.82,225.46508789631147,203.2443008364479,10.004031881771148,297.5341197241083,0.6435011087932843,1.5108681716736887,303.7150512182093,0.7336126866480467,1.5378514933501701,0.4000000000000057,0.29999999999998295,0.030000000000001137,0.500899191454721,-1.1102230246251565e-16,0.0,-19.931595485111785,26.86489188580279,-5.659118917364516,1.1021592103870717,0.11041189831823106,0.01883800009287695,13.0,13.0,13.0
0,595,238.0,178.5,17.849999999999998,225.59824393915312,165.90973519037067,4.112804082990024,298.035018915563,0.6435011087932844,1.5108681716736887,280.06699744310043,0.634105211716997,1.55611072671762,0.39999999999997726,0.30000000000001137,0.029999999999997584,0.500899191454721,1.1102230246251565e-16,0.0,0.13315604284164806,-37.33456564607724,-5.891227798781124,-23.64805377510885,-0.09950747493104972,0.018259233367449834,13.0,13.0,13.0
0,596,238.4,178.79999999999998,17.88,249.22155468518022,180.1740791423949,30.71850888587683,298.5359181070177,0.6435011087932843,1.5108681716736887,309.05939381076894,0.6259614746004345,1.4712383968232596,0.4000000000000057,0.29999999999998295,0.030000000000001137,0.500899191454721,-1.1102230246251565e-16,0.0,23.6233107460271,14.264343952024234,26.605704802886805,28.992396367668505,-0.008143737116562466,-0.08487232989436033,13.0,13.0,13.0
0,597,238.8,179.1,17.91,247.0778192811193,165.3535343019519,8.532896762312424,299.03681729847244,0.6435011087932843,1.5108681716736887,297.42570570483065,0.5897797192468395,1.5421032193774826,0.4000000000000057,0.30000000000001137,0.030000000000001137,0.500899191454721,0.0,0.0,-2.1437354040609193,-14.820544840443006,-22.185612123564404,-11.63368810593829,-0.036181755353595024,0.070864822554223,13.0,13.0,13.0
0,598,239.20000000000002,179.4,17.939999999999998,224.6185724916791,186.00766596957703,1.8030898581034691,299.53771648992716,0.6435011087932844,1.5108681716736887,291.64294272395114,0.6916445016886614,1.5646137621553073,0.4000000000000057,0.30000000000001137,0.029999999999997584,0.500899191454721,1.1102230246251565e-16,0.0,-22.459246789440215,20.654131667625137,-6.729806904208955,-5.782762980879511,0.10186478244182195,0.022510542777824716,13.0,13.0,13.0
0,599,239.60000000000002,179.7,17.97,258.85453896829256,166.73662913140205,41.33005899854143,300.03861568138194,0.6435011087932843,1.5108681716736887,310.6685526657195,0.5722393964705936,1.4373648816699234,0.4000000000000057,0.29999999999998295,0.030000000000001137,0.5008991914547778,-1.1102230246251565e-16,0.0,34.23596647661347,-19.27103683817498,39.52696914043796,19.02560994176838,-0.1194051052180678,-0.12724888048538396,13.0,13.0,13.0
0,600,240.0,180.0,18.0,236.9472644765292,179.9467020741146,30.997749022295242,300.53951487283666,0.6435011087932844,1.5108681716736887,299.1415754700601,0.6495139695797427,1.4669876460538291,0.39999999999997726,0.30000000000001137,0.030000000000001137,0.500899191454721,1.1102230246251565e-16,0.0,-21.90727449176336,13.210072942712543,-10.33230997624619,-11.526977195659413,0.07727457310914909,0.029622764383905764,13.0,13.0,13.0
0,601,240.4,180.29999999999998,18.029999999999998,262.6185280798761,179.6554017032233,17.250730224422455,301.0404140642914,0.6435011087932843,1.5108681716736887,318.6567782823127,0.599969911584244,1.5166340788877506,0.4000000000000057,0.29999999999998295,0.029999999999997584,0.500899191454721,-1.1102230246251565e-16,0.0,25.671263603346915,-0.29130037089129246,-13.747018797872787,19.515202812252596,-0.04954405799549877,0.04964643283392145,13.0,13.0,13.0
0,602,240.8,180.6,18.06,248.215569432093,180.06383743678452,16.59869606410723,301.5413132557461,0.6435011087932843,1.5108681716736887,307.09847145824017,0.6275921427189757,1.516719897942456,0.4000000000000057,0.30000000000001137,0.030000000000001137,0.500899191454721,0.0,0.0,-14.402958647783123,0.40843573356121965,-0.6520341603152247,-11.558306824072531,0.027622231134731723,8.581905470550488e-05,13.0,13.0,13.0
0,603,241.20000000000002,180.9,18.09,261.39636446341433,177.00210503532816,13.934896911180385,302.0422124472008,0.6435011087932844,1.5108681716736887,315.9936485019164,0.5952188150496521,1.5266833598162517,0.4000000000000057,0.30000000000001137,0.030000000000001137,0.500899191454721,1.1102230246251565e-16,0.0,13.180795031321338,-3.061732401456368,-2.6637991529268454,8.895177043676256,-0.03237332766932355,0.009963461873795598,13.0,13.0,13.0
0,604,241.60000000000002,181.2,18.12,246.2581708090299,178.9732006766111,39.29983013351955,302.54311163865555,0.6435011087932843,1.5108681716736887,306.95108714445587,0.6284677952283534,1.4424110514524822,0.4000000000000057,0.29999999999998295,0.030000000000001137,0.500899191454721,-1.1102230246251565e-16,0.0,-15.138193654384423,1.9710956412829432,25.364933222339165,-9.042561357460556,0.03324898017870126,-0.08427230836376953,13.0,13.0,13.0
0,605,242.0,181.5,18.15,245.68936863124628,178.18350012802549,13.6056850138195,303.04401083011027,0.6435011087932844,1.5108681716736887,303.80543155281106,0.6274647998812231,1.5259971372683672,0.39999999999997726,0.30000000000001137,0.029999999999997584,0.500899191454721,1.1102230246251565e-16,0.0,-0.5688021777836241,-0.7897005485856141,-25.69414511970005,-3.145655591644811,-0.001002995347130331,0.083586085815885,13.0,13.0,13.0
0,606,242.4,181.79999999999998,18.18,221.21411347559823,177.3182303335975,22.009236658280187,303.54491002156504,0.6435011087932843,1.5108681716736887,284.3621727792109,0.675696517434736,1.4933202319771879,0.4000000000000057,0.29999999999998295,0.030000000000001137,0.5008991914547778,-1.1102230246251565e-16,0.0,-24.475255155648057,-0.8652697944279737,8.403551644460688,-19.443258773600178,0.048231717553512965,-0.03267690529117928,13.0,13.0,13.0
0,607,242.8,182.1,18.21,244.83357857559983,195.61055897188112,30.313107351396255,304.0458092130197,0.6435011087932843,1.5108681716736887,314.8425899663568,0.6741022933647681,1.4743667524806583,0.4000000000000057,0.30000000000001137,0.030000000000001137,0.5008991914546641,0.0,0.0,23.619465100001605,18.292328638283607,8.303870693116068,30.480417187145918,-0.0015942240699678978,-0.01895347949652959,13.0,13.0,13.0
0,608,243.20000000000002,182.4,18.24,262.7715141438084,192.7745199930768,19.17540853383032,304.5467084044745,0.6435011087932844,1.5108681716736887,326.4637506621986,0.6329354280496837,1.5120257848483283,0.4000000000000057,0.30000000000001137,0.029999999999997584,0.5008991914547778,1.1102230246251565e-16,0.0,17.937935568208587,-2.8360389788043108,-11.137698817565933,11.621160695841809,-0.0411668653150844,0.03765903236766999,13.0,13.0,13.0
0,609,243.60000000000002,182.7,18.27,261.00220007804177,196.74642040261563,15.535227746659166,305.0476075959292,0.6435011087932843,1.5108681716736887,327.2195680089464,0.645935912668536,1.5233020101387458,0.4000000000000057,0.29999999999998295,0.030000000000001137,0.500899191454721,-1.1102230246251565e-16,0.0,-1.7693140657666504,3.9719004095388186,-3.640180787171156,0.75581734674779,0.013000484618852282,0.011276225290417496,13.0,13.0,13.0
0,610,244.0,183.0,18.3,244.45142220184832,182.09416771411975,6.065158992276318,305.54850678738393,0.6435011087932844,1.5108681716736887,304.8795989986963,0.6402351704586481,1.5509013940495273,0.39999999999997726,0.30000000000001137,0.030000000000001137,0.500899191454721,1.1102230246251565e-16,0.0,-16.55077787619345,-14.652252688495878,-9.470068754382847,-22.339969010250115,-0.005700742209887921,0.02759938391078154,13.0,13.0,13.0
0,611,244.4,183.29999999999998,18.33,235.11502773824526,193.76378380343493,10.7141880789581,306.04940597883865,0.6435011087932843,1.5108681716736887,304.85779309109256,0.6892781975453255,1.5356442159582238,0.4000000000000057,0.29999999999998295,0.029999999999997584,0.500899191454721,-1.1102230246251565e-16,0.0,-9.336394463603057,11.669616089315184,4.649029086681782,-0.021805907603720698,0.049043027086677404,-0.015257178091303558,13.0,13.0,13.0
0,612,244.8,183.6,18.36,250.9258394321478,188.7892403601459,40.42088311454113,306.55030517029337,0.6435011087932843,1.5108681716736887,316.6054357749538,0.6450166079032309,1.442777352102797,0.4000000000000057,0.30000000000001137,0.030000000000001137,0.500899191454721,0.0,0.0,15.810811693902536,-4.974543443289036,29.706695035583024,11.747642683861216,-0.04426158964209459,-0.09286686385542686,13.0,13.0,13.0
0,613,245.20000000000002,183.9,18.39,239.2896967645717,177.83540115501788,42.63224060952514,307.0512043617481,0.6435011087932844,1.5108681716736887,301.1685521780706,0.6391222282302766,1.4287631761495911,0.4000000000000057,0.30000000000001137,0.030000000000001137,0.500899191454721,1.1102230246251565e-16,0.0,-11.63614266757611,-10.95383920512802,2.2113574949840142,-15.436883596883149,-0.005894379672954253,-0.014014175953205754,13.0,13.0,13.0
0,614,245.60000000000002,184.2,18.419999999999998,239.75408842262016,201.1780557174832,15.893911121851888,307.55210355320287,0.6435011087932843,1.5108681716736887,313.38035903415783,0.6981328965726569,1.5200569218165987,0.4000000000000057,0.29999999999998295,0.029999999999997584,0.5008991914547778,-1.1102230246251565e-16,0.0,0.46439165804846994,23.342654562465327,-26.738329487673255,12.211806856087208,0.059010668342380224,0.09129374566700754,13.0,13.0,13.0
0,615,246.0,184.5,18.45,237.3021205140327,184.09226992362017,-5.980107036854125,308.05300274465753,0.6435011087932844,1.5108681716736887,300.3964412676351,0.6597920136489281,-1.5508876285692,0.39999999999997726,0.30000000000001137,0.030000000000001137,0.5008991914546641,1.1102230246251565e-16,0.0,-2.4519679085874486,-17.08578579386304,-21.874018158706015,-12.983917766522723,-0.038340882923728725,-3.0709445503857986,13.0,13.0,13.0
0,616,246.4,184.79999999999998,18.48,267.40761130187025,187.26001263190253,37.35372181036047,308.5539019361123,0.6435011087932843,1.5108681716736887,328.585519227732,0.6109133838750458,1.456869673828921,0.4000000000000057,0.29999999999998295,0.030000000000001137,0.5008991914547778,-1.1102230246251565e-16,0.0,30.10549078783754,3.1677427082823613,43.33382884721459,28.18907796009688,-0.048878629773882354,3.007757302398121,13.0,13.0,13.0
0,617,246.8,185.1,18.509999999999998,251.13276733244405,194.86853776916635,31.08835964166755,309.05480112756703,0.6435011087932843,1.5108681716736887,319.38675605847243,0.6599084508688662,1.4733043009712068,0.4000000000000057,0.30000000000001137,0.029999999999997584,0.500899191454721,0.0,0.0,-16.2748439694262,7.608525137263825,-6.265362168692917,-9.198763169259564,0.04899506699382039,0.016434627142285718,13.0,13.0,13.0
0,618,247.20000000000002,185.4,18.54,219.9021475137,180.1809446359735,32.17937825281052,309.55570031902175,0.6435011087932844,1.5108681716736887,286.10774137689157,0.6864400729287116,1.4580848951809098,0.4000000000000057,0.30000000000001137,0.030000000000001137,0.500899191454721,1.1102230246251565e-16,0.0,-31.23061981874406,-14.687593133192848,1.091018611142971,-33.27901468158086,0.026531622059845383,-0.015219405790297014,13.0,13.0,13.0
0,619,247.60000000000002,185.7,18.57,258.74208919566547,177.80395710763034,7.392953203933045,310.0565995104765,0.6435011087932843,1.5108681716736887,314.0324372442205,0.6020741362008304,1.5472521466660352,0.4000000000000057,0.29999999999998295,0.030000000000001137,0.500899191454721,-1.1102230246251565e-16,0.0,38.839941681965485,-2.3769875283431645,-24.786425048877476,27.92469586732892,-0.08436593672788117,0.08916725148512539,13.0,13.0,13.0
0,620,248.0,186.0,18.599999999999998,265.2250352599985,195.86384010815445,25.165242550113067,310.5574987019312,0.6435011087932844,1.5108681716736887,330.66637661423357,0.6360885620241081,1.4946180384774512,0.39999999999997726,0.30000000000001137,0.029999999999997584,0.500899191454721,1.1102230246251565e-16,0.0,6.482946064333021,18.05988300052411,17.772289346180024,16.63393937001308,0.03401442582327774,-0.05263410818858394,13.0,13.0,13.0
0,621,248.4,186.29999999999998,18.63,248.05431623333567,166.5342454561073,19.560666760875108,311.0583978933859,0.6435011087932843,1.5108681716736887,299.41145334765116,0.5912461884630432,1.5054193758351182,0.4000000000000057,0.29999999999998295,0.030000000000001137,0.500899191454721,-1.1102230246251565e-16,0.0,-17.170719026662823,-29.32959465204715,-5.604575789237959,-31.25492326658241,-0.04484237356106491,0.010801337357666974,13.0,13.0,13.0
0,622,248.8,186.6,18.66,259.46265574482277,183.99760024699629,35.94888738989134,311.5592970848407,0.6435011087932843,1.5108681716736887,320.1067152175676,0.6168396657346034,1.45825609604311,0.4000000000000057,0.30000000000001137,0.030000000000001137,0.5008991914547778,0.0,0.0,11.4083395114871,17.463354790888985,16.38822062901623,20.695261869916465,0.02559347727156014,-0.047163279792008295,13.0,13.0,13.0
0,623,249.20000000000002,186.9,18.689999999999998,253.3684592453753,190.86457826967217,9.574243629363185,312.06019627629536,0.6435011087932844,1.5108681716736887,317.35867645222754,0.6456150983908863,1.5406232221911502,0.4000000000000057,0.30000000000001137,0.029999999999997584,0.5008991914546641,1.1102230246251565e-16,0.0,-6.094196499447463,6.86697802267588,-26.374643760528155,-2.748038765340084,0.028775432656282907,0.08236712614804031,13.0,13.0,13.0
0,624,249.60000000000002,187.2,18.72,235.114152962272,205.25910805927765,35.32403480906351,312.56109546775014,0.6435011087932843,1.5108681716736887,314.0983186832569,0.7177068798720867,1.4580961923522322,0.4000000000000057,0.29999999999998295,0.030000000000001137,0.5008991914547778,-1.1102230246251565e-16,0.0,-18.25430628310332,14.394529789605485,25.749791179700328,-3.260357768970664,0.07209178148120043,-0.08252702983891802,13.0,13.0,13.0
0,625,250.0,187.5,18.75,250.40298658000415,195.90853480549694,34.827953978194685,313.06199465920486,0.6435011087932844,1.5108681716736887,319.8355766266936,0.6638999736045184,1.4616866572363563,0.39999999999997726,0.30000000000001137,0.030000000000001137,0.500899191454721,1.1102230246251565e-16,0.0,15.288833617732166,-9.35057325378071,-0.49608083086882715,5.737257943436703,-0.053806906267568344,0.003590464884124067,13.0,13.0,13.0
0,626,250.4,187.79999999999998,18.779999999999998,274.64510622054155,191.59708579120095,26.187329181806536,313.5628938506596,0.6435011087932843,1.5108681716736887,335.8945576579794,0.6091248216787178,1.4927541848852188,0.4000000000000057,0.29999999999998295,0.029999999999997584,0.500899191454721,-1.1102230246251565e-16,0.0,24.242119640537396,-4.311449014295988,-8.640624796388149,16.05898103128584,-0.054775151925800514,0.03106752764886256,13.0,13.0,13.0
0,627,250.8,188.1,18.81,258.30797172572295,195.07104254414898,31.240150409099424,314.0637930421143,0.6435011087932843,1.5108681716736887,325.19481375615635,0.6468130751265098,1.4745819944406642,0.4000000000000057,0.30000000000001137,0.030000000000001137,0.500899191454721,0.0,0.0,-16.3371344948186,3.473956752948027,5.052821227292888,-10.69974390182307,0.03768825344779192,-0.018172190444554648,13.0,13.0,13.0
0,628,251.20000000000002,188.4,18.84,258.10843687542206,176.43348069990284,3.9225231893175447,314.5646922335691,0.6435011087932844,1.5108681716736887,312.67255153966977,0.599609302021888,1.5582508504953554,0.4000000000000057,0.30000000000001137,0.030000000000001137,0.5008991914547778,1.1102230246251565e-16,0.0,-0.19953485030089269,-18.637561844246136,-27.31762721978188,-12.522262216486581,-0.04720377310462176,0.08366885605469121,13.0,13.0,13.0
0,629,251.60000000000002,188.7,18.87,246.3280513830908,197.54221781723615,30.433286736181355,315.06559142502374,0.6435011087932843,1.5108681716736887,317.21699459504,0.6759274451405042,1.4747101547669172,0.4000000000000057,0.29999999999998295,0.030000000000001137,0.5008991914546641,-1.1102230246251565e-16,0.0,-11.780385492331249,21.108737117333305,26.51076354686381,4.544443055370209,0.07631814311861618,-0.08354069572843814,13.0,13.0,13.0
0,630,252.0,189.0,18.9,251.06227848498477,178.93419340721758,17.559590905892648,315.56649061647846,0.6435011087932844,1.5108681716736887,308.80099171010755,0.6192042650877833,1.5139018598138876,0.39999999999997726,0.30000000000001137,0.029999999999997584,0.500899191454721,1.1102230246251565e-16,0.0,4.734227101893964,-18.608024410018572,-12.873695830288707,-8.416002884932425,-0.05672318005272092,0.03919170504697034,13.0,13.0,13.0
0,631,252.4,189.29999999999998,18.93,260.9324012955415,165.7815011789901,26.54240671237997,316.0673898079332,0.6435011087932843,1.5108681716736887,310.2800727296266,0.5660022281640175,1.4851482702749108,0.4000000000000057,0.29999999999998295,0.030000000000001137,0.500899191454721,-1.1102230246251565e-16,0.0,9.870122810556751,-13.152692228227465,8.982815806487324,1.4790810195190716,-0.053202036923765794,-0.028753589538976776,13.0,13.0,13.0
0,632,252.8,189.6,18.96,267.83781756217394,191.8803095683688,0.3154086752795777,316.56828899938796,0.6435011087932843,1.5108681716736887,329.47723623818666,0.6216512867261919,1.5698390262934858,0.4000000000000057,0.30000000000001137,0.030000000000001137,0.5008991914547778,0.0,0.0,6.905416266632415,26.09880838937869,-26.226998037100394,19.19716350856004,0.05564905856217439,0.08469075601857501,13.0,13.0,13.0
0,633,253.20000000000002,189.9,18.99,255.9589320832389,195.5472038989971,25.393541380597853,317.0691881908427,0.6435011087932844,1.5108681716736887,323.10759169316367,0.6523876930636242,1.4921235995538864,0.4000000000000057,0.30000000000001137,0.029999999999997584,0.500899191454721,1.1102230246251565e-16,0.0,-11.878885478935047,3.6668943306283097,25.078132705318275,-6.369644545022993,0.030736406337432354,-0.07771542673959941,13.0,13.0,13.0
0,634,253.60000000000002,190.2,19.02,252.64877935293242,171.64898081176867,30.47958083030869,317.5700873822974,0.6435011087932843,1.5108681716736887,306.95892749655775,0.5967646346363772,1.471337123966914,0.4000000000000057,0.29999999999998295,0.030000000000001137,0.500899191454721,-1.1102230246251565e-16,0.0,-3.31015273030647,-23.898223087228445,5.086039449710839,-16.14866419660592,-0.05562305842724702,-0.02078647558697244,13.0,13.0,13.0
0,635,254.0,190.5,19.05,236.3722163559656,178.2826564610358,0.8624827621872164,318.0709865737521,0.6435011087932844,1.5108681716736887,296.0697116159473,0.646212631498433,1.5678832156314808,0.39999999999997726,0.30000000000001137,0.030000000000001137,0.500899191454721,1.1102230246251565e-16,0.0,-16.276562996966817,6.633675649267133,-29.617098068121475,-10.889215880610436,0.04944799686205581,0.09654609166456685,13.0,13.0,13.0
0,636,254.4,190.79999999999998,19.08,242.3518332544964,186.52758790126188,37.285169406000406,318.57188576520684,0.6435011087932843,1.5108681716736887,308.0862476445717,0.6559628412134111,1.449477086693407,0.4000000000000057,0.29999999999998295,0.029999999999997584,0.500899191454721,-1.1102230246251565e-16,0.0,5.979616898530793,8.244931440226082,36.42268664381319,12.016536028624387,0.009750209714978086,-0.11840612893807378,13.0,13.0,13.0
0,637,254.8,191.1,19.11,245.00507782386813,190.87866109143562,30.71628371142257,319.07278495666156,0.6435011087932843,1.5108681716736887,312.09876882900295,0.6618543084091246,1.4722182755473125,0.4000000000000057,0.30000000000001137,0.030000000000001137,0.500899191454721,0.0,0.0,2.6532445693717364,4.351073190173736,-6.568885694577837,4.01252118443125,0.00589146719571354,0.022741188853905525,13.0,13.0,13.0
0,638,255.20000000000002,191.4,19.14,263.78730946261453,198.3471513923719,11.71944288089237,319.5736841481163,0.6435011087932844,1.5108681716736887,330.246396559345,0.6447292554386749,1.5353019075909615,0.4000000000000057,0.30000000000001137,0.030000000000001137,0.500899191454721,1.1102230246251565e-16,0.0,18.782231638746396,7.468490300936281,-18.9968408305302,18.147627730342037,-0.01712505297044975,0.06308363204364897,13.0,13.0,13.0
0,639,255.60000000000002,191.7,19.169999999999998,242.59180095569243,208.38066099240572,4.1684238042428525,320.074583339571,0.6435011087932843,1.5108681716736887,319.82910674854156,0.7096823676343116,1.5577626730782486,0.4000000000000057,0.29999999999998295,0.029999999999997584,0.500899191454721,-1.1102230246251565e-16,0.0,-21.195508506922096,10.033509600033824,-7.551019076649517,-10.417289810803425,0.06495311219563671,0.022460765487287038,13.0,13.0,13.0
0,640,256.0,192.0,19.2,262.3930659069463,195.78884280619857,17.66749120319204,320.5754825310257,0.6435011087932844,1.5108681716736887,327.8651128876817,0.6410429726607517,1.5168837510663096,0.39999999999997726,0.30000000000001137,0.030000000000001137,0.500899191454721,1.1102230246251565e-16,0.0,19.80126495125384,-12.59181818620715,13.499067398949187,8.036006139140113,-0.06863939497355986,-0.04087892201193899,13.0,13.0,13.0
0,641,256.40000000000003,192.29999999999998,19.23,260.60391269831575,219.79822296207433,31.99265050446315,321.0763817224805,0.6435011087932843,1.5108681716736887,342.4166874106136,0.7006608719593574,1.4772279282336325,0.4000000000000341,0.29999999999998295,0.030000000000001137,0.5008991914547778,-1.1102230246251565e-16,0.0,-1.7891532086305233,24.00938015587576,14.32515930127111,14.551574522931901,0.059617899298605725,-0.0396558228326771,13.0,13.0,13.0
0,642,256.8,192.6,19.259999999999998,248.1183850981553,199.0914012602894,34.20197760806501,321.5772809139352,0.6435011087932844,1.5108681716736887,319.9529564667353,0.6762056088799169,1.4636947935364826,0.39999999999997726,0.30000000000001137,0.029999999999997584,0.500899191454721,1.1102230246251565e-16,0.0,-12.485527600160452,-20.706821701784946,2.209327103601858,-22.46373094387826,-0.02445526307944057,-0.013533134697149896,13.0,13.0,13.0
0,643,257.2,192.9,19.29,235.9261063619697,196.6412340667107,23.286518422175327,322.07818010538995,0.6435011087932844,1.5108681716736887,308.0116305249278,0.694828686381927,1.4951213951698263,0.39999999999997726,0.30000000000001137,0.030000000000001137,0.500899191454721,0.0,0.0,-12.192278736185614,-2.450167193578693,-10.91545918588968,-11.94132594180752,0.018623077502010088,0.031426601633343765,13.0,13.0,13.0
0,644,257.6,193.2,19.32,266.74335260371845,194.2282494678045,16.897731882589657,322.57907929684467,0.6435011087932843,1.5108681716736887,330.39697697221027,0.6293675701487413,1.5196302803219148,0.4000000000000341,0.29999999999998295,0.030000000000001137,0.500899191454721,-1.1102230246251565e-16,0.0,30.817246241748762,-2.412984598906206,-6.38878653958567,22.385346447282473,-0.06546111623318562,0.02450888515208849,13.0,13.0,13.0
0,645,258.0,193.5,19.349999999999998,270.7323691211213,196.37138892617907,48.29439980277433,323.0799784882994,0.6435011087932844,1.5108681716736887,337.9202378240196,0.6275270762166887,1.427388719191299,0.39999999999997726,0.30000000000001137,0.029999999999997584,0.500899191454721,1.1102230246251565e-16,0.0,3.989016517402831,2.143139458374577,31.396667920184672,7.523260851809312,-0.0018404939320526559,-0.09224156113061577,13.0,13.0,13.0
0,646,258.40000000000003,193.79999999999998,19.38,266.42741845229995,177.56552032815662,12.08143676097606,323.5808776797541,0.6435011087932843,1.5108681716736887,320.40450125860497,0.5878654984746401,1.5330805598375383,0.4000000000000341,0.29999999999998295,0.030000000000001137,0.500899191454721,-1.1102230246251565e-16,0.0,-4.304950668821334,-18.805868598022442,-36.21296304179827,-17.515736565414613,-0.03966157774204859,0.10569184064623927,13.0,13.0,13.0
0,647,258.8,194.1,19.41,269.9797561541434,173.42123166215393,17.67165892211699,324.08177687120883,0.6435011087932844,1.5108681716736887,321.366270559511,0.5709778582109993,1.5157794235616004,0.39999999999997726,0.30000000000001137,0.030000000000001137,0.500899191454721,1.1102230246251565e-16,0.0,3.5523377018434417,-4.144288666002694,5.590222161140931,0.9617693009060417,-0.016887640263640757,-0.01730113627593788,13.0,13.0,13.0
0,648,259.2,194.4,19.439999999999998,265.4962822806734,198.65655137783136,5.344919635702819,324.58267606266355,0.6435011087932844,1.5108681716736887,331.6342405061698,0.6423776520103502,1.5546787176801744,0.39999999999997726,0.30000000000001137,0.029999999999997584,0.500899191454721,0.0,0.0,-4.483473873469961,25.235319715677434,-12.32673928641417,10.267969946658809,0.07139979379935091,0.03889929411857396,13.0,13.0,13.0
0,649,259.6,194.7,19.47,262.0525352103834,216.21933240137355,9.090903112459266,325.08357525411833,0.6435011087932843,1.5108681716736887,339.8602292615083,0.6898590567154287,1.5440441893620378,0.4000000000000341,0.29999999999998295,0.030000000000001137,0.5008991914547778,-1.1102230246251565e-16,0.0,-3.443747070290044,17.562781023542186,3.7459834767564466,8.225988755338506,0.047481404705078445,-0.010634528318136605,13.0,13.0,13.0
0,650,260.0,195.0,19.5,255.84087978899865,179.9160238976449,16.205311427672722,325.58447444557305,0.6435011087932844,1.5108681716736887,313.1883515471395,0.6128931868899188,1.5190301890623994,0.39999999999997726,0.30000000000001137,0.030000000000001137,0.500899191454721,1.1102230246251565e-16,0.0,-6.211655421384734,-36.30330850372866,7.114408315213456,-26.671877714368804,-0.0769658698255099,-0.025014000299638406,13.0,13.0,13.0
0,651,260.40000000000003,195.29999999999998,19.529999999999998,247.4957459600313,186.08661306419754,8.678862740713317,326.08537363702777,0.6435011087932843,1.5108681716736887,309.77038994792395,0.6447019627261067,1.5427755770851321,0.4000000000000341,0.29999999999998295,0.029999999999997584,0.500899191454721,-1.1102230246251565e-16,0.0,-8.345133828967363,6.170589166552645,-7.526448686959405,-3.417961599215573,0.03180877583618791,0.02374538802273274,13.0,13.0,13.0
0,652,260.8,195.6,19.56,259.6113840729524,224.02330907236217,-9.813318052596582,326.5862728284825,0.6435011087932844,1.5108681716736887,343.046374356597,0.7119459265976781,-1.542186034735004,0.39999999999997726,0.30000000000001137,0.030000000000001137,0.500899191454721,1.1102230246251565e-16,0.0,12.11563811292109,37.93669600816463,-18.4921807933099,33.27598440867308,0.06724396387157139,-3.084961611820136,13.0,13.0,13.0
0,653,261.2,195.9,19.59,279.3488816903652,200.04286633083683,9.96600591982845,327.0871720199372,0.6435011087932844,1.5108681716736887,343.73284298348443,0.6214524857713891,1.5417987988484059,0.39999999999997726,0.30000000000001137,0.030000000000001137,0.500899191454721,0.0,0.0,19.737497617412828,-23.980442741525337,19.779323972425033,0.6864686268874038,-0.09049344082628896,3.08398483358341,13.0,13.0,13.0
0,654,261.6,196.2,19.62,271.4755212909975,211.07247214784812,14.810338056977379,327.58807121139193,0.6435011087932843,1.5108681716736887,344.19455729599343,0.6608706525420436,1.5277540654930668,0.4000000000000341,0.29999999999998295,0.030000000000001137,0.500899191454721,-1.1102230246251565e-16,0.0,-7.873360399367698,11.029605817011287,4.844332137148928,0.4617143125090024,0.03941816677065446,-0.014044733355339067,13.0,13.0,13.0
0,655,262.0,196.5,19.65,246.8731488208305,210.4641179406687,21.923442031941732,328.08897040284666,0.6435011087932844,1.5108681716736887,325.1494023672557,0.7059548163729986,1.503319384023347,0.39999999999997726,0.30000000000001137,0.029999999999997584,0.500899191454721,1.1102230246251565e-16,0.0,-24.602372470167012,-0.608354207179417,7.113103974964353,-19.04515492873776,0.04508416383095504,-0.024434681469719832,13.0,13.0,13.0
0,656,262.40000000000003,196.79999999999998,19.68,255.18762957465148,187.66247471902278,26.70272868862522,328.58986959430143,0.6435011087932843,1.5108681716736887,317.885146593885,0.6340850629264838,1.4866960396167894,0.4000000000000341,0.29999999999998295,0.030000000000001137,0.5008991914547778,-1.1102230246251565e-16,0.0,8.314480753820988,-22.801643221645918,4.779286656683489,-7.264255773370678,-0.0718697534465148,-0.01662334440655755,13.0,13.0,13.0
0,657,262.8,197.1,19.71,271.5326254538563,200.83159256858497,15.412691137532024,329.09076878575615,0.6435011087932844,1.5108681716736887,338.08408171281786,0.6368262479894059,1.5251921837401505,0.39999999999997726,0.30000000000001137,0.030000000000001137,0.500899191454721,1.1102230246251565e-16,0.0,16.344995879204845,13.169117849562184,-11.290037551093198,20.198935118932866,0.0027411850629220913,0.03849614412336111,13.0,13.0,13.0
0,658,263.2,197.4,19.74,267.75100560665584,189.7677953872948,36.640646341281425,329.5916679772109,0.6435011087932844,1.5108681716736887,330.2195544389164,0.6165725251280535,1.4596089343207832,0.39999999999997726,0.30000000000001137,0.029999999999997584,0.500899191454721,0.0,0.0,-3.7816198472004885,-11.06379718129017,21.227955203749403,-7.8645272739014445,-0.020253722861352408,-0.06558324941936733,13.0,13.0,13.0
0,659,263.6,197.7,19.77,242.13517202367618,180.03041398631518,30.056079646998953,330.0925671686656,0.6435011087932843,1.5108681716736887,303.2222937298081,0.6393358623468851,1.4715110265145923,0.4000000000000341,0.29999999999998295,0.030000000000001137,0.500899191454721,-1.1102230246251565e-16,0.0,-25.61583358297966,-9.737381400979615,-6.584566694282472,-26.997260709108332,0.022763337218831614,0.01190209219380911,13.0,13.0,13.0
0,660,264.0,198.0,19.8,272.11492634783644,193.0283526898909,5.625167019506911,330.5934663601203,0.6435011087932844,1.5108681716736887,333.67367380040446,0.6169824807005585,1.5539372397812343,0.39999999999997726,0.30000000000001137,0.030000000000001137,0.500899191454721,1.1102230246251565e-16,0.0,29.979754324160268,12.997938703575727,-24.43091262749204,30.45138007059637,-0.02235338164632661,0.08242621326664201,13.0,13.0,13.0
0,661,264.40000000000003,198.29999999999998,19.83,259.94945561541783,193.33670523023693,28.900678740902684,331.09436555157504,0.6435011087932843,1.5108681716736887,325.25074987726083,0.6394873545336907,1.4818223724434916,0.4000000000000341,0.29999999999998295,0.029999999999997584,0.500899191454721,-1.1102230246251565e-16,0.0,-12.165470732418612,0.30835254034602144,23.275511721395773,-8.422923923143628,0.022504873833132155,-0.07211486733774275,13.0,13.0,13.0
0,662,264.8,198.6,19.86,254.1036184246456,203.76845519377798,11.370207376783974,331.59526474302976,0.6435011087932844,1.5108681716736887,325.91335327713665,0.6759050247838387,1.535902036622054,0.39999999999997726,0.30000000000001137,0.030000000000001137,0.500899191454721,1.1102230246251565e-16,0.0,-5.845837190772244,10.431749963541051,-17.53047136411871,0.6626033998758203,0.03641767025014808,0.05407966417856236,13.0,13.0,13.0
0,663,265.2,198.9,19.89,259.21148727736585,203.52126724662602,38.42021351883531,332.0961639344845,0.6435011087932844,1.5108681716736887,331.79453606870845,0.665623510718154,1.4547407824200682,0.39999999999997726,0.30000000000001137,0.030000000000001137,0.500899191454721,0.0,0.0,5.107868852720259,-0.24718794715195713,27.050006142051338,5.881182791571803,-0.010281514065684783,-0.08116125420198572,13.0,13.0,13.0
0,664,265.6,199.2,19.919999999999998,267.49443702369575,238.96425778754883,-1.1310509499689907,332.5970631259392,0.6435011087932843,1.5108681716736887,358.6899352014626,0.7291249511776409,-1.567643038360085,0.4000000000000341,0.29999999999998295,0.029999999999997584,0.500899191454721,-1.1102230246251565e-16,0.0,8.282949746329905,35.44299054092281,-39.551264468804305,26.895399132754164,0.06350144045948691,-3.022383820780153,13.0,13.0,13.0
0,665,266.0,199.5,19.95,263.9889036016157,203.20681488340054,29.980038850526444,333.097962317394,0.6435011087932844,1.5108681716736887,334.487598528434,0.6560249788162332,1.4810461371812285,0.39999999999997726,0.30000000000001137,0.030000000000001137,0.5008991914547778,1.1102230246251565e-16,0.0,-3.5055334220800773,-35.75744290414829,31.111089800495435,-24.20233667302864,-0.07309997236140764,3.0486891755413135,13.0,13.0,13.0
0,666,266.40000000000003,199.79999999999998,19.98,259.3703181058009,210.0387326025088,40.63562061440932,333.5988615088487,0.6435011087932843,1.5108681716736887,336.214938350887,0.6806895626499219,1.4496380923131083,0.4000000000000341,0.29999999999998295,0.030000000000001137,0.500899191454721,-1.1102230246251565e-16,0.0,-4.618585495814784,6.831917719108247,10.655581763882875,1.7273398224530183,0.024664583833688636,-0.03140804486812021,13.0,13.0,13.0
0,667,266.8,200.1,20.009999999999998,256.8466045416995,199.1812349578348,33.99555626862458,334.0997607003034,0.6435011087932844,1.5108681716736887,326.8012247069181,0.6596143308918393,1.4665826135957611,0.39999999999997726,0.30000000000001137,0.029999999999997584,0.500899191454721,1.1102230246251565e-16,0.0,-2.5237135641013992,-10.857497644673998,-6.640064345784737,-9.41371364396889,-0.02107523175808257,0.01694452128265289,13.0,13.0,13.0
0,668,267.2,200.4,20.04,277.19400917572625,208.7285826709503,32.06983376144223,334.60065989175814,0.6435011087932844,1.5108681716736887,348.47182695911425,0.6454217845616849,1.4786360028901493,0.39999999999997726,0.30000000000001137,0.030000000000001137,0.500899191454721,0.0,0.0,20.34740463402676,9.5473477131155,-1.9257225071823498,21.670602252196147,-0.014192546330154432,0.01205338929438815,13.0,13.0,13.0
0,669,267.6,200.7,20.07,286.07517106273934,205.01856602931733,38.57973668966471,335.10155908321286,0.6435011087932843,1.5108681716736887,354.0621583823058,0.6218197307662161,1.461616372753062,0.4000000000000341,0.29999999999998295,0.030000000000001137,0.500899191454721,-1.1102230246251565e-16,0.0,8.881161887013093,-3.7100166416329614,6.5099029282224805,5.5903314231915715,-0.023602053795468758,-0.017019630137087294,13.0,13.0,13.0
0,670,268.0,201.0,20.099999999999998,256.9971318115179,219.04547494833673,41.30900087212123,335.6024582746676,0.6435011087932844,1.5108681716736887,340.19829424578546,0.7058431881656924,1.4490696945716435,0.39999999999997726,0.30000000000001137,0.029999999999997584,0.500899191454721,1.1102230246251565e-16,0.0,-29.07803925122147,14.026908919019405,2.729264182456518,-13.863864136520363,0.08402345739947625,-0.012546678181418525,13.0,13.0,13.0
0,671,268.40000000000003,201.29999999999998,20.13,296.87019045105905,209.71196558117845,31.388039105822827,336.1033574661223,0.6435011087932843,1.5108681716736887,364.82355664797484,0.6150147978625503,1.484653610191435,0.4000000000000341,0.29999999999998295,0.030000000000001137,0.500899191454721,-1.1102230246251565e-16,0.0,39.87305863954117,-9.333509367158285,-9.920961766298404,24.625262402189378,-0.09082839030314205,0.03558391561979146,13.0,13.0,13.0
0,672,268.8,201.6,20.16,259.7894984091315,186.7897255546034,25.670700952117556,336.604256657577,0.6435011087932844,1.5108681716736887,320.99839554708876,0.6233668834803775,1.4907394078667995,0.39999999999997726,0.30000000000001137,0.030000000000001137,0.500899191454721,1.1102230246251565e-16,0.0,-37.080692041927534,-22.922240026575054,-5.7173381537052705,-43.82516110088608,0.008352085617827187,0.006085797675364546,13.0,13.0,13.0
0,673,269.2,201.9,20.189999999999998,271.0985393560068,190.50075549149227,23.050205757945257,337.1051558490318,0.6435011087932844,1.5108681716736887,332.13892856645595,0.6125352827961463,1.5013412083898334,0.39999999999997726,0.30000000000001137,0.029999999999997584,0.5008991914547778,0.0,0.0,11.309040946875314,3.7110299368888775,-2.6204951941722996,11.140533019367183,-0.010831600684231169,0.010601800523033944,13.0,13.0,13.0
0,674,269.6,202.2,20.22,260.2162302921866,181.6706820026595,55.61484095829295,337.6060550404865,0.6435011087932843,1.5108681716736887,322.19517957536846,0.6094851365898579,1.3973151936396282,0.4000000000000341,0.29999999999998295,0.030000000000001137,0.500899191454721,-1.1102230246251565e-16,0.0,-10.88230906382023,-8.830073488832767,32.564635200347695,-9.943748991087489,-0.0030501462062884066,-0.10402601475020523,13.0,13.0,13.0
0,675,270.0,202.5,20.25,281.7015379505067,181.36764916096416,9.938231421701648,338.10695423194124,0.6435011087932844,1.5108681716736887,335.1846492452282,0.5720249182251593,1.5411419611305275,0.39999999999997726,0.30000000000001137,0.030000000000001137,0.500899191454721,1.1102230246251565e-16,0.0,21.485307658320096,-0.30303284169534095,-45.6766095365913,12.989469669859716,-0.037460218364698594,0.1438267674908993,13.0,13.0,13.0
0,676,270.40000000000003,202.79999999999998,20.279999999999998,274.1929396568944,187.14734727394054,20.234107213837195,338.60785342339597,0.6435011087932843,1.5108681716736887,332.5888104613613,0.5989107275204516,1.5099205262440287,0.4000000000000341,0.29999999999998295,0.029999999999997584,0.500899191454721,-1.1102230246251565e-16,0.0,-7.508598293612295,5.7796981129763765,10.295875792135547,-2.5958387838668955,0.026885809295292273,-0.031221434886498756,13.0,13.0,13.0
0,677,270.8,203.1,20.31,266.1544034473486,218.61454356530098,25.74348391835928,339.1087526148507,0.6435011087932844,1.5108681716736887,345.3884944478228,0.687643688182962,1.496192278868206,0.39999999999997726,0.30000000000001137,0.030000000000001137,0.500899191454721,1.1102230246251565e-16,0.0,-8.038536209545782,31.467196291360437,5.5093767045220865,12.799683986461503,0.08873296066251035,-0.013728247375822678,13.0,13.0,13.0
0,678,271.2,203.4,20.34,265.5716703124947,187.8537816067593,28.265134088726832,339.6096518063054,0.6435011087932844,1.5108681716736887,326.52147424263245,0.6156460036333321,1.4841234547514295,0.39999999999997726,0.30000000000001137,0.030000000000001137,0.500899191454721,0.0,0.0,-0.5827331348539246,-30.76076195854168,2.5216501703675505,-18.86702020519033,-0.07199768454962985,-0.012068824116776566,13.0,13.0,13.0
0,679,271.6,203.7,20.37,259.24231031164334,202.44957295403114,18.94135147723002,340.11055099776013,0.6435011087932843,1.5108681716736887,329.4710607030182,0.6630029908661804,1.513274428222415,0.4000000000000341,0.29999999999998295,0.030000000000001137,0.500899191454721,-1.1102230246251565e-16,0.0,-6.329360000851352,14.595791347271842,-9.32378261149681,2.949586460385774,0.04735698723284831,0.02915097347098561,13.0,13.0,13.0
0,680,272.0,204.0,20.4,257.0309265744209,199.76155447293215,6.901262638868005,340.61145018921485,0.6435011087932844,1.5108681716736887,325.60283058836916,0.6606760785611603,1.5495993996852107,0.39999999999997726,0.30000000000001137,0.029999999999997584,0.500899191454721,1.1102230246251565e-16,0.0,-2.211383737222434,-2.688018481098993,-12.040088838362017,-3.868230114649066,-0.0023269123050201346,0.03632497146279556,13.0,13.0,13.0
0,681,272.40000000000003,204.29999999999998,20.43,299.72058918593245,173.93442187944672,17.908530613532317,341.1123493806696,0.6435011087932843,1.5108681716736887,346.9961529545186,0.5258246311319178,1.5191632172399792,0.4000000000000341,0.29999999999998295,0.030000000000001137,0.5008991914547778,-1.1102230246251565e-16,0.0,42.68966261151155,-25.82713259348543,11.007267974664313,21.393322366149448,-0.1348514474292425,-0.030436182445231497,13.0,13.0,13.0
0,682,272.8,204.6,20.46,285.8654118432314,216.15268330951193,34.735626745511965,341.61324857212435,0.6435011087932844,1.5108681716736887,360.066077207512,0.6474156044542887,1.474175918405925,0.39999999999997726,0.30000000000001137,0.030000000000001137,0.500899191454721,1.1102230246251565e-16,0.0,-13.85517734270104,42.21826143006521,16.827096131979648,13.069924252993417,0.1215909733223709,-0.04498729883405406,13.0,13.0,13.0
0,683,273.2,204.9,20.49,264.06697938134437,224.83586438189067,18.95028451673324,342.11414776357907,0.6435011087932844,1.5108681716736887,347.3350670393135,0.7053265567316107,1.5162101347714334,0.39999999999997726,0.30000000000001137,0.029999999999997584,0.500899191454721,0.0,0.0,-21.798432461887046,8.683181072378744,-15.785342228778724,-12.731010168198509,0.057910952277322014,0.0420342163655083,13.0,13.0,13.0
0,684,273.6,205.2,20.52,300.5128880331519,221.47100405203963,24.13412650496736,342.6150469550338,0.6435011087932843,1.5108681716736887,374.08536134417506,0.6351139788583391,1.5062364636384775,0.4000000000000341,0.29999999999998295,0.030000000000001137,0.500899191454721,-1.1102230246251565e-16,0.0,36.44590865180754,-3.364860329851041,5.183841988234118,26.75029430486154,-0.07021257787327162,-0.009973671132955886,13.0,13.0,13.0
0,685,274.0,205.5,20.55,290.47795131606915,213.5744495598419,26.939524357413365,343.1159461464885,0.6435011087932844,1.5108681716736887,361.54836976284895,0.6339952808802551,1.496215670375764,0.39999999999997726,0.30000000000001137,0.030000000000001137,0.500899191454721,1.1102230246251565e-16,0.0,-10.034936717082758,-7.896554492197737,2.8053978524460064,-12.536991581326106,-0.001118697978083949,-0.010020793262713434,13.0,13.0,13.0
0,686,274.40000000000003,205.79999999999998,20.58,283.7784129449106,226.57860737293825,22.519359896586085,343.61684533794323,0.6435011087932843,1.5108681716736887,363.8339931105178,0.6737859241443569,1.5088621382377179,0.4000000000000341,0.29999999999998295,0.029999999999997584,0.500899191454721,-1.1102230246251565e-16,0.0,-6.699538371158553,13.004157813096356,-4.42016446082728,2.2856233476688317,0.039790643264101755,0.01264646786195378,13.0,13.0,13.0
0,687,274.8,206.1,20.61,265.86107781343827,218.82528632959838,9.261040037611004,344.11774452939795,0.6435011087932844,1.5108681716736887,344.4595556751649,0.6886573210420539,1.5439073758028599,0.39999999999997726,0.30000000000001137,0.030000000000001137,0.500899191454721,1.1102230246251565e-16,0.0,-17.917335131472328,-7.7533210433398665,-13.258319858975081,-19.37443743535289,0.014871396897697009,0.035045237565141996,13.0,13.0,13.0
0,688,275.2,206.4,20.64,271.05538400867164,204.2971109794183,17.95477366576444,344.6186437208527,0.6435011087932844,1.5108681716736887,339.89807980042195,0.6458711835442215,1.517947736805119,0.39999999999997726,0.30000000000001137,0.030000000000001137,0.500899191454721,0.0,0.0,5.1943061952333665,-14.528175350180078,8.693733628153435,-4.561475874742939,-0.042786137497832444,-0.025959638997740786,13.0,13.0,13.0
0,689,275.6,206.7,20.669999999999998,283.99365468513656,205.93402915029208,13.757541310486273,345.11954291230745,0.6435011087932843,1.5108681716736887,351.07049179104143,0.627397345000446,1.5315988858196856,0.4000000000000341,0.29999999999998295,0.029999999999997584,0.5008991914547778,-1.1102230246251565e-16,0.0,12.938270676464924,1.63691817087377,-4.197232355278166,11.17241199061948,-0.01847383854377549,0.013651149014566544,13.0,13.0,13.0
0,690,276.0,207.0,20.7,275.39898485774285,202.44590168718432,8.58397088463446,345.6204421037622,0.6435011087932844,1.5108681716736887,341.9102638511465,0.6338969657530112,1.5456877711168722,0.39999999999997726,0.30000000000001137,0.030000000000001137,0.500899191454721,1.1102230246251565e-16,0.0,-8.594669827393716,-3.488127463107759,-5.173570425851812,-9.160227939894924,0.006499620752565272,0.014088885297186549,13.0,13.0,13.0
0,691,276.40000000000003,207.29999999999998,20.73,294.7275791810977,207.70920389412595,36.54165266750498,346.1213412952169,0.6435011087932843,1.5108681716736887,362.4124055436767,0.6139066445540683,1.469795771322,0.4000000000000341,0.29999999999998295,0.030000000000001137,0.500899191454721,-1.1102230246251565e-16,0.0,19.328594323354878,5.263302206941631,27.957681782870516,20.502141692530188,-0.01999032119894295,-0.07589199979487216,13.0,13.0,13.0
0,692,276.8,207.6,20.759999999999998,274.4480121018483,201.41677652150508,25.26850640703093,346.6222404866716,0.6435011087932844,1.5108681716736887,341.36333521192984,0.6331157653221078,1.4967062400168005,0.39999999999997726,0.30000000000001137,0.029999999999997584,0.500899191454721,1.1102230246251565e-16,0.0,-20.279567079249432,-6.292427372620864,-11.273146260474046,-21.04907033174686,0.01920912076803949,0.026910468694800516,13.0,13.0,13.0
0,693,277.2,207.9,20.79,272.24089346541473,202.20088841814322,22.312725869804122,347.12313967812634,0.6435011087932844,1.5108681716736887,339.85020389529666,0.6388306518329586,1.5050944772281158,0.39999999999997726,0.30000000000001137,0.030000000000001137,0.500899191454721,0.0,0.0,-2.207118636433563,0.7841118966381373,-2.955780537226808,-1.513131316633178,0.005714886510850836,0.00838823721131532,13.0,13.0,13.0
0,694,277.6,208.2,20.82,265.6826024976311,197.24157247295562,17.30796758716104,347.62403886958106,0.6435011087932843,1.5108681716736887,331.3473237005494,0.6386164472558999,1.518537422469051,0.4000000000000341,0.29999999999998295,0.030000000000001137,0.500899191454721,-1.1102230246251565e-16,0.0,-6.558290967783648,-4.959315945187598,-5.004758282643081,-8.502880194747263,-0.00021420457705867424,0.013442945240935256,13.0,13.0,13.0
0,695,278.0,208.5,20.849999999999998,285.32632631819286,219.30226297997424,35.347544186084235,348.1249380610358,0.6435011087932844,1.5108681716736887,361.5992863908346,0.6553002111981135,1.4728866124317674,0.39999999999997726,0.30000000000001137,0.029999999999997584,0.500899191454721,1.1102230246251565e-16,0.0,19.643723820561775,22.06069050701862,18.039576598923194,30.25196269028521,0.016683763942213603,-0.04565081003728366,13.0,13.0,13.0
0,696,278.40000000000003,208.79999999999998,20.88,284.5969843286705,217.5099119910655,9.208946315823987,348.6258372524905,0.6435011087932843,1.5108681716736887,358.31663371323174,0.652573691748148,1.5450929138554326,0.4000000000000341,0.29999999999998295,0.030000000000001137,0.500899191454721,-1.1102230246251565e-16,0.0,-0.7293419895223678,-1.792350988908737,-26.13859787026025,-3.2826526776028686,-0.002726519449965492,0.07220630142366513,13.0,13.0,13.0
0,697,278.8,209.1,20.91,289.50686023533547,197.1818365315896,38.50243681351185,349.1267364439452,0.6435011087932844,1.5108681716736887,352.38804806898753,0.5979254272588661,1.4613162834787379,0.39999999999997726,0.30000000000001137,0.030000000000001137,0.500899191454721,1.1102230246251565e-16,0.0,4.909875906664979,-20.32807545947591,29.293490497687863,-5.928585644244208,-0.05464826448928195,-0.0837766303766947,13.0,13.0,13.0
0,698,279.2,209.4,20.939999999999998,285.9231424059003,210.76794340669582,15.441326912370933,349.6276356354,0.6435011087932844,1.5108681716736887,355.54690816820164,0.635225575087023,1.5273528745163556,0.39999999999997726,0.30000000000001137,0.029999999999997584,0.5008991914547778,0.0,0.0,-3.583717829435159,13.586106875106225,-23.061109901140917,3.1588600992141096,0.03730014782815694,0.06603659103761772,13.0,13.0,13.0
0,699,279.6,209.7,20.97,272.6552759483705,222.3895535242582,22.18575660184715,350.1285348268547,0.6435011087932843,1.5108681716736887,352.5481822605208,0.6842072505125949,1.5078250025162514,0.4000000000000341,0.29999999999998295,0.030000000000001137,0.500899191454721,-1.1102230246251565e-16,0.0,-13.267866457529806,11.62161011756237,6.744429689476217,-2.998725907680864,0.04898167542557186,-0.019527872000104196,13.0,13.0,13.0
0,700,280.0,210.0,21.0,263.2485425418398,203.5382190158254,37.692870420562286,350.62943401830944,0.6435011087932844,1.5108681716736887,334.8855837910588,0.6581713227742624,1.458002839058657,0.39999999999997726,0.30000000000001137,0.030000000000001137,0.500899191454721,1.1102230246251565e-16,0.0,-9.406733406530691,-18.851334508432785,15.507113818715137,-17.662598469461955,-0.02603592773833252,-0.04982216345759438,13.0,13.0,13.0
0,701,280.40000000000003,210.29999999999998,21.029999999999998,294.0096966371342,223.71969791200388,32.736574037590714,351.13033320976416,0.6435011087932843,1.5108681716736887,370.89606122230066,0.6504573177692443,1.4824178494830902,0.4000000000000341,0.29999999999998295,0.029999999999997584,0.500899191454721,-1.1102230246251565e-16,0.0,30.761154095294387,20.181478896178476,-4.956296382971573,36.01047743124184,-0.007714005005018065,0.02441501042443317,13.0,13.0,13.0
0,702,280.8,210.6,21.06,290.00893655928525,201.6923716423976,28.290489080199702,351.6312324012189,0.6435011087932844,1.5108681716736887,354.38023059332676,0.6076788878723053,1.4908803997285518,0.39999999999997726,0.30000000000001137,0.030000000000001137,0.500899191454721,1.1102230246251565e-16,0.0,-4.000760077848952,-22.027326269606277,-4.446084957391012,-16.5158306289739,-0.04277842989693903,0.008462550245461609,13.0,13.0,13.0
0,703,281.2,210.9,21.09,285.0829482813105,230.38665574567275,-6.52546299217606,352.1321315926736,0.6435011087932844,1.5108681716736887,366.5963450632067,0.6796840960759281,-1.5529952556106867,0.39999999999997726,0.30000000000001137,0.030000000000001137,0.500899191454721,0.0,0.0,-4.925988277974739,28.69428410327515,-34.815952072375765,12.216114469879926,0.07200520820362277,-3.0438756553392388,13.0,13.0,13.0
0,704,281.6,211.2,21.119999999999997,298.0015515449071,202.75129901318007,21.986190385161056,352.6330307841283,0.6435011087932843,1.5108681716736887,361.1044260907867,0.5974295852141742,1.509872683449935,0.4000000000000341,0.29999999999998295,0.029999999999997584,0.500899191454721,-1.1102230246251565e-16,0.0,12.918603263596594,-27.63535673249268,28.511653377337115,-5.491918972419967,-0.08225451086175384,3.062867939060622,13.0,13.0,13.0
0,705,282.0,211.5,21.15,274.6783257807908,194.6488113072276,18.47297384103609,353.13392997558304,0.6435011087932844,1.5108681716736887,337.161078951273,0.6165029639876343,1.5159791195513235,0.39999999999997726,0.30000000000001137,0.030000000000001137,0.500899191454721,1.1102230246251565e-16,0.0,-23.32322576411633,-8.102487705952484,-3.5132165441249654,-23.94334713951372,0.019073378773460048,0.006106436101388502,13.0,13.0,13.0
0,706,282.40000000000003,211.79999999999998,21.18,277.9416527694977,186.61494403310147,23.702135809363043,353.6348291670378,0.6435011087932843,1.5108681716736887,335.6165832056621,0.5912845690262725,1.5001148289591228,0.4000000000000341,0.29999999999998295,0.030000000000001137,0.5008991914547778,-1.1102230246251565e-16,0.0,3.263326988706922,-8.033867274126123,5.229161968326952,-1.5444957456109023,-0.0252183949613618,-0.015864290592200625,13.0,13.0,13.0
0,707,282.8,212.1,21.21,279.67332419022955,218.13785384544846,34.336724241569485,354.13572835849254,0.6435011087932844,1.5108681716736887,356.34295583826696,0.6624099783979578,1.4742879408633978,0.39999999999997726,0.30000000000001137,0.030000000000001137,0.500899191454721,1.1102230246251565e-16,0.0,1.7316714207318569,31.522909812346995,10.634588432206442,20.726372632604864,0.07112540937168532,-0.025826888095725087,13.0,13.0,13.0
0,708,283.2,212.4,21.24,280.52237935540614,233.11731493535672,41.19419406583686,354.63662754994726,0.6435011087932844,1.5108681716736887,367.0605528609994,0.6933664307551924,1.4583321550900978,0.39999999999997726,0.30000000000001137,0.029999999999997584,0.500899191454721,0.0,0.0,0.8490551651765941,14.979461089908256,6.857469824267376,10.717597022732434,0.030956452357234654,-0.015955785773299924,13.0,13.0,13.0
0,709,283.6,212.7,21.27,294.46851072594717,201.5104675130934,36.20797699305854,355.137526741402,0.6435011087932843,1.5108681716736887,358.6491181146729,0.600124258141279,1.4696674918864014,0.4000000000000341,0.29999999999998295,0.030000000000001137,0.500899191454721,-1.1102230246251565e-16,0.0,13.946131370541025,-31.606847422263314,-4.986217072778324,-8.411434746326506,-0.09324217261391343,0.011335336796303608,13.0,13.0,13.0
0,710,284.0,213.0,21.3,280.2254267171058,217.47784148855646,45.66735444038517,355.6384259328567,0.6435011087932844,1.5108681716736887,357.64285059104634,0.6599855484840945,1.442756936320636,0.39999999999997726,0.30000000000001137,0.030000000000001137,0.500899191454721,1.1102230246251565e-16,0.0,-14.243084008841379,15.967373975463062,9.45937744732663,-1.0062675236265477,0.05986129034281551,-0.02691055556576538,13.0,13.0,13.0
0,711,284.40000000000003,213.29999999999998,21.33,301.8371361400554,219.90934209555698,21.18590156578622,356.1393251243114,0.6435011087932843,1.5108681716736887,374.051624671363,0.6296439460494597,1.514127022737103,0.4000000000000341,0.29999999999998295,0.029999999999997584,0.500899191454721,-1.1102230246251565e-16,0.0,21.611709422949616,2.4315006070005154,-24.481452874598947,16.408774080316675,-0.030341602434634796,0.07137008641646703,13.0,13.0,13.0
0,712,284.8,213.6,21.36,277.28948279207026,212.97101334992203,49.41011032777253,356.64022431576615,0.6435011087932844,1.5108681716736887,353.11112811265116,0.654950718509586,1.4304076953739164,0.39999999999997726,0.30000000000001137,0.030000000000001137,0.500899191454721,1.1102230246251565e-16,0.0,-24.547653347985147,-6.938328745634948,28.224208761986308,-20.940496558711857,0.025306772460126248,-0.08371932736318666,13.0,13.0,13.0
0,713,285.2,213.9,21.39,268.540626560337,225.3166466145735,38.84434839607982,357.14112350722087,0.6435011087932844,1.5108681716736887,352.6904347403981,0.698097404556493,1.4604352054278873,0.39999999999997726,0.30000000000001137,0.030000000000001137,0.500899191454721,0.0,0.0,-8.74885623173327,12.345633264651468,-10.565761931692705,-0.42069337225308345,0.04314668604690708,0.030027510053970863,13.0,13.0,13.0
0,714,285.6,214.2,21.419999999999998,283.2448524700167,219.5318174589006,32.54616624979184,357.6420226986756,0.6435011087932843,1.5108681716736887,359.8348485974207,0.6593476895754651,1.480225038631027,0.4000000000000341,0.29999999999998295,0.029999999999997584,0.500899191454721,-1.1102230246251565e-16,0.0,14.704225909679735,-5.784829155672895,-6.298182146287985,7.144413857022641,-0.03874971498102797,0.01978983320313965,13.0,13.0,13.0
0,715,286.0,214.5,21.45,272.11549986201135,216.13280042221805,12.561887126611403,358.1429218901303,0.6435011087932844,1.5108681716736887,347.7327043746164,0.6712364098790947,1.534663340635443,0.39999999999997726,0.30000000000001137,0.030000000000001137,0.500899191454721,1.1102230246251565e-16,0.0,-11.129352608005377,-3.399017036682551,-19.984279123180436,-12.102144222804327,0.01188872030362964,0.05443830200441613,13.0,13.0,13.0
0,716,286.40000000000003,214.79999999999998,21.48,280.60073466932585,216.1731458575265,10.165728221601436,358.6438210815851,0.6435011087932843,1.5108681716736887,354.35990647529565,0.6564260709863268,1.542104810308483,0.4000000000000341,0.29999999999998295,0.030000000000001137,0.5008991914547778,-1.1102230246251565e-16,0.0,8.485234807314498,0.04034543530843848,-2.396158905009967,6.627202100679256,-0.014810338892767949,0.007441469673039824,13.0,13.0,13.0
0,717,286.8,215.1,21.509999999999998,284.5134248205298,216.61156107808722,29.016125371453015,359.1447202730398,0.6435011087932844,1.5108681716736887,358.7623068653744,0.6507195379848947,1.4898294798189433,0.39999999999997726,0.30000000000001137,0.029999999999997584,0.500899191454721,1.1102230246251565e-16,0.0,3.9126901512039467,0.4384152205607279,18.85039714985158,4.402400390078753,-0.00570653300143209,-0.052275330489539584,13.0,13.0,13.0
0,718,287.2,215.4,21.54,296.2199715722834,232.1265113609433,30.58586776320984,359.64561946449453,0.6435011087932844,1.5108681716736887,377.57712343535206,0.6646785037655862,1.4897018554690393,0.39999999999997726,0.30000000000001137,0.030000000000001137,0.500899191454721,0.0,0.0,11.706546751753592,15.514950282856091,1.5697423917568258,18.814816569977665,0.013958965780691557,-0.00012762434990398752,13.0,13.0,13.0
0,719,287.6,215.7,21.57,289.1601549656679,215.5892748990044,38.75107965337923,360.14651865594925,0.6435011087932843,1.5108681716736887,362.7588411679998,0.6406601819177873,1.4637688591694509,0.4000000000000341,0.29999999999998295,0.030000000000001137,0.500899191454721,-1.1102230246251565e-16,0.0,-7.05981660661547,-16.537236461938903,8.165211890169388,-14.818282267352288,-0.02401832184779895,-0.02593299629958845,13.0,13.0,13.0
0,720,288.0,216.0,21.599999999999998,301.3336530315562,220.37688800709014,22.691191415985557,360.647417847404,0.6435011087932844,1.5108681716736887,374.00913542974956,0.6314503524749688,1.5100888923547269,0.39999999999997726,0.30000000000001137,0.029999999999997584,0.500899191454721,1.1102230246251565e-16,0.0,12.173498065888282,4.787613108085736,-16.05988823739367,11.250294261749787,-0.009209829442818451,0.046320033185276,13.0,13.0,13.0
0,721,288.40000000000003,216.29999999999998,21.63,294.97519625689586,212.75923748904876,41.14967550266043,361.14831703885875,0.6435011087932843,1.5108681716736887,366.01933738217974,0.6248644813522501,1.4581332725119462,0.4000000000000341,0.29999999999998295,0.030000000000001137,0.5008991914547778,-1.1102230246251565e-16,0.0,-6.35845677466034,-7.617650518041387,18.458484086674872,-7.9897980475698205,-0.0065858711227186895,-0.05195561984278063,13.0,13.0,13.0
0,722,288.8,216.6,21.66,308.4537745328159,229.61545485023055,42.250899114373865,361.6492162303134,0.6435011087932844,1.5108681716736887,386.84897131256855,0.6399126067529376,1.4613599438641374,0.39999999999997726,0.30000000000001137,0.030000000000001137,0.5008991914546641,1.1102230246251565e-16,0.0,13.478578275920029,16.85621736118179,1.1012236117134364,20.82963393038881,0.015048125400687451,0.003226671352191124,13.0,13.0,13.0
0,723,289.2,216.9,21.689999999999998,266.8383511682256,227.15566385298055,22.63952482028651,362.1501154217682,0.6435011087932844,1.5108681716736887,351.1622835082862,0.7052399870113781,1.5062813190616062,0.39999999999997726,0.30000000000001137,0.029999999999997584,0.5008991914547778,0.0,0.0,-41.6154233645903,-2.4597909972499963,-19.611374294087355,-35.68668780428237,0.06532738025844054,0.04492137519746886,13.0,13.0,13.0
0,724,289.6,217.2,21.72,307.6171397277453,223.158775962081,12.45186924791292,362.6510146132229,0.6435011087932843,1.5108681716736887,380.24096700768655,0.6275986642592326,1.5380431598848838,0.4000000000000341,0.29999999999998295,0.030000000000001137,0.500899191454721,-1.1102230246251565e-16,0.0,40.77878855951974,-3.9968878908995578,-10.18765557237359,29.07868349940037,-0.07764132275214553,0.0317618408232776,13.0,13.0,13.0
0,725,290.0,217.5,21.75,309.3667649927265,236.26176028008882,28.619848458087883,363.15191380467763,0.6435011087932844,1.5108681716736887,390.3159109983539,0.6522082622876401,1.4974056301419898,0.39999999999997726,0.30000000000001137,0.030000000000001137,0.500899191454721,1.1102230246251565e-16,0.0,1.7496252649811481,13.102984318007827,16.167979210174963,10.07494399066735,0.024609598028407453,-0.04063752974289403,13.0,13.0,13.0
0,726,290.40000000000003,217.79999999999998,21.779999999999998,287.824086994245,226.76245913087493,31.075486170118452,363.65281299613235,0.6435011087932843,1.5108681716736887,367.7357798282099,0.6672889133200743,1.4861904965358819,0.4000000000000341,0.29999999999998295,0.029999999999997584,0.500899191454721,-1.1102230246251565e-16,0.0,-21.54267799848145,-9.499301149213892,2.455637712030569,-22.580131170144,0.015080651032434278,-0.01121513360610793,13.0,13.0,13.0
0,727,290.8,218.1,21.81,270.5906770516126,205.77192275809756,14.21253013267583,364.1537121875871,0.6435011087932844,1.5108681716736887,340.24020149827504,0.6501585401006593,1.5290121209042866,0.39999999999997726,0.30000000000001137,0.030000000000001137,0.500899191454721,1.1102230246251565e-16,0.0,-17.23340994263242,-20.99053637277737,-16.862956037442622,-27.495578329934858,-0.017130373219415018,0.042821624368404754,13.0,13.0,13.0
0,728,291.2,218.4,21.84,314.94136364637615,208.89528525699635,21.34437059053964,364.6546113790418,0.6435011087932844,1.5108681716736887,378.5246159682975,0.5856564775688327,1.514378072463065,0.39999999999997726,0.30000000000001137,0.030000000000001137,0.500899191454721,0.0,0.0,44.350686594763545,3.1233624988987856,7.1318404578638095,38.284414470022455,-0.06450206253182666,-0.014634048441221514,13.0,13.0,13.0
0,729,291.6,218.7,21.869999999999997,300.3559064083259,225.3944797395275,9.16895225840221,365.1555105704965,0.6435011087932843,1.5108681716736887,375.6333474239689,0.6437728374899462,1.5463845884208511,0.4000000000000341,0.29999999999998295,0.029999999999997584,0.500899191454721,-1.1102230246251565e-16,0.0,-14.585457238050253,16.499194482531152,-12.17541833213743,-2.891268544328568,0.058116359921113525,0.03200651595778603,13.0,13.0,13.0
0,730,292.0,219.0,21.9,309.1796908340623,209.806507553212,20.849361052094757,365.65640976195124,0.6435011087932844,1.5108681716736887,374.22659939160246,0.596212435683576,1.515054265402432,0.39999999999997726,0.30000000000001137,0.030000000000001137,0.500899191454721,1.1102230246251565e-16,0.0,8.823784425736392,-15.587972186315511,11.680408793692546,-1.4067480323664654,-0.04756040180637022,-0.031330323018419204,13.0,13.0,13.0
0,731,292.40000000000003,219.29999999999998,21.93,297.9647120696019,236.21720467176522,30.29912942437055,366.157308953406,0.6435011087932843,1.5108681716736887,381.4440649237292,0.670316254033258,1.4912798646255123,0.4000000000000341,0.29999999999998295,0.030000000000001137,0.5008991914547778,-1.1102230246251565e-16,0.0,-11.214978764460398,26.41069711855323,9.449768372275791,7.21746553212671,0.07410381834968205,-0.023774400776919613,13.0,13.0,13.0
0,732,292.8,219.6,21.96,270.1910495667249,229.38213531913973,34.99732857794971,366.65820814486074,0.6435011087932844,1.5108681716736887,356.15190618208055,0.7038915763986302,1.4723723207886596,0.39999999999997726,0.30000000000001137,0.030000000000001137,0.500899191454721,1.1102230246251565e-16,0.0,-27.77366250287696,-6.8350693526254815,4.698199153579161,-25.29215874164862,0.033575322365372195,-0.01890754383685267,13.0,13.0,13.0
0,733,293.2,219.9,21.99,294.53838755927643,244.4744810453638,22.60078390350462,367.15910733631546,0.6435011087932844,1.5108681716736887,383.4467747438637,0.6927831521874775,1.5118210218546233,0.39999999999997726,0.30000000000001137,0.029999999999997584,0.500899191454721,0.0,0.0,24.347337992551502,15.092345726224067,-12.396544674445089,27.294868561783176,-0.011108424211152657,0.039448701065963654,13.0,13.0,13.0
0,734,293.6,220.2,22.02,296.2171509967444,221.53508996989015,4.611516533811432,367.6600065277702,0.6435011087932843,1.5108681716736887,369.9238607028979,0.642143375870912,1.5583298803890453,0.4000000000000341,0.29999999999998295,0.030000000000001137,0.500899191454721,-1.1102230246251565e-16,0.0,1.6787634374679783,-22.93939107547365,-17.989267369693188,-13.522914040965816,-0.05063977631656558,0.04650885853442199,13.0,13.0,13.0
0,735,294.0,220.5,22.05,279.81677062893414,225.81146001493366,20.36532481824744,368.1609057192249,0.6435011087932844,1.5108681716736887,360.1430091702937,0.6789932257167163,1.5142182632991978,0.39999999999997726,0.30000000000001137,0.030000000000001137,0.500899191454721,1.1102230246251565e-16,0.0,-16.40038036781027,4.276370045043507,15.753808284436008,-9.780851532604231,0.036849849845804306,-0.044111617089847455,13.0,13.0,13.0
0,736,294.40000000000003,220.79999999999998,22.08,288.82563624803487,232.6453488083648,16.99906394411554,368.6618049106796,0.6435011087932843,1.5108681716736887,371.2587704704415,0.6780778427508563,1.5249926699199414,0.4000000000000341,0.29999999999998295,0.029999999999997584,0.500899191454721,-1.1102230246251565e-16,0.0,9.008865619100732,6.833888793431129,-3.3662608741319,11.115761300147824,-0.0009153829658600232,0.010774406620743582,13.0,13.0,13.0
0,737,294.8,221.1,22.11,296.2616316647972,216.48506241221807,6.777340194071133,369.16270410213434,0.6435011087932844,1.5108681716736887,366.99137453680856,0.6310489729192491,1.5523279759048016,0.39999999999997726,0.30000000000001137,0.030000000000001137,0.500899191454721,1.1102230246251565e-16,0.0,7.435995416762353,-16.160286396146716,-10.221723750044408,-4.26739593363294,-0.047028869831607145,0.027335305984860225,13.0,13.0,13.0
0,738,295.2,221.4,22.14,295.2684839091212,215.35842923227014,-11.053855512143542,369.66360329358906,0.6435011087932844,1.5108681716736887,365.6294823356905,0.6301632329182756,-1.540559322926724,0.39999999999997726,0.30000000000001137,0.030000000000001137,0.500899191454721,0.0,0.0,-0.9931477556760342,-1.1266331799479303,-17.831195706214675,-1.361892201118053,-0.0008857400009735228,-3.092887298831526,13.0,13.0,13.0
0,739,295.6,221.7,22.169999999999998,290.3475842772625,239.94240809147678,27.380817858305026,370.1645024850438,0.6435011087932843,1.5108681716736887,377.65564749248557,0.6906307858977988,1.4982305831841594,0.4000000000000341,0.29999999999998295,0.029999999999997584,0.500899191454721,-1.1102230246251565e-16,0.0,-4.920899631858674,24.58397885920664,38.434673370448564,12.02616515679506,0.06046755297952322,3.0387899061108836,13.0,13.0,13.0
0,740,296.0,222.0,22.2,290.668645801794,226.18280026803603,25.869373142729422,370.6654016764985,0.6435011087932844,1.5108681716736887,369.2101640747947,0.6612728934183155,1.5006720735794756,0.39999999999997726,0.30000000000001137,0.030000000000001137,0.500899191454721,1.1102230246251565e-16,0.0,0.32106152453150116,-13.759607823440746,-1.5114447155756032,-8.445483417690866,-0.029357892479483283,0.0024414903953162703,13.0,13.0,13.0
0,741,296.40000000000003,222.29999999999998,22.23,281.7648307204357,242.70364733838247,-5.629804683734129,371.1663008679533,0.6435011087932843,1.5108681716736887,371.9249587793843,0.7110577571957765,-1.5556588116512624,0.4000000000000341,0.29999999999998295,0.030000000000001137,0.5008991914547778,-1.1102230246251565e-16,0.0,-8.903815081358289,16.520847070346434,-31.49917782646355,2.7147947045896217,0.04978486377746094,-3.056330885230738,13.0,13.0,13.0
0,742,296.8,222.6,22.259999999999998,298.4446031173347,228.17424606071074,33.08396746712013,371.667200059408,0.6435011087932844,1.5108681716736887,377.13023824483054,0.6527449301747088,1.4829578396877645,0.39999999999997726,0.30000000000001137,0.029999999999997584,0.500899191454721,1.1102230246251565e-16,0.0,16.679772396898954,-14.529401277671724,38.71377215085426,5.2052794654462105,-0.05831282702106766,3.038616651339027,13.0,13.0,13.0
0,743,297.2,222.9,22.29,309.61384188234797,232.45582941629357,20.74907717212035,372.1680992508627,0.6435011087932844,1.5108681716736887,387.72021860906244,0.6440082791322543,1.5172551573996005,0.39999999999997726,0.30000000000001137,0.030000000000001137,0.500899191454721,0.0,0.0,11.16923876501329,4.281583355582825,-12.33489029499978,10.589980364231906,-0.008736651042454469,0.03429731771183597,13.0,13.0,13.0
0,744,297.6,223.2,22.32,307.44742806473374,239.44553781741968,11.78194171096463,372.66899844231745,0.6435011087932843,1.5108681716736887,389.8677990739599,0.6616908729209731,1.5405713740683802,0.4000000000000341,0.29999999999998295,0.030000000000001137,0.500899191454721,-1.1102230246251565e-16,0.0,-2.1664138176142274,6.989708401126109,-8.967135461155722,2.1475804648974304,0.017682593788718726,0.0233162166687797,13.0,13.0,13.0
0,745,298.0,223.5,22.349999999999998,319.4832643382778,232.17749370669284,40.31672504597502,373.16989763377217,0.6435011087932844,1.5108681716736887,396.9904068042401,0.6284400358658054,1.469065026056868,0.39999999999997726,0.30000000000001137,0.029999999999997584,0.500899191454721,1.1102230246251565e-16,0.0,12.035836273544078,-7.268044110726834,28.53478333501039,7.122607730280208,-0.033250837055167626,-0.07150634801151212,13.0,13.0,13.0
0,746,298.40000000000003,223.79999999999998,22.38,302.38178281979725,231.95267237883678,29.85618464924919,373.67079682522694,0.6435011087932843,1.5108681716736887,382.26715339769004,0.6543464388513514,1.4926137726969613,0.4000000000000341,0.29999999999998295,0.030000000000001137,0.5008991914547778,-1.1102230246251565e-16,0.0,-17.10148151848057,-0.22482132785606268,-10.460540396725829,-14.723253406550043,0.025906402985545918,0.02354874664009321,13.0,13.0,13.0
0,747,298.8,224.1,22.41,295.2797345641344,231.76380275311422,32.944249185109555,374.1716960166816,0.6435011087932844,1.5108681716736887,376.8154793333478,0.6654629257963127,1.4832564958730683,0.39999999999997726,0.30000000000001137,0.030000000000001137,0.5008991914546641,1.1102230246251565e-16,0.0,-7.102048255662851,-0.18886962572256039,3.088064535860365,-5.451674064342228,0.011116486944961368,-0.00935727682389298,13.0,13.0,13.0
0,748,299.2,224.4,22.439999999999998,312.01498132708167,226.90385873602804,12.87089404371626,374.6725952081364,0.6435011087932844,1.5108681716736887,386.01084129247334,0.628762478307255,1.5374467966988508,0.39999999999997726,0.30000000000001137,0.029999999999997584,0.5008991914547778,0.0,0.0,16.73524676294727,-4.859944017086178,-20.073355141393293,9.195361959125535,-0.036700447489057764,0.05419030082578247,13.0,13.0,13.0
0,749,299.6,224.7,22.47,299.73938832832494,233.45194310501114,39.520199584865374,375.1734943995911,0.6435011087932843,1.5108681716736887,381.9755971658024,0.661710733635891,1.46714821647679,0.4000000000000341,0.29999999999998295,0.030000000000001137,0.500899191454721,-1.1102230246251565e-16,0.0,-12.275592998756736,6.548084368983098,26.64930554114911,-4.035244126670932,0.03294825532863599,-0.07029858022206081,13.0,13.0,13.0
0,750,300.0,225.0,22.5,287.7743502758232,241.67937991251372,37.67450008678573,375.6743935910458,0.6435011087932844,1.5108681716736887,377.6802447949304,0.6985557581425466,1.4708777785306109,0.39999999999997726,0.30000000000001137,0.030000000000001137,0.500899191454721,1.1102230246251565e-16,0.0,-11.965038052501711,8.227436807502585,-1.8456994980796466,-4.295352370872024,0.03684502450665561,0.0037295620538209118,13.0,13.0,13.0
0,751,300.40000000000003,225.29999999999998,22.529999999999998,293.78683970615026,218.7502660273479,31.969989863067113,376.17529278250055,0.6435011087932843,1.5108681716736887,367.67440259475137,0.640028663752018,1.4837344783639133,0.4000000000000341,0.29999999999998295,0.029999999999997584,0.500899191454721,-1.1102230246251565e-16,0.0,6.012489430327037,-22.929113885165833,-5.704510223718614,-10.005842200179018,-0.05852709439052861,0.012856699833302399,13.0,13.0,13.0
0,752,300.8,225.6,22.56,329.11743508845404,209.00720665372089,51.223275672324206,376.67619197395527,0.6435011087932844,1.5108681716736887,393.2252821004734,0.5657962150154919,1.4401606276232872,0.39999999999997726,0.30000000000001137,0.030000000000001137,0.500899191454721,1.1102230246251565e-16,0.0,35.330595382303784,-9.743059373627005,19.253285809257093,25.550879505722037,-0.07423244873652601,-0.04357385074062603,13.0,13.0,13.0
0,753,301.2,225.9,22.59,299.38724318463517,249.46849869624464,24.027890733981323,377.17709116541,0.6435011087932844,1.5108681716736887,390.441535644683,0.694697133788966,1.5092171122764548,0.39999999999997726,0.30000000000001137,0.030000000000001137,0.500899191454721,0.0,0.0,-29.730191903818877,40.46129204252375,-27.195384938342883,-2.7837464557904354,0.1289009187734741,0.0690564846531676,13.0,13.0,13.0
0,754,301.6,226.2,22.619999999999997,292.3899298638623,232.48101934445407,26.97837258541738,377.6779903568647,0.6435011087932843,1.5108681716736887,374.52253340565284,0.6717497302231002,1.498699840771798,0.4000000000000341,0.29999999999998295,0.029999999999997584,0.500899191454721,-1.1102230246251565e-16,0.0,-6.997313320772889,-16.98747935179057,2.950481851436056,-15.919002239030135,-0.022947403565865776,-0.010517271504656867,13.0,13.0,13.0
0,755,302.0,226.5,22.65,313.6566986066758,227.04220932917252,12.89438092333453,378.17888954831943,0.6435011087932844,1.5108681716736887,387.4209009040515,0.6265577733256988,1.5375075634159199,0.39999999999997726,0.30000000000001137,0.030000000000001137,0.500899191454721,1.1102230246251565e-16,0.0,21.266768742813497,-5.438810015281547,-14.083991662082848,12.89836749839867,-0.04519195689740141,0.03880772264412191,13.0,13.0,13.0
0,756,302.40000000000003,226.79999999999998,22.68,282.60259590357424,229.36197314978523,12.261882266168497,378.67978873977415,0.6435011087932843,1.5108681716736887,364.1723433970667,0.6817778385047085,1.5371194137458646,0.4000000000000341,0.29999999999998295,0.030000000000001137,0.500899191454721,-1.1102230246251565e-16,0.0,-31.054102703101535,2.3197638206127067,-0.6324986571660336,-23.24855750698481,0.05522006517900968,-0.00038814967005529333,13.0,13.0,13.0
0,757,302.8,227.1,22.71,302.70347038419465,227.06368073047778,19.238793673833737,379.18068793122893,0.6435011087932844,1.5108681716736887,378.88974289564993,0.6435773833141577,1.5199977216453626,0.39999999999997726,0.30000000000001137,0.030000000000001137,0.5008991914547778,1.1102230246251565e-16,0.0,20.100874480620405,-2.298292419307444,6.97691140766524,14.717399498583234,-0.03820045519055082,-0.017121692100501962,13.0,13.0,13.0
0,758,303.2,227.4,22.74,314.62204772168525,227.02414309161006,25.53909792147978,379.6815871226836,0.6435011087932844,1.5108681716736887,388.81774648504563,0.6250610992130712,1.5050650217029737,0.39999999999997726,0.30000000000001137,0.029999999999997584,0.5008991914546641,0.0,0.0,11.918577337490603,-0.039537638867727765,6.300304247646043,9.9280035893957,-0.018516284101086522,-0.014932699942388883,13.0,13.0,13.0
0,759,303.6,227.7,22.77,302.48521803047555,232.2103881513315,18.545048698195195,380.1824863141384,0.6435011087932843,1.5108681716736887,381.7890652226106,0.654717575440792,1.5222031354289425,0.4000000000000341,0.29999999999998295,0.030000000000001137,0.5008991914547778,-1.1102230246251565e-16,0.0,-12.136829691209698,5.186245059721443,-6.994049223284584,-7.028681262435043,0.02965647622772083,0.01713811372596874,13.0,13.0,13.0
0,760,304.0,228.0,22.8,309.081947852708,206.38254773144075,26.03819708020893,380.6833855055931,0.6435011087932844,1.5108681716736887,372.5632754361765,0.5887367373397094,1.5008499770925687,0.39999999999997726,0.30000000000001137,0.030000000000001137,0.500899191454721,1.1102230246251565e-16,0.0,6.596729822232476,-25.827840419890748,7.493148382013736,-9.225789786434063,-0.06598083810108257,-0.021353158336373745,13.0,13.0,13.0
0,761,304.40000000000003,228.29999999999998,22.83,313.97141335611144,235.01418617768047,13.596066510054936,381.1842846970478,0.6435011087932843,1.5108681716736887,392.42141778213056,0.6425538559613264,1.5361427950209856,0.4000000000000341,0.29999999999998295,0.029999999999997584,0.500899191454721,-1.1102230246251565e-16,0.0,4.8894655034034145,28.63163844623972,-12.442130570153996,19.858142345954036,0.05381711862161698,0.035292817928416875,13.0,13.0,13.0
0,762,304.8,228.6,22.86,304.4099967921475,228.51922896761914,23.8706262324707,381.68518388850254,0.6435011087932844,1.5108681716736887,381.3873240574216,0.6439461100927646,1.5081664560706798,0.39999999999997726,0.30000000000001137,0.030000000000001137,0.500899191454721,1.1102230246251565e-16,0.0,-9.561416563963917,-6.4949572100613295,10.274559722415763,-11.034093724708953,0.0013922541314381753,-0.027976338950305824,13.0,13.0,13.0
0,763,305.2,228.9,22.89,304.69545209737555,238.10172094774035,42.40895392384229,382.18608307995726,0.6435011087932844,1.5108681716736887,389.01191166854295,0.6633220013022096,1.4615621150024432,0.39999999999997726,0.30000000000001137,0.030000000000001137,0.500899191454721,0.0,0.0,0.28545530522802665,9.582491980121205,18.53832769137159,7.624587611121342,0.01937589120944505,-0.04660434106823663,13.0,13.0,13.0
0,764,305.6,229.2,22.919999999999998,300.48380156669435,215.72691440136248,9.832733508405108,382.686982271412,0.6435011087932843,1.5108681716736887,370.034186595445,0.6226597081919502,1.5442206984403604,0.4000000000000341,0.29999999999998295,0.029999999999997584,0.500899191454721,-1.1102230246251565e-16,0.0,-4.211650530681197,-22.37480654637787,-32.576220415437184,-18.97772507309793,-0.040662293110259484,0.08265858343791721,13.0,13.0,13.0
0,765,306.0,229.5,22.95,315.50007415668364,234.12032226504576,15.353546737834602,383.18788146286676,0.6435011087932844,1.5108681716736887,393.17725454022974,0.6384008012675516,1.5317364591699816,0.39999999999997726,0.30000000000001137,0.030000000000001137,0.5008991914547778,1.1102230246251565e-16,0.0,15.016272589989285,18.39340786368328,5.5208132294294945,23.14306794478472,0.015741093075601453,-0.012484239270378783,13.0,13.0,13.0
0,766,306.40000000000003,229.79999999999998,22.98,311.4625087441879,244.6066228406556,17.69117814975285,383.6887806543215,0.6435011087932843,1.5108681716736887,396.42688112066816,0.6657430506084383,1.5261549153443534,0.4000000000000341,0.29999999999998295,0.030000000000001137,0.500899191454721,-1.1102230246251565e-16,0.0,-4.037565412495724,10.486300575609846,2.337631411918249,3.2496265804384166,0.027342249340886693,-0.0055815438256281436,13.0,13.0,13.0
0,767,306.8,230.1,23.009999999999998,298.5070046912898,231.24951788937045,14.907033776382034,384.1896798457762,0.6435011087932844,1.5108681716736887,377.89547632889463,0.6591145360272845,1.5313385836530544,0.39999999999997726,0.30000000000001137,0.029999999999997584,0.500899191454721,1.1102230246251565e-16,0.0,-12.955504052898107,-13.357104951285152,-2.7841443733708164,-18.531404791773525,-0.006628514581153766,0.005183668308700984,13.0,13.0,13.0
0,768,307.20000000000005,230.39999999999998,23.04,336.12101875046926,226.9972875599531,17.959550709990992,384.6905790372309,0.6435011087932843,1.5108681716736887,405.98972064220305,0.5939859010507416,1.5265454200276467,0.4000000000000341,0.29999999999998295,0.030000000000001137,0.500899191454721,-1.1102230246251565e-16,0.0,37.61401405917945,-4.252230329417358,3.052516933608958,28.094244313308423,-0.06512863497654298,-0.004793163625407715,13.0,13.0,13.0
0,769,307.6,230.7,23.07,346.79313155987865,238.73998446260893,18.405163126589105,385.19147822868564,0.6435011087932843,1.5108681716736887,421.42734404405985,0.6029130843603117,1.5271090357116515,0.39999999999997726,0.30000000000001137,0.030000000000001137,0.500899191454721,0.0,0.0,10.672112809409384,11.742696902655837,0.445612416598113,15.437623401856797,0.008927183309570097,0.000563615684004759,13.0,13.0,13.0
0,770,308.0,231.0,23.099999999999998,301.4553982614713,263.5699175327302,32.887744835944844,385.69237742014036,0.6435011087932844,1.5108681716736887,401.77862353488484,0.7184474325460357,1.4888492534491866,0.39999999999997726,0.30000000000001137,0.029999999999997584,0.500899191454721,1.1102230246251565e-16,0.0,-45.33773329840733,24.829933070121257,14.482581709355738,-19.648720509175007,0.11553434818572406,-0.03825978226246485,13.0,13.0,13.0
0,771,308.40000000000003,231.29999999999998,23.13,292.48105235048183,229.53449952042166,40.46025915943257,386.19327661159514,0.6435011087932843,1.5108681716736887,373.989685720588,0.6653938893273679,1.4623986771406898,0.4000000000000341,0.29999999999998295,0.030000000000001137,0.5008991914547778,-1.1102230246251565e-16,0.0,-8.974345910989484,-34.035418012308526,7.572514323487724,-27.788937814296844,-0.05305354321866784,-0.026450576308496787,13.0,13.0,13.0
0,772,308.8,231.6,23.16,307.8094604641799,223.07565809956938,57.025616007576986,386.6941758030498,0.6435011087932844,1.5108681716736887,384.397364804767,0.6271246065063032,1.4218960230970876,0.39999999999997726,0.30000000000001137,0.030000000000001137,0.5008991914546641,1.1102230246251565e-16,0.0,15.32840811369806,-6.458841420852281,16.565356848144418,10.407679084178994,-0.038269282821064676,-0.040502654043602204,13.0,13.0,13.0
0,773,309.20000000000005,231.89999999999998,23.189999999999998,291.21998142312486,246.5433308728154,37.14755961214205,387.1950749945045,0.6435011087932843,1.5108681716736887,383.37009894237366,0.7025098627243358,1.4737466688277263,0.4000000000000341,0.29999999999998295,0.029999999999997584,0.500899191454721,-1.1102230246251565e-16,0.0,-16.58947904105503,23.467672773246022,-19.87805639543494,-1.0272658623933353,0.0753852562180326,0.05185064573063869,13.0,13.0,13.0
0,774,309.6,232.2,23.22,321.886925961432,242.70528893772314,17.10598809140687,387.69597418595924,0.6435011087932843,1.5108681716736887,403.4967970279658,0.6460612416783159,1.52838925835571,0.39999999999997726,0.30000000000001137,0.030000000000001137,0.500899191454721,0.0,0.0,30.66694453830712,-3.8380419350922637,-20.041571520735175,20.126698085592125,-0.05644862104601989,0.05464258952798362,13.0,13.0,13.0
0,775,310.0,232.5,23.25,338.9786914877519,217.7132776550634,25.30937288914574,388.196873377414,0.6435011087932844,1.5108681716736887,403.6659372626096,0.57091655738099,1.5080563668313363,0.39999999999997726,0.30000000000001137,0.030000000000001137,0.5008991914547778,1.1102230246251565e-16,0.0,17.091765526319932,-24.992011282659746,8.20338479773887,0.16914023464380534,-0.0751446842973259,-0.020332891524373675,13.0,13.0,13.0
0,776,310.40000000000003,232.79999999999998,23.279999999999998,316.1858620468131,228.93071563112298,19.82996798648577,388.69777256886874,0.6435011087932843,1.5108681716736887,390.865705259504,0.6266776258357654,1.5200410820679893,0.4000000000000341,0.29999999999998295,0.029999999999997584,0.500899191454721,-1.1102230246251565e-16,0.0,-22.792829440938817,11.217437976059585,-5.479404902659972,-12.800232003105577,0.05576106845477535,0.01198471523665301,13.0,13.0,13.0
0,777,310.8,233.1,23.31,338.47589954845233,221.21557255070144,21.109447528332588,389.19867176032346,0.6435011087932844,1.5108681716736887,404.9047701485129,0.5788764030808083,1.5186383297872044,0.39999999999997726,0.30000000000001137,0.030000000000001137,0.500899191454721,1.1102230246251565e-16,0.0,22.290037501639233,-7.715143080421541,1.2794795418468183,14.039064889008898,-0.04780122275495702,-0.0014027522807849024,13.0,13.0,13.0
0,778,311.20000000000005,233.39999999999998,23.34,316.57559140444204,211.02985143995156,42.09136718277071,389.69957095177824,0.6435011087932843,1.5108681716736887,382.78634571148837,0.5879576778320739,1.460613046232021,0.4000000000000341,0.29999999999998295,0.030000000000001137,0.5008991914547778,-1.1102230246251565e-16,0.0,-21.900308144010296,-10.185721110749881,20.981919654438123,-22.118424437024544,0.009081274751265522,-0.05802528355518333,13.0,13.0,13.0
0,779,311.6,233.7,23.369999999999997,310.8550301996979,235.23464963981723,50.23647686375524,390.2004701432329,0.6435011087932843,1.5108681716736887,393.0520242910667,0.6477971187688494,1.4426344960103947,0.39999999999997726,0.30000000000001137,0.029999999999997584,0.5008991914546641,0.0,0.0,-5.720561204744115,24.204798199865678,8.145109680984532,10.26567857957832,0.05983944093677551,-0.01797855022162631,13.0,13.0,13.0
0,780,312.0,234.0,23.4,302.5056799830098,231.36920246376127,26.966137190080296,390.7013693346876,0.6435011087932844,1.5108681716736887,381.7964992317954,0.6529328357571548,1.5001078631576192,0.39999999999997726,0.30000000000001137,0.030000000000001137,0.500899191454721,1.1102230246251565e-16,0.0,-8.349350216688094,-3.865447176055966,-23.270339673674947,-11.255525059271292,0.005135716988305394,0.05747336714722451,13.0,13.0,13.0
0,781,312.40000000000003,234.29999999999998,23.43,308.32529496014024,230.10490379138213,28.383427074396458,391.20226852614235,0.6435011087932843,1.5108681716736887,385.769844847399,0.6411325168019585,1.497153716596212,0.4000000000000341,0.29999999999998295,0.030000000000001137,0.500899191454721,-1.1102230246251565e-16,0.0,5.8196149771304135,-1.264298672379141,1.4172898843161619,3.9733456156035913,-0.011800318955196287,-0.002954146561407134,13.0,13.0,13.0
0,782,312.8,234.6,23.46,296.10051066378065,243.20872301904717,22.606048355732145,391.7031677175971,0.6435011087932844,1.5108681716736887,383.84505831151324,0.6876375856246864,1.5118685475901348,0.39999999999997726,0.30000000000001137,0.030000000000001137,0.5008991914547778,1.1102230246251565e-16,0.0,-12.224784296359587,13.103819227665042,-5.777378718664313,-1.9247865358857439,0.04650506882272787,0.014714830993922678,13.0,13.0,13.0
0,783,313.20000000000005,234.89999999999998,23.49,316.37733674666816,238.42997765122828,27.8118381010199,392.20406690905185,0.6435011087932843,1.5108681716736887,397.1359613384782,0.6458172910572476,1.5007079332289883,0.4000000000000341,0.29999999999998295,0.029999999999997584,0.500899191454721,-1.1102230246251565e-16,0.0,20.27682608288751,-4.778745367818885,5.205789745287756,13.29090302696494,-0.04182029456743874,-0.01116061436114646,13.0,13.0,13.0
0,784,313.6,235.2,23.52,307.38391317998145,223.0587033914794,40.20704981565221,392.70496610050657,0.6435011087932843,1.5108681716736887,381.91185121098914,0.6277459788414256,1.4653225236818745,0.39999999999997726,0.30000000000001137,0.030000000000001137,0.500899191454721,0.0,0.0,-8.993423566686715,-15.371274259748873,12.39521171463231,-15.224110127489041,-0.018071312215822033,-0.03538540954711378,13.0,13.0,13.0
0,785,314.0,235.5,23.55,321.61432519144205,238.4360152998011,12.096597791739564,393.2058652919613,0.6435011087932844,1.5108681716736887,400.54192694214765,0.6379566024600288,1.5405911558327674,0.39999999999997726,0.30000000000001137,0.030000000000001137,0.500899191454721,1.1102230246251565e-16,0.0,14.2304120114606,15.377311908321701,-28.11045202391265,18.630075731158513,0.010210623618603254,0.07526863215089286,13.0,13.0,13.0
0,786,314.40000000000003,235.79999999999998,23.58,316.42554352784305,241.71239995691596,36.97932248256224,393.706764483416,0.6435011087932843,1.5108681716736887,399.8968356727674,0.6523277942101018,1.4781918715274889,0.4000000000000341,0.29999999999998295,0.029999999999997584,0.500899191454721,-1.1102230246251565e-16,0.0,-5.188781663599002,3.2763846571148463,24.882724690822677,-0.6450912693802593,0.014371191750072954,-0.062399284305278524,13.0,13.0,13.0
0,787,314.8,236.1,23.61,316.3034725920918,237.91244538244558,23.139909055254638,394.20766367487073,0.6435011087932844,1.5108681716736887,396.4664851317911,0.6448853581709995,1.5123977790088543,0.39999999999997726,0.30000000000001137,0.030000000000001137,0.500899191454721,1.1102230246251565e-16,0.0,-0.12207093575125327,-3.7999545744703767,-13.839413427307601,-3.430350540976292,-0.007442436039102329,0.03420590748136543,13.0,13.0,13.0
0,788,315.20000000000005,236.39999999999998,23.64,309.18904312556015,234.08663390578587,66.0787815864692,394.70856286632545,0.6435011087932843,1.5108681716736887,393.39651998739544,0.6480288413734513,1.4020263604313865,0.4000000000000341,0.29999999999998295,0.030000000000001137,0.500899191454721,-1.1102230246251565e-16,0.0,-7.1144294665316465,-3.825811476659709,42.93887253121457,-3.069965144395667,0.0031434832024518355,-0.1103714185774678,13.0,13.0,13.0
0,789,315.6,236.7,23.669999999999998,316.117138150533,246.09265392397455,33.61967529579043,395.2094620577802,0.6435011087932843,1.5108681716736887,402.022290320851,0.6614840727821686,1.4870721508763518,0.39999999999997726,0.30000000000001137,0.029999999999997584,0.500899191454721,0.0,0.0,6.9280950249728335,12.006020018188678,-32.459106290678776,8.625770333455591,0.013455231408717294,0.0850457904449653,13.0,13.0,13.0
0,790,316.0,237.0,23.7,288.2994212478789,250.28784153133623,24.673513327070093,395.7103612492349,0.6435011087932844,1.5108681716736887,382.5824645356584,0.7149385407131862,1.5062595237047756,0.39999999999997726,0.30000000000001137,0.030000000000001137,0.500899191454721,1.1102230246251565e-16,0.0,-27.81771690265407,4.1951876073616745,-8.946161968720336,-19.439825785192625,0.0534544679310176,0.019187372828423754,13.0,13.0,13.0
0,791,316.40000000000003,237.29999999999998,23.73,307.6508527051234,227.1959733972043,25.449793746499672,396.21126044068967,0.6435011087932843,1.5108681716736887,383.29459883988983,0.6360915964682696,1.504349967298917,0.4000000000000341,0.29999999999998295,0.030000000000001137,0.5008991914547778,-1.1102230246251565e-16,0.0,19.351431457244473,-23.091868134131914,0.7762804194295789,0.7121343042314265,-0.07884694424491656,-0.001909556405858659,13.0,13.0,13.0
0,792,316.8,237.6,23.759999999999998,301.37855809263715,245.05942950384673,19.88929532750238,396.7121596321444,0.6435011087932844,1.5108681716736887,388.94568172866053,0.6826948866945984,1.5196375797503934,0.39999999999997726,0.30000000000001137,0.029999999999997584,0.500899191454721,1.1102230246251565e-16,0.0,-6.272294612486235,17.863456106642417,-5.560498418997291,5.651082888770702,0.04660329022632881,0.015287612451476473,13.0,13.0,13.0
0,793,317.20000000000005,237.89999999999998,23.79,321.80900520480634,238.67871273841183,18.81605538183277,397.2130588235991,0.6435011087932843,1.5108681716736887,401.1017423117289,0.6381538260922883,1.5238681750272365,0.4000000000000341,0.29999999999998295,0.030000000000001137,0.500899191454721,-1.1102230246251565e-16,0.0,20.43044711216919,-6.380716765434897,-1.073239945669613,12.156060583068381,-0.04454106060231011,0.004230595276843108,13.0,13.0,13.0
0,794,317.6,238.2,23.82,284.5220960578011,249.74857857433548,37.392461711441996,397.71395801505383,0.6435011087932843,1.5108681716736887,380.4278799429233,0.7204038800733309,1.4723468302189833,0.39999999999997726,0.30000000000001137,0.030000000000001137,0.500899191454721,0.0,0.0,-37.28690914700525,11.06986583592365,18.576406329609227,-20.6738623688056,0.08225005398104257,-0.05152134480825321,13.0,13.0,13.0
0,795,318.0,238.5,23.849999999999998,307.2804735954459,246.25174204210657,26.03542007966898,398.21485720650855,0.6435011087932844,1.5108681716736887,394.63787579316124,0.675588410854116,1.5047754378181657,0.39999999999997726,0.30000000000001137,0.029999999999997584,0.500899191454721,1.1102230246251565e-16,0.0,22.758377537644833,-3.4968365322289117,-11.357041631773015,14.20999585023793,-0.044815469219214865,0.032428607599182424,13.0,13.0,13.0
0,796,318.40000000000003,238.79999999999998,23.88,322.36674569590434,217.21646667710232,33.10466581572194,398.71575639796333,0.6435011087932843,1.5108681716736887,390.12719851994837,0.5929370943273664,1.48583807757108,0.4000000000000341,0.29999999999998295,0.030000000000001137,0.5008991914547778,-1.1102230246251565e-16,0.0,15.086272100458416,-29.035275365004253,7.069245736052956,-4.5106772732128775,-0.08265131652674962,-0.0189373602470857,13.0,13.0,13.0
0,797,318.8,239.1,23.91,310.05844485951394,235.40376157167694,22.030459892449773,399.216655589418,0.6435011087932844,1.5108681716736887,389.9185958041345,0.6493782744041845,1.514266071031126,0.39999999999997726,0.30000000000001137,0.030000000000001137,0.5008991914546641,1.1102230246251565e-16,0.0,-12.308300836390401,18.18729489457462,-11.074205923272164,-0.2086027158138677,0.05644118007681809,0.028427993460045986,13.0,13.0,13.0
0,798,319.20000000000005,239.39999999999998,23.939999999999998,322.5007798931177,228.813625057644,18.33802521521143,399.7175547808727,0.6435011087932843,1.5108681716736887,395.8518803952849,0.6170719896219745,1.524454269279777,0.4000000000000341,0.29999999999998295,0.029999999999997584,0.500899191454721,-1.1102230246251565e-16,0.0,12.44233503360374,-6.590136514032935,-3.6924346772383423,5.933284591150425,-0.03230628478220998,0.010188198248650915,13.0,13.0,13.0
0,799,319.6,239.7,23.97,343.59177192456696,245.76211150039612,11.758903467285416,400.2184539723275,0.6435011087932843,1.5108681716736887,422.60216870497686,0.6209032975667658,1.54296773949194,0.39999999999997726,0.30000000000001137,0.030000000000001137,0.5008991914547778,0.0,0.0,21.090992031449275,16.948486442752113,-6.579121747926015,26.75028830969194,0.0038313079447912513,0.018513470212163208,13.0,13.0,13.0
0,800,320.0,240.0,24.0,319.89837744385005,253.41794078509565,28.870132743773745,400.7193531637822,0.6435011087932844,1.5108681716736887,409.13214145017906,0.6699560484713725,1.5001733113506552,0.39999999999997726,0.30000000000001137,0.030000000000001137,0.500899191454721,1.1102230246251565e-16,0.0,-23.693394480716904,7.655829284699536,17.11122927648833,-13.470027254797799,0.0490527509046067,-0.04279442814128487,13.0,13.0,13.0
0,801,320.40000000000003,240.29999999999998,24.029999999999998,338.58466214030454,243.33277591712255,2.558164897789162,401.2202523552369,0.6435011087932843,1.5108681716736887,416.9615779419502,0.6231507399371938,1.5646610350025996,0.4000000000000341,0.29999999999998295,0.029999999999997584,0.5008991914546641,-1.1102230246251565e-16,0.0,18.686284696454493,-10.085164867973106,-26.311967845984583,7.829436491771162,-0.046805308534178636,0.06448772365194433,13.0,13.0,13.0
0,802,320.8,240.6,24.06,324.1042691178233,254.14702638756722,17.16023518536144,401.72115154669166,0.6435011087932844,1.5108681716736887,412.2241646891387,0.6650025778709387,1.5291558875486575,0.39999999999997726,0.30000000000001137,0.030000000000001137,0.5008991914547778,1.1102230246251565e-16,0.0,-14.480393022481223,10.814250470444676,14.602070287572278,-4.737413252811507,0.04185183793374492,-0.035505147453942065,13.0,13.0,13.0
0,803,321.20000000000005,240.89999999999998,24.09,314.8396880353568,226.71543055857722,35.469301675230646,402.22205073814644,0.6435011087932843,1.5108681716736887,389.5920776618672,0.6240875934486749,1.4796279322329782,0.4000000000000341,0.29999999999998295,0.030000000000001137,0.5008991914547778,-1.1102230246251565e-16,0.0,-9.26458108246652,-27.431595828989998,18.309066489869206,-22.632087027271496,-0.04091498442226382,-0.04952795531567933,13.0,13.0,13.0
0,804,321.6,241.2,24.119999999999997,310.54634332749697,249.78813730176222,7.991950436543128,402.7229499296011,0.6435011087932843,1.5108681716736887,398.61888585783765,0.6773881223914796,1.5507458820393127,0.39999999999997726,0.30000000000001137,0.029999999999997584,0.5008991914546641,0.0,0.0,-4.293344707859831,23.072706743184995,-27.47735123868752,9.026808195970432,0.05330052894280468,0.07111794980633457,13.0,13.0,13.0
0,805,322.0,241.5,24.15,326.5085703118588,245.0235764430808,34.624176209184625,403.2238491210558,0.6435011087932844,1.5108681716736887,409.68674994221743,0.6437796808506221,1.4861816134475747,0.39999999999997726,0.30000000000001137,0.030000000000001137,0.500899191454721,1.1102230246251565e-16,0.0,15.962226984361848,-4.7645608586814205,26.632225772641497,11.067864084379778,-0.033608441540857514,-0.06456426859173803,13.0,13.0,13.0
0,806,322.40000000000003,241.79999999999998,24.18,310.1790030360931,234.61103385495636,29.61812713484693,403.7247483125106,0.6435011087932843,1.5108681716736887,390.03920903664556,0.6475673895959948,1.494786876571157,0.4000000000000341,0.29999999999998295,0.030000000000001137,0.5008991914547778,-1.1102230246251565e-16,0.0,-16.329567275765726,-10.412542588124438,-5.006049074337696,-19.647540905571873,0.0037877087453727087,0.00860526312358223,13.0,13.0,13.0
0,807,322.8,242.1,24.21,342.4444979239154,229.26421533038265,13.067040272882661,404.22564750396526,0.6435011087932844,1.5108681716736887,412.31185058267687,0.5899567867723925,1.5390988903844232,0.39999999999997726,0.30000000000001137,0.030000000000001137,0.5008991914546641,1.1102230246251565e-16,0.0,32.265494887822285,-5.346818524573706,-16.55108686196427,22.27264154603131,-0.05761060282360231,0.044312013813266216,13.0,13.0,13.0
0,808,323.20000000000005,242.39999999999998,24.24,322.9902255897911,254.65438890006487,13.46662937758954,404.72654669542004,0.6435011087932843,1.5108681716736887,411.52508273421563,0.6676446229730781,1.5380667690128895,0.4000000000000341,0.29999999999998295,0.029999999999997584,0.5008991914547778,-1.1102230246251565e-16,0.0,-19.454272334124255,25.39017356968222,0.3995891047068785,-0.7867678484612384,0.07768783620068564,-0.0010321213715336341,13.0,13.0,13.0
0,809,323.6,242.7,24.27,337.23373549750414,241.69842643279986,28.63951640398691,405.22744588687476,0.6435011087932843,1.5108681716736887,415.8905428084971,0.621852203003438,1.5018786735452474,0.39999999999997726,0.30000000000001137,0.030000000000001137,0.500899191454721,0.0,0.0,14.243509907713019,-12.95596246726501,15.17288702639737,4.365460074281486,-0.04579241996964012,-0.03618809546764212,13.0,13.0,13.0
0,810,324.0,243.0,24.3,308.1048021475302,231.3554280418251,32.271537344715554,405.7283450783295,0.6435011087932844,1.5108681716736887,386.6462922534965,0.644075888934093,1.4872338418368147,0.39999999999997726,0.30000000000001137,0.030000000000001137,0.500899191454721,1.1102230246251565e-16,0.0,-29.12893334997392,-10.34299839097477,3.632020940728644,-29.244250555000633,0.022223685930654935,-0.01464483170843267,13.0,13.0,13.0
0,811,324.40000000000003,243.29999999999998,24.33,325.7738317897979,250.99611629327876,31.985771193422426,406.2292442697842,0.6435011087932843,1.5108681716736887,412.49330834833506,0.656468224710268,1.493175885872482,0.4000000000000341,0.29999999999998295,0.029999999999997584,0.500899191454721,-1.1102230246251565e-16,0.0,17.669029642267674,19.640688251453668,-0.285766151293128,25.84701609483858,0.012392335776175045,0.005942044035667227,13.0,13.0,13.0
0,812,324.8,243.6,24.36,343.52535466967447,253.9928961889179,26.47495291400817,406.7301434612389,0.6435011087932844,1.5108681716736887,428.0455393379997,0.6366641687145554,1.5089060378417496,0.39999999999997726,0.30000000000001137,0.030000000000001137,0.500899191454721,1.1102230246251565e-16,0.0,17.751522879876575,2.9967798956391505,-5.510818279414256,15.552230989664622,-0.019804055995712555,0.015730151969267636,13.0,13.0,13.0
0,813,325.20000000000005,243.89999999999998,24.39,311.4231826103742,234.96884015803153,45.288026809273276,407.23104265269365,0.6435011087932843,1.5108681716736887,392.7413396685693,0.6463749935059758,1.4552266289651652,0.4000000000000341,0.29999999999998295,0.030000000000001137,0.500899191454721,-1.1102230246251565e-16,0.0,-32.102172059300244,-19.024056030886385,18.813073895265106,-35.304199669430375,0.00971082479142038,-0.0536794088765844,13.0,13.0,13.0
0,814,325.6,244.2,24.419999999999998,312.3592253066239,257.4036930647825,42.428707460017165,407.73194184414837,0.6435011087932843,1.5108681716736887,406.97068942894487,0.6892422819184644,1.4663515910622198,0.39999999999997726,0.30000000000001137,0.029999999999997584,0.500899191454721,0.0,0.0,0.9360426962496717,22.43485290675096,-2.8593193492561113,14.229349760375555,0.04286728841248855,0.011124962097054603,13.0,13.0,13.0
0,815,326.0,244.5,24.45,323.69251511080057,245.06699781341274,28.858377015127765,408.2328410356031,0.6435011087932844,1.5108681716736887,407.0227065901635,0.6480284556792365,1.4998356413451293,0.39999999999997726,0.30000000000001137,0.030000000000001137,0.500899191454721,1.1102230246251565e-16,0.0,11.333289804176673,-12.336695251369747,-13.5703304448894,0.05201716121865729,-0.04121382623922787,0.03348405028290946,13.0,13.0,13.0
0,816,326.40000000000003,244.79999999999998,24.48,310.06666826765627,261.2210851603935,23.459910898883756,408.73374022705787,0.6435011087932843,1.5108681716736887,406.1134835515338,0.7001047620091145,1.5129972653182637,0.4000000000000341,0.29999999999998295,0.030000000000001137,0.5008991914547778,-1.1102230246251565e-16,0.0,-13.625846843144302,16.15408734698076,-5.398466116244009,-0.9092230386297047,0.05207630632987803,0.013161623973134473,13.0,13.0,13.0
0,817,326.8,245.1,24.509999999999998,328.84394418396477,260.040947380203,3.0883469171793756,409.2346394185126,0.6435011087932844,1.5108681716736887,419.248341472618,0.669089410594241,1.5634298698689808,0.39999999999997726,0.30000000000001137,0.029999999999997584,0.500899191454721,1.1102230246251565e-16,0.0,18.777275916308497,-1.1801377801904778,-20.37156398170438,13.134857921084176,-0.03101535141487355,0.050432604550717075,13.0,13.0,13.0
0,818,327.20000000000005,245.39999999999998,24.54,351.2003763811346,264.5412592354508,19.55908112851048,409.7355386099673,0.6435011087932843,1.5108681716736887,440.120824163911,0.6455770953081874,1.5263414322022257,0.4000000000000341,0.29999999999998295,0.030000000000001137,0.500899191454721,-1.1102230246251565e-16,0.0,22.356432197169852,4.500311855247787,16.470734211331106,20.872482691292987,-0.023512315286053576,-0.03708843766675507,13.0,13.0,13.0
0,819,327.6,245.7,24.57,352.6595145832622,247.58950874597852,45.318502264765954,410.236437801422,0.6435011087932843,1.5108681716736887,433.2701982766628,0.6121097791870951,1.4660082621128665,0.39999999999997726,0.30000000000001137,0.030000000000001137,0.500899191454721,0.0,0.0,1.4591382021275763,-16.95175048947229,25.759421136255472,-6.850625887248157,-0.03346731612109233,-0.060333170089359234,13.0,13.0,13.0
0,820,328.0,246.0,24.599999999999998,317.3321310556417,266.04853993243546,21.96555312825195,410.73733699287675,0.6435011087932844,1.5108681716736887,414.6854139281074,0.6977159678009238,1.517802329489393,0.39999999999997726,0.30000000000001137,0.029999999999997584,0.500899191454721,1.1102230246251565e-16,0.0,-35.3273835276205,18.45903118645694,-23.352949136514003,-18.584784348555445,0.08560618861382874,0.051794067376526476,13.0,13.0,13.0
0,821,328.40000000000003,246.29999999999998,24.63,324.7601925646445,246.3863241117176,28.523557898318142,411.2382361843315,0.6435011087932843,1.5108681716736887,408.64287188092254,0.6490278507627538,1.500938823888398,0.4000000000000341,0.29999999999998295,0.030000000000001137,0.5008991914547778,-1.1102230246251565e-16,0.0,7.428061509002816,-19.662215820717847,6.558004770066191,-6.042542047184838,-0.04868811703817,-0.01686350560099492,13.0,13.0,13.0
0,822,328.8,246.6,24.66,316.47892298125663,261.7479168379959,26.53903324900301,411.7391353757862,0.6435011087932844,1.5108681716736887,411.5521849610305,0.6910261517190087,1.5062663308601432,0.39999999999997726,0.30000000000001137,0.030000000000001137,0.5008991914546641,1.1102230246251565e-16,0.0,-8.281269583387882,15.361592726278275,-1.9845246493151336,2.9093130801079496,0.0419983009562549,0.005327506971745111,13.0,13.0,13.0
0,823,329.20000000000005,246.89999999999998,24.689999999999998,333.4635955106472,246.9272843817899,18.419491452477203,412.2400345672409,0.6435011087932843,1.5108681716736887,415.34362998416356,0.6373884752422238,1.5264341815668683,0.4000000000000341,0.29999999999998295,0.029999999999997584,0.500899191454721,-1.1102230246251565e-16,0.0,16.984672529390593,-14.820632456205999,-8.119541796525805,3.7914450231330648,-0.05363767647678497,0.02016785070672511,13.0,13.0,13.0
0,824,329.6,247.2,24.72,321.8862414299355,262.5804867145553,27.1741962138979,412.74093375869563,0.6435011087932843,1.5108681716736887,416.2904050840169,0.6842744207672196,1.5054728612705128,0.39999999999997726,0.30000000000001137,0.030000000000001137,0.500899191454721,0.0,0.0,-11.5773540807117,15.653202332765431,8.754704761420697,0.9467750998533688,0.04688594552499581,-0.020961320296355446,13.0,13.0,13.0
0,825,330.0,247.5,24.75,323.4395941750997,235.03229851814163,36.154254468868935,413.2418329501504,0.6435011087932844,1.5108681716736887,401.4479823626889,0.6283988181816004,1.4806145143597225,0.39999999999997726,0.30000000000001137,0.030000000000001137,0.5008991914547778,1.1102230246251565e-16,0.0,1.5533527451642044,-27.54818819641369,8.980058254971034,-14.842422721328035,-0.05587560258561919,-0.024858346910790363,13.0,13.0,13.0
0,826,330.40000000000003,247.79999999999998,24.779999999999998,342.6502924176354,265.5628319687842,26.263258684627104,413.74273214160513,0.6435011087932843,1.5108681716736887,434.30703353032106,0.6593262141249012,1.5102877701324708,0.4000000000000341,0.29999999999998295,0.029999999999997584,0.500899191454721,-1.1102230246251565e-16,0.0,19.21069824253567,30.530533450642594,-9.89099578424183,32.859051167632174,0.03092739594330085,0.029673255772748375,13.0,13.0,13.0
0,827,330.8,248.1,24.81,315.07875046419554,235.30775651105566,13.43601115025895,414.24363133305985,0.6435011087932844,1.5108681716736887,393.47793542201947,0.6414641126331838,1.5366428905163443,0.39999999999997726,0.30000000000001137,0.030000000000001137,0.500899191454721,1.1102230246251565e-16,0.0,-27.571541953439862,-30.255075457728566,-12.827247534368153,-40.829098108301594,-0.017862101491717408,0.026355120383873443,13.0,13.0,13.0
0,828,331.20000000000005,248.39999999999998,24.84,323.3420104673296,261.7184772544327,4.660264801927529,414.7445305245146,0.6435011087932843,1.5108681716736887,416.0148256221859,0.6804566166065158,1.5595939320998145,0.4000000000000341,0.29999999999998295,0.030000000000001137,0.500899191454721,-1.1102230246251565e-16,0.0,8.263260003134064,26.410720743377027,-8.775746348331422,22.536890200166454,0.03899250397333198,0.022951041583470166,13.0,13.0,13.0
0,829,331.6,248.7,24.869999999999997,307.8767191875096,245.67746257230885,5.222903745138371,415.2454297159693,0.6435011087932843,1.5108681716736887,393.9197488793419,0.6735040482051013,1.5575371368214506,0.39999999999997726,0.30000000000001137,0.029999999999997584,0.500899191454721,0.0,0.0,-15.465291279820008,-16.04101468212383,0.5626389432108425,-22.095076742844014,-0.0069525684014144495,-0.0020567952783638876,13.0,13.0,13.0
0,830,332.0,249.0,24.9,322.48497926522504,247.01605523704657,-11.339811352481888,415.746328907424,0.6435011087932844,1.5108681716736887,406.3767767947304,0.6536481775974913,-1.54288803040748,0.39999999999997726,0.30000000000001137,0.030000000000001137,0.500899191454721,1.1102230246251565e-16,0.0,14.608260077715443,1.3385926647377175,-16.56271509762026,12.457027915388494,-0.01985587060761007,-3.1004251672289307,13.0,13.0,13.0
0,831,332.40000000000003,249.29999999999998,24.93,315.4702721728407,268.441724514057,26.756700765353962,416.24722809887874,0.6435011087932843,1.5108681716736887,415.08839193686657,0.7050311661058936,1.5062913548791752,0.4000000000000341,0.29999999999998295,0.030000000000001137,0.500899191454721,-1.1102230246251565e-16,0.0,-7.014707092384356,21.425669277010428,38.09651211783585,8.711615142136168,0.05138298850840228,3.049179385286655,13.0,13.0,13.0
0,832,332.8,249.6,24.96,349.3037621753097,257.36054969803206,43.274636255122786,416.74812729033346,0.6435011087932844,1.5108681716736887,436.0278258938433,0.6349874547951623,1.4713852495001336,0.39999999999997726,0.30000000000001137,0.030000000000001137,0.500899191454721,1.1102230246251565e-16,0.0,33.833490002469034,-11.08117481602494,16.517935489768824,20.939433956976757,-0.07004371131073128,-0.034906105379041596,13.0,13.0,13.0
0,833,333.20000000000005,249.89999999999998,24.99,338.6272852304157,254.566766477833,33.61116070652463,417.24902648178823,0.6435011087932843,1.5108681716736887,424.97339566323524,0.6446271585438443,1.49162360446062,0.4000000000000341,0.29999999999998295,0.029999999999997584,0.5008991914547778,-1.1102230246251565e-16,0.0,-10.676476944894034,-2.7937832201990602,-9.663475548598157,-11.05443023060809,0.00963970374868206,0.020238354960486316,13.0,13.0,13.0
0,834,333.6,250.2,25.02,361.18889475382537,239.90740704128703,31.86975407065023,417.7499256732429,0.6435011087932843,1.5108681716736887,434.7742665697769,0.5863039996990478,1.4974286830156194,0.39999999999997726,0.30000000000001137,0.030000000000001137,0.5008991914546641,0.0,0.0,22.561609523409686,-14.65935943654597,-1.741406635874398,9.800870906541661,-0.05832315884479655,0.005805078554999454,13.0,13.0,13.0
0,835,334.0,250.5,25.05,333.39119192998294,245.58196885462192,30.011223501885894,418.2508248646977,0.6435011087932844,1.5108681716736887,415.1636590780645,0.6348815046793475,1.4984455277147544,0.39999999999997726,0.30000000000001137,0.030000000000001137,0.5008991914547778,1.1102230246251565e-16,0.0,-27.797702823842428,5.67456181333489,-1.858530568764337,-19.610607491712415,0.04857750498029967,0.0010168446991349889,13.0,13.0,13.0
0,836,334.40000000000003,250.79999999999998,25.08,351.1317844987926,241.10705405658595,16.534434971557,418.75172405615245,0.6435011087932843,1.5108681716736887,426.2622774079131,0.6017146012529331,1.5319972470264707,0.4000000000000341,0.29999999999998295,0.029999999999997584,0.5008991914547778,-1.1102230246251565e-16,0.0,17.74059256880969,-4.474914798035968,-13.476788530328893,11.098618329848591,-0.033166903426414374,0.0335517193117163,13.0,13.0,13.0
0,837,334.8,251.1,25.11,340.9221272180899,238.79158763505944,10.389535377537797,419.2526232476071,0.6435011087932844,1.5108681716736887,416.36193581731374,0.6110135168612215,1.5458406020386495,0.39999999999997726,0.30000000000001137,0.030000000000001137,0.5008991914546641,1.1102230246251565e-16,0.0,-10.209657280702743,-2.3154664215265086,-6.144899594019204,-9.90034159059934,0.009298915608288438,0.013843355012178815,13.0,13.0,13.0
0,838,335.20000000000005,251.39999999999998,25.14,327.75635596692786,258.1089310484275,37.279308259211284,419.7535224390619,0.6435011087932843,1.5108681716736887,418.84865522998484,0.6670738887989351,1.4816741494230203,0.4000000000000341,0.29999999999998295,0.030000000000001137,0.5008991914547778,-1.1102230246251565e-16,0.0,-13.165771251162028,19.317343413368064,26.889772881673487,2.486719412671107,0.05606037193771363,-0.06416645261562914,13.0,13.0,13.0
0,839,335.6,251.7,25.169999999999998,319.6186343432349,275.84268305480157,20.3593438667501,420.25442163051656,0.6435011087932843,1.5108681716736887,422.6816297131811,0.712014148624741,1.5226105927161075,0.39999999999997726,0.30000000000001137,0.029999999999997584,0.5008991914546641,0.0,0.0,-8.137721623692983,17.73375200637406,-16.919964392461186,3.832974483196267,0.04494025982580585,0.04093644329308721,13.0,13.0,13.0
0,840,336.0,252.0,25.2,340.26820262875634,249.02761064755478,37.61238735476996,420.75532082197134,0.6435011087932844,1.5108681716736887,423.3342559580547,0.6317880096894244,1.4818310503971441,0.39999999999997726,0.30000000000001137,0.030000000000001137,0.5008991914547778,1.1102230246251565e-16,0.0,20.649568285521468,-26.815072407246788,17.25304348801986,0.652626244873602,-0.0802261389353166,-0.04077954231896341,13.0,13.0,13.0
0,841,336.40000000000003,252.29999999999998,25.23,340.07171714242264,257.87248075466897,12.290198229370976,421.25622001342606,0.6435011087932843,1.5108681716736887,426.9637433123336,0.648784694667971,1.5420072403779002,0.4000000000000341,0.29999999999998295,0.030000000000001137,0.500899191454721,-1.1102230246251565e-16,0.0,-0.19648548633369955,8.84487010711419,-25.32218912539898,3.629487354278865,0.01699668497854656,0.06017618998075602,13.0,13.0,13.0
0,842,336.8,252.6,25.259999999999998,354.6332685180193,248.57731715023107,36.83588724851407,421.7571192048808,0.6435011087932844,1.5108681716736887,434.64044948757976,0.611357832564164,1.4859442917327503,0.39999999999997726,0.30000000000001137,0.029999999999997584,0.500899191454721,1.1102230246251565e-16,0.0,14.56155137559665,-9.295163604437903,24.545689019143094,7.676706175246181,-0.03742686210380697,-0.056062948645149824,13.0,13.0,13.0
0,843,337.20000000000005,252.89999999999998,25.29,345.26963803904096,249.05893234056393,32.62598013526941,422.2580183963355,0.6435011087932843,1.5108681716736887,426.9729842859135,0.6249090610924166,1.494309488800648,0.4000000000000341,0.29999999999998295,0.030000000000001137,0.500899191454721,-1.1102230246251565e-16,0.0,-9.363630478978337,0.48161519033286027,-4.209907113244661,-7.667465201666232,0.013551228528252635,0.008365197067897734,13.0,13.0,13.0
0,844,337.6,253.2,25.32,337.5644684816808,244.5801161797479,32.98378189125601,422.7589175877902,0.6435011087932843,1.5108681716736887,418.1592202494985,0.6270088566006334,1.4918357787268224,0.39999999999997726,0.30000000000001137,0.030000000000001137,0.500899191454721,0.0,0.0,-7.705169557360136,-4.478816160816024,0.3578017559865998,-8.813764036415023,0.0020997955082168174,-0.0024737100738256856,13.0,13.0,13.0
0,845,338.0,253.5,25.349999999999998,328.2523223647756,278.47321237682394,23.602926070962567,423.25981677924494,0.6435011087932844,1.5108681716736887,431.10789283942313,0.7035360022797709,1.5160194738525528,0.39999999999997726,0.30000000000001137,0.029999999999997584,0.500899191454721,1.1102230246251565e-16,0.0,-9.31214611690524,33.893096197076034,-9.38085582029344,12.948672589924627,0.07652714567913743,0.024183695125730376,13.0,13.0,13.0
0,846,338.40000000000003,253.79999999999998,25.38,358.14174384230125,263.901089160824,39.67305000251427,423.76071597069966,0.6435011087932843,1.5108681716736887,446.6354715415869,0.6350397153179892,1.4818526363876434,0.4000000000000341,0.29999999999998295,0.030000000000001137,0.500899191454721,-1.1102230246251565e-16,0.0,29.889421477525673,-14.572123215999966,16.070123931551706,15.527578702163794,-0.06849628696178167,-0.03416683746490934,13.0,13.0,13.0
0,847,338.8,254.1,25.41,324.1285549304627,270.76230902931877,-4.803785746246259,424.2616151621544,0.6435011087932844,1.5108681716736887,422.36787812248946,0.695930023626383,-1.5594226178381705,0.39999999999997726,0.30000000000001137,0.030000000000001137,0.500899191454721,1.1102230246251565e-16,0.0,-34.01318891183854,6.8612198684948,-44.476835748760536,-24.267593419097466,0.060890308308393815,-3.041275254225814,13.0,13.0,13.0
0,848,339.20000000000005,254.39999999999998,25.439999999999998,328.5530741251198,286.05583480044635,48.40852288639569,424.7625143536091,0.6435011087932843,1.5108681716736887,438.31318509541717,0.7163628710027634,1.460127791124424,0.4000000000000341,0.29999999999998295,0.029999999999997584,0.500899191454721,-1.1102230246251565e-16,0.0,4.42451919465708,15.293525771127577,53.21230863264195,15.94530697292771,0.020432847376380403,3.019550408962594,13.0,13.0,13.0
0,849,339.6,254.7,25.47,335.1320708525178,258.31404937593476,21.447402706626725,425.2634135450638,0.6435011087932843,1.5108681716736887,423.6739832722209,0.6566699879348512,1.5201522598364234,0.39999999999997726,0.30000000000001137,0.030000000000001137,0.500899191454721,0.0,0.0,6.578996727398021,-27.74178542451159,-26.96112017976896,-14.639201823196288,-0.059692883067912206,0.06002446871199951,13.0,13.0,13.0
0,850,340.0,255.0,25.5,344.91288394133414,267.3670224349731,20.691031244977253,425.7643127365186,0.6435011087932844,1.5108681716736887,436.8960299298361,0.6594179020091453,1.5234194401590642,0.39999999999997726,0.30000000000001137,0.030000000000001137,0.5008991914547778,1.1102230246251565e-16,0.0,9.78081308881633,9.052973059038322,-0.7563714616494721,13.222046657615238,0.002747914074294089,0.003267180322640728,13.0,13.0,13.0
0,851,340.40000000000003,255.29999999999998,25.529999999999998,337.25299110623126,274.33408335966385,42.966120017356964,426.2652119279733,0.6435011087932843,1.5108681716736887,436.85793660208645,0.6828807401318064,1.4722844538700086,0.4000000000000341,0.29999999999998295,0.029999999999997584,0.500899191454721,-1.1102230246251565e-16,0.0,-7.65989283510288,6.96706092469077,22.27508877237971,-0.038093327749663786,0.023462838122661145,-0.05113498628905555,13.0,13.0,13.0
0,852,340.8,255.6,25.56,340.8744436414538,283.51231461806344,-3.607610571948552,426.76611111942805,0.6435011087932844,1.5108681716736887,443.3820403692523,0.6937857748516593,-1.5626596634866532,0.39999999999997726,0.30000000000001137,0.030000000000001137,0.500899191454721,1.1102230246251565e-16,0.0,3.621452535222545,9.178231258399592,-46.57373058930551,6.524103767165855,0.010905034719852824,-3.0349441173566616,13.0,13.0,13.0
0,853,341.20000000000005,255.89999999999998,25.59,348.4034703396684,258.2329930844978,36.529223272319896,427.2670103108828,0.6435011087932843,1.5108681716736887,435.20528606047685,0.6378385000124391,1.486761841144303,0.4000000000000341,0.29999999999998295,0.030000000000001137,0.5008991914547778,-1.1102230246251565e-16,0.0,7.5290266982145795,-25.27932153356562,40.13683384426845,-8.176754308775458,-0.05594727483922013,3.0494215046309563,13.0,13.0,13.0
0,854,341.6,256.2,25.619999999999997,337.18167958238564,243.49702720463824,24.668865861031566,427.7679095023375,0.6435011087932843,1.5108681716736887,416.64234091888034,0.6254400638494585,1.5115529429044665,0.39999999999997726,0.30000000000001137,0.029999999999997584,0.5008991914546641,0.0,0.0,-11.221790757282747,-14.735965879859577,-11.86035741128833,-18.562945141596515,-0.012398436162980642,0.024791101760163414,13.0,13.0,13.0
0,855,342.0,256.5,25.65,333.9151888368649,269.8483946177366,10.18546166562843,428.2688086937922,0.6435011087932844,1.5108681716736887,429.4429566811765,0.6796813779514711,1.5470762571152394,0.39999999999997726,0.30000000000001137,0.030000000000001137,0.500899191454721,1.1102230246251565e-16,0.0,-3.2664907455207413,26.35136741309833,-14.483404195403136,12.800615762296161,0.054241314102012606,0.03552331421077293,13.0,13.0,13.0
0,856,342.40000000000003,256.8,25.68,354.2665187423246,251.59948272153983,48.96843580624389,428.769707885247,0.6435011087932844,1.5108681716736887,437.26990945280295,0.617537725360966,1.4585741748224095,0.4000000000000341,0.30000000000001137,0.030000000000001137,0.5008991914547778,0.0,0.0,20.351329905459693,-18.248911896196745,38.78297414061546,7.826952771626452,-0.06214365259050514,-0.08850208229282996,13.0,13.0,13.0
0,857,342.8,257.09999999999997,25.709999999999997,346.2326890776601,241.4580057746207,36.49171672798068,429.27060707670165,0.6435011087932843,1.5108681716736887,423.68701765378603,0.608969788035629,1.48456053575486,0.39999999999997726,0.2999999999999545,0.029999999999997584,0.5008991914546641,-1.1102230246251565e-16,0.0,-8.033829664664495,-10.141476946919141,-12.476719078263208,-13.58289179901692,-0.008567937325337005,0.025986360932450436,13.0,13.0,13.0
0,858,343.20000000000005,257.4,25.74,347.32805249978804,271.3382704048342,28.047291397491815,429.77150626815643,0.6435011087932843,1.5108681716736887,441.6422574825899,0.663181947868751,1.5072467497042845,0.4000000000000341,0.30000000000001137,0.030000000000001137,0.5008991914547778,0.0,0.0,1.0953634221279458,29.880264630213503,-8.444425330488865,17.955239828803883,0.054212159833122,0.022686213949424605,13.0,13.0,13.0
0,859,343.6,257.7,25.77,351.3055189030785,280.05686110533486,23.240573311580853,430.2724054596111,0.6435011087932843,1.5108681716736887,449.8750241031225,0.6730245064583706,1.519113255360815,0.39999999999997726,0.30000000000001137,0.030000000000001137,0.5008991914546641,0.0,0.0,3.977466403290464,8.71859070050067,-4.806718085910962,8.232766620532573,0.009842558589619688,0.01186650565653058,13.0,13.0,13.0
0,860,344.0,258.0,25.8,323.71356965306245,249.8103271800364,27.10890065839239,430.77330465106587,0.6435011087932844,1.5108681716736887,409.79332258863315,0.6572461719870573,1.504595365508339,0.39999999999997726,0.30000000000001137,0.030000000000001137,0.5008991914547778,1.1102230246251565e-16,0.0,-27.591949250016057,-30.24653392529845,3.8683273468115367,-40.08170151448934,-0.015778334471313382,-0.01451788985247604,13.0,13.0,13.0
0,861,344.40000000000003,258.3,25.83,373.0282092679381,272.18524896343587,-7.380767629778852,431.27420384252065,0.6435011087932844,1.5108681716736887,461.83257831571063,0.6303585186965194,-1.55481416746581,0.4000000000000341,0.30000000000001137,0.029999999999997584,0.5008991914547778,0.0,0.0,49.31463961487566,22.374921783399458,-34.489668288171245,52.03925572707749,-0.026887653290537883,-3.059409532974149,13.0,13.0,13.0
0,862,344.8,258.59999999999997,25.86,325.94056688292306,257.17602640675415,12.017924605042094,431.7751030339753,0.6435011087932843,1.5108681716736887,415.3567047853462,0.6680144077988124,1.541858303282665,0.39999999999997726,0.2999999999999545,0.030000000000001137,0.5008991914546641,-1.1102230246251565e-16,0.0,-47.087642385015045,-15.00922255668172,19.398692234820945,-46.475873530364424,0.037655889102293005,3.0966724707484747,13.0,13.0,13.0
0,863,345.20000000000005,258.9,25.89,354.51156522595164,265.95169956243416,22.25675508606343,432.2760022254301,0.6435011087932843,1.5108681716736887,443.7387965076554,0.6436239042278991,1.5206179381929208,0.4000000000000341,0.30000000000001137,0.030000000000001137,0.5008991914547778,0.0,0.0,28.570998343028577,8.77567315568001,10.238830481021335,28.382091722309212,-0.024390503570913324,-0.02124036508974414,13.0,13.0,13.0
0,864,345.6,259.2,25.919999999999998,345.97831452668146,260.8980484398098,17.628447605706878,432.77690141688475,0.6435011087932843,1.5108681716736887,433.68138992515213,0.6461122128232324,1.5301367407878554,0.39999999999997726,0.30000000000001137,0.029999999999997584,0.5008991914546641,0.0,0.0,-8.533250699270184,-5.053651122624331,-4.6283074803565505,-10.05740658250329,0.002488308595333333,0.00951880259493465,13.0,13.0,13.0
0,865,346.0,259.5,25.95,354.0587092071875,272.55607975644455,2.7296277283952293,433.2778006083395,0.6435011087932844,1.5108681716736887,446.82416792872425,0.6560561376819728,1.5646873360496076,0.39999999999997726,0.30000000000001137,0.030000000000001137,0.500899191454721,1.1102230246251565e-16,0.0,8.08039468050606,11.65803131663472,-14.898819877311649,13.142778003572118,0.009943924858740405,0.03455059526175219,13.0,13.0,13.0
0,866,346.40000000000003,259.8,25.98,363.4053697776184,279.8498910561316,12.366729108798308,433.77869979979425,0.6435011087932844,1.5108681716736887,458.8380545423261,0.6562266655075208,1.5438407882854108,0.4000000000000341,0.30000000000001137,0.030000000000001137,0.5008991914547778,0.0,0.0,9.346660570430856,7.293811299687036,9.63710138040308,12.01388661360187,0.00017052782554805024,-0.02084654776419681,13.0,13.0,13.0
0,867,346.8,260.09999999999997,26.009999999999998,328.28349037154294,252.9790390084596,7.494829583611086,434.279598991249,0.6435011087932843,1.5108681716736887,414.51732979292194,0.656562507142958,1.5527144820320375,0.39999999999997726,0.2999999999999545,0.029999999999997584,0.500899191454721,-1.1102230246251565e-16,0.0,-35.121879406075436,-26.870852047671974,-4.871899525187223,-44.32072474940418,0.00033584163543720624,0.00887369374662672,13.0,13.0,13.0
0,868,347.20000000000005,260.4,26.04,336.9762052034395,245.84322030253202,29.985210601530255,434.7804981827037,0.6435011087932843,1.5108681716736887,418.19967084736925,0.6302884516154794,1.499034045291104,0.4000000000000341,0.30000000000001137,0.030000000000001137,0.500899191454721,0.0,0.0,8.69271483189658,-7.135818705927591,22.49038101791917,3.6823410544473063,-0.026274055527478635,-0.05368043674093359,13.0,13.0,13.0
0,869,347.6,260.7,26.07,355.2513416085978,264.0487500801826,37.195565853570415,435.2813973741584,0.6435011087932843,1.5108681716736887,444.19451623447884,0.6391819446695086,1.4869610455185476,0.39999999999997726,0.30000000000001137,0.030000000000001137,0.500899191454721,0.0,0.0,18.275136405158264,18.205529777650554,7.210355252040159,25.994845387109592,0.0088934930540292,-0.012072999772556381,13.0,13.0,13.0
0,870,348.0,261.0,26.099999999999998,349.67088658279937,238.17701271836012,40.08993155396536,435.78229656561314,0.6435011087932844,1.5108681716736887,424.9767298606412,0.597960053860557,1.4763214343088484,0.39999999999997726,0.30000000000001137,0.029999999999997584,0.500899191454721,1.1102230246251565e-16,0.0,-5.580455025798415,-25.871737361822454,2.8943657003949426,-19.217786373837612,-0.04122189080895167,-0.01063961120969914,13.0,13.0,13.0
0,871,348.40000000000003,261.3,26.13,361.7781153487587,272.0522682669153,25.274966429400614,436.2831957570679,0.6435011087932844,1.5108681716736887,453.3593115206533,0.6447712738233013,1.5150169989627598,0.4000000000000341,0.30000000000001137,0.030000000000001137,0.5008991914547778,0.0,0.0,12.107228765959348,33.875255548555174,-14.814965124564743,28.38258166001208,0.0468112199627444,0.03869556465391133,13.0,13.0,13.0
0,872,348.8,261.59999999999997,26.16,367.9253159281261,263.8669469336223,22.995846779556736,436.7840949485226,0.6435011087932843,1.5108681716736887,453.3471217003493,0.6221602431491835,1.5200499595234092,0.39999999999997726,0.2999999999999545,0.030000000000001137,0.5008991914546641,-1.1102230246251565e-16,0.0,6.147200579367393,-8.185321333293018,-2.279119649843878,-0.012189820304001842,-0.02261103067411785,0.005032960560649391,13.0,13.0,13.0
0,873,349.20000000000005,261.9,26.189999999999998,369.0458481393444,264.69775463696607,38.94821669943417,437.2849941399773,0.6435011087932843,1.5108681716736887,455.825298686685,0.6222088934107083,1.485246520224346,0.4000000000000341,0.30000000000001137,0.029999999999997584,0.500899191454721,0.0,0.0,1.1205322112182898,0.830807703343794,15.952369919877434,2.4781769863357113,4.865026152478524e-05,-0.034803439299063266,13.0,13.0,13.0
0,874,349.6,262.2,26.22,357.7338323717996,272.1947065994035,21.032062958580322,437.7858933314321,0.6435011087932843,1.5108681716736887,450.00644528322465,0.650431896361386,1.5240420465292042,0.39999999999997726,0.30000000000001137,0.030000000000001137,0.5008991914547778,0.0,0.0,-11.312015767544779,7.496951962437436,-17.916153740853847,-5.818853403460366,0.0282230029506777,0.038795526304858274,13.0,13.0,13.0
0,875,350.0,262.5,26.25,358.20266487810835,281.19764960960447,33.954346554136436,438.2867925228868,0.6435011087932844,1.5108681716736887,456.6554115760183,0.6655422252894083,1.4963732271547574,0.39999999999997726,0.30000000000001137,0.030000000000001137,0.500899191454721,1.1102230246251565e-16,0.0,0.4688325063087291,9.002943010200966,12.922283595556113,6.648966292793659,0.015110328928022332,-0.027668819374446763,13.0,13.0,13.0
0,876,350.40000000000003,262.8,26.279999999999998,332.62954282886443,232.32391329862975,34.904857164163346,438.7876917143415,0.6435011087932844,1.5108681716736887,407.2286366484794,0.6096825319024947,1.4849778566119058,0.4000000000000341,0.30000000000001137,0.029999999999997584,0.500899191454721,0.0,0.0,-25.57312204924392,-48.87373631097472,0.9505106100269103,-49.42677492753893,-0.055859693386913656,-0.011395370542851557,13.0,13.0,13.0
0,877,350.8,263.09999999999997,26.31,345.1911718862717,271.04289992854234,45.50103889137106,439.28859090579624,0.6435011087932843,1.5108681716736887,441.23864664157134,0.6656490116083673,1.4674915270044806,0.39999999999997726,0.2999999999999545,0.030000000000001137,0.500899191454721,-1.1102230246251565e-16,0.0,12.561629057407288,38.71898662991259,10.596181727207714,34.010009993091955,0.05596647970587265,-0.017486329607425244,13.0,13.0,13.0
0,878,351.20000000000005,263.4,26.34,358.0507330438589,255.10382262253663,14.689847940797383,439.78949009725096,0.6435011087932843,1.5108681716736887,439.8796191941599,0.6190524856578763,1.5373949617100546,0.4000000000000341,0.30000000000001137,0.030000000000001137,0.500899191454721,0.0,0.0,12.859561157587166,-15.939077306005714,-30.811190950573675,-1.3590274474114494,-0.04659652595049102,0.06990343470557403,13.0,13.0,13.0
0,879,351.6,263.7,26.369999999999997,357.4861217795756,259.912499338987,7.508880592357109,440.2903892887057,0.6435011087932843,1.5108681716736887,442.0488862845271,0.628654647783839,1.5538089709221814,0.39999999999997726,0.30000000000001137,0.029999999999997584,0.500899191454721,0.0,0.0,-0.5646112642832577,4.808676716450378,-7.180967348440275,2.1692670903672138,0.009602162125962654,0.016414009212126768,13.0,13.0,13.0
0,880,352.0,264.0,26.4,338.69091634268534,261.31999342170167,25.393006964233084,440.7912884801604,0.6435011087932844,1.5108681716736887,428.5376069584228,0.6571566407912807,1.5115065704469013,0.39999999999997726,0.30000000000001137,0.030000000000001137,0.500899191454721,1.1102230246251565e-16,0.0,-18.795205436890285,1.4074940827146634,17.884126371875976,-13.511279326104273,0.028501993007441717,-0.04230240047528011,13.0,13.0,13.0
0,881,352.40000000000003,264.3,26.43,352.05621624799835,282.99069714899053,30.140818562824293,441.2921876716152,0.6435011087932844,1.5108681716736887,452.6983355562136,0.6770673741970308,1.504166676327871,0.4000000000000341,0.30000000000001137,0.030000000000001137,0.5008991914547778,0.0,0.0,13.365299905313009,21.670703727288867,4.747811598591209,24.16072859779075,0.019910733405750114,-0.007339894119030355,13.0,13.0,13.0
0,882,352.8,264.59999999999997,26.459999999999997,370.94621764340826,281.9270510209907,21.087204551425355,441.79308686306985,0.6435011087932843,1.5108681716736887,466.39964480811597,0.6498839925870211,1.5255681715332368,0.39999999999997726,0.2999999999999545,0.029999999999997584,0.5008991914546641,-1.1102230246251565e-16,0.0,18.89000139540991,-1.0636461279998457,-9.053614011398938,13.701309251902387,-0.02718338161000966,0.021401495205365828,13.0,13.0,13.0
0,883,353.20000000000005,264.9,26.49,369.95275040996364,257.5542237994183,37.785161948713125,442.2939860545246,0.6435011087932843,1.5108681716736887,452.35708704109874,0.6081585455025323,1.487169385758923,0.4000000000000341,0.30000000000001137,0.030000000000001137,0.5008991914547778,0.0,0.0,-0.9934672334446191,-24.37282722157238,16.69795739728777,-14.042557767017229,-0.041725447084488776,-0.03839878577431377,13.0,13.0,13.0
0,884,353.6,265.2,26.52,374.23184666408224,266.94035258775705,9.435016948503264,442.7948852459793,0.6435011087932843,1.5108681716736887,459.7778229124408,0.6195978538980365,1.5502740684540721,0.39999999999997726,0.30000000000001137,0.030000000000001137,0.5008991914546641,0.0,0.0,4.279096254118599,9.386128788338738,-28.35014500020986,7.42073587134206,0.01143930839550411,0.06310468269514913,13.0,13.0,13.0
0,885,354.0,265.5,26.55,355.64248407168674,257.76200580654006,28.392859409466187,443.29578443743407,0.6435011087932844,1.5108681716736887,440.14654670863484,0.6271629531069896,1.5062437630819339,0.39999999999997726,0.30000000000001137,0.030000000000001137,0.5008991914547778,1.1102230246251565e-16,0.0,-18.589362592395503,-9.178346781216987,18.957842460962922,-19.631276203805953,0.007565099208953097,-0.044030305372138256,13.0,13.0,13.0
0,886,354.40000000000003,265.8,26.58,357.87623785448613,290.2763352453725,7.491078280263189,443.79668362888884,0.6435011087932844,1.5108681716736887,460.8599230548971,0.681477602065404,1.5545410444075105,0.4000000000000341,0.30000000000001137,0.029999999999997584,0.5008991914547778,0.0,0.0,2.233753782799397,32.51432943883242,-20.901781129203,20.713376346262237,0.054314648958414424,0.048297281325576646,13.0,13.0,13.0
0,887,354.8,266.09999999999997,26.61,349.73867093880585,270.8915799746092,12.986083884571558,444.2975828203435,0.6435011087932843,1.5108681716736887,442.5697961066023,0.659031533995921,1.5414496606191215,0.39999999999997726,0.2999999999999545,0.030000000000001137,0.5008991914546641,-1.1102230246251565e-16,0.0,-8.137566915680281,-19.384755270763264,5.4950056043083695,-18.290126948294755,-0.022446068069483016,-0.013091383788389033,13.0,13.0,13.0
0,888,355.20000000000005,266.4,26.64,361.85853535705684,281.3841933934024,26.49374833210316,444.7984820117983,0.6435011087932843,1.5108681716736887,459.1520255896677,0.6609375502128745,1.5130627863305566,0.4000000000000341,0.30000000000001137,0.030000000000001137,0.5008991914547778,0.0,0.0,12.119864418250984,10.492613418793212,13.507664447531601,16.582229483065362,0.001906016216953521,-0.0283868742885649,13.0,13.0,13.0
0,889,355.6,266.7,26.669999999999998,343.18857918166526,264.6369692458168,14.890867420849162,445.299381203253,0.6435011087932843,1.5108681716736887,433.62756405109536,0.6568766920300007,1.5364493505230972,0.39999999999997726,0.30000000000001137,0.029999999999997584,0.500899191454721,0.0,0.0,-18.669956175391576,-16.747224147585655,-11.602880911253997,-25.524461538572325,-0.004060858182873828,0.023386564192540593,13.0,13.0,13.0
0,890,356.0,267.0,26.7,351.2870785954129,286.00625183719177,19.55770022922377,445.8002803947077,0.6435011087932844,1.5108681716736887,453.41448070867244,0.6833196955753772,1.5276486752023202,0.39999999999997726,0.30000000000001137,0.030000000000001137,0.500899191454721,1.1102230246251565e-16,0.0,8.098499413747618,21.369282591374997,4.666832808374608,19.78691665757708,0.026443003545376542,-0.008800675320776996,13.0,13.0,13.0
0,891,356.40000000000003,267.3,26.73,350.94769724383127,277.28819386690753,29.055990257993013,446.30117958616245,0.6435011087932844,1.5108681716736887,448.215661516409,0.6686828884049068,1.505924921915873,0.4000000000000341,0.30000000000001137,0.030000000000001137,0.500899191454721,0.0,0.0,-0.33938135158160776,-8.718057970284235,9.498290028769244,-5.198819192263443,-0.014636807170470445,-0.021723753286447156,13.0,13.0,13.0
0,892,356.8,267.59999999999997,26.759999999999998,358.3618299968685,277.1138491082102,10.47856622981477,446.80207877761717,0.6435011087932843,1.5108681716736887,453.12811313855264,0.6582342666601592,1.5476693124330307,0.39999999999997726,0.2999999999999545,0.029999999999997584,0.500899191454721,-1.1102230246251565e-16,0.0,7.414132753037222,-0.17434475869731614,-18.577424028178243,4.912451622143635,-0.010448621744747588,0.041744390517157726,13.0,13.0,13.0
0,893,357.20000000000005,267.9,26.79,340.6541292773202,272.9254921007286,37.34321053297218,447.3029779690719,0.6435011087932843,1.5108681716736887,438.09596597666126,0.6754604280019558,1.4854529694915897,0.4000000000000341,0.30000000000001137,0.030000000000001137,0.500899191454721,0.0,0.0,-17.707700719548313,-4.188357007481613,26.86464430315741,-15.032147161891373,0.017226161341796664,-0.06221634294144107,13.0,13.0,13.0
0,894,357.6,268.2,26.82,353.8840638026384,232.49130946097205,46.39930606836731,447.8038771605266,0.6435011087932843,1.5108681716736887,425.9566118655436,0.581259639785141,1.4616500944736923,0.39999999999997726,0.30000000000001137,0.030000000000001137,0.500899191454721,0.0,0.0,13.229934525318242,-40.43418263975656,9.05609553539513,-12.139354111117655,-0.09420078821681488,-0.02380287501789735,13.0,13.0,13.0
0,895,358.0,268.5,26.849999999999998,374.21569355833014,280.6928555070611,14.886431369299103,448.30477635198133,0.6435011087932844,1.5108681716736887,468.0250744105094,0.6435542701748762,1.5389840513926194,0.39999999999997726,0.30000000000001137,0.029999999999997584,0.500899191454721,1.1102230246251565e-16,0.0,20.331629755691722,48.20154604608905,-31.512874699068206,42.06846254496577,0.06229463038973526,0.07733395691892708,13.0,13.0,13.0
0,896,358.40000000000003,268.8,26.88,327.4171489702201,260.35402229899466,54.50550282537507,448.8056755434361,0.6435011087932844,1.5108681716736887,421.8495658469968,0.6717921066501018,1.441228082002797,0.4000000000000341,0.30000000000001137,0.030000000000001137,0.5008991914547778,0.0,0.0,-46.79854458811002,-20.338833208066433,39.619071456075964,-46.17550856351255,0.028237836475225597,-0.09775596938982245,13.0,13.0,13.0
0,897,358.8,269.09999999999997,26.91,355.67754034412184,274.244383745321,13.181803985136133,449.3065747348908,0.6435011087932843,1.5108681716736887,449.3219944287146,0.6568361766547384,1.5414550175888748,0.39999999999997726,0.2999999999999545,0.030000000000001137,0.5008991914546641,-1.1102230246251565e-16,0.0,28.26039137390171,13.890361446326324,-41.32369884023893,27.472428581717793,-0.014955929995363437,0.10022693558607787,13.0,13.0,13.0
0,898,359.20000000000005,269.4,26.939999999999998,368.7819884087798,301.96724374882206,24.723098958306338,449.8074739263455,0.6435011087932843,1.5108681716736887,477.27937614577075,0.6861135775576291,1.5189730762522182,0.4000000000000341,0.30000000000001137,0.029999999999997584,0.500899191454721,0.0,0.0,13.104448064657959,27.72286000350107,11.541294973170205,27.957381717056137,0.02927740090289077,-0.022481941336656597,13.0,13.0,13.0
0,899,359.6,269.7,26.97,360.4919981014447,266.74005424470045,35.85243382969858,450.3083731178002,0.6435011087932843,1.5108681716736887,449.87791037697184,0.6370272655954434,1.4910180309811674,0.39999999999997726,0.30000000000001137,0.030000000000001137,0.500899191454721,0.0,0.0,-8.289990307335074,-35.22718950412161,11.129334871392246,-27.401465768798914,-0.049086311962185714,-0.02795504527105086,13.0,13.0,13.0
0,900,360.0,270.0,27.0,355.1974809369272,261.62313457157046,30.433682687135093,450.809272309255,0.6435011087932844,1.5108681716736887,442.19692903602805,0.6348418263311978,1.5019180555804705,0.39999999999997726,0.30000000000001137,0.030000000000001137,0.5008991914547778,1.1102230246251565e-16,0.0,-5.294517164517515,-5.116919673129985,-5.41875114256349,-7.680981340943788,-0.0021854392642456366,0.01090002459930317,13.0,13.0,13.0
0,901,360.40000000000003,270.3,27.029999999999998,364.6068699526348,292.31627330720596,21.908609143613663,451.3101715007097,0.6435011087932844,1.5108681716736887,467.83219257708026,0.6757949428734457,1.5239491341482065,0.4000000000000341,0.30000000000001137,0.029999999999997584,0.500899191454721,0.0,0.0,9.409389015707575,30.6931387356355,-8.52507354352143,25.63526354105221,0.04095311654224787,0.022031078567736007,13.0,13.0,13.0
0,902,360.8,270.59999999999997,27.06,360.22990621948844,272.5767191887639,27.22057294400027,451.81107069216444,0.6435011087932843,1.5108681716736887,452.55343636968587,0.6477590066101837,1.5106111397657116,0.39999999999997726,0.2999999999999545,0.030000000000001137,0.500899191454721,-1.1102230246251565e-16,0.0,-4.37696373314634,-19.739554118442072,5.311963800386607,-15.278756207394395,-0.02803593626326195,-0.013337994382494944,13.0,13.0,13.0
0,903,361.20000000000005,270.9,27.09,354.35543138631283,270.90215029581765,23.39558360396052,452.31196988361916,0.6435011087932843,1.5108681716736887,446.6576990493364,0.6527121157136697,1.5183931221981468,0.4000000000000341,0.30000000000001137,0.030000000000001137,0.500899191454721,0.0,0.0,-5.874474833175611,-1.6745688929462403,-3.8249893400397497,-5.895737320349497,0.004953109103486009,0.007781982432435219,13.0,13.0,13.0
0,904,361.6,271.2,27.119999999999997,360.22675132043236,291.4030140969567,44.6218614636294,452.8128690750739,0.6435011087932843,1.5108681716736887,465.47839854513455,0.6801704289181144,1.4747865257530333,0.39999999999997726,0.30000000000001137,0.029999999999997584,0.500899191454721,0.0,0.0,5.871319934119526,20.500863801139076,21.22627785966888,18.82069949579818,0.027458313204444695,-0.043606596445113555,13.0,13.0,13.0
0,905,362.0,271.5,27.15,372.45383475312656,282.3209089102084,25.741080459161225,453.3137682665286,0.6435011087932844,1.5108681716736887,468.070035201358,0.6486030173201547,1.5157744898619607,0.39999999999997726,0.30000000000001137,0.030000000000001137,0.500899191454721,1.1102230246251565e-16,0.0,12.2270834326942,-9.082105186748322,-18.880781004468176,2.591636656223443,-0.03156741159795973,0.040987964108927466,13.0,13.0,13.0
0,906,362.40000000000003,271.8,27.18,345.7529923849725,262.29867638314704,50.47306875305123,453.8146674579834,0.6435011087932844,1.5108681716736887,436.9133301295166,0.6490016221838245,1.455015900744973,0.4000000000000341,0.30000000000001137,0.030000000000001137,0.5008991914547778,0.0,0.0,-26.700842368154042,-20.022232527061362,24.731988293890005,-31.156705071841373,0.00039860486366982695,-0.06075858911698773,13.0,13.0,13.0
0,907,362.8,272.09999999999997,27.209999999999997,358.20967911659477,280.74158942924356,30.437338460832965,454.31556664943804,0.6435011087932843,1.5108681716736887,456.1320486664482,0.6647444935286295,1.5040174796548647,0.39999999999997726,0.2999999999999545,0.029999999999997584,0.5008991914546641,-1.1102230246251565e-16,0.0,12.456686731622256,18.44291304609652,-20.035730292218265,19.21871853693159,0.01574287134480501,0.04900157890989165,13.0,13.0,13.0
0,908,363.20000000000005,272.4,27.24,351.1818955066486,281.11002427951206,-14.921258838965596,454.81646584089276,0.6435011087932843,1.5108681716736887,450.0824518323392,0.6750265115016172,-1.5376379723841924,0.4000000000000341,0.30000000000001137,0.030000000000001137,0.500899191454721,0.0,0.0,-7.027783609946198,0.36843485026849976,-45.35859729979856,-6.049596834109025,0.010282017972987667,-3.0416554520390573,13.0,13.0,13.0
0,909,363.6,272.7,27.27,353.78961872935884,276.3372398182004,46.82065448098931,455.3173650323475,0.6435011087932843,1.5108681716736887,451.3552238725446,0.6630960905533988,1.4668758862014093,0.39999999999997726,0.30000000000001137,0.030000000000001137,0.500899191454721,0.0,0.0,2.6077232227102627,-4.772784461311687,61.741913319954904,1.2727720402054388,-0.01193042094821839,3.004513858585602,13.0,13.0,13.0
0,910,364.0,273.0,27.3,364.8237586839332,299.98565509069005,20.27764508922194,455.81826422380226,0.6435011087932844,1.5108681716736887,472.75675674793655,0.6881767790231649,1.5278908207470236,0.39999999999997726,0.30000000000001137,0.030000000000001137,0.5008991914547778,1.1102230246251565e-16,0.0,11.034139954574357,23.64841527248967,-26.54300939176737,21.401532875391922,0.025080688469766077,0.06101493454561435,13.0,13.0,13.0
0,911,364.40000000000003,273.3,27.33,369.9002562076426,277.3070550591644,35.11459243395763,456.319163415257,0.6435011087932844,1.5108681716736887,463.6361039973796,0.6432966771067836,1.4949863337177038,0.4000000000000341,0.30000000000001137,0.029999999999997584,0.500899191454721,0.0,0.0,5.076497523709406,-22.67860003152566,14.836947344735691,-9.120652750556928,-0.044880101916381254,-0.03290448702931981,13.0,13.0,13.0
0,912,364.8,273.59999999999997,27.36,351.94501667016266,297.39269194979687,20.62981912991718,456.8200626067117,0.6435011087932843,1.5108681716736887,461.2302000318723,0.7015827307127724,1.5260535846236023,0.39999999999997726,0.2999999999999545,0.030000000000001137,0.500899191454721,-1.1102230246251565e-16,0.0,-17.95523953747994,20.085636890632486,-14.484773304040452,-2.4059039655073207,0.05828605360598882,0.031067250905898458,13.0,13.0,13.0
0,913,365.20000000000005,273.9,27.39,368.6586272261024,259.28003238971746,55.16224659115912,457.3209617981665,0.6435011087932843,1.5108681716736887,454.0684883068094,0.6129416892527761,1.449011084823738,0.4000000000000341,0.30000000000001137,0.030000000000001137,0.5008991914547778,0.0,0.0,16.713610555939738,-38.11265956007941,34.53242746124194,-7.161711725062901,-0.0886410414599963,-0.07704249979986422,13.0,13.0,13.0
0,914,365.6,274.2,27.419999999999998,333.1663134406034,272.3524421206103,44.86066357622902,457.82186098962114,0.6435011087932843,1.5108681716736887,432.65242895095645,0.6853011333936652,1.4669220952236044,0.39999999999997726,0.30000000000001137,0.029999999999997584,0.5008991914546641,0.0,0.0,-35.49231378549899,13.072409730892844,-10.301583014930095,-21.41605935585295,0.07235944414088902,0.01791101039986631,13.0,13.0,13.0
0,915,366.0,274.5,27.45,356.1496604160094,274.55644274883,22.88209462295999,458.32276018107586,0.6435011087932844,1.5108681716736887,450.27481733233145,0.6567446586098744,1.5199563642945755,0.39999999999997726,0.30000000000001137,0.030000000000001137,0.500899191454721,1.1102230246251565e-16,0.0,22.983346975405993,2.204000628219717,-21.978568953269033,17.622388381375004,-0.028556474783790753,0.053034269070971085,13.0,13.0,13.0
0,916,366.40000000000003,274.8,27.48,359.2023785057074,292.4267167805257,40.65274188424847,458.82365937253064,0.6435011087932844,1.5108681716736887,464.9649221542444,0.6832796663816318,1.4832527020132584,0.4000000000000341,0.30000000000001137,0.030000000000001137,0.5008991914547778,0.0,0.0,3.0527180896979758,17.870274031695658,17.77064726128848,14.69010482191294,0.026535007771757435,-0.03670366228131705,13.0,13.0,13.0
0,917,366.8,275.09999999999997,27.509999999999998,381.4447499990773,267.5122358726468,43.7352863412495,459.3245585639853,0.6435011087932843,1.5108681716736887,467.94836137632996,0.6116067588745729,1.4771979437378435,0.39999999999997726,0.2999999999999545,0.029999999999997584,0.5008991914546641,-1.1102230246251565e-16,0.0,22.242371493369944,-24.914480907878897,3.0825444570010276,2.983439222085565,-0.0716729075070589,-0.0060547582754149065,13.0,13.0,13.0
0,918,367.20000000000005,275.4,27.54,370.7113235456986,282.9630073904541,26.818545475067474,459.8254577554401,0.6435011087932843,1.5108681716736887,467.134010041928,0.6519572990162015,1.5133539245675733,0.4000000000000341,0.30000000000001137,0.030000000000001137,0.5008991914547778,0.0,0.0,-10.73342645337874,15.450771517807311,-16.916740866182025,-0.8143513344019766,0.04035054014162853,0.03615598082972982,13.0,13.0,13.0
0,919,367.6,275.7,27.57,373.7406505046476,277.680881456292,22.406797613033866,460.3263569468948,0.6435011087932843,1.5108681716736887,466.1446238510661,0.6389915164982662,1.5227094580894884,0.39999999999997726,0.30000000000001137,0.030000000000001137,0.500899191454721,0.0,0.0,3.0293269589490137,-5.282125934162082,-4.411747862033607,-0.9893861908618646,-0.012965782517935232,0.009355533521915094,13.0,13.0,13.0
0,920,368.0,276.0,27.599999999999998,379.9171383743338,281.6605678569226,14.336052553373193,460.8272561383495,0.6435011087932844,1.5108681716736887,473.15455183147066,0.6379573674467083,1.5404928099560653,0.39999999999997726,0.30000000000001137,0.029999999999997584,0.500899191454721,1.1102230246251565e-16,0.0,6.176487869686184,3.9796864006306123,-8.070745059660673,7.009927980404541,-0.0010341490515579643,0.01778335186657687,13.0,13.0,13.0
0,921,368.40000000000003,276.3,27.63,346.26717932766576,269.46988727276084,56.80601528073677,461.3281553298043,0.6435011087932844,1.5108681716736887,442.4272855491709,0.6613147685478393,1.4420446273486025,0.4000000000000341,0.30000000000001137,0.030000000000001137,0.5008991914547778,0.0,0.0,-33.649959046668016,-12.190680584161782,42.46996272736358,-30.72726628229975,0.023357401101131048,-0.0984481826074628,13.0,13.0,13.0
0,922,368.8,276.59999999999997,27.66,368.193403850614,278.8115247398501,22.653089523223475,461.82905452125897,0.6435011087932843,1.5108681716736887,462.40178571433796,0.6481199264505944,1.5217866530517659,0.39999999999997726,0.2999999999999545,0.030000000000001137,0.5008991914546641,-1.1102230246251565e-16,0.0,21.926224522948246,9.341637467089242,-34.1529257575133,19.974500165167058,-0.013194842097244974,0.07974202570316336,13.0,13.0,13.0
0,923,369.20000000000005,276.9,27.689999999999998,345.90756675723094,263.8155258477301,16.523862304199618,462.32995371271375,0.6435011087932843,1.5108681716736887,435.34321453730126,0.6515647425040759,1.5328312641646955,0.4000000000000341,0.30000000000001137,0.029999999999997584,0.5008991914547778,0.0,0.0,-22.285837093383066,-14.995998892119985,-6.129227219023857,-27.058571177036697,0.0034448160534815697,0.011044611112929648,13.0,13.0,13.0
0,924,369.6,277.2,27.72,355.35724032851965,271.68305619716875,30.940915045410634,462.83085290416847,0.6435011087932843,1.5108681716736887,448.38353170291896,0.6527388097279221,1.501735977496234,0.39999999999997726,0.30000000000001137,0.030000000000001137,0.500899191454721,0.0,0.0,9.449673571288713,7.867530349438653,14.417052741211016,13.040317165617694,0.0011740672238461647,-0.031095286668461508,13.0,13.0,13.0
0,925,370.0,277.5,27.75,362.3517728098537,283.4803880802924,12.772726744073022,463.3317520956232,0.6435011087932844,1.5108681716736887,460.24241463936784,0.6638762566523262,1.5430405909857947,0.39999999999997726,0.30000000000001137,0.030000000000001137,0.500899191454721,1.1102230246251565e-16,0.0,6.9945324813340335,11.797331883123661,-18.16818830133761,11.858882936448879,0.011137446924404104,0.041304613489560715,13.0,13.0,13.0
0,926,370.40000000000003,277.8,27.779999999999998,362.1504321410666,283.2828420655337,22.575866920862524,463.83265128707797,0.6435011087932844,1.5108681716736887,460.3387599104771,0.6638076850528564,1.5217347915825592,0.4000000000000341,0.30000000000001137,0.029999999999997584,0.5008991914547778,0.0,0.0,-0.2013406687871111,-0.19754601475870004,9.803140176789501,0.09634527110927138,-6.857159946982438e-05,-0.021305799403235515,13.0,13.0,13.0
0,927,370.8,278.09999999999997,27.81,355.5613479579679,272.8725122540758,16.881915674789656,464.33355047853263,0.6435011087932843,1.5108681716736887,448.51786941256705,0.6545705015908627,1.5331480957498682,0.39999999999997726,0.2999999999999545,0.030000000000001137,0.5008991914546641,-1.1102230246251565e-16,0.0,-6.5890841830986915,-10.410329811457927,-5.693951246072867,-11.820890497910057,-0.009237183461993648,0.011413304167309013,13.0,13.0,13.0
0,928,371.20000000000005,278.4,27.84,369.67024991230574,262.37097680460647,32.00782025786435,464.83444966998735,0.6435011087932843,1.5108681716736887,454.4437519619889,0.6172351929292373,1.5003049987693846,0.4000000000000341,0.30000000000001137,0.030000000000001137,0.500899191454721,0.0,0.0,14.108901954337853,-10.501535449469316,15.125904583074696,5.925882549421829,-0.03733530866162538,-0.0328430969804836,13.0,13.0,13.0
0,929,371.6,278.7,27.869999999999997,399.1968461527847,268.13154710086064,19.710379913188113,465.33534886144207,0.6435011087932843,1.5108681716736887,481.2911256249727,0.5914636367759004,1.529831736757989,0.39999999999997726,0.30000000000001137,0.029999999999997584,0.500899191454721,0.0,0.0,29.526596240478966,5.760570296254173,-12.29744034467624,26.84737366298384,-0.025771556153336928,0.02952673798860439,13.0,13.0,13.0
0,930,372.0,279.0,27.9,353.54218967802433,288.2946802387656,26.502200949983518,465.8362480528968,0.6435011087932844,1.5108681716736887,456.95543457923503,0.6840887267224496,1.512766420556911,0.39999999999997726,0.30000000000001137,0.030000000000001137,0.500899191454721,1.1102230246251565e-16,0.0,-45.65465647476037,20.163133137904936,6.791821036795405,-24.33569104573769,0.09262508994654917,-0.017065316201078096,13.0,13.0,13.0
0,931,372.40000000000003,279.3,27.93,410.1403908975859,293.99765803012406,43.22161606625711,466.33714724435157,0.6435011087932844,1.5108681716736887,506.4759335528208,0.6219269090407086,1.4853544596188821,0.4000000000000341,0.30000000000001137,0.030000000000001137,0.5008991914547778,0.0,0.0,56.59820121956159,5.702977791358478,16.719415116273595,49.520498973585745,-0.062161817681741005,-0.02741196093802878,13.0,13.0,13.0
0,932,372.8,279.59999999999997,27.959999999999997,387.158362173483,290.8575744202596,33.3561402448387,466.83804643580623,0.6435011087932843,1.5108681716736887,485.3888730600692,0.644308644623248,1.5020216759754508,0.39999999999997726,0.2999999999999545,0.029999999999997584,0.5008991914546641,-1.1102230246251565e-16,0.0,-22.982028724102918,-3.1400836098644618,-9.865475821418414,-21.08706049275156,0.02238173558253942,0.016667216356568648,13.0,13.0,13.0
0,933,373.20000000000005,279.9,27.99,372.2662009221219,293.68669957375124,44.82220354781937,467.338945627261,0.6435011087932843,1.5108681716736887,476.2804129778954,0.6679456656850393,1.4765480047285053,0.4000000000000341,0.30000000000001137,0.030000000000001137,0.5008991914547778,0.0,0.0,-14.892161251361074,2.8291251534916455,11.466063302980672,-9.108460082173792,0.02363702106179133,-0.02547367124694544,13.0,13.0,13.0
0,934,373.6,280.2,28.02,375.25766752240423,286.55243303766946,23.93492034001125,467.83984481871573,0.6435011087932843,1.5108681716736887,472.76156181086253,0.6521580000580284,1.5201467837330358,0.39999999999997726,0.30000000000001137,0.030000000000001137,0.500899191454721,0.0,0.0,2.9914666002823083,-7.134266536081782,-20.88728320780812,-3.518851167032892,-0.01578766562701095,0.043598779004530464,13.0,13.0,13.0
0,935,374.0,280.5,28.05,381.4745619255874,273.14694435458415,45.452716826284345,468.34074401017045,0.6435011087932844,1.5108681716736887,471.3788752940203,0.6214030373788271,1.4742212563386556,0.39999999999997726,0.30000000000001137,0.030000000000001137,0.500899191454721,1.1102230246251565e-16,0.0,6.216894403183176,-13.40548868308531,21.517796486273095,-1.3826865168422273,-0.030754962679201303,-0.04592552739438016,13.0,13.0,13.0
0,936,374.40000000000003,280.8,28.08,378.7744913195926,268.18037169985314,43.81642411797518,468.8416432016252,0.6435011087932844,1.5108681716736887,466.1659640749995,0.6160890616819511,1.4766641871988793,0.4000000000000341,0.30000000000001137,0.029999999999997584,0.500899191454721,0.0,0.0,-2.7000706059948243,-4.96657265473101,-1.6362927083091634,-5.212911219020782,-0.005313975696875972,0.0024429308602236244,13.0,13.0,13.0
0,937,374.8,281.09999999999997,28.11,361.50092192388473,301.80090932780234,45.434692528221674,469.3425423930799,0.6435011087932843,1.5108681716736887,473.1078277814065,0.6956357303610561,1.4746135557390871,0.39999999999997726,0.2999999999999545,0.030000000000001137,0.500899191454721,-1.1102230246251565e-16,0.0,-17.273569395707852,33.620537627949204,1.6182684102464933,6.941863706406991,0.07954666867910498,-0.0020506314597921182,13.0,13.0,13.0
0,938,375.20000000000005,281.4,28.14,380.4803213728325,266.6430364340154,49.902045210306625,469.8434415845347,0.6435011087932843,1.5108681716736887,467.28363757668325,0.6112669535827724,1.4638005271224506,0.4000000000000341,0.30000000000001137,0.030000000000001137,0.5008991914547778,0.0,0.0,18.979399448947788,-35.15787289378693,4.46735268208495,-5.824190204723266,-0.0843687767782837,-0.010813028616636577,13.0,13.0,13.0
0,939,375.6,281.7,28.169999999999998,383.40255491699867,294.52576495339315,39.3635518136182,470.34434077598934,0.6435011087932843,1.5108681716736887,485.06951517246165,0.6550410313723478,1.4895566630288244,0.39999999999997726,0.30000000000001137,0.029999999999997584,0.5008991914546641,0.0,0.0,2.922233544166147,27.882728519377736,-10.538493396688423,17.785877595778402,0.04377407778957543,0.025756135906373823,13.0,13.0,13.0
0,940,376.0,282.0,28.2,357.53225812581775,274.9927673480754,43.90159120668999,470.84523996744406,0.6435011087932844,1.5108681716736887,453.1861509410657,0.6556393117853009,1.4737709701020543,0.39999999999997726,0.30000000000001137,0.030000000000001137,0.500899191454721,1.1102230246251565e-16,0.0,-25.87029679118092,-19.532997605317746,4.5380393930717915,-31.883364231395944,0.0005982804129530672,-0.015785692926770123,13.0,13.0,13.0
0,941,376.40000000000003,282.3,28.23,388.0121568077026,288.02889366236803,17.818805817246393,471.34613915889884,0.6435011087932844,1.5108681716736887,483.5613583152459,0.6385672795478285,1.5339388721169676,0.4000000000000341,0.30000000000001137,0.030000000000001137,0.5008991914547778,0.0,0.0,30.479898681884833,13.03612631429263,-26.0827853894436,30.375207374180206,-0.017072032237472334,0.06016790201491329,13.0,13.0,13.0
0,942,376.8,282.59999999999997,28.259999999999998,389.2014512917218,281.8964470226902,19.740033434861907,471.84703835035356,0.6435011087932843,1.5108681716736887,480.9709403400671,0.6268455641193773,1.5297427457296129,0.39999999999997726,0.2999999999999545,0.029999999999997584,0.500899191454721,-1.1102230246251565e-16,0.0,1.1892944840192285,-6.132446639677823,1.9212276176155143,-2.5904179751788092,-0.01172171542845124,-0.004196126387354671,13.0,13.0,13.0
0,943,377.20000000000005,282.9,28.29,388.80960920605514,286.81246164165555,43.64787550236899,472.3479375418083,0.6435011087932843,1.5108681716736887,485.1179623553242,0.6355618903273049,1.4807007527095706,0.4000000000000341,0.30000000000001137,0.030000000000001137,0.500899191454721,0.0,0.0,-0.3918420856666671,4.916014618965335,23.907842067507083,4.147022015257107,0.008716326207927616,-0.04904199302004231,13.0,13.0,13.0
0,944,377.6,283.2,28.32,391.2965569222124,276.02623139582636,35.94038599715672,472.848836733263,0.6435011087932843,1.5108681716736887,480.203276981098,0.6143505635289878,1.495882166952315,0.39999999999997726,0.30000000000001137,0.030000000000001137,0.500899191454721,0.0,0.0,2.4869477161572604,-10.786230245829188,-7.707489505212273,-4.914685374226224,-0.021211326798317165,0.01518141424274444,13.0,13.0,13.0
0,945,378.0,283.5,28.349999999999998,361.19631330117727,297.13557879806814,46.15660945067772,473.3497359247177,0.6435011087932844,1.5108681716736887,469.98166084008807,0.6883959006691254,1.4724283805727496,0.39999999999997726,0.30000000000001137,0.029999999999997584,0.500899191454721,1.1102230246251565e-16,0.0,-30.100243621035133,21.10934740224178,10.216223453521003,-10.221616141009918,0.07404533714013761,-0.02345378637956541,13.0,13.0,13.0
0,946,378.40000000000003,283.8,28.38,377.4476212007538,284.4153296234646,22.53430210358367,473.85063511617244,0.6435011087932844,1.5108681716736887,473.14541236941875,0.6457517917474007,1.5231517141991102,0.4000000000000341,0.30000000000001137,0.030000000000001137,0.500899191454721,0.0,0.0,16.251307899576545,-12.720249174603566,-23.62230734709405,3.163751529330682,-0.042644108921724655,0.05072333362636061,13.0,13.0,13.0
0,947,378.8,284.09999999999997,28.41,371.47043126086794,282.62832115364824,36.93946414477652,474.35153430762716,0.6435011087932843,1.5108681716736887,468.2238494892888,0.6504005711138844,1.4918215141130815,0.39999999999997726,0.2999999999999545,0.030000000000001137,0.500899191454721,-1.1102230246251565e-16,0.0,-5.977189939885875,-1.7870084698163282,14.405162041192852,-4.9215628801299545,0.0046487793664836685,-0.031330200086028714,13.0,13.0,13.0
0,948,379.20000000000005,284.4,28.439999999999998,391.06882289789826,295.88790988788634,39.96930009620435,474.85243349908194,0.6435011087932843,1.5108681716736887,492.01831714962617,0.6477202632593585,1.48947132203481,0.4000000000000341,0.30000000000001137,0.029999999999997584,0.5008991914547778,0.0,0.0,19.598391637030318,13.259588734238093,3.0298359514278275,23.794467660337375,-0.0026803078545258874,-0.0023501920782715846,13.0,13.0,13.0
0,949,379.6,284.7,28.47,385.464821824079,308.8334993843208,44.58997059403278,475.3533326905366,0.6435011087932843,1.5108681716736887,495.9329840647938,0.6754707742628119,1.4807634605008733,0.39999999999997726,0.30000000000001137,0.030000000000001137,0.5008991914546641,0.0,0.0,-5.604001073819234,12.94558949643448,4.620670497828428,3.914666915167629,0.027750511003453382,-0.008707861533936656,13.0,13.0,13.0
0,950,380.0,285.0,28.5,371.9778096207829,289.75924419877276,28.864209724844,475.8542318819914,0.6435011087932844,1.5108681716736887,472.39925174788243,0.6617850669898968,1.5096569410236769,0.39999999999997726,0.30000000000001137,0.030000000000001137,0.5008991914547778,1.1102230246251565e-16,0.0,-13.487012203296104,-19.074255185548054,-15.725760869188779,-23.53373231691137,-0.01368570727291507,0.028893480522803605,13.0,13.0,13.0
0,951,380.40000000000003,285.3,28.529999999999998,395.1754948322718,272.38063619692934,26.69755586847917,476.35513107344616,0.6435011087932844,1.5108681716736887,480.69495751497686,0.6034848712717938,1.5152282374898374,0.4000000000000341,0.30000000000001137,0.029999999999997584,0.5008991914547778,0.0,0.0,23.197685211488874,-17.378608001843418,-2.166653856364828,8.295705767094432,-0.058300195718102965,0.0055712964661605024,13.0,13.0,13.0
0,952,380.8,285.59999999999997,28.56,391.2676111222816,285.19848751355937,18.854234875017053,476.8560302649008,0.6435011087932843,1.5108681716736887,484.54515059598026,0.6298656717574352,1.5318752976498937,0.39999999999997726,0.2999999999999545,0.030000000000001137,0.5008991914546641,-1.1102230246251565e-16,0.0,-3.9078837099901875,12.817851316630026,-7.843320993462118,3.850193081003397,0.026380800485641398,0.01664706016005635,13.0,13.0,13.0
0,953,381.20000000000005,285.9,28.59,375.4966265864187,305.09290967684257,40.94684019933002,477.35692945635554,0.6435011087932843,1.5108681716736887,485.5471592288146,0.6823196036753272,1.4863647128573092,0.4000000000000341,0.30000000000001137,0.030000000000001137,0.500899191454721,0.0,0.0,-15.770984535862908,19.894422163283195,22.092605324312967,1.002008632834361,0.05245393191789194,-0.04551058479258452,13.0,13.0,13.0
0,954,381.6,286.2,28.619999999999997,368.141231975608,286.16460612608853,57.57123661818339,477.85782864781027,0.6435011087932843,1.5108681716736887,469.8218766357785,0.6607596758779979,1.4479491367206954,0.39999999999997726,0.30000000000001137,0.029999999999997584,0.500899191454721,0.0,0.0,-7.35539461081072,-18.928303550754038,16.624396418853372,-15.725282593036127,-0.021559927797329292,-0.03841557613661384,13.0,13.0,13.0
0,955,382.0,286.5,28.65,419.94559938497775,284.0984641353262,27.882268896405474,478.358727839265,0.6435011087932844,1.5108681716736887,507.783088223378,0.5947880381291777,1.5158588941994642,0.39999999999997726,0.30000000000001137,0.030000000000001137,0.500899191454721,1.1102230246251565e-16,0.0,51.804367409369775,-2.0661419907623326,-29.688967721777917,37.96121158759951,-0.0659716377488202,0.06790975747876882,13.0,13.0,13.0
0,956,382.40000000000003,286.8,28.68,390.3315703454401,300.46315331358096,19.02966683032563,478.85962703071976,0.6435011087932844,1.5108681716736887,492.94925654386674,0.6560304831496035,1.5321830289136142,0.4000000000000341,0.30000000000001137,0.030000000000001137,0.5008991914547778,0.0,0.0,-29.614029039537627,16.364689178254764,-8.852602066079843,-14.833831679511263,0.06124244502042586,0.016324134714150063,13.0,13.0,13.0
0,957,382.8,287.09999999999997,28.709999999999997,369.93980635629003,304.16489508424195,32.74583956400673,479.3605262221744,0.6435011087932843,1.5108681716736887,480.04586628497174,0.6881323293466823,1.5025293331788394,0.39999999999997726,0.2999999999999545,0.029999999999997584,0.5008991914546641,-1.1102230246251565e-16,0.0,-20.391763989150093,3.7017417706609876,13.716172733681098,-12.903390258895001,0.03210184619707879,-0.029653695734774832,13.0,13.0,13.0
0,958,383.20000000000005,287.4,28.74,384.516040343831,272.1907495373645,21.082229614040642,479.8614254136292,0.6435011087932843,1.5108681716736887,471.57698186076686,0.6159941942141741,1.5260756146489913,0.4000000000000341,0.30000000000001137,0.030000000000001137,0.5008991914547778,0.0,0.0,14.576233987540945,-31.974145546877423,-11.663609949966087,-8.468884424204873,-0.07213813513250822,0.02354628147015192,13.0,13.0,13.0
0,959,383.6,287.7,28.77,391.72304470670423,304.40984233682343,43.50513915816506,480.3623246050839,0.6435011087932843,1.5108681716736887,498.0009969859414,0.6606236897264134,1.4833252843363973,0.39999999999997726,0.30000000000001137,0.030000000000001137,0.500899191454721,0.0,0.0,7.207004362873249,32.219092799458906,22.422909544124416,26.42401512517455,0.04462949551223927,-0.04275033031259401,13.0,13.0,13.0
0,960,384.0,288.0,28.799999999999997,400.1551366909069,285.60491202538503,24.35986382512941,480.86322379653865,0.6435011087932844,1.5108681716736887,492.2272870927872,0.6198850360110327,1.5212870472398696,0.39999999999997726,0.30000000000001137,0.029999999999997584,0.500899191454721,1.1102230246251565e-16,0.0,8.432091984202657,-18.804930311438397,-19.14527533303565,-5.773709893154205,-0.04073865371538066,0.03796176290347231,13.0,13.0,13.0
0,961,384.40000000000003,288.3,28.83,384.2645278423676,281.5645276475103,44.83597856051122,481.36412298799337,0.6435011087932844,1.5108681716736887,478.48518844449296,0.6323604113085874,1.4769546499084703,0.4000000000000341,0.30000000000001137,0.030000000000001137,0.500899191454721,0.0,0.0,-15.890608848539273,-4.040384377874716,20.476114735381813,-13.742098648294245,0.012475375297554714,-0.044332397331399376,13.0,13.0,13.0
0,962,384.8,288.59999999999997,28.86,382.0841344462608,301.9775752354555,48.43639987367338,481.8650221794481,0.6435011087932843,1.5108681716736887,489.4127364233137,0.6688248138433219,1.471665639760981,0.39999999999997726,0.2999999999999545,0.030000000000001137,0.500899191454721,-1.1102230246251565e-16,0.0,-2.1803933961068083,20.413047587945186,3.6004213131621583,10.927547978820712,0.036464402534734486,-0.00528901014748917,13.0,13.0,13.0
0,963,385.20000000000005,288.9,28.89,382.36920102798433,262.6656236929965,35.868901475490375,482.3659213709028,0.6435011087932843,1.5108681716736887,465.2805754143067,0.601908624551711,1.4936288564139117,0.4000000000000341,0.30000000000001137,0.030000000000001137,0.500899191454721,0.0,0.0,0.2850665817235267,-39.311951542458985,-12.567498398183005,-24.13216100900695,-0.06691618929161092,0.02196321665293066,13.0,13.0,13.0
0,964,385.6,289.2,28.919999999999998,395.0429640128055,276.2060960341151,33.64752645503808,482.86682056235753,0.6435011087932843,1.5108681716736887,483.1986205888548,0.6101753427493982,1.5011049462546753,0.39999999999997726,0.30000000000001137,0.029999999999997584,0.500899191454721,0.0,0.0,12.673762984821167,13.540472341118573,-2.2213750204522924,17.91804517454807,0.008266718197687206,0.0074760898407635334,13.0,13.0,13.0
0,965,386.0,289.5,28.95,400.9641086249626,293.18421615887274,31.96468245977336,483.3677197538123,0.6435011087932844,1.5108681716736887,497.74586079128534,0.6313589371840175,1.5065332226881336,0.39999999999997726,0.30000000000001137,0.030000000000001137,0.5008991914547778,1.1102230246251565e-16,0.0,5.921144612157093,16.978120124757652,-1.6828439952647223,14.547240202430544,0.021183594434619257,0.0054282764334583344,13.0,13.0,13.0
0,966,386.40000000000003,289.8,28.98,374.53400081171185,277.8205316329306,12.379814197925459,483.86861894526703,0.6435011087932844,1.5108681716736887,466.490327188471,0.6382172805457432,1.544255009490691,0.4000000000000341,0.30000000000001137,0.030000000000001137,0.500899191454721,0.0,0.0,-26.430107813250743,-15.36368452594212,-19.5848682618479,-31.255533602814353,0.006858343361725749,0.037721786802557444,13.0,13.0,13.0
0,967,386.8,290.09999999999997,29.009999999999998,401.5289337915621,296.0752927399103,36.03795399456727,484.3695181367217,0.6435011087932843,1.5108681716736887,500.1847636333266,0.6353686288264636,1.4986845610818567,0.39999999999997726,0.2999999999999545,0.029999999999997584,0.5008991914546641,-1.1102230246251565e-16,0.0,26.99493297985026,18.254761106979686,23.65813979664181,33.694436444855626,-0.0028486517192796157,-0.045570448408834396,13.0,13.0,13.0
0,968,387.20000000000005,290.4,29.04,379.5972787756535,293.6052035415382,32.37405431653237,484.8704173281765,0.6435011087932843,1.5108681716736887,480.9846036968741,0.6583503455802817,1.5034375208378865,0.4000000000000341,0.30000000000001137,0.030000000000001137,0.5008991914547778,0.0,0.0,-21.931655015908632,-2.4700891983721363,-3.6638996780348947,-19.200159936452508,0.022981716753818104,0.004752959756029851,13.0,13.0,13.0
0,969,387.6,290.7,29.07,363.78125737224457,302.96459248945183,23.01708420625726,485.3713165196312,0.6435011087932843,1.5108681716736887,473.9769337035177,0.694435712650676,1.5222156073971282,0.39999999999997726,0.30000000000001137,0.030000000000001137,0.500899191454721,0.0,0.0,-15.81602140340891,9.359388947913658,-9.356970110275114,-7.007669993356387,0.036085367070394336,0.018778086559241736,13.0,13.0,13.0
0,970,388.0,291.0,29.099999999999998,393.16176296918593,291.3831038259078,24.259801197957508,485.8722157110859,0.6435011087932844,1.5108681716736887,489.96818571252413,0.6377986635169761,1.521263060834378,0.39999999999997726,0.30000000000001137,0.029999999999997584,0.500899191454721,1.1102230246251565e-16,0.0,29.38050559694136,-11.581488663544008,1.2427169917002487,15.991252009006416,-0.056637049133699935,-0.0009525465627502339,13.0,13.0,13.0
0,971,388.40000000000003,291.3,29.13,378.3598085969241,289.30599560554407,41.11820060132999,486.3731149025407,0.6435011087932844,1.5108681716736887,478.06360484302434,0.6527999733898505,1.4846800309745882,0.4000000000000341,0.30000000000001137,0.030000000000001137,0.5008991914547778,0.0,0.0,-14.801954372261832,-2.0771082203637548,16.85839940337248,-11.904580869499796,0.015001309872874402,-0.036583029859789784,13.0,13.0,13.0
0,972,388.8,291.59999999999997,29.16,382.6764333500956,276.90856774513645,30.842320487960848,486.87401409399536,0.6435011087932843,1.5108681716736887,473.3612323218866,0.6263966148863036,1.5055941457202653,0.39999999999997726,0.2999999999999545,0.030000000000001137,0.5008991914546641,-1.1102230246251565e-16,0.0,4.316624753171482,-12.397427860407618,-10.27588011336914,-4.702372521137761,-0.026403358503546914,0.02091411474567706,13.0,13.0,13.0
0,973,389.20000000000005,291.9,29.189999999999998,372.4540918607862,281.75688926230004,23.287070647211458,487.37491328545013,0.6435011087932843,1.5108681716736887,467.6016283653632,0.6476402377098966,1.5209746283831118,0.4000000000000341,0.30000000000001137,0.029999999999997584,0.5008991914547778,0.0,0.0,-10.222341489309372,4.848321517163583,-7.55524984074939,-5.759603956523392,0.021243622823593045,0.015380482662846529,13.0,13.0,13.0
0,974,389.6,292.2,29.22,369.67311466119224,295.3720743386148,24.325886454453425,487.87581247690485,0.6435011087932843,1.5108681716736887,473.8086351621276,0.6741362639761481,1.519432581660381,0.39999999999997726,0.30000000000001137,0.030000000000001137,0.500899191454721,0.0,0.0,-2.7809771995939627,13.615185076314788,1.038815807241967,6.207006796764404,0.02649602626625147,-0.0015420467227307277,13.0,13.0,13.0
0,975,390.0,292.5,29.25,394.6555000975695,324.28606601136755,21.22375728554028,488.3767116683596,0.6435011087932844,1.5108681716736887,511.2385590306224,0.6878297387544575,1.529270002201735,0.39999999999997726,0.30000000000001137,0.030000000000001137,0.500899191454721,1.1102230246251565e-16,0.0,24.98238543637723,28.91399167275273,-3.1021291689131445,37.429923868494825,0.0136934747783094,0.009837420541353836,13.0,13.0,13.0
0,976,390.40000000000003,292.8,29.279999999999998,369.8924891759509,294.60897411134323,34.14210423670149,488.87761085981435,0.6435011087932844,1.5108681716736887,474.11030832226044,0.6725859570461689,1.498720942346187,0.4000000000000341,0.30000000000001137,0.029999999999997584,0.5008991914547778,0.0,0.0,-24.76301092161856,-29.677091900024323,12.918346951161212,-37.128250708361975,-0.015243781708288662,-0.03054905985554801,13.0,13.0,13.0
0,977,390.8,293.09999999999997,29.31,394.9286876294398,313.1139993282373,23.294332339918988,489.378510051269,0.6435011087932843,1.5108681716736887,504.53113958129245,0.6703578534533275,1.5246096506510642,0.39999999999997726,0.2999999999999545,0.030000000000001137,0.5008991914546641,-1.1102230246251565e-16,0.0,25.036198453488907,18.50502521689407,-10.847771896782504,30.420831259032013,-0.002228103592841313,0.025888708304877328,13.0,13.0,13.0
0,978,391.20000000000005,293.4,29.34,371.74542201539504,333.1329522429051,29.686615968562002,489.87940924272374,0.6435011087932843,1.5108681716736887,500.05351496329143,0.730673946121292,1.5113945211035291,0.4000000000000341,0.30000000000001137,0.030000000000001137,0.500899191454721,0.0,0.0,-23.183265614044785,20.018952914667807,6.392283628643014,-4.477624618001016,0.06031609266796445,-0.01321512954753512,13.0,13.0,13.0
0,979,391.6,293.7,29.369999999999997,377.77816293670674,284.8934184053631,14.127783133614951,490.38030843417846,0.6435011087932843,1.5108681716736887,473.3710959688991,0.6461383516087266,1.5409468462757159,0.39999999999997726,0.30000000000001137,0.029999999999997584,0.500899191454721,0.0,0.0,6.032740921311699,-48.23953383754201,-15.55883283494705,-26.68241899439232,-0.08453559451256543,0.029552325172186755,13.0,13.0,13.0
0,980,392.0,294.0,29.4,408.56166255240066,273.1915952049003,34.913424966494475,490.8812076256332,0.6435011087932844,1.5108681716736887,492.7222615643329,0.5893859921645531,1.4998786720276684,0.39999999999997726,0.30000000000001137,0.030000000000001137,0.500899191454721,1.1102230246251565e-16,0.0,30.783499615693927,-11.701823200462798,20.785641832879524,19.35116559543377,-0.05675235944417345,-0.04106817424804743,13.0,13.0,13.0
0,981,392.40000000000003,294.3,29.43,409.6621278641454,284.7497918070317,46.79370394406183,491.38210681708796,0.6435011087932844,1.5108681716736887,501.09395692737286,0.6074193413941951,1.4772769746659726,0.4000000000000341,0.30000000000001137,0.030000000000001137,0.5008991914547778,0.0,0.0,1.100465311744756,11.558196602131432,11.880278977567357,8.371695363039976,0.01803334922964195,-0.022601697361695816,13.0,13.0,13.0
0,982,392.8,294.59999999999997,29.459999999999997,384.05748235946686,311.5128286785373,28.50229151933144,491.8830060085426,0.6435011087932843,1.5108681716736887,495.33097299628747,0.681478658229765,1.5132226126296835,0.39999999999997726,0.2999999999999545,0.029999999999997584,0.5008991914546641,-1.1102230246251565e-16,0.0,-25.604645504678558,26.763036871505562,-18.291412424730392,-5.762983931085387,0.07405931683556999,0.035945637963710864,13.0,13.0,13.0
0,983,393.20000000000005,294.9,29.49,399.824779323601,305.4070805948577,52.30509510336113,492.3839051999974,0.6435011087932843,1.5108681716736887,505.83511346328237,0.6523078002547573,1.467207716342396,0.4000000000000341,0.30000000000001137,0.030000000000001137,0.5008991914547778,0.0,0.0,15.767296964134118,-6.1057480836796,23.802803584029693,10.504140466994897,-0.029170857975007736,-0.0460148962872875,13.0,13.0,13.0
0,984,393.6,295.2,29.52,383.65398016314066,301.1132824528743,29.802439252146332,492.8848043914521,0.6435011087932843,1.5108681716736887,488.6182259698689,0.6654385897006532,1.5097651431605275,0.39999999999997726,0.30000000000001137,0.030000000000001137,0.500899191454721,0.0,0.0,-16.17079916046032,-4.293798141983416,-22.5026558512148,-17.21688749341348,0.013130789445895852,0.04255742681813146,13.0,13.0,13.0
0,985,394.0,295.5,29.549999999999997,396.029671238786,291.88202362049617,22.61247096389526,493.38570358290684,0.6435011087932844,1.5108681716736887,492.48953294195996,0.6351424068750938,1.5248655565199725,0.39999999999997726,0.30000000000001137,0.029999999999997584,0.500899191454721,1.1102230246251565e-16,0.0,12.375691075645364,-9.231258832378103,-7.189968288251073,3.8713069720910767,-0.030296182825559348,0.015100413359445009,13.0,13.0,13.0
0,986,394.40000000000003,295.8,29.58,397.71908590672075,298.83674805832294,55.68516085946166,493.8866027743616,0.6435011087932844,1.5108681716736887,500.58436893744016,0.6443814439845224,1.4593253066743226,0.4000000000000341,0.30000000000001137,0.030000000000001137,0.5008991914547778,0.0,0.0,1.6894146679347273,6.954724437826769,33.0726898955664,8.094835995480196,0.009239037109428527,-0.06554024984564988,13.0,13.0,13.0
0,987,394.8,296.09999999999997,29.61,399.09926021962843,299.996307844809,32.48885130275743,494.3875019658163,0.6435011087932843,1.5108681716736887,500.33341851943567,0.6445776449221011,1.5058162056549516,0.39999999999997726,0.2999999999999545,0.030000000000001137,0.5008991914546641,-1.1102230246251565e-16,0.0,1.380174312907684,1.1595597864860565,-23.19630955670423,-0.2509504180044928,0.0001962009375787721,0.04649089898062897,13.0,13.0,13.0
0,988,395.20000000000005,296.4,29.64,379.7642846134743,294.95396212157743,22.845961316054392,494.88840115727106,0.6435011087932843,1.5108681716736887,481.3945259219879,0.6603565671260344,1.5233206190517705,0.4000000000000341,0.30000000000001137,0.030000000000001137,0.5008991914547778,0.0,0.0,-19.33497560615416,-5.042345723231563,-9.64288998670304,-18.93889259744776,0.015778922203933288,0.017504413396818963,13.0,13.0,13.0
0,989,395.6,296.7,29.669999999999998,393.4122340691776,307.49454447058406,30.337577414804272,495.3893003487257,0.6435011087932843,1.5108681716736887,500.24638869048584,0.6634258891119014,1.5101138209011196,0.39999999999997726,0.30000000000001137,0.029999999999997584,0.5008991914546641,0.0,0.0,13.647949455703326,12.540582349006627,7.49161609874988,18.851862768497938,0.0030693219858669574,-0.013206798150650956,13.0,13.0,13.0
0,990,396.0,297.0,29.7,394.8185014573862,302.0456560423535,34.30925492661162,495.89019954018045,0.6435011087932844,1.5108681716736887,498.2874194686547,0.6530473767066991,1.5018874578103303,0.39999999999997726,0.30000000000001137,0.030000000000001137,0.500899191454721,1.1102230246251565e-16,0.0,1.4062673882086187,-5.448888428230532,3.97167751180735,-1.9589692218311257,-0.010378512405202267,-0.00822636309078928,13.0,13.0,13.0
0,991,396.40000000000003,297.3,29.73,409.2905669718144,286.3950276059932,36.84355072176874,496.3910987316352,0.6435011087932844,1.5108681716736887,500.89752173407135,0.6105482419840946,1.497174771473188,0.4000000000000341,0.30000000000001137,0.030000000000001137,0.5008991914547778,0.0,0.0,14.472065514428209,-15.650628436360307,2.534295795157121,2.6101022654166286,-0.04249913472260447,-0.00471268633714228,13.0,13.0,13.0
0,992,396.8,297.59999999999997,29.759999999999998,379.3809071353934,299.1505899455526,44.647326795413484,496.89199792308995,0.6435011087932843,1.5108681716736887,485.1951483203667,0.667703518306857,1.4786466480411695,0.39999999999997726,0.2999999999999545,0.029999999999997584,0.500899191454721,-1.1102230246251565e-16,0.0,-29.909659836421042,12.75556233955939,7.803776073644741,-15.702373413704663,0.057155276322762405,-0.018528123432018484,13.0,13.0,13.0
0,993,397.20000000000005,297.9,29.79,393.25826895058503,305.3154197008667,43.47119549876415,497.39289711454467,0.6435011087932843,1.5108681716736887,499.7592584867426,0.6601677921658982,1.4837019881880906,0.4000000000000341,0.30000000000001137,0.030000000000001137,0.500899191454721,0.0,0.0,13.877361815191648,6.164829755314088,-1.1761312966493307,14.56411016637594,-0.007535726140958876,0.005055340146921106,13.0,13.0,13.0
0,994,397.6,298.2,29.82,413.7173334661314,295.84843596874185,49.88172979444256,497.8937963059994,0.6435011087932843,1.5108681716736887,511.0543180942342,0.6207871414214667,1.473035145532988,0.39999999999997726,0.30000000000001137,0.030000000000001137,0.500899191454721,0.0,0.0,20.459064515546345,-9.466983732124845,6.41053429567841,11.295059607491567,-0.03938065074443142,-0.010666842655102649,13.0,13.0,13.0
0,995,398.0,298.5,29.849999999999998,389.74479185610795,287.12620708943166,18.171567069640638,498.3946954974541,0.6435011087932844,1.5108681716736887,484.43025032123103,0.6349366558563929,1.5332763096883189,0.39999999999997726,0.30000000000001137,0.029999999999997584,0.500899191454721,1.1102230246251565e-16,0.0,-23.972541610023427,-8.722228879310194,-31.710162724801926,-26.624067773003162,0.01414951443492618,0.06024116415533087,13.0,13.0,13.0
0,996,398.40000000000003,298.8,29.88,407.860278445425,322.6574219184369,42.19250762372128,498.8955946889089,0.6435011087932844,1.5108681716736887,521.7643398625568,0.6692892304911264,1.4898428691564642,0.4000000000000341,0.30000000000001137,0.030000000000001137,0.5008991914547778,0.0,0.0,18.115486589317072,35.53121482900525,24.020940554080646,37.33408954132574,0.03435257463473351,-0.043433440531854606,13.0,13.0,13.0
0,997,398.8,299.09999999999997,29.91,425.8520811083947,296.49143627382716,58.610447530599586,499.39649388036355,0.6435011087932843,1.5108681716736887,522.1995321022462,0.6081919779928118,1.458321683990455,0.39999999999997726,0.2999999999999545,0.030000000000001137,0.5008991914546641,-1.1102230246251565e-16,0.0,17.99180266296969,-26.165985644609748,16.417939906878303,0.4351922396893997,-0.06109725249831466,-0.031521185166009325,13.0,13.0,13.0
0,998,399.20000000000005,299.4,29.939999999999998,419.32087753340653,316.4689826273841,13.900565103736856,499.8973930718183,0.6435011087932843,1.5108681716736887,525.5243486374355,0.6465137492606006,1.5443423926127018,0.4000000000000341,0.30000000000001137,0.029999999999997584,0.5008991914547778,0.0,0.0,-6.531203574988183,19.97754635355693,-44.709882426862734,3.3248165351893704,0.038321771267788796,0.08602070862224687,13.0,13.0,13.0
0,999,399.6,299.7,29.97,390.0112684486998,295.2659592694592,27.858838335225798,500.39829226327305,0.6435011087932843,1.5108681716736887,489.9662142369267,0.6480107838528377,1.5139069530738902,0.39999999999997726,0.30000000000001137,0.030000000000001137,0.500899191454721,0.0,0.0,-29.30960908470672,-21.203023357924906,13.958273231488942,-35.558134400508834,0.0014970345922371564,-0.03043543953881156,13.0,13.0,13.0
0,1000,400.0,300.0,30.0,422.130398565085,291.0005600801213,20.110244138035632,500.89919145472777,0.6435011087932844,1.5108681716736887,513.1080015736972,0.6035504755665131,1.531593281494575,0.39999999999997726,0.30000000000001137,0.030000000000001137,0.500899191454721,1.1102230246251565e-16,0.0,32.11913011638518,-4.26539918933787,-7.748594197190165,23.14178733677045,-0.044460308286324635,0.017686328420684738,13.0,13.0,13.0
0,1001,400.00000000000136,300.0000000000009,30.0,389.65482741434414,287.44579337102107,45.968907330226195,500.8991914547294,0.6435011087932841,1.510868171673689,486.3837056225599,0.6355782461125142,1.4761434444310906,1.3642420526593924e-12,9.094947017729282e-13,0.0,1.6484591469634324e-12,-2.220446049250313e-16,2.220446049250313e-16,-32.47557115074085,-3.5547667091002495,25.858663192190562,-26.724295951137265,0.032027770546001144,-0.055449837063484386,13.0,13.0,13.0
0,1002,400.2399950907911,300.18000654536627,38.0,403.2323929310947,301.3965087330596,29.777775101047588,501.74105871440565,0.6435011251471088,1.4949874582023663,504.30440616296676,0.6418678367685963,1.51171473702201,0.2399950907897619,0.18000654536535876,8.0,0.8418672596762349,1.6353824627834967e-08,-0.015880713471322583,13.577565516750553,13.950715362038522,-16.191132229178606,17.92070054040687,0.006289590656082034,0.03557129259091951,13.0,13.0,13.0
0,1003,400.47998036268564,300.36002618110524,46.0,396.17235528608956,315.72079919325216,43.84125333766624,502.7090212029334,0.6435011741693787,1.4791639225212885,508.4822648139961,0.6728648952195363,1.4844693156652644,0.23998527189451124,0.18001963573897228,8.0,0.9679624885277462,4.9022269910103944e-08,-0.01582353568107786,-7.0600376450051385,14.324290460192572,14.06347823661865,4.177858651029339,0.03099705845094003,-0.02724542135674568,13.0,13.0,13.0
0,1004,400.71995581497004,300.54005890668213,54.0,421.1188433524611,321.0629741302936,60.33995871667066,503.80235211438173,0.6435012558013972,1.4634051337696465,532.9760071540123,0.6513929448919245,1.4573398001218218,0.23997545228439776,0.18003272557689343,8.0,1.0933309114483336,8.16320184782171e-08,-0.01575878875164194,24.946488066371558,5.34217493704142,16.49870537900442,24.49374234001624,-0.021471950327611844,-0.02712951554344256,13.0,13.0,13.0
0,1005,400.9599214469299,300.72010472156126,62.0,383.8835467059338,294.368668992821,45.16179037564996,505.02023720884193,0.6435013699846073,1.4477184707596256,485.85911335084165,0.6541777917788274,1.4777095091304475,0.2399656319598762,0.1800458148791222,8.0,1.2178850944602004,1.1418321010925325e-07,-0.015686663010020974,-37.23529664652733,-26.69430513747261,-15.178168341020701,-47.11689380317068,0.0027848468869029475,0.02036970900862567,13.0,13.0,13.0
0,1006,401.19987725785313,300.9001636252069,70.0,417.9029768591215,298.7597259647052,67.5683060199794,506.36177776506065,0.6435015166605897,1.4321111030628784,518.1368042367101,0.6206575304745748,1.440017553859733,0.23995581092322027,0.18005890364565857,8.0,1.3415405562187175,1.4667598247086744e-07,-0.015607367696747199,34.01943015318773,4.391056971884211,22.406515644329446,32.277690885868424,-0.03352026130425256,-0.03769195527071445,13.0,13.0,13.0
0,1007,401.4398232470239,301.0802356170834,78.0,425.7167506438601,302.1481075156039,77.0778219459202,507.825993789054,0.6435016957710692,1.4165899735679992,527.7018299096133,0.6172328549053068,1.424208705473847,0.23994598917079202,0.18007199187650258,8.0,1.4642160239933446,1.7911047944796366e-07,-0.01552112949487916,7.813773784738601,3.388381550898714,9.509515925940804,9.565025672903175,-0.0034246755692680653,-0.015808848385886032,13.0,13.0,13.0
0,1008,401.6797594137297,301.26032069665507,86.0,392.802340694753,273.3316990765728,76.76470763473897,509.4118274529197,0.6435019072579056,1.4011617825967106,484.6614456645071,0.6079356222750792,1.411738182245779,0.23993616670577467,0.1800850795716542,8.0,1.5858336638656851,2.114868363767286e-07,-0.015428190971288558,-32.914409949107096,-28.81640843903108,-0.3131143111812378,-43.04038424510617,-0.009297232630227525,-0.012470523228067965,13.0,13.0,13.0
0,1009,401.91968575725605,301.4404188633862,94.0,416.2778208420937,312.03131054384824,94.1820944898766,511.11814673688235,0.6435021510631,1.3858329736473125,528.6974842074187,0.6432288425648053,1.391700579039353,0.23992634352634923,0.18009816673111345,8.0,1.7063192839626709,2.43805194477531e-07,-0.015328808949398143,23.475480147340704,38.69961146727542,17.417386855137636,44.036038542911626,0.035293220289726035,-0.020037603206426002,13.0,13.0,13.0
0,1010,402.1596022768881,301.62053011674107,102.0,411.98249147203217,312.02284564250374,92.83186106588758,512.9437492468436,0.6435024271287929,1.3706097208146437,525.0767409734552,0.6482007317749757,1.3930653507755988,0.23991651963206095,0.18011125335488032,8.0,1.825602509961243,2.760656928613159e-07,-0.015223252832668788,-4.295329370061552,-0.008464901344495956,-1.3502334239890246,-3.6207432339634806,0.004971889210170444,0.001364771736245718,13.0,13.0,13.0
0,1011,402.39950897191375,301.8006544561831,110.0,417.3077703088575,289.9391427283056,110.73718954944027,514.8873661792622,0.6435027353972576,1.355497917916704,520.070386385808,0.607217323791761,1.3562263232116452,0.23990669502563833,0.1801243394420453,8.0,1.9436169324186494,3.0826846464382385e-07,-0.015111802897939786,5.325278836825362,-22.083702914198113,17.905328483552694,-5.006354587647252,-0.04098340798321476,-0.03683902756395363,13.0,13.0,13.0
0,1012,402.639405841619,301.98079188117754,118.0,411.832047191787,305.1513053041421,121.18653661214788,516.9476664050966,0.64350307581091,1.34050316933949,526.6964314280547,0.6376907229802105,1.3386282029510104,0.23989686970526236,0.18013742499442742,8.0,2.0603002258343395,3.404136524887136e-07,-0.014994748577213945,-5.475723117070515,15.212162575836487,10.449347062707602,6.6260450422466874,0.03047339918844949,-0.017598120260634786,13.0,13.0,13.0
0,1013,402.87929288528903,302.16094239118775,126.0,412.2162905249917,319.2064536340259,126.83926463271322,519.1232606447925,0.6435034483123022,1.325630782593835,536.5661462190503,0.6589141147282708,1.332146708520041,0.23988704367002356,0.18015051001020765,8.0,2.175594239695897,3.72501392176261e-07,-0.014872386745655053,0.3842433332046653,14.055148329883764,5.652728020565348,9.869714790995658,0.021223391748060316,-0.006481494430969459,13.0,13.0,13.0
0,1014,403.1191701022108,302.34110598567713,134.0,392.65320429004214,305.8233921647698,144.34953086982708,521.4127057068495,0.6435038528441201,1.3108857625613275,518.2096806281636,0.6617195284294122,1.2885078330508646,0.2398772169217409,0.18016359448938601,8.0,2.289445062056984,4.0453181793242976e-07,-0.014745020032507439,-19.563086234949537,-13.383061469256063,17.510266237113854,-18.356465590886728,0.0028054137011414015,-0.04363887546917633,13.0,13.0,13.0
0,1015,403.3590374916712,302.5212826641109,142.0,376.88165624262444,295.6660381668433,156.5822265841671,523.8145087633086,0.6435042893491894,1.2962728073909453,503.96049708237695,0.6652219129498573,1.2548633854111169,0.23986738946041442,0.1801766784337815,8.0,2.40180305645913,4.365050692012318e-07,-0.014612955170382191,-15.771548047417696,-10.15735399792652,12.232695714340025,-14.24918354578665,0.0035023845204451565,-0.03364444763974772,13.0,13.0,13.0
0,1016,403.5988950529554,302.7014724259525,150.0,404.30712812518885,279.12858076962846,161.10366004565398,526.3271316365956,0.6435047577704709,1.2817963059940654,517.0410116571127,0.6042454356572119,1.2539327880077813,0.23985756128422508,0.1801897618415751,8.0,2.5126228732870004,4.6842128154089835e-07,-0.014476501396879948,27.42547188256441,-16.537457397214837,4.521433461486879,13.08051457473573,-0.06097647729264544,-0.0009305974033355646,13.0,13.0,13.0
0,1017,403.8387427853504,302.88167527066435,158.0,389.96493785554,309.3353659939092,164.22592789885448,528.9489950734537,0.6435052580510572,1.267460337073115,524.1480485564175,0.6706047141014068,1.2521095461296339,0.2398477323949919,0.18020284471185732,8.0,2.6218634368581206,5.002805862908133e-07,-0.014335968920950348,-14.342190269648881,30.206785224280736,3.1222678532004977,7.1070368993048305,0.06635927844419487,-0.0018232418781474191,13.0,13.0,13.0
0,1018,404.07858068814267,303.0618911977135,166.0,408.8404368600374,309.34568242452906,139.6325228659482,531.678482983164,0.6435057901341844,1.253268669608379,531.3591021978577,0.6477381998546466,1.3048901317726824,0.23983790279226014,0.18021592704917566,8.0,2.729487909710315,5.320831272248583e-07,-0.01419166746473599,18.875499004497442,0.010316430619866424,-24.593405032906276,7.21105364144023,-0.022866514246760117,0.05278058564304855,13.0,13.0,13.0
0,1019,404.31840876061824,303.2421202065616,174.0,418.07404950084816,300.572875963923,177.21768140888358,534.5139466188783,0.6435063539632149,1.2392247647184622,544.5512567566088,0.6233288859741106,1.2393214012256966,0.23982807247557503,0.18022900884807314,8.0,2.835463635714291,5.638290304643689e-07,-0.014043904889916803,9.233612640810748,-8.772806460606034,37.585158542935375,13.192154558751099,-0.02440931388053602,-0.06556873054698587,13.0,13.0,13.0
0,1020,404.55822700206363,303.42236229667196,182.0,400.70425118004596,306.05355839341814,171.3869147164547,537.4537086826605,0.6435069494816477,1.2253317788026057,532.5468543283869,0.6522679114469877,1.2431398759900267,0.23981824144539132,0.18024209011036874,8.0,2.9397620637821547,5.955184327888219e-07,-0.013892985915856526,-17.369798320802204,5.480682429495118,-5.830766692428881,-12.004402428221965,0.028939025472877078,0.003818474764330171,13.0,13.0,13.0
0,1021,404.7980354117667,303.60261746750984,190.0,408.50722218839564,321.01773863387035,193.52678941210917,540.4960673366172,0.6435075766331174,1.2115925678674309,554.4214618120785,0.6660415482309604,1.2142276697888486,0.23980840970307327,0.18025517083788145,8.0,3.0423586539567395,6.271514697564484e-07,-0.013739210935174828,7.802971008349687,14.964180240452208,22.13987469565447,21.874607483691648,0.013773636783972698,-0.02891220620117818,13.0,13.0,13.0
0,1022,405.0378339890117,303.78288571853864,198.0,381.29377396578934,298.5952317915274,196.15001197444548,543.6393001043917,0.6435082353613936,1.1980096929367006,522.512087622177,0.6643574080960922,1.185970144663283,0.23979857724498288,0.1802682510287923,8.0,3.1432327677745207,6.587282761483237e-07,-0.013582874930730293,-27.213448222606303,-22.422506842342955,2.6232225623363092,-31.90937418990154,-0.0016841401348681728,-0.028257525125565452,13.0,13.0,13.0
0,1023,405.277622733086,303.96316704922083,206.0,411.3025193762559,308.51176635575877,204.69882906446819,546.8816676492037,0.6435089256103734,1.1845854264402658,553.3993883675424,0.6435553760479887,1.1919019537365356,0.2397887440743034,0.18028133068219176,8.0,3.242367544811941,6.902489798621403e-07,-0.0134242664964348,30.00874541046653,9.91653456423137,8.548817090022709,30.88730074536545,-0.02080203204810349,0.005931809073252525,13.0,13.0,13.0
0,1024,405.5174016432775,304.14346145902164,214.0,419.8908806489485,285.7114344377112,205.1771490643607,550.2214174164711,0.6435096473240915,1.1713217594773606,547.7563673009954,0.5974789102109302,1.186855390722628,0.23977891019148956,0.18029440980080835,8.0,3.339749767267449,7.217137181214639e-07,-0.013263666962905152,8.588361272692623,-22.80033191804756,0.4783199998925056,-5.643021066547021,-0.04607646583705849,-0.005046563013907601,13.0,13.0,13.0
0,1025,405.7571707188713,304.32376894740355,222.0,402.0955352758747,312.42835540473504,196.20588515088093,553.6567871309228,0.643510400446713,1.1582204098497302,545.7005095448787,0.6605585638327373,1.2030121678712018,0.23976907559381289,0.18030748838191357,8.0,3.4353697144516673,7.531226214885223e-07,-0.013101349627630432,-17.795345373073815,26.71692096702384,-8.97126391347976,-2.0558577561166658,0.06307965362180701,0.016156777148573775,13.0,13.0,13.0
0,1026,405.9969299591544,304.50408951382997,230.0,425.9172316622757,314.8541133914589,214.5967938537091,557.1860081399254,0.6435111849225348,1.145282830761614,571.4808700898654,0.6365776392735958,1.1858493206816514,0.23975924028309237,0.18032056642641692,8.0,3.52922100900264,7.844758217467884e-07,-0.012937579088116102,23.821696386401015,2.425757986723852,18.39090870282817,25.780360544986706,-0.02398092455914147,-0.017162847189550412,13.0,13.0,13.0
0,1027,406.23667936341326,304.6844231577652,238.0,417.04429188752164,303.1793424625761,231.22942014535138,560.8073085964489,0.6435120006959871,1.1325102200861439,565.0758354705674,0.6285992832256467,1.1492184495617241,0.23974940425887326,0.18033364393522788,8.0,3.6213004565234996,8.157734523450699e-07,-0.012772610675470197,-8.872939774754059,-11.674770928882822,16.632626291642282,-6.405034619298021,-0.007978356047949053,-0.036630871119927244,13.0,13.0,13.0
0,1028,406.4764189309358,304.86476987867263,246.0,398.43013238128304,314.24815636814634,266.4528353996657,564.5189164767587,0.6435128477116286,1.1199035301011815,573.1453460185008,0.6678223833852006,1.0872794673981454,0.2397395675225198,0.18034672090743697,8.0,3.7116078803097707,8.470156415141261e-07,-0.012606689984962394,-18.614159506238593,11.068813905570266,35.22341525431429,8.069510547933419,0.03922310015955388,-0.06193898216357874,13.0,13.0,13.0
0,1029,406.71614866100754,305.0451296760157,254.0,386.4332536489745,271.21992935928006,244.22589555961497,568.3190624294596,0.6435137259141516,1.1074634776018515,531.5422821086593,0.6119695308441818,1.0934018279974929,0.23972973007175824,0.1803597973430442,8.0,3.800145952700859,8.782025229248092e-07,-0.012440052499330001,-11.996878732308517,-43.02822700886628,-22.226939840050704,-41.60306390984158,-0.055852852541018794,0.006122360599347454,13.0,13.0,13.0
0,1030,406.95586855291504,305.2255025492568,262.0,405.02388535402025,296.34407988788325,247.3094509260857,572.205982453962,0.643514635248376,1.095190554301849,559.4873777925867,0.6316667373352179,1.112937317216942,0.2397198919074981,0.18037287324114004,8.0,3.8869200245023876,9.093342244748115e-07,-0.012272923300002514,18.590631705045723,25.124150528603195,3.0835553664707334,27.945095683927434,0.019697206491036123,0.01953548921944903,13.0,13.0,13.0
0,1031,407.19557860594614,305.40588849786036,270.0,419.7668646212623,311.20769833168345,277.1140758321797,576.1779204077493,0.6435155756592533,1.0830850374409267,591.4783708295615,0.6379628897420989,1.0831918168842214,0.2397100530311036,0.1803859486035435,8.0,3.9719379537873465,9.404108772814723e-07,-0.012105516860922316,14.742979267242049,14.863618443800192,29.804624906094006,31.990993036974828,0.006296152406880973,-0.029745500332720498,13.0,13.0,13.0
0,1032,407.43527881938644,305.5862875212897,278.0,425.9789445137736,299.2736233453122,246.37205577945508,580.2331303430334,0.6435165470918661,1.071147000521622,575.9530820026015,0.6124386499572998,1.1287786348319644,0.239700213440301,0.1803990234293451,8.0,4.055209935284097,9.714326127951978e-07,-0.011938036919304729,6.212079892511326,-11.934074986371229,-30.742020052724627,-15.525288826960036,-0.02552423978479912,0.045586817947743,13.0,13.0,13.0
0,1033,407.67496919252426,305.76669961900734,286.0,400.5849937628612,298.42620911674516,265.50385938826525,584.3698786744794,0.6435175494914216,1.05937632410423,565.7020760664102,0.6402779918059356,1.082258645620735,0.23969037313781882,0.18041209771763533,8.0,4.136748331446029,1.0023995554719889e-06,-0.011770676417391934,-25.39395075091244,-0.847414228567061,19.131803608810174,-10.25100593619129,0.02783934184863579,-0.04651998921122935,13.0,13.0,13.0
0,1034,407.9146497246452,305.9471247904776,294.0,428.3916727803453,318.09939098292426,287.0200643612014,588.5864461806269,0.6435185828032618,1.0477727065950289,605.8771865627208,0.6387117519989746,1.0772789407050525,0.23968053212092855,0.18042517147023318,8.0,4.2165675061474985,1.0333118402039432e-06,-0.011603617509201136,27.8066790174841,19.673181866179107,21.516204972936123,40.175110496310594,-0.0015662398069610228,-0.004979704915682559,13.0,13.0,13.0
0,1035,408.15432041503664,306.127563035162,302.0,409.259558275712,301.4188192488725,283.8964633434743,592.8811298424899,0.643519646972851,1.0363356749688784,582.1888804643627,0.6348036363735441,1.0614159796436025,0.23967069039144917,0.18043824468441017,8.0,4.294683661863019,1.0641695892266156e-06,-0.011437031626150507,-19.132114504633307,-16.68057173405174,-3.1236010177270828,-23.68830609835811,-0.003908115625430475,-0.01586296106145002,13.0,13.0,13.0
0,1036,408.39398126298556,306.3080143525249,310.0,419.9074188623821,298.40335034278905,332.8740740744031,597.2522445235501,0.6435207419457869,1.0250645953733244,613.3285816773588,0.6178318083300166,0.9971078854761277,0.23966084794892595,0.18045131736289477,8.0,4.371114681060135,1.0949729358777915e-06,-0.011271079595553957,10.647860586670106,-3.01546890608347,48.9776107309288,31.1397012129961,-0.01697182804352748,-0.06430809416747474,13.0,13.0,13.0
0,1037,408.6336322677789,306.48847874203057,318.0,403.3109444564078,304.08292205087065,314.30473049822564,601.6981244959655,0.6435218676677943,1.01395868356726,594.9063834040426,0.6460348090636476,1.0141681718285,0.23965100479335888,0.180464389505687,8.0,4.445879972415469,1.1257220073890295e-06,-0.01110591180606435,-16.596474405974277,5.679571708081596,-18.56934357617746,-18.422198273316212,0.028203000733631023,0.017060286352372334,13.0,13.0,13.0
0,1038,408.8732734287032,306.6689562031388,326.0,437.98546535628793,323.3730030363515,339.6563798551749,606.217124818349,0.6435230240847194,1.0030170151529283,641.6913770126845,0.635983276033013,1.013004245537542,0.23964116092429322,0.18047746110823937,8.0,4.5190003223834765,1.1564169251077061e-06,-0.010941668414331751,34.67452089988012,19.29008098548087,25.35164935694928,46.78499360864191,-0.010051533030634663,-0.0011639262909579617,13.0,13.0,13.0
0,1039,409.11290474504585,306.8494467353157,334.0,425.6699462492684,283.3807722270612,342.1820386565421,610.8076225708863,0.6435242111425443,0.9922385355655668,615.295142827414,0.5873530785251858,0.9810783338135312,0.23963131634263846,0.18049053217691835,8.0,4.590497752537317,1.1870578249251196e-06,-0.010778479587361445,-12.315519107019554,-39.992230809290334,2.5256588013671717,-26.396234185270487,-0.048630197507827155,-0.031925911724010936,13.0,13.0,13.0
0,1040,409.35252621609425,307.0299503380238,342.0,389.3248098617945,322.5371752708896,344.880115526888,615.4680179538718,0.6435254287873721,0.9816220697902018,612.0019044835454,0.6918509577270655,0.972146216918991,0.2396214710483946,0.18050360270808596,8.0,4.6603953829854845,1.2176448277445573e-06,-0.010616465775365014,-36.34513638747387,39.15640304382839,2.698076870345915,-3.293238343868552,0.1044978792018797,-0.00893211689454021,13.0,13.0,13.0
0,1041,409.5921378411349,307.21046701072373,350.0,425.7884523943892,330.1332375555697,345.75603482000776,620.1967352560139,0.6435266769654301,0.9711663317800728,640.1804404586145,0.6595259984104151,1.0002504625402633,0.23961162504065214,0.18051667269992322,8.0,4.7287173021420585,1.2481780580220203e-06,-0.010455738010129001,36.46364253259469,7.596062284680102,0.8759192931197504,28.178535975069053,-0.03232495931665036,0.02810424562127234,13.0,13.0,13.0
0,1042,409.8317396194557,307.3909967528816,358.0,428.9711103507362,300.6247681788497,373.22136938071867,624.9922236990149,0.6435279556230791,0.9608699335557702,643.183998028985,0.6112655113734495,0.9517342611244469,0.23960177832077534,0.18052974215788709,8.0,4.795488443000977,1.2786576489842716e-06,-0.010296398224302616,3.1826579563469863,-29.508469376719972,27.465334560710915,3.0035575703705035,-0.048260487036965616,-0.04851620141581636,13.0,13.0,13.0
0,1043,410.0713315503431,307.57153956395814,366.0,399.13131483683173,299.85234567512026,368.3677953871159,629.8529581650108,0.6435292647067982,0.9507313939684344,620.4128209254012,0.6443085492189946,0.935089682748082,0.23959193088739994,0.1805428110765206,8.0,4.860734465995961,1.3090837190921079e-06,-0.010138539587335793,-29.83979551390445,-0.7724225037294445,-4.853573993602765,-22.771177103583796,0.033043037845545076,-0.016644578376364905,13.0,13.0,13.0
0,1044,410.31091363308406,307.7520954434167,374.0,437.21558428504653,344.51844708924386,370.38716941969784,634.7774398135381,0.6435306041631955,0.9407491471143575,668.6083179240554,0.6673704293699283,0.9836742520111541,0.2395820827409807,0.18055587945855223,8.0,4.924481648527262,1.3394563973534446e-06,-0.009982246854076893,38.0842694482148,44.6661014141236,2.0193740325819363,48.19549699865422,0.02306188015093369,0.048584569263072086,13.0,13.0,13.0
0,1045,410.550485866966,307.9326643907207,382.0,421.73807524217955,310.6042262551529,397.78114390971376,639.7641965946282,0.6435319739390035,0.9309215503918776,657.6988884943177,0.6347959576927732,0.9212723490940138,0.23957223388197235,0.18056894730398199,8.0,4.986756781090094,1.3697758080022382e-06,-0.009827596722479903,-15.477509042866984,-33.91422083409094,27.39397449001592,-10.90942942973777,-0.032574471677155103,-0.06240190291714032,13.0,13.0,13.0
0,1046,410.7900482512764,308.1132464053326,390.0,431.0407046441626,277.6000794730695,373.5573733827555,644.8117836645971,0.6435333739810777,0.9212468921947548,634.3524291686871,0.5721619018992545,0.9411241132334057,0.2395623843103749,0.18058201461190038,8.0,5.047587069968927,1.4000420741622221e-06,-0.009674658197122876,9.30262940198304,-33.00414678208341,-24.223770526958276,-23.346459325630576,-0.06263405579351866,0.019851764139391936,13.0,13.0,13.0
0,1047,411.02960078530214,308.293841486714,398.0,424.94248616680704,302.54923846098046,401.37621751477604,649.9187837109803,0.643534804236397,0.9117233992391389,658.1907217740272,0.6187190134217555,0.9149660336967872,0.23955253402573362,0.1805950813813979,8.0,5.1070000463831775,1.4302553192901968e-06,-0.009523492955615831,-6.098218477355545,24.94915898791095,27.81884413202056,23.838292605340143,0.04655711152250097,-0.026158079536618528,13.0,13.0,13.0
0,1048,411.2691434683311,308.4744496343292,406.0,396.8539467917009,319.94844249321676,393.57525410275326,655.0838071929247,0.6435362646520671,0.9023492435238628,644.0198301139742,0.678517329137673,0.9133179006105123,0.23954268302895798,0.18060814761520305,8.0,5.165023481944445,1.4604156701736315e-06,-0.009374155715276111,-28.088539375106166,17.399204032236298,-7.8009634120227815,-14.17089166005303,0.05979831571591754,-0.0016481330862748722,13.0,13.0,13.0
0,1049,411.5086762996498,308.6550708476416,414.0,412.10233121540733,305.06349422479974,413.9120779264634,660.305492503169,0.6435377551753175,0.8931225489260844,658.950131007818,0.6372392863028535,0.891637537795258,0.23953283131868375,0.18062121331240633,8.0,5.221685310244311,1.490523250380349e-06,-0.009226694597778362,15.248384423706455,-14.88494826841702,20.33682382371012,14.930300893843764,-0.041278042834819506,-0.021680362815254317,13.0,13.0,13.0
0,1050,411.7481992785465,308.83570512611095,422.0,412.0261424115063,326.45533346573853,429.2997597305552,665.5825060575645,0.6435392757534929,0.8840413974363526,678.7023725341218,0.6700386216200531,0.8859807006873106,0.2395229788967299,0.18063427846936975,8.0,5.277013554395467,1.5205781753735437e-06,-0.009081151489731876,-0.07618880390100458,21.391839240938793,15.387681804091812,19.752241526303806,0.032799335317199585,-0.005656837107947399,13.0,13.0,13.0
0,1051,411.9877124043078,309.0163524692007,430.0,382.6848871774339,322.0771485772637,409.46520359073384,670.9135423178637,0.6435408263340683,0.8751038350388956,646.4078940276544,0.6996117764897477,0.8847963496090283,0.23951312576127748,0.1806473430897313,8.0,5.331036260299243,1.5505805753823765e-06,-0.008937562397457022,-29.341255234072435,-4.378184888474834,-19.83455613982136,-32.294478506467385,0.029573154869694585,-0.0011843510782822975,13.0,13.0,13.0
0,1052,412.22721567622193,309.197012876376,438.0,444.5686604895885,311.301626324426,423.6499274673172,676.2973237532766,0.6435424068646418,0.8663078772444391,688.4978267829193,0.6108822921459791,0.9079981291101433,0.23950327191414544,0.18066040717530996,8.0,5.383781435412857,1.5805305735305808e-06,-0.00879595779445641,61.88377331215463,-10.775522252837675,14.184723876583348,42.089932755264954,-0.0887294843437686,0.023201779501115016,13.0,13.0,13.0
0,1053,412.466709093575,309.37768634709573,446.0,393.62965331034457,315.1812891492268,452.51494937809224,681.7326007460446,0.6435440172929267,0.8576515142841021,677.5347433199629,0.6751707616179399,0.8394335870601293,0.23949341735306007,0.18067347071973927,8.0,5.435276992767967,1.610428284837262e-06,-0.008656362960337005,-50.93900717924396,3.879662824800789,28.865021910775056,-10.963083462956433,0.06428846947196076,-0.06856454205001405,13.0,13.0,13.0
0,1054,412.70619265565483,309.5583728808242,454.0,430.1081373617117,295.0935190836512,452.1471428509044,687.2181514460673,0.6435456575667635,0.8491327159740076,690.2972067292251,0.6013302535768772,0.856608966272497,0.23948356207984034,0.1806865337284762,8.0,5.4855507000227135,1.6402738368670455e-06,-0.0085187983100945,36.47848405136716,-20.087770065575626,-0.36780652718783813,12.762463409262182,-0.07384050804106268,0.01717537921236778,13.0,13.0,13.0
0,1055,412.9456663617502,309.7390724770248,462.0,420.86478715744556,314.29364053113596,486.3552351775744,692.7527815793146,0.6435473276341123,0.8407494362610287,715.8554856477881,0.6414374797470247,0.8238459529821704,0.23947370609539576,0.18069959620061127,8.0,5.534630133247333,1.670067348746862e-06,-0.00838327971297892,-9.243350204266164,19.200121447484776,34.20809232667,25.55827891856302,0.0401072261701475,-0.032763013290326604,13.0,13.0,13.0
0,1056,413.1851302111477,309.9197851351573,470.0,408.14615542122556,310.65316104362716,456.9756176947907,698.3353242145389,0.6435490274430506,0.8324996174608044,686.9609783816403,0.6505876992096391,0.8430167957480003,0.23946384939745258,0.18071265813250648,8.0,5.582542635224286,1.6998089383823967e-06,-0.008249818800224351,-12.718631736220004,-3.6404794875087987,-29.379617482783715,-28.894507266147798,0.009150219462614406,0.01917084276582981,13.0,13.0,13.0
0,1057,413.42458420313415,310.10051085468604,478.0,433.572658338149,304.9066128667458,473.1075013860408,703.9646394925469,0.6435507569417834,0.824381194199664,710.4815272025188,0.6128986598835813,0.8421008409585811,0.23945399198646555,0.1807257195287093,8.0,5.629315278007994,1.7294987327831635e-06,-0.008118423261140317,25.426502916923425,-5.74654817688139,16.131883691250096,23.520548820878503,-0.03768903932605783,-0.0009159547894191933,13.0,13.0,13.0
0,1058,413.66402833699885,310.28124963507344,486.0,429.6330574652219,318.10410843449085,495.43484078457533,709.6396143220136,0.6435525160786302,0.816392097072427,728.8555888055291,0.6373344465039836,0.8233834812015821,0.23944413386470842,0.18073878038740077,8.0,5.6749748294666915,1.7591368467462232e-06,-0.007989097127237055,-3.9396008729270875,13.19749556774508,22.327339398534548,18.37406160301032,0.024435786620402355,-0.018717359756998952,13.0,13.0,13.0
0,1059,413.90346261202785,310.4620014757802,494.0,410.9934422515835,331.16374232197927,514.9720688759942,715.3591620455935,0.6435543048020309,0.8085302560283085,737.4152598942645,0.6782457405327096,0.79771024186792,0.23943427502899794,0.18075184070676187,8.0,5.719547723579922,1.788723400730774e-06,-0.007861841044118467,-18.63961521363842,13.059633887488417,19.537228091418854,8.5596710887354,0.04091129402872595,-0.025673239333662168,13.0,13.0,13.0
0,1060,414.142887027509,310.6427663762697,502.0,431.9175007999573,316.00122234537713,518.2137091909779,721.1222220798509,0.6435561230605482,0.8007936034972863,744.952984029546,0.6316363871582964,0.8014959910193951,0.23942441548115312,0.1807649004895211,8.0,5.763060034257364,1.8182585173054377e-06,-0.007736652531022181,20.924058548373807,-15.162519976602141,3.2416403149836697,7.537724135281451,-0.04660935337441319,0.003785749151475115,13.0,13.0,13.0
0,1061,414.38230158273154,310.8235443360045,510.0,421.7677401303534,303.4735639818181,539.5521197321165,726.9277595322648,0.6435579708028597,0.7931800772692706,749.0665661728015,0.6237119196921216,0.7665626339887467,0.23941455522253818,0.18077795973476896,8.0,5.805537452413887,1.8477423114893199e-06,-0.007613526228015699,-10.149760669603893,-12.527658363559055,21.338410541138614,4.113582143255485,-0.007924467466174812,-0.03493335703064837,13.0,13.0,13.0
0,1062,414.6217062769806,311.0043353544452,518.0,405.1736143744213,324.1619362753344,493.6432359893682,732.7747647983622,0.6435598479777647,0.7856876231383843,716.1914989393977,0.674775621931728,0.8103270571693441,0.2394046942490604,0.18079101844068646,8.0,5.847005266097426,1.8771749049628639e-06,-0.0074924541308863946,-16.59412575593211,20.688372293516352,-45.90888374274829,-32.8750672334038,0.051063702239606434,0.04376442318059737,13.0,13.0,13.0
0,1063,414.86110110954587,311.1851394310552,526.0,398.62995052652815,301.42002998669597,538.3157176410373,738.66225314182,0.6435617545341794,0.778314197324531,734.536373363054,0.6474191082546792,0.748273515435632,0.23939483256526728,0.18080407661000208,8.0,5.88748834345779,1.9065564147435765e-06,-0.007373425813853252,-6.543663847893129,-22.74190628863846,44.6724816516691,18.344874423656393,-0.027356513677048833,-0.062053541733712025,13.0,13.0,13.0
0,1064,415.1004860797143,311.3659565652961,534.0,417.3281282854132,311.07231704254195,528.6312867529163,744.5892642601268,0.643563690421139,0.7710577686841775,741.8758591721838,0.640544333714729,0.7776556690423966,0.2393849701684303,0.18081713424089685,8.0,5.927011118306837,1.9358869596253214e-06,-0.007256428640353474,18.698177758885038,9.652287055845989,-9.684430888121028,7.339485809129769,-0.006874774539950224,0.02938215360676455,13.0,13.0,13.0
0,1065,415.3398611867742,311.54678675662944,542.0,440.9597515091322,303.39162366731074,521.4298341349314,750.5548618382467,0.6435656555877944,0.7639163207220869,747.24898908494,0.6026442047768203,0.7984757677393164,0.23937510705991372,0.18083019133337075,8.0,5.965597578119855,1.96516665540436e-06,-0.007141447962090597,23.631623223719032,-7.680693375231215,-7.201452617984842,5.373129912756212,-0.03790012893790862,0.02082009869691981,13.0,13.0,13.0
0,1066,415.57922643001257,311.7276300045187,550.0,438.18909803566504,318.95919076472546,533.2846265346468,756.5581330924953,0.6435676499834188,0.7568878534153946,760.3533020305731,0.6292084426156563,0.7934866992489249,0.2393652432383533,0.18084324788924278,8.0,6.003271254248602,1.9943956243162475e-06,-0.007028467306692376,-2.7706534734671777,15.567567097414724,11.854792399715393,13.104312945633069,0.02656423783883599,-0.004989068490391491,13.0,13.0,13.0
0,1067,415.81858180871814,311.9084863084254,558.0,434.719528930482,315.31939825559033,572.8202160830577,762.5981883066776,0.6435696735573975,0.7499703848611081,785.1944929144936,0.6275309179911859,0.7531668833755709,0.239355378705568,0.18085630390669394,8.0,6.040055214182303,2.0235739787155538e-06,-0.006917468554286432,-3.469569105183041,-3.639792509135134,39.53558954841094,24.84119088392049,-0.0016775246244704611,-0.04031981587335398,13.0,13.0,13.0
0,1068,416.05792732217833,312.0893556678093,566.0,423.7869647142785,297.86594771131223,569.1184649632148,768.6741603623575,0.6435717262592312,0.7431619527577467,769.5552880916259,0.612647653652597,0.738406630684115,0.23934551346019362,0.18086935938390525,8.0,6.075972055679927,2.0527018337324066e-06,-0.006808432103361461,-10.932564216203502,-17.4534505442781,-3.7017511198429247,-15.639204822867669,-0.014883264338588886,-0.014760252691455866,13.0,13.0,13.0
0,1069,416.2972629696801,312.2702380821347,574.0,403.4783962202444,301.7885170973781,585.9224915038186,774.7852042649757,0.6435738080385449,0.7364606157314573,772.7718235794687,0.6421987051140323,0.7102346194275675,0.23933564750177538,0.18088241432542418,8.0,6.111043902618235,2.0817793137117846e-06,-0.006701337026289389,-20.30856849403409,3.9225693860658453,16.804026540603786,3.216535487842748,0.02955105146143533,-0.028172011256547558,13.0,13.0,13.0
0,1070,416.5365887505136,312.45113355086323,582.0,420.65866894184006,315.4652884166184,582.4542998381912,780.9304966673628,0.6435759188450717,0.7298644545165401,784.6815120491233,0.6434574222871059,0.7343280961959581,0.23932578083349654,0.18089546872852225,8.0,6.145292402387099,2.1108065267894105e-06,-0.006596161214917129,17.180272721595657,13.676771319240345,-3.468191665627387,11.909688469654611,0.0012587171730735758,0.024093476768390576,13.0,13.0,13.0
0,1071,416.77590466396487,312.6320420734555,590.0,400.26058930245745,316.899717762725,605.1921141402895,787.1092353920675,0.6435780586286639,0.723371572999908,791.7647791386267,0.6696800293925869,0.7007505277188562,0.23931591345126435,0.18090852259228996,8.0,6.178738724704658,2.139783592203237e-06,-0.006492881516632187,-20.398079639382615,1.4344293461065831,22.737814302098286,7.083267089503465,0.026222607105480966,-0.033577568477101916,13.0,13.0,13.0
0,1072,417.0152107093227,312.81296364937407,598.0,409.1131507921778,330.1165438404253,626.1826526890025,793.3206389537874,0.6435802273392888,0.7169800991386122,817.5911063587266,0.6789387731802168,0.6983761217759574,0.2393060453578073,0.1809215759185463,8.0,6.211403561719862,2.1687106248613475e-06,-0.006391473861295793,8.852561489720358,13.216826077700318,20.990538548712948,25.82632722009987,0.00925874378762992,-0.0023744059428987274,13.0,13.0,13.0
0,1073,417.25450688587534,312.99389827808136,606.0,427.33074156214457,298.3135257467163,594.9029846669287,799.5639460830415,0.6435824249270294,0.7106881857591103,790.8932187679378,0.6094401157269981,0.7194150877998384,0.23929617655267066,0.18093462870729127,8.0,6.243307129254163,2.1975877406710254e-06,-0.006291913379501857,18.217590769966762,-31.803018093709,-31.279668022073793,-26.69788759078881,-0.0694986574532187,0.021038966023881,13.0,13.0,13.0
0,1074,417.49379319290983,313.17484595903716,614.0,397.8680553949476,314.25653912840517,619.7869420574875,805.838415252134,0.6435846513420811,0.7044940112465725,800.744663069128,0.6685219074766388,0.6856412224685348,0.23928630703449016,0.18094768095579639,8.0,6.2744691690925265,2.226415051653774e-06,-0.006194174512537787,-29.462686167196978,15.943013381688843,24.883957390558862,9.851444301190213,0.05908179174964068,-0.033773865331303665,13.0,13.0,13.0
0,1075,417.7330696297149,313.35580669170395,622.0,410.812180185064,328.05873394453573,634.9947592618512,812.1433242043382,0.6435869065347557,0.6983957801321006,824.3831176071678,0.6738631078317234,0.6915372716479143,0.2392764368050848,0.18096073266679014,8.0,6.304908952204187,2.2551926746050555e-06,-0.0060982311144719414,12.944124790116405,13.802194816130566,15.207817204363664,23.63845453803981,0.005341200355084674,0.005896049179379581,13.0,13.0,13.0
0,1076,417.9723361955789,313.5367804755442,630.0,438.5382613252709,333.4900381178085,650.1768353718383,818.4779694871204,0.6435891904554794,0.6923917235853109,852.2096745661524,0.650160857227792,0.7029621015087367,0.23926656586399986,0.18097378384027252,8.0,6.334645282782162,2.283920723655797e-06,-0.0060040565467897045,27.72608114020693,5.4313041732727925,15.182076109987065,27.82655695898461,-0.023702250603931385,0.011424829860822383,13.0,13.0,13.0
0,1077,418.21159288978924,313.71776731001864,638.0,419.966955884761,322.7999168627121,656.8880168809859,824.8416659901449,0.6435915030547908,0.6864800998193608,843.844711474523,0.6553191527707892,0.6786090836362806,0.2392566942103258,0.18098683447442454,8.0,6.363696503024471,2.312599311493635e-06,-0.005911623765950114,-18.571305440509946,-10.690121255096415,6.71118150914765,-8.36496309162942,0.005158295542997182,-0.02435301787245614,13.0,13.0,13.0
0,1078,418.4508397116351,313.8987671945897,646.0,419.18107537290575,325.47981053119815,647.9802555100438,831.2337464887092,0.643593844283343,0.6806591944151015,837.5728580518067,0.6602252476388258,0.6862296977913267,0.23924682184588164,0.1809998845710652,8.0,6.392080498564383,2.3412285521384746e-06,-0.00582090540425928,-0.7858805118552254,2.679893668486045,-8.907761370942126,-6.271853422716276,0.0049060948680366145,0.007620614155046113,13.0,13.0,13.0
0,1079,418.6900766604035,314.0797801287172,654.0,456.32405870959747,329.29932148207115,672.3020663396971,837.6535611931689,0.6435962140919,0.6749273205706441,876.7324324389849,0.6250988791510368,0.6969134351774565,0.23923694876839363,0.181012934127466,8.0,6.419814704459668,2.3698085570567073e-06,-0.005731873844457391,37.142983336691714,3.8195109508729956,24.321810829653373,39.15957438717817,-0.03512636848778905,0.010683737386129821,13.0,13.0,13.0
0,1080,418.9293037353841,314.26080611186353,662.0,386.22966050126536,320.1139075125388,672.9067109009039,844.1004773048597,0.6435986124313404,0.6692828192823046,839.3150219133109,0.6920672775313785,0.6406068684172248,0.23922707498059026,0.18102598314635543,8.0,6.446916111690825,2.39833944037926e-06,-0.005644501288339487,-70.09439820833211,-9.185413969532362,0.6046445612067828,-37.41741052567397,0.06696839838034174,-0.05630656676023171,13.0,13.0,13.0
0,1081,419.16852093586294,314.44184514349035,670.0,417.37958372895514,312.68528353348694,657.2035432123033,850.5738785789284,0.6436010392526573,0.6637240594624851,838.9840884444584,0.6429651252240169,0.6707872571454286,0.23921720047883355,0.181039031626824,8.0,6.473401274068692,2.426821316903194e-06,-0.005558759819819459,31.149923227689783,-7.428623979051849,-15.703167688600615,-0.3309334688525496,-0.04910215230736159,0.030180388728203833,13.0,13.0,13.0
0,1082,419.40772826113016,314.6228972230592,678.0,406.9228779115845,300.8889974976079,696.73076612907,857.0731648944527,0.6436034945069522,0.6582494379997668,861.1354004184026,0.6366987611307258,0.6282047387601477,0.23920732526721622,0.1810520795688717,8.0,6.499286315524273,2.455254294875253e-06,-0.0054746214627183765,-10.456705817370619,-11.796286035879064,39.52722291676673,22.15131197394419,-0.006266364093291177,-0.04258251838528093,13.0,13.0,13.0
0,1083,419.6469257104741,314.8039623500308,686.0,412.65618135039597,315.07868543052285,667.6841330574202,863.5977518321431,0.6436059781454386,0.6528573797661164,845.7906381344949,0.6521092922014868,0.6609325866484282,0.2391974493439193,0.18106512697158905,8.0,6.524586937690401,2.4836384864279637e-06,-0.00539205823365041,5.733303438811447,14.189687932914978,-29.046633071649808,-15.344762283907698,0.015410531070761069,0.03272784788828054,13.0,13.0,13.0
0,1084,419.88611328318257,314.9850405238658,694.0,437.6653737119974,308.8165129534153,720.2771750543532,870.1470702598953,0.6436084901194422,0.6475463375758358,897.6178624133148,0.6144742076514121,0.6394369784802947,0.239187572708488,0.18107817383497604,8.0,6.549318427752155,2.5119740035828286e-06,-0.005311042190280557,25.009192361601436,-6.2621724771075264,52.593041996932925,51.827224278819926,-0.03763508455007469,-0.021495608168133562,13.0,13.0,13.0
0,1085,420.1252909785435,315.16613174402664,702.0,417.1976948658739,305.9473190765084,704.7013088441774,876.7205659263954,0.6436110303804028,0.6423147921005629,874.2205747625701,0.6327524867961836,0.6332796671441712,0.23917769536092237,0.18109122016085166,8.0,6.573495666500094,2.540260960581797e-06,-0.005231545475272936,-20.467678846123476,-2.869193876906934,-15.575866210175718,-23.397287650744715,0.018278279144771425,-0.0061573113361235166,13.0,13.0,13.0
0,1086,420.3644587958456,315.34723600997495,710.0,425.5636509755081,332.8406839323803,704.3722065270772,883.3176990629447,0.6436135988798687,0.637161251744358,887.709156897687,0.663741329971933,0.6543038091783693,0.23916781730213188,0.18110426594830642,8.0,6.59713313654936,2.568499465893659e-06,-0.005153540356204855,8.365956109634169,26.89336485587188,-0.32910231710025073,13.488582135116872,0.03098884317574946,0.021024142034198112,13.0,13.0,13.0
0,1087,420.6036167343782,315.52835332117047,718.0,432.00087109943155,307.4100431629672,701.9956710380129,889.9379439936299,0.6436161955694955,0.6320842524826403,879.7292818954221,0.618466117356326,0.646880442540062,0.23915793853257128,0.18111731119552132,8.0,6.620244930685203,2.596689626765958e-06,-0.005076999261717674,6.437220123923453,-25.43064076941306,-2.376535489064281,-7.979875002264862,-0.045275212615607074,-0.007423366638307227,13.0,13.0,13.0
0,1088,420.8427647934277,315.7094836770748,726.0,420.7043621081666,324.36767865253455,721.0674848136639,896.5807887539313,0.6436188204010549,0.6270823576684855,895.6254065773127,0.6568130810116194,0.6349532810753046,0.23914805904951209,0.18113035590431537,8.0,6.6428447603013865,2.6248315594390448e-06,-0.005001894814154806,-11.296508991264943,16.957635489567338,19.07181377565098,15.89612468189057,0.03834696365529344,-0.011927161464757474,13.0,13.0,13.0
0,1089,421.0819029722852,315.8906270771504,734.0,441.2855256487223,339.22577576851984,745.5468578390729,903.2457347178321,0.643621473326425,0.6221541578095577,930.4016118464854,0.6553757466135324,0.6413024733543571,0.23913817885750177,0.18114340007559804,8.0,6.664945963900777,2.652925370161263e-06,-0.004928199858927784,20.58116354055568,14.858097115985288,24.479373025409018,34.77620526917269,-0.0014373343980870201,0.006349192279052507,13.0,13.0,13.0
0,1090,421.32103127023765,316.071783520857,742.0,420.2551077290327,307.2294506458763,762.5295884192037,909.9322962334462,0.643624154297594,0.6172982703186942,923.2852560997972,0.6312654213132454,0.5990222085109123,0.2391282979524476,0.18115644370664086,8.0,6.68656151561413,2.6809711689557147e-06,-0.00485588749086352,-21.03041791968957,-31.996325122643555,16.982730580130806,-7.116355746688214,-0.024110325300287005,-0.042280264843444826,13.0,13.0,13.0
0,1091,421.5601496865729,316.25295300765447,750.0,439.15111723018583,314.6105229779426,756.155888566858,916.6400002671863,0.6436268632666583,0.6125133392409947,929.3036170957851,0.621652093153618,0.6203412506617619,0.2391184163352591,0.18116948679744382,8.0,6.707704033740129,2.708969064291189e-06,-0.004784931077699506,18.896009501153117,7.38107233206631,-6.3736998523456805,6.018360995987905,-0.009613328159627343,0.021319042150849676,13.0,13.0,13.0
0,1092,421.7992582205811,316.4341355370061,758.0,416.52895451233775,313.6899787098983,749.8331578000608,923.3683860564454,0.6436296001858264,0.6077980349600174,913.31677813701,0.6454852576042325,0.607635814580275,0.23910853400820997,0.18118252935164492,8.0,6.72838578925905,2.736919168078167e-06,-0.004715304280977328,-22.622162717848084,-0.9205442680442957,-6.3227307667972354,-15.986838958775024,0.023833164450614452,-0.012705436081486887,13.0,13.0,13.0
0,1093,422.0383568715497,316.6153311083717,766.0,420.10340501962907,324.7101527060006,743.0519006456475,930.1170047707446,0.6436323650074132,0.6031510538855018,913.2632047950634,0.6580149722242795,0.62043961263488,0.23909865096857175,0.18119557136560616,8.0,6.748618714299255,2.7648215867870363e-06,-0.004646981074515555,3.574450507291317,11.0201739961023,-6.781257154413311,-0.05357334194661689,0.012529714620047039,0.012803798054604965,13.0,13.0,13.0
0,1094,422.2774456387683,316.79653972121287,774.0,398.6436428702305,317.1496690566516,761.2181968625868,936.8854191813089,0.6436351576838418,0.598571118124887,915.9442176346327,0.6720350255666988,0.5897588111692721,0.23908876721861816,0.18120861284114653,8.0,6.768414410564219,2.7926764286645422e-06,-0.004579935760614884,-21.459762149398557,-7.56048364934901,18.16629621693926,2.6810128395692345,0.014020053342419292,-0.03068080146560792,13.0,13.0,13.0
0,1095,422.5165245215253,316.9777613749884,782.0,426.7666055105139,300.3035439697864,786.5441335117131,943.6732033389778,0.6436379781676415,0.5940569751406803,943.9086968883545,0.6131858833811652,0.5857745568977104,0.23907888275698497,0.18122165377553756,8.0,6.787784157668966,2.8204837996259613e-06,-0.004514142984206604,28.12296264028339,-16.846125086865186,25.325936649126334,27.964479253721834,-0.05884914218553361,-0.0039842542715616824,13.0,13.0,13.0
0,1096,422.75559351910897,317.15899606916264,790.0,413.84652891995114,310.9321642870476,792.6009749227494,950.479942260379,0.6436408264114571,0.5896073973956135,946.6594243632778,0.6443469030039078,0.5785416766327913,0.23906899758367217,0.1812346941742362,8.0,6.80673892140112,2.8482438156895995e-06,-0.004449577745066824,-12.920076590562758,10.628620317261209,6.0568414110363165,2.7507274749233375,0.031161019622742647,-0.007232880264919084,13.0,13.0,13.0
0,1097,422.9946526308072,317.3402438031926,798.0,418.5224530665202,316.2394746063322,789.7987837634711,957.3052316222486,0.6436437023680308,0.5852211819873311,948.1300374180563,0.6470814312017913,0.5862759725337134,0.23905911169822502,0.18124773402996652,8.0,6.825289361869636,2.8759565736669046e-06,-0.0043862154082824345,4.675924146569059,5.307310319284568,-2.8021911592783226,1.4706130547784824,0.0027345281978834457,0.007734295900922117,13.0,13.0,13.0
0,1098,423.2337018559115,317.5215045765426,806.0,430.2947713714823,338.5299315835866,787.9522358055967,964.1486774638079,0.6436466059902188,0.5808971502742727,959.4919649265764,0.6666028631595069,0.6072537360431273,0.2390492251042815,0.18126077335000446,8.0,6.843445841559287,2.9036221880218704e-06,-0.004324031713058396,11.772318304962084,22.290456977254394,-1.8465479578743498,11.361927508520125,0.019521431957715607,0.020977763509413827,13.0,13.0,13.0
0,1099,423.47274119370786,317.7027783886706,814.0,415.4894500099596,340.60485589766233,815.6507648841613,971.0098958970468,0.6436495372309807,0.5766341474942022,976.6930537209546,0.6866787678744529,0.582454986481439,0.23903933779638464,0.18127381212798355,8.0,6.861218433238946,2.931240761894216e-06,-0.004263002780070524,-14.805321361522658,2.0749243140757585,27.698529078564547,17.201088794378165,0.020075904714946025,-0.02479874956168826,13.0,13.0,13.0
0,1100,423.71177064348603,317.88406523903814,822.0,404.0341025832301,314.69111677225897,800.1438214213609,977.8885128248185,0.643652496043384,0.5724310423768098,950.0022052523806,0.6617250036788301,0.5693441736741275,0.23902944977817242,0.18128685036754177,8.0,6.878616927771645,2.9588124033086416e-06,-0.004203105117392414,-11.455347426729531,-25.913739125403367,-15.506943462800336,-26.690848468574018,-0.024953764195622785,-0.013110812807311523,13.0,13.0,13.0
0,1101,423.9507902045357,318.0653651271059,830.0,421.757676740804,343.45341328427514,829.5937946212233,984.784163666582,0.6436554823806013,0.5682867267516061,992.0008311793191,0.6834228414018673,0.5803270636854994,0.23901956104964484,0.18129988806776964,8.0,6.8956508417635405,2.9863372172922453e-06,-0.004144315625203676,17.72357415757392,28.762296512016178,29.44997319986237,41.99862592693853,0.021697837723037128,0.01098289001137187,13.0,13.0,13.0
0,1102,424.1897998761442,318.2466780523346,838.0,445.47751543195085,323.61984572358557,848.9344663818392,991.6964930916664,0.6436584961959139,0.5642001151522831,1011.8644916749473,0.6282619417584905,0.5753895451979089,0.23900967160852815,0.18131292522866715,8.0,6.912329425084408,3.0138153125358613e-06,-0.004086611599322998,23.719838691146833,-19.833567560689573,19.34067176061592,19.86366049562821,-0.05516089964337678,-0.004937518487590498,13.0,13.0,13.0
0,1103,424.42879965760176,318.4280040141857,846.0,426.3370923087117,328.53352582528805,867.2159210093099,998.6251547599084,0.6436615374427066,0.5601701444185994,1020.6669620995224,0.6565525760505433,0.555463500734695,0.23899978145755085,0.1813259618511438,8.0,6.9286616682419435,3.04124679273432e-06,-0.004029970733683719,-19.140423123239145,4.913680101702482,18.28145462747068,8.802470424575063,0.028290634292052808,-0.019926044463213888,13.0,13.0,13.0
0,1104,424.66778954819665,318.6093430121182,854.0,418.8149770067733,335.63589405761627,873.3499595593736,1005.5698110695075,0.6436646060744678,0.5561957732967375,1025.0841868877887,0.6755904870861904,0.55104324958314,0.23898989059489395,0.1813389979324711,8.0,6.944656309599168,3.068631761249385e-06,-0.0039743711218618305,-7.522115301938413,7.102368232328217,6.1340385500636785,4.417224788266367,0.019037911035647115,-0.004420251151554977,13.0,13.0,13.0
0,1105,424.9067695472181,318.79069504559266,862.0,420.3705353719544,326.25621971846607,848.0510970148862,1012.5301329119567,0.6436677020447932,0.5522759820390293,1001.1718988575536,0.6600068024649749,0.5603701578962548,0.23897999902146694,0.18135203347446804,8.0,6.9603218424491615,3.095970325328601e-06,-0.003919791257708249,1.5555583651811276,-9.379674339150199,-25.298862544487406,-23.912288030235118,-0.01558368462121551,0.009326908313114779,13.0,13.0,13.0
0,1106,425.14573965395493,318.9720601140707,870.0,436.72349671809803,327.73510960170023,858.4498083187227,1019.5057994338839,0.6436708253073844,0.5484097720038315,1017.3857616724213,0.6437831308529481,0.5665083426195255,0.23897010673681507,0.18136506847804412,8.0,6.975666521927224,3.1232625912203105e-06,-0.0038662100351978257,16.352961346143616,1.4788898832341602,10.398711303836535,16.21386281486764,-0.016223671612026758,0.006138184723270768,13.0,13.0,13.0
0,1107,425.3846998676963,319.1534382170121,878.0,427.3013620294193,335.6042816938964,892.6984809343481,1026.4964978056526,0.6436739758160448,0.5445961652562792,1045.0489298334148,0.6657774796522307,0.5467535149028698,0.2389602137413931,0.18137810294138035,8.0,6.990698371768644,3.1505086603988985e-06,-0.0038136067475522673,-9.422134688678739,7.869172092196152,34.24867261562542,27.663168160993564,0.021994348799282526,-0.01975482771665571,13.0,13.0,13.0
0,1108,425.6236501877306,319.33482935387656,886.0,434.032637527958,319.3355408072237,867.4585608846834,1033.5019229965646,0.6436771535246829,0.5408342041705743,1021.197274239529,0.6343126187239052,0.5558495221525429,0.2389503200342915,0.18139113686447672,8.0,7.005425190912092,3.177708638113508e-06,-0.0037619610857049235,6.731275498538707,-16.268740886672674,-25.23992004966476,-23.85165559388588,-0.031464860928325455,0.009096007249673077,13.0,13.0,13.0
0,1109,425.8625906133475,319.5162335241248,894.0,422.9488167066776,321.3327730643544,898.2956717277016,1040.5217775565077,0.643680358387311,0.5371229510343946,1043.5878336026772,0.6497080785386894,0.5340034233043807,0.23894042561687456,0.18140417024824274,8.0,7.019854559943042,3.2048626280589687e-06,-0.003711253136179704,-11.083820821280426,1.9972322571306904,30.837110843018195,22.390559363148213,0.015395459814784185,-0.021846098848162243,13.0,13.0,13.0
0,1110,426.1015211438371,319.6976507272184,902.0,434.49726307960117,316.3192428419119,881.5678939519729,1047.5557714038878,0.6436835903580456,0.5334614876559571,1032.476482377522,0.629279672848635,0.5474814482711767,0.238930530489597,0.1814172030935879,8.0,7.0339938473800885,3.2319707345962456e-06,-0.003661463378437424,11.548446372923593,-5.013530222442512,-16.72777777572867,-11.111351225155204,-0.02042840569005444,0.013478024966796065,13.0,13.0,13.0
0,1111,426.3404417784859,319.87908096261526,910.0,431.6074859006344,318.6839290127279,897.8092194316008,1054.603621619688,0.6436868493911057,0.5298489149742027,1045.899547276332,0.6360131300308887,0.5386370015936284,0.23892063464882085,0.1814302353968742,8.0,7.047850215800281,3.2590330600879014e-06,-0.0036125726817544113,-2.8897771789667672,2.3646861708160145,16.241325479627903,13.423064898810026,0.00673345718225371,-0.008844446677548357,13.0,13.0,13.0
0,1112,426.579352516585,320.060524229777,918.0,427.6419008808097,306.7652143987823,948.6594949051268,1061.6650522475102,0.6436901354408133,0.5262843526725498,1084.8674248163845,0.622269883303479,0.5065007889153255,0.23891073809909358,0.18144326716173964,8.0,7.061430627822119,3.286049707673655e-06,-0.003564562301652918,-3.9655850198246867,-11.91871461394561,50.85027547352604,38.96787754005254,-0.013743246727409675,-0.03213621267830291,13.0,13.0,13.0
0,1113,426.81825335742406,320.2419805281643,926.0,431.7811497375992,337.1557891319491,918.2254455166627,1068.739794099426,0.6436934484615936,0.5227669387965661,1069.2272706062936,0.6629538010251078,0.537922768924124,0.23890084083905094,0.18145629838727473,8.0,7.07474185191586,3.313020780271181e-06,-0.0035174138759836993,4.139248856789493,30.39057473316683,-30.434049388464132,-15.640154210090941,0.040683917721628826,0.03142198000879859,13.0,13.0,13.0
0,1114,427.0571443002914,320.42344985723594,934.0,442.23258784389645,317.04566818733497,934.4779206068707,1075.827584567496,0.643696788407973,0.5192958293759131,1081.3586831247087,0.6219920580767687,0.5272973979315653,0.2388909428673287,0.18146932907166047,8.0,7.0877904680698975,3.3399463793548634e-06,-0.0034711094206529847,10.451438106297246,-20.110120944614152,16.25247509020801,12.131412518415118,-0.0409617429483391,-0.01062537099255878,13.0,13.0,13.0
0,1115,427.2960253444753,320.60493221645356,942.0,406.7621869288515,316.5360151385376,960.2470970935545,1082.9281674408064,0.6437001552345838,0.5158701980508575,1089.8279740727546,0.6612965168285099,0.4926138584225944,0.23888104418392686,0.18148235921762534,8.0,7.100582873310486,3.366826610839979e-06,-0.003425631325055578,-35.470400915044934,-0.509653048797361,25.76917648668382,8.46929094804591,0.039304458751741156,-0.03468353950897085,13.0,13.0,13.0
0,1116,427.5348964892669,320.786427605276,950.0,435.9936844416713,326.0920278471873,945.90212334111,1090.0412927278687,0.6437035488961538,0.5124892357036019,1091.4015440889457,0.6421739203554407,0.5222766467360311,0.2388711447915739,0.18149538882244087,8.0,7.113125287062303,3.3936615699836636e-06,-0.0033809623472556005,29.23149751281977,9.556012708649689,-14.344973752444503,1.57357001619107,-0.01912259647306913,0.029662788313436717,13.0,13.0,13.0
0,1117,427.7737577339544,320.967936023163,958.0,430.59965386174866,324.0242893682878,959.9826016720779,1097.1667164842347,0.6437069693475161,0.5091521500946599,1100.8970876151745,0.645096298153562,0.5115223704140054,0.23886124468754133,0.18150841788701655,8.0,7.12542375636599,3.4204513623681265e-06,-0.003337085608942081,-5.394030579922628,-2.067738478899514,14.080478330967821,9.495543526228857,0.002922377798121212,-0.010754276322025746,13.0,13.0,13.0
0,1118,428.01260907782716,321.1494574695753,966.0,426.09077531761363,334.4450001042706,944.7695265955352,1104.3042006451897,0.6437104165436062,0.5058581655044777,1089.0345565174057,0.6654747906102796,0.5205828440701972,0.23885134387273865,0.18152144641226187,8.0,7.137484160954955,3.4471960900228638e-06,-0.003293984590182153,-4.50887854413503,10.420710735982823,-15.213075076542623,-11.862531097768851,0.020378492456717634,0.009060473656191781,13.0,13.0,13.0
0,1119,428.25145052017524,321.33099194397346,974.0,454.77377813017955,344.14049501040233,993.9257919566567,1111.453512863373,0.6437138904394589,0.5026065223804598,1145.9233610924728,0.6477937615086509,0.5209274045093781,0.23884144234807536,0.18153447439817683,8.0,7.1493122181832405,3.4738958527569253e-06,-0.0032516431240179333,28.683002812565917,9.695494906131728,49.15626536112143,56.88880457506707,-0.01768102910162872,0.00034456043918096313,13.0,13.0,13.0
0,1120,428.4902820602874,321.5125394458155,982.0,416.17755734515225,348.1528379748631,977.5938174177398,1118.6144263511899,0.6437173909902079,0.49939647698953626,1118.080421830701,0.6966329327541497,0.5067011501070329,0.2388315401121872,0.18154750184203294,8.0,7.16091348781697,3.500550748936071e-06,-0.0032100453909235105,-38.5962207850273,4.012342964460743,-16.331974538916825,-27.84293926177179,0.04883917124549886,-0.014226254402345262,13.0,13.0,13.0
0,1121,428.72910369745387,321.69409997456387,990.0,434.0108876698593,300.6222043911649,992.8357487447661,1125.7867197278829,0.643720918151092,0.4962273010764004,1124.4829853646354,0.6057831314645075,0.4887372650212157,0.23882163716643845,0.1815605287483777,8.0,7.1722933766930055,3.5271608841425106e-06,-0.0031691759131358688,17.83333032470705,-47.53063358369815,15.241931327026236,6.402563533934426,-0.09084980128964226,-0.017963885085817144,13.0,13.0,13.0
0,1122,428.9679154309624,321.87567352967653,998.0,416.5720615972541,320.2210131309907,1008.2376611386351,1132.970176871116,0.6437244718774465,0.4930982815274889,1136.9331383561346,0.6553652059785015,0.48041175177523254,0.23881173350855533,0.1815735551126636,8.0,7.183457143233227,3.553726354521558e-06,-0.0031290195489114825,-17.438826072605195,19.598808739825756,15.401912393868997,12.45015299149918,0.04958207451399399,-0.008325513245983185,13.0,13.0,13.0
0,1123,429.20671726010414,322.05726011061233,1006.0,419.54514508224725,312.8344048154845,987.2701675318746,1140.1645867729578,0.6437280521247043,0.4900087200408023,1117.4013948876016,0.6407121600185075,0.48742627110616504,0.2388018291417211,0.18158658093580016,8.0,7.194409901841709,3.5802472577728395e-06,-0.0030895614866865984,2.97308348499314,-7.38660831550618,-20.967493606760513,-19.531743468533023,-0.014653045959993949,0.0070145193309325005,13.0,13.0,13.0
0,1124,429.44550918416826,322.23885971683376,1014.0,422.8548539836656,340.04024824119784,1029.5613410195306,1147.369743400119,0.6437316588484052,0.48695793280159894,1163.7998766469332,0.6772684915678217,0.4850428599838941,0.23879192406411676,0.18159960622142535,8.0,7.205156627161159,3.6067237009218545e-06,-0.0030507872392033786,3.3097089014183325,27.20584342571334,42.29117348765601,46.39848175933162,0.03655633154931415,-0.0023834111222709176,13.0,13.0,13.0
0,1125,429.684291202444,322.42047234779784,1022.0,432.5724556203997,334.75795071453416,1008.9596432624655,1154.5854455583285,0.6437352920041804,0.4839452501640109,1147.6852254256735,0.6586081963879863,0.49677161197264896,0.2387820182757423,0.1816126309640822,8.0,7.215702158209524,3.6331557752289356e-06,-0.0030126826375880267,9.717601636734116,-5.282297526663683,-20.60169775706504,-16.11465122125969,-0.018660295179835362,0.011728751988754837,13.0,13.0,13.0
0,1126,429.9230633142206,322.60209800296616,1030.0,437.20370124615243,320.96338137783647,1021.6144603369338,1161.8114967607262,0.6437389515477671,0.4809700163386109,1156.6592731389628,0.6332652574269102,0.48805658497412524,0.23877211177659774,0.1816256551683182,8.0,7.226051202397684,3.6595435866093595e-06,-0.002975233825399992,4.63124562575274,-13.794569336697691,12.65481707446827,8.974047713289337,-0.02534293896107609,-0.008715026998523723,13.0,13.0,13.0
0,1127,430.1618255187882,322.78373668179756,1038.0,416.1559135709015,334.1609692916714,1035.759109489243,1169.047705100147,0.6437426374349958,0.4780315890859252,1165.1807716779103,0.6765496690417583,0.475801935563675,0.23876220456759256,0.18163867883140483,8.0,7.2362083394207275,3.6858872287659494e-06,-0.002938427252685727,-21.04778767525096,13.197587913834923,14.14464915230917,8.521498538947526,0.043284411614848084,-0.012254649410450236,13.0,13.0,13.0
0,1128,430.4005778154369,322.9653883837518,1046.0,440.8628544613989,303.19794856765196,1047.3691814360402,1176.2938831251863,0.6437463496217974,0.4751293394159022,1176.1255267536226,0.602448649505609,0.47229845086851696,0.23875229664872677,0.18165170195425162,8.0,7.246178025039399,3.7121868016187776e-06,-0.002902249670023005,24.706940890497435,-30.96302072401943,11.610071946797234,10.944755075712237,-0.07410101953614934,-0.0035034846951580434,13.0,13.0,13.0
0,1129,430.63932020345555,323.14705310828776,1054.0,460.5494039384299,353.40304372527436,1077.1166357457987,1183.549847719928,0.6437500880642011,0.4722626512933149,1223.5929518359767,0.6545135800711444,0.4943232270248427,0.23874238801863612,0.18166472453594906,8.0,7.255964594741727,3.738442403644626e-06,-0.00286668812258728,19.686549477031008,50.205095157622395,29.747454309758496,47.46742508235411,0.052064930565535406,0.022024776156325754,13.0,13.0,13.0
0,1130,430.8780526821338,323.3287308548661,1062.0,423.1324866514885,332.6985758775927,1066.180208444698,1190.8154199872313,0.6437538527183355,0.4694309213490786,1194.3490614263615,0.666315947392556,0.4675231703179257,0.2387324786782301,0.18167774657831615,8.0,7.2655722673032415,3.7646541344305007e-06,-0.0028317299442363053,-37.41691728694144,-20.704467847681656,-10.936427301100593,-29.243890409615233,0.0118023673214116,-0.02680005670691704,13.0,13.0,13.0
0,1131,431.11677525076175,323.5104216229456,1070.0,426.2351966734396,308.6278270574089,1058.5592956911096,1198.090425135462,0.6437576435404242,0.4666335585974444,1182.1486205259816,0.6267040441215697,0.4613470851141494,0.23872256862796348,0.18169076807953388,8.0,7.275005148230775,3.790822088678425e-06,-0.0027973627516342248,3.1027100219511112,-24.07074882018378,-7.620912753588527,-12.200440900379817,-0.03961190327098629,-0.0061760852037762715,13.0,13.0,13.0
0,1132,431.3554879086287,323.6921254119861,1078.0,443.275570271462,309.7896391247944,1083.147420142209,1205.374692368568,0.6437614604867901,0.4638699841590317,1210.6490761030975,0.6099635975064864,0.46307477067478653,0.23871265786692675,0.18170378904051177,8.0,7.284267233105993,3.816946365864382e-06,-0.002763574438412686,17.040373598022427,1.1618120673854833,24.588124451099475,28.500455577115872,-0.016740446615083227,0.0017276855606371266,13.0,13.0,13.0
0,1133,431.59419065502516,323.87384222144647,1086.0,438.5339696676021,322.1393229695973,1088.5268497875377,1212.6680547793978,0.6437653035138509,0.46113963098964855,1216.9537742511488,0.6335605864444424,0.4635551705223743,0.23870274639648414,0.1817168094603403,8.0,7.293362410829786,3.843027060801418e-06,-0.0027303531693831373,-4.741600603859922,12.349683844802883,5.379429645328628,6.3046981480513296,0.02359698893795592,0.00048039984758779797,13.0,13.0,13.0
0,1134,431.8328834892409,324.0555720507864,1094.0,431.5070066944313,299.09287661874583,1086.843886819811,1219.9703492461588,0.643769172578123,0.45844194361484314,1207.014697502917,0.6061041258904725,0.4500171423166205,0.23869283421572618,0.18172982933992898,8.0,7.302294466760941,3.8690642721883606e-06,-0.002697687374805413,-7.026962973170782,-23.046446350851454,-1.6829629677267803,-9.939076748231855,-0.027456460553969886,-0.013538028205753838,13.0,13.0,13.0
0,1135,432.07156641056554,324.23731489946476,1102.0,463.36129057875354,320.9750168182499,1102.5479313003525,1227.2814163319244,0.643773067636219,0.45577637787012815,1238.2813040028386,0.6058165975182619,0.4726046120549426,0.23868292132465285,0.18174284867836832,8.0,7.311067085765671,3.895058095948478e-06,-0.0026655657447149927,31.85428388432223,21.88214019950408,15.704044480541597,31.266606499921636,-0.00028752837221057703,0.022587469738322097,13.0,13.0,13.0
0,1136,432.3102394182879,324.41907076694133,1110.0,443.02671005357087,339.09027179526873,1114.4441550682195,1234.601100187094,0.6437769886448492,0.4531424006468091,1246.2907578140816,0.6532810993830938,0.4641357221111603,0.23867300772235467,0.1817558674765678,8.0,7.319683855169615,3.9210086302254865e-06,-0.0026339772233190395,-20.334580525182673,18.11525497701882,11.896223767867014,8.00945381124302,0.047464501864831865,-0.00846888994378231,13.0,13.0,13.0
0,1137,432.548902511699,324.60083965267586,1118.0,456.0024574947995,349.37253682374825,1118.9262234911014,1241.9292484547168,0.6437809355608183,0.4505394896433486,1257.7739480304144,0.6537658828761291,0.474309365012203,0.23866309341110536,0.18176888573452743,8.0,7.328148267622737,3.946915969055276e-06,-0.002602911003460495,12.975747441228634,10.282265028479515,4.482068422881866,11.483190216332787,0.00048478349303537893,0.010173642901042723,13.0,13.0,13.0
0,1138,432.787555690089,324.7826215561263,1126.0,398.5241863418024,310.95375872466906,1134.9284477791039,1249.265712178587,0.6437849083410246,0.44796713312218556,1242.407480958917,0.6625899166591159,0.41901210695349816,0.23865317838999545,0.18178190345042822,8.0,7.336463723870111,3.972780206362714e-06,-0.002572356521163055,-57.47827115299708,-38.41877809907919,16.00222428800248,-15.366467071497482,0.008824033782986795,-0.055297258058704835,13.0,13.0,13.0
0,1139,433.0261989527471,324.9644164767533,1134.0,425.26473864182105,320.570806574151,1118.4103443821446,1256.6103457140327,0.6437889069424674,0.4454248296719397,1238.732189934808,0.6459380425790677,0.44440426955486884,0.23864326265811542,0.18179492062699865,8.0,7.344633535445837,3.998601442734007e-06,-0.002542303450245864,26.740552300018635,9.617047849481935,-16.518103396959305,-3.675291024108901,-0.0166518740800482,0.02539216260137067,13.0,13.0,13.0
0,1140,433.2648322989635,325.1462244140139,1142.0,424.02372161245574,320.7260691523222,1131.862263423212,1263.9630066413088,0.6437929313222347,0.4429120879749132,1250.5093007592923,0.6475763303446876,0.43913202380590727,0.23863334621637478,0.18180793726060074,8.0,7.35266092727602,4.024379767320063e-06,-0.002512741697026477,-1.2410170293653096,0.15526257817123224,13.451919041067413,11.777110824484225,0.0016382877656199168,-0.005272245748961568,13.0,13.0,13.0
0,1141,433.50345572802917,325.32804536736876,1150.0,409.07501209223545,336.73126495970814,1156.599637286399,1271.3235556815173,0.6437969814375141,0.4404284265798127,1272.1843542862243,0.6886999667353318,0.4295705771914127,0.238623429065683,0.18182095335487247,8.0,7.360549040208525,4.050115279374822e-06,-0.0024836613951005337,-14.94870952022029,16.005195807385917,24.73737386318703,21.67505352693206,0.0411236363906442,-0.009561446614494595,13.0,13.0,13.0
0,1142,433.74206923923293,325.50987933627675,1158.0,420.0540846054591,339.36366260006486,1183.8496443870265,1278.6918566149739,0.6438010572455876,0.43797337367959577,1301.1967991054812,0.6795423207742836,0.42795588328376793,0.2386135112037664,0.18183396890799486,8.0,7.368300933456567,4.075808073489284e-06,-0.002455052900216914,10.979072513223628,2.6323976403567144,27.2500071006275,29.01244481925687,-0.009157645961048289,-0.0016146939076447375,13.0,13.0,13.0
0,1143,433.98067283186447,325.6917263201958,1166.0,437.1890958253883,332.9986530129004,1195.5102687648903,1286.0677762019493,0.6438051587038296,0.4355464668943669,1315.7762770088716,0.6509351660598414,0.4308839132466968,0.2386035926315344,0.1818469839190584,8.0,7.375919586975442,4.101458242034006e-06,-0.0024269067852288884,17.135011219929197,-6.365009587164479,11.660624377863769,14.579477903390398,-0.028607154714442196,0.0029280299629288464,13.0,13.0,13.0
0,1144,434.2192665052157,325.8735863185866,1174.0,455.60724249848704,339.5734346494115,1171.481273804959,1293.4511841057106,0.6438092857697104,0.43314725305922924,1302.020142629277,0.6404995194840096,0.45161998576611334,0.2385936733512608,0.1818599983907916,8.0,7.383407903761281,4.127065880821235e-06,-0.002399213835137637,18.41814667309876,6.5747816365111476,-24.028994959931197,-13.756134379594641,-0.010435646575831736,0.02073607251941656,13.0,13.0,13.0
0,1145,434.4578502585755,326.05545933090707,1182.0,439.18123488036935,323.0707983738502,1171.1375708221644,1300.8419528177863,0.6438134384007932,0.43077528801699466,1291.827429506048,0.6342346492149661,0.4357012200164516,0.23858375335976234,0.18187301232046593,8.0,7.390768712075669,4.152631082776637e-06,-0.0023719650422345806,-16.426007618117694,-16.502636275561315,-0.34370298279463896,-10.192713123228941,-0.006264870269043543,-0.015918765749661723,13.0,13.0,13.0
0,1146,434.69642409123344,326.23734535661606,1190.0,450.0253805911861,339.38389931487467,1186.128804623096,1308.2399575853956,0.643817616554736,0.42843013641567673,1313.2424815878542,0.6461479391109368,0.44361440167041527,0.23857383265794851,0.18188602570899093,8.0,7.398004767609336,4.178153942824281e-06,-0.0023451516013179297,10.844145710816747,16.31310094102446,14.991233800931468,21.415052081806152,0.011913289895970736,0.007913181653963652,13.0,13.0,13.0
0,1147,434.934988002482,326.41924439517334,1198.0,442.88698647469573,316.6281995974683,1225.5658620302029,1315.6450763409694,0.6438218201892881,0.42611137151066747,1341.0495821343839,0.620668516107509,0.4180420351992417,0.2385639112485478,0.18189903855727607,8.0,7.405118755573767,4.203634552113478e-06,-0.002318764905009263,-7.13839411649036,-22.755699717406344,39.43705740710698,27.807100546529682,-0.02547942300342787,-0.025572366471173558,13.0,13.0,13.0
0,1148,435.173541991609,326.60115644603684,1206.0,426.1602869965164,329.11687157321865,1227.3784341474789,1323.057189633695,0.6438260492622948,0.4238185749714998,1340.294119205711,0.6576111461407513,0.41341791696583063,0.23855398912701276,0.18191205086350237,8.0,7.412113292725735,4.229073006678519e-06,-0.0022927965391676963,-16.72669947817934,12.488671975750322,1.8125721172759768,-0.7554629286728414,0.036942630033242385,-0.004624118233411079,13.0,13.0,13.0
0,1149,435.41208605790507,326.7830815086645,1214.0,440.2612702151744,311.8151473245281,1215.6887111410294,1330.4761805630324,0.643830303731691,0.4215513366931229,1330.021697021606,0.616241599223406,0.4176694858571381,0.23854406629607183,0.18192506262766983,8.0,7.418990929337269,4.254469396225424e-06,-0.002267238278376882,14.10098321865803,-17.30172424869056,-11.689723006449412,-10.272422184104926,-0.04136954691734529,0.004251568891307456,13.0,13.0,13.0
0,1150,435.65062020066216,326.965019582517,1222.0,437.35170235421526,329.25464102037193,1202.3624986504926,1337.9019347141318,0.643834583555507,0.41930925461158425,1321.1210044301922,0.6453144599005416,0.4272522451023976,0.23853414275708928,0.18193807385250693,8.0,7.425754151099454,4.27982381601133e-06,-0.0022420820815386433,-2.9095678609591573,17.43949369584385,-13.326212490536818,-8.900692591413872,0.029072860677135548,0.009582759245259531,13.0,13.0,13.0
0,1151,435.88914441916904,327.1469706670514,1230.0,443.9680068879757,337.55129004133556,1231.059143239977,1345.3343400950946,0.6438388886918637,0.4170919345240267,1351.5010465047362,0.650064030357227,0.42537787188934706,0.23852421850688188,0.1819510845343757,8.0,7.432405380962791,4.305136356630435e-06,-0.0022173200875575394,6.616304533760456,8.296649020963628,28.696644589484322,30.380042074544008,0.004749570456685448,-0.001874373213050562,13.0,13.0,13.0
0,1152,436.1276587127163,327.3289347617274,1238.0,422.22414958606697,326.44031908163834,1231.9765668177006,1352.7732870760285,0.6438432190989761,0.4148989899129262,1342.6104332991486,0.6581498511641162,0.4088013944669941,0.2385142935472686,0.1819640946760046,8.0,7.438946980933906,4.330407112451695e-06,-0.0021929446111005335,-21.743857301908747,-11.110970959697227,0.917423577723639,-8.89061320558767,0.008085820806889132,-0.016576477422352964,13.0,13.0,13.0
0,1153,436.366163080595,327.5109118660039,1246.0,446.03310624854214,339.42694855203865,1254.595917357925,1360.218668329832,0.6438475747351498,0.41273004177446276,1374.1059279124897,0.6504979909734792,0.4201516917417988,0.23850436787870422,0.18197710427648417,8.0,7.445381253803589,4.355636173625221e-06,-0.0021689481384634113,23.80895666247517,12.986629470400317,22.619350540224332,31.49549461334118,-0.0076518601906370165,0.011350297274804688,13.0,13.0,13.0
0,1154,436.60465752209484,327.6929019793379,1254.0,447.21111936436296,340.02227839073737,1256.815734591921,1367.6703787746612,0.64385195555878,0.41058471845094424,1376.6621683633878,0.6500714443578293,0.4203548362485048,0.23849444149982446,0.1819901133339954,8.0,7.451710444829132,4.380823630301123e-06,-0.002145323323518522,1.1780131158208178,0.5953298386987171,2.219817233996082,2.5562404508980308,-0.00042654661564989205,0.00020314450670599893,13.0,13.0,13.0
0,1155,436.8431420365059,327.87490510118914,1262.0,437.06312763748906,333.57207858168175,1266.614700160032,1375.128315518025,0.6438563615283581,0.4084626554671971,1380.7995176024126,0.6519036735092925,0.40953697967470926,0.2384845144110841,0.18200312185126677,8.0,7.457936743363689,4.405969578069602e-06,-0.0021220629837471194,-10.147991726873897,-6.4501998090556185,9.798965568111043,4.137349239024843,0.0018322291514631939,-0.010817856573795526,13.0,13.0,13.0
0,1156,437.08161662311977,328.0569212310156,1270.0,430.1183427771786,338.20566262461784,1262.1303319336605,1382.5923778024571,0.6438607926024615,0.4063634953708301,1375.6299770693117,0.6663364654378366,0.40906629741386896,0.23847458661384735,0.1820161298264793,8.0,7.464062284432202,4.431074103417032e-06,-0.0020991600963670143,-6.944784860310449,4.633584042936093,-4.484368226371544,-5.1695405331008715,0.014432791928544186,-0.00047068226084029385,13.0,13.0,13.0
0,1157,437.32008128122607,328.2389503682771,1278.0,435.8672225108636,328.188552748146,1272.3586869647863,1390.0624669527217,0.6438652487397638,0.4042868875762888,1384.407667599762,0.6453898448931606,0.4050984684258147,0.23846465810629525,0.18202913726145198,8.0,7.4700891502645845,4.456137302266683e-06,-0.0020766077945413297,5.748879733684987,-10.017109876471864,10.22835503112583,8.777690530450172,-0.020946620544675998,-0.003967828988054256,13.0,13.0,13.0
0,1158,437.55853601011586,328.4209925124296,1286.0,461.30920912905094,322.6390081525305,1281.941251536406,1397.5384863244967,0.6438697298990221,0.40223248821261554,1400.0983852571383,0.6103222161648377,0.41377888838758925,0.23845472888979202,0.18204214415254683,8.0,7.47601937177501,4.48115925832937e-06,-0.0020543993636732427,25.441986618187343,-5.549544595615487,9.582564571619741,15.690717657376354,-0.03506762872832292,0.008680419961774544,13.0,13.0,13.0
0,1159,437.7969808090793,328.603047662933,1294.0,449.5954900875878,343.49480176132937,1283.9758554673404,1405.0203412545006,0.6438742360390906,0.40019995997483165,1403.11039514617,0.6524064678839587,0.41505897679873405,0.23844479896342818,0.18205515050340182,8.0,7.481854930003919,4.506140068416542e-06,-0.0020325282377838816,-11.71371904146315,20.855793608798876,2.0346039309342814,3.0120098890317877,0.042084251719121,0.0012800884111447974,13.0,13.0,13.0
0,1160,438.0354156774074,328.78511581924613,1302.0,458.3575083737934,338.527780152251,1301.761563972459,1412.5079390120093,0.6438787671189111,0.3981889719788567,1421.012256405083,0.6361438157420423,0.4126021898964599,0.23843486832811323,0.18206815631310747,8.0,7.487597757508638,4.531079820568884e-06,-0.0020109879959749333,8.762018286205603,-4.967021609078358,17.78570850511869,17.90186125891296,-0.016262652141916467,-0.002456786902274133,13.0,13.0,13.0
0,1161,438.2738406143899,328.9671969808269,1310.0,429.1428606611641,331.6754490457828,1307.1307246456745,1420.0011887517242,0.643883323097516,0.39619919961988304,1415.1900683897181,0.6579835178679826,0.3933161125685674,0.2384249369824829,0.18208116158075427,8.0,7.493249739714884,4.5559786048254836e-06,-0.001989772358973685,-29.2146477126293,-6.8523311064682275,5.369160673215447,-5.822188015364873,0.02183970212594033,-0.019286077327892504,13.0,13.0,13.0
0,1162,438.51225561931824,329.1492911471332,1318.0,443.40899458323304,352.92634470037376,1307.1788663381742,1427.500001467952,0.6438879039340247,0.39423032443413125,1424.7403727914905,0.6722595821193457,0.4090837500743463,0.2384150049283562,0.18209416630634223,8.0,7.498812716227803,4.580836508782937e-06,-0.001968875185751784,14.266133922068946,21.250895654590977,0.04814169249971201,9.550304401772337,0.014276064251363074,0.015767637505778864,13.0,13.0,13.0
0,1163,438.7506606914826,329.3313983176231,1326.0,444.79578184774886,328.5628553813376,1342.2152107046852,1435.0042899500522,0.6438925095876482,0.3922820339638987,1451.6674926900137,0.6362184677645321,0.39080587692149327,0.2384050721643689,0.18210717048987135,8.0,7.5042884821002644,4.605653623479533e-06,-0.0019482904702325388,1.3867872645158172,-24.363489319036148,35.036344366511,26.927119898523188,-0.03604111435481361,-0.018277873152853008,13.0,13.0,13.0
0,1164,438.9890558301745,329.51351849175444,1334.0,411.24538431243604,322.88351304069204,1348.259968663703,1442.513968739119,0.6438971400176852,0.3903540216258324,1446.0917924574605,0.6656115201561971,0.36994445063610765,0.23839513869188522,0.18212017413134163,8.0,7.509678789066811,4.630430036955957e-06,-0.0019280123380663317,-33.55039753531281,-5.679342340645576,6.044757959017716,-5.5757002325531175,0.02939305239166501,-0.02086142628538562,13.0,13.0,13.0
0,1165,439.22744103468403,329.695651668987,1342.0,429.3193985307513,324.90598109382273,1355.4770531336599,1450.0289540858537,0.643901795183527,0.3884459865823423,1458.4913726440948,0.6478345690824101,0.37809578518543724,0.23838520450954093,0.18213317723257205,8.0,7.5149853467346475,4.655165841804809e-06,-0.001908035043490075,18.074014218315256,2.0224680531306944,7.217084469956944,12.399580186634239,-0.017776951073786962,0.008151334549329592,13.0,13.0,13.0
0,1166,439.46581630430137,329.87779784877785,1350.0,428.5942834552597,338.3113766621864,1350.7382895681124,1457.549163909597,0.6439064750446503,0.3865576336160855,1456.928815795398,0.6682139083061347,0.38416035502657037,0.23837526961733602,0.18214617979083414,8.0,7.520209823743244,4.679861123291218e-06,-0.0018883529662567788,-0.7251150754916011,13.405395568363645,-4.738763565547515,-1.562556848696886,0.02037933922372459,0.006064569841133127,13.0,13.0,13.0
0,1167,439.704181638318,330.0599570305849,1358.0,453.5514576016632,331.69287506552604,1361.4859385834197,1465.074517758484,0.6439111795606196,0.38468867300744797,1472.8791698649973,0.631440660569556,0.39141433503886675,0.23836533401663473,0.18215918180703738,8.0,7.525353848887107,4.704515969344847e-06,-0.0018689606086375599,24.957174146403474,-6.618501596660337,10.747649015307388,15.95035406959937,-0.03677324773657875,0.007253980012296379,13.0,13.0,13.0
0,1168,439.94253703602544,330.242129213867,1366.0,463.15250517164685,323.42031544030993,1374.808963713443,1472.6049367706885,0.6439159086910895,0.3828388204149479,1486.3413572235395,0.6095854501800622,0.3898612793769322,0.23835539770743708,0.18217218328209128,8.0,7.530419012204447,4.729130469893761e-06,-0.0018498525925000897,9.601047569983677,-8.272559625216104,13.323025130023325,13.462187358542224,-0.021855210389493784,-0.0015530556619345326,13.0,13.0,13.0
0,1169,440.1808824967129,330.42431439808115,1374.0,444.7408956653528,320.22845828129573,1373.146989109997,1480.1403436367198,0.643920662395802,0.3810077967584915,1478.4699467599219,0.6240452849958681,0.3797369006374482,0.2383454606874693,0.18218518421417684,8.0,7.5354068660312805,4.753704712534557e-06,-0.0018310236564563764,-18.41160950629404,-3.191857159014205,-1.6619746034459695,-7.871410463617622,0.014459834815805928,-0.010124378739484019,13.0,13.0,13.0
0,1170,440.4192180196728,330.60651258268626,1382.0,434.5716194321488,320.3089925598774,1360.4544336186505,1487.680662562751,0.6439254406345865,0.37919532810541934,1463.6552220667431,0.6351733611814048,0.3777657311239926,0.23833552295991467,0.18219818460511306,8.0,7.540318926031205,4.778238784419742e-06,-0.0018124686530721634,-10.169276233204016,0.08053427858169471,-12.692555491346639,-14.814724693178732,0.011128076185536684,-0.001971169513455606,13.0,13.0,13.0
0,1171,440.6575436041953,330.78872376713935,1390.0,456.11145835135,318.24605433874086,1389.4765306500306,1495.225819234933,0.6439302433673593,0.37740114555926124,1496.6506749301313,0.609205872335377,0.38073791439951343,0.2383255845224994,0.18221118445308093,8.0,7.5451566721819745,4.8027327728128455e-06,-0.0017941825461580962,21.539838919201202,-2.0629382211365623,29.0220970313801,32.99545286338821,-0.02596748884602773,0.0029721832755208455,13.0,13.0,13.0
0,1172,440.895859249571,330.97094795089924,1398.0,458.9348425940781,337.2429542175239,1403.237550516226,1502.7757407846768,0.6439350705541264,0.3756249851511481,1514.4073504493408,0.6337268734762015,0.38554962038859325,0.2383156453756783,0.18222418375989946,8.0,7.549921549743885,4.827186767086822e-06,-0.0017761604081131255,2.823384242728082,18.99689987878304,13.761019866195511,17.756675519209466,0.02452100114082445,0.0048117059890798175,13.0,13.0,13.0
0,1173,441.1341649550909,331.1531851334221,1406.0,435.30053227028975,326.5845650817211,1392.2329927215965,1510.330355754871,0.6439399221549765,0.37386658773380654,1494.8099335925447,0.6436615904550456,0.3726166404779153,0.23830570551990604,0.18223718252284016,8.0,7.5546149701942795,4.8516008501753305e-06,-0.0017583974173415728,-23.634310323788327,-10.658389135802793,-11.00455779462959,-19.597416856796144,0.009934716978844071,-0.012932979910677933,13.0,13.0,13.0
0,1174,441.372460720047,331.3354353141676,1414.0,439.0954704883668,320.69515183014175,1420.6334638071394,1517.8895940670054,0.6439447981300893,0.37212569887807806,1521.1343303927595,0.6308086807056642,0.3655415602291189,0.23829576495609217,0.182250180745541,8.0,7.559238312134312,4.875975112783593e-06,-0.001740888855728484,3.79493821807705,-5.889413251579356,28.400471085542904,26.3243968002148,-0.012852909749381358,-0.007075080248796439,13.0,13.0,13.0
0,1175,441.6107465437299,331.5176984925929,1422.0,445.5787046402089,337.51721304458533,1428.7024290077165,1525.4533869891718,0.6439496984397287,0.3704020687718947,1534.1606440600606,0.648271511001345,0.37294048443819866,0.23828582368287243,0.1822631784252735,8.0,7.563792922166385,4.90030963939958e-06,-0.0017236301061833714,6.483234151842112,16.82206121444358,8.068965200577168,13.02631366730111,0.017462830295680742,0.007398924209079782,13.0,13.0,13.0
0,1176,441.8490224254301,331.69997466815494,1430.0,431.440670205063,336.3404003609478,1434.718653050466,1533.0216671049247,0.6439546230442449,0.36869545212165744,1535.4750177820868,0.6621620591173807,0.3642787137720918,0.23827588170024683,0.18227617556203768,8.0,7.568280115752941,4.9246045161766006e-06,-0.001706616650237247,-14.138034435145926,-1.1768126836375359,6.0162240427494,1.3143737220261755,0.01389054811603574,-0.00866177066610685,13.0,13.0,13.0
0,1177,442.08728836443925,331.8822638403126,1438.0,454.4468923740077,331.5941049187415,1461.0680525245596,1540.594368282967,0.6439595719040758,0.36700560805595656,1565.6297399171885,0.630359344868769,0.3675394532977609,0.23826593900912485,0.1822891721576525,8.0,7.57270117804228,4.948859830933294e-06,-0.001689844065700885,23.006222168944703,-4.7462954422063035,26.349399474093616,30.154722135101792,-0.031802714248611696,0.0032607395256690763,13.0,13.0,13.0
0,1178,442.3255443600474,332.0645660085229,1446.0,442.7677465179643,332.23813842529427,1465.8496361991413,1548.1714256476384,0.6439645449797442,0.3653323000315694,1566.8888326636502,0.6437357057873491,0.3610793816443637,0.23825599560814226,0.182302168210299,8.0,7.577057364671418,4.973075668379678e-06,-0.0016733080243871434,-11.679145856043363,0.6440335065527734,4.781583674581725,1.259092746461647,0.013376360918580077,-0.006460071653397181,13.0,13.0,13.0
0,1179,442.56379041154696,332.2468811722438,1454.0,465.33034931413965,352.847820839411,1464.1027430297804,1555.7527755501897,0.6439695422318573,0.3636752957416899,1576.2711571335901,0.6487753572105407,0.3795285795306024,0.2382460514995728,0.18231516372088663,8.0,7.58134990255121,4.997252113114747e-06,-0.0016570042898795267,22.562602796175327,20.60968241411672,-1.7468931693608738,9.382324469939931,0.005039651423191627,0.018449197886238666,13.0,13.0,13.0
0,1180,442.80202651822856,332.4292093309323,1462.0,437.3626748273434,342.6097399787292,1484.4427908520636,1563.3383555408084,0.6439745636211085,0.3620343670263236,1585.0040828253675,0.6645081205315037,0.3581282494416646,0.23823610668159745,0.18232815868850594,8.0,7.585579990618726,5.021389251180786e-06,-0.0016409287153663077,-27.967674486796227,-10.238080860681805,20.340047822283168,8.732925691777382,0.01573276332096296,-0.02140033008893777,13.0,13.0,13.0
0,1181,443.04025267938414,332.61155048404726,1470.0,452.7504107564432,321.42675001112974,1452.8592514850388,1570.928104341384,0.6439796091082775,0.36040928978480413,1555.3450082501029,0.6173676494234132,0.3650458878788052,0.23822616115558048,0.1823411531149759,8.0,7.589748800575535,5.045487168953144e-06,-0.0016250772415194459,15.38773592909979,-21.18298996759944,-31.58353936702474,-29.65907457526464,-0.0471404711080905,0.006917638437140605,13.0,13.0,13.0
0,1182,443.2784688943034,332.7939046310439,1478.0,462.93248743274404,323.0588470538095,1466.6729496499686,1578.5219618189842,0.643984678654226,0.35879984389036806,1571.5607044639873,0.6092836027257329,0.36741540813860885,0.23821621491924816,0.18235414699665853,8.0,7.593857477600295,5.069545948588328e-06,-0.001609445894436068,10.182076676300824,1.6320970426797317,13.813698164929747,16.215696213884485,-0.008084046697680258,0.002369520259803637,13.0,13.0,13.0
0,1183,443.5166751622787,332.9762717713811,1486.0,443.6981068574106,356.5412152447095,1464.7074330363805,1586.1198689600262,0.6439897722199032,0.3572058131067502,1571.4189487813387,0.6769122411528776,0.3706495656583483,0.23820626797532896,0.1823671403371918,8.0,7.597907141042015,5.09356567712782e-06,-0.0015940307836178613,-19.234380575333432,33.48236819090005,-1.965516613588079,-0.14175568264863614,0.06762863842714473,0.0032341575197394334,13.0,13.0,13.0
0,1184,443.7548714826012,333.1586519045168,1494.0,434.86783437397656,328.18182799017404,1497.3415209142713,1593.7217678451202,0.6439948897663423,0.3556269850067338,1593.37534054282,0.6464833902132601,0.3489585412543612,0.23819632032245863,0.18238013313566626,8.0,7.601898885093988,5.117546439170617e-06,-0.0015788281000164162,-8.830272483434044,-28.359387254535477,32.634087877890806,21.9563917614812,-0.030428850939617558,-0.02169102440398707,13.0,13.0,13.0
0,1185,443.99305785456227,333.34104502990795,1502.0,453.50511233562895,325.9281068346805,1499.52244047015,1601.3276016245632,0.6440000312546598,0.3540631508926177,1600.1448581965776,0.6231576112985476,0.35652110697060635,0.23818637196109194,0.18239312539117236,8.0,7.605833779442946,5.141488317428333e-06,-0.0015638341141160916,18.637277961652387,-2.253721155493565,2.180919555878745,6.769517653757703,-0.023325778914712436,0.00756256571624514,13.0,13.0,13.0
0,1186,444.23123427745213,333.52345114701075,1510.0,438.79351834127675,338.904591481722,1497.6033247907192,1608.9373144944714,0.6440051966460556,0.3525141057185482,1596.9382556285404,0.6576557905570656,0.3545677807546751,0.23817642288986463,0.18240611710280064,8.0,7.609712869908208,5.165391395833829e-06,-0.0015490451740695077,-14.7115939943522,12.976484647041502,-1.9191156794308881,-3.2066025680371695,0.03449817925851795,-0.0019533262159312503,13.0,13.0,13.0
0,1187,444.46940075056455,333.70587025528494,1518.0,431.7681781382045,341.8299919493962,1523.5488374895187,1616.5508516735263,0.6440103859018154,0.35097964801467385,1620.0223959145048,0.6696581909867576,0.34684686617886024,0.23816647311241468,0.18241910827418906,8.0,7.613537179054902,5.189255759763256e-06,-0.0015344577038743368,-7.025340203072233,2.9254004676741943,25.945512698799575,23.084140285964395,0.012002400429692028,-0.007720914575814863,13.0,13.0,13.0
0,1188,444.70755727318874,333.8883023541857,1526.0,439.96270858218566,317.74150650327056,1527.1175393619942,1624.1681593803169,0.6440155989833063,0.3494595798130642,1620.683445008609,0.625471090450748,0.3414574482800482,0.23815652262419462,0.18243209890079015,8.0,7.617307706790598,5.213081490929028e-06,-0.001520068201609659,8.194530443981137,-24.088485446125617,3.568701872475458,0.6610490941041007,-0.044187100536009605,-0.005389417898812032,13.0,13.0,13.0
0,1189,444.9457038446167,334.07074744317015,1534.0,459.50799440060433,324.0257167634013,1523.9026723781733,1631.7891848112672,0.644020835851979,0.34795370657536917,1624.321278849551,0.6141792960052246,0.3534673750203843,0.23814657142793294,0.1824450889844229,8.0,7.62102543095034,5.236868672708894e-06,-0.0015058732376950212,19.545285818418677,6.284210260130749,-3.2148669838209116,3.637833840941994,-0.011291794445523418,0.012009926740336074,13.0,13.0,13.0
0,1190,445.1838404641403,334.25320552169615,1542.0,460.07927990704377,316.54544554086766,1551.7749089345161,1639.4138761191239,0.6440260964693684,0.34646183712215767,1649.2056666441504,0.6026428708143384,0.34545163480374846,0.23813661952362963,0.18245807852599683,8.0,7.624691307856665,5.2606173893687824e-06,-0.0014918694532115029,0.5712855064394375,-7.480271222533645,27.87223655634284,24.884387794599434,-0.011536425190886157,-0.008015740216635814,13.0,13.0,13.0
0,1191,445.4219671310507,334.43567658922166,1550.0,420.0988381819362,344.5099935054796,1556.1443788243873,1647.0421823919949,0.6440313807970932,0.34498378356390064,1648.2583223553572,0.6868588486179087,0.33589896282655607,0.2381266669103752,0.1824710675255119,8.0,7.6283062728709865,5.284327724841553e-06,-0.0014780535582570309,-39.980441725107596,27.96454796461194,4.369469889871198,-0.9473442887931469,0.08421597780357026,-0.009552671977192395,13.0,13.0,13.0
0,1192,445.66008384463976,334.6181606452019,1558.0,435.4745443312064,347.4803153382063,1574.3713147670408,1654.674053632917,0.64403668879685,0.3435193612335576,1670.0376298363196,0.6734804354434287,0.3401157077842141,0.23811671358907915,0.18248405598023965,8.0,7.631871240922237,5.307999756842818e-06,-0.0014644223303430515,15.37570614927023,2.970321832726711,18.226935942653427,21.779307480962416,-0.013378413174479964,0.0042167449576580585,13.0,13.0,13.0
0,1193,445.89819060419904,334.8006576890966,1566.0,440.71252043989267,342.05979637263823,1554.543672012041,1662.3094407399456,0.6440420204304252,0.3420683886207277,1651.6169223399395,0.6600292332103322,0.34455657930083894,0.23810675955928673,0.18249704389472754,8.0,7.635387107028464,5.3316335751896204e-06,-0.0014509726128298928,5.237976108686269,-5.420518965568078,-19.827642754999715,-18.420707496380146,-0.013451202233096482,0.004440871516624811,13.0,13.0,13.0
0,1194,446.13628740901913,334.98316772036014,1574.0,448.7399949368298,347.7362998410055,1584.838860789407,1669.9482954867406,0.6440473756596801,0.3406306873073187,1683.4495335326465,0.6592582799870981,0.34396955540104884,0.23809680482008844,0.1825100312635186,8.0,7.638854746795005,5.355229254822014e-06,-0.0014377013134089789,8.027474496937145,5.676503468367287,30.295188777365865,31.832611192706963,-0.000770953223234172,-0.0005870238997900956,13.0,13.0,13.0
0,1195,446.37437425839335,335.1656907384504,1582.0,437.96084739450396,332.1890852909495,1575.7936284369691,1677.590570503648,0.6440527544465607,0.33920608190471013,1668.9172692675627,0.6489128378602536,0.3356355668842115,0.23808684937421276,0.18252301809025084,8.0,7.642275016907433,5.3787868806720596e-06,-0.0014246054026085808,-10.779147542325859,-15.547214550056026,-9.045232352437779,-14.532264265083768,-0.010345442126844517,-0.008333988516837365,13.0,13.0,13.0
0,1196,446.6124511516123,335.3482267428253,1590.0,473.56372546836405,367.43326591628664,1583.998952196025,1685.2362192592493,0.6440581567530976,0.3377943999923559,1693.6122600936408,0.6598657389346824,0.3617514649363852,0.23807689321893122,0.18253600437492423,8.0,7.645648755601314,5.402306536894663e-06,-0.0014116819123542457,35.6028780738601,35.24418062533715,8.205323759055773,24.694990826078083,0.010952901074428811,0.026115898052173736,13.0,13.0,13.0
0,1197,446.850518087967,335.5307757329401,1598.0,444.1866832242676,343.2949674927037,1610.4437125228997,1692.8851960423758,0.6440635825413987,0.33639547205780357,1705.4859118339652,0.6579728991201861,0.3354184409893508,0.23806693635469856,0.1825489901148103,8.0,7.6489767831265,5.425788301094414e-06,-0.0013989279345523187,-29.377042244096458,-24.138298423582967,26.444760326874757,11.873651740324476,-0.0018928398144962832,-0.026333023947034406,13.0,13.0,13.0
0,1198,447.0885750667503,335.7133377082537,1606.0,438.51064396296294,345.6106851750894,1591.5618096039875,1700.5374559445709,0.6440690317736565,0.3350091314380933,1686.6556626549257,0.6674713697685437,0.33739597346941175,0.23805697878333376,0.182561975313547,8.0,7.6522599021950555,5.4492322577592844e-06,-0.001386340619710269,-5.676039261304652,2.3157176823856958,-18.881902918912147,-18.830249179039583,0.009498470648357626,0.0019775324800609395,13.0,13.0,13.0
0,1199,447.32662208725424,335.8959126682212,1614.0,458.6150034948578,343.27795515588576,1649.8228159232776,1708.1929548429857,0.6440745044121403,0.33363521426249193,1746.4486250295506,0.6425468809289325,0.33420014964356576,0.23804702050392734,0.1825749599674964,8.0,7.655498898414862,5.47263848382773e-06,-0.001373917175601369,20.10435953189483,-2.332730019203609,58.26100631929012,59.79296237462495,-0.02492448883961118,-0.0031958238258459892,13.0,13.0,13.0
0,1200,447.56465914876844,336.07850061230056,1622.0,443.91979149387015,350.3243543718827,1616.5457987903758,1715.8516493837005,0.644080000419207,0.3322735593965427,1712.6039396582187,0.6680969961827985,0.33651524665482235,0.23803706151420556,0.18258794407938694,8.0,7.658694540714805,5.496007066674302e-06,-0.0013616548659492467,-14.695212000987624,7.046399215996928,-33.27701713290185,-33.844685371331934,0.025550115253865968,0.002315097011256595,13.0,13.0,13.0
0,1201,447.80268625058716,336.26110153994705,1630.0,462.82670413182916,337.2006540368349,1657.8136966286163,1723.5134969654575,0.6440855197572851,0.33092400838738995,1753.9267635422634,0.6296428411217181,0.3325859918871396,0.2380271018187159,0.18260092764649016,8.0,7.6618475817570015,5.519338078130431e-06,-0.0013495510091527385,18.90691263795901,-13.123700335047772,41.267897838240515,41.32282388404474,-0.03845415506108041,-0.003929254767682744,13.0,13.0,13.0
0,1202,448.040703392001,336.4437154506195,1638.0,460.97702511525557,323.85766604178883,1631.0881637155487,1731.178455723793,0.6440910623888931,0.32958640541034717,1725.6396504922766,0.6124327928178736,0.33256561410921526,0.23801714141382035,0.18261391067244404,8.0,7.664958758335388,5.54263160801316e-06,-0.0013376029770427733,-1.8496790165735888,-13.342987995046087,-26.725532913067582,-28.28711304998683,-0.01721004830384454,-2.0377777924351914e-05,13.0,13.0,13.0
0,1203,448.2787105723023,336.6263423437731,1646.0,439.73046615021997,331.2515057517059,1638.6317594477482,1738.8464845155577,0.6440966282766224,0.32826059721667955,1728.6423823319515,0.6456134587760718,0.32412463141016185,0.23800718030133794,0.18262689315361058,8.0,7.668028791764755,5.565887729264141e-06,-0.0013258081936676214,-21.246558965035604,7.393839709917074,7.543595732199492,3.0027318396748797,0.03318066595819824,-0.008440982699053412,13.0,13.0,13.0
0,1204,448.51670779078177,336.808982218864,1654.0,459.3195628364795,327.88742218156256,1659.3665647358787,1746.5175429038177,0.6441022173831478,0.32694643308257065,1752.7070544139758,0.6199640169978139,0.3278248197059139,0.23799721847944966,0.1826398750908993,8.0,7.671058388260008,5.589106525372145e-06,-0.0013141641341088972,19.589096686259552,-3.3640835701433502,20.734805288130474,24.064672082024344,-0.025649441778257898,0.003700188295752027,13.0,13.0,13.0
0,1205,448.7546950467331,336.99163507535104,1662.0,444.47617488745135,321.64768047659527,1645.9625506219195,1754.191591143124,0.6441078296712244,0.325643764759246,1734.9953943594112,0.6264264275428034,0.3217480066987441,0.23798725595133874,0.18265285648703866,8.0,7.67404823930633,5.612288076606298e-06,-0.0013026683233246517,-14.84338794902817,-6.239741704967287,-13.404014113959192,-17.711660054564618,0.0064624105449895275,-0.006076813007169779,13.0,13.0,13.0
0,1206,448.9926723394465,337.1743009126885,1670.0,451.1196653547279,353.30611749652326,1678.786470943548,1761.8685901651343,0.6441134651036845,0.32435244642421474,1773.8822340147954,0.6643979186369655,0.32892184177757,0.2379772927133672,0.1826658373374812,8.0,7.67699902201025,5.635432460127099e-06,-0.0012913183350312663,6.643490467276536,31.658437019927987,32.82392032162852,38.886839655384165,0.03797149109416209,0.0071738350788259075,13.0,13.0,13.0
0,1207,449.23063966821564,337.3569797303344,1678.0,441.6475002420964,350.15212790537987,1680.3206946483222,1769.5485015645907,0.644119123643441,0.32307233463361995,1772.3252139520494,0.6703547035558722,0.32362700936239974,0.23796732876917304,0.1826788176458649,8.0,7.679911399456387,5.65853975653674e-06,-0.0012801117905947845,-9.472165112631501,-3.153989591143386,1.5342237047741492,-1.5570200627460054,0.005956784918906721,-0.005294832415170259,13.0,13.0,13.0
0,1208,449.4685970323312,337.53967152774385,1686.0,464.606916100624,352.29521164087527,1686.146217766123,1777.231287585628,0.6441248052534858,0.3218032882756496,1784.113384939596,0.6487698242126797,0.33292901903273414,0.237957364115573,0.1826917974094613,8.0,7.682786021037373,5.6816100447720785e-06,-0.0012690463579703715,22.95941585852762,2.143083735495395,5.825523117800913,11.788170987546664,-0.02158487934319253,0.009302009670334399,13.0,13.0,13.0
0,1209,449.70654443108606,337.72237630437394,1694.0,427.66894509964766,363.1813040233829,1676.873822035486,1784.9169111084195,0.6441305098968898,0.3205451685249995,1768.2497564605146,0.7040360093390468,0.32288457547962834,0.23794739875484083,0.18270477663008933,8.0,7.685623522791502,5.704643403992016e-06,-0.0012581197506500996,-36.93797100097635,10.886092382507627,-9.272395730637072,-15.863628479081399,0.05526618512636705,-0.010044443553105797,13.0,13.0,13.0
0,1210,449.9444818637712,337.9050940596826,1702.0,461.29010471945435,343.8291223166077,1705.7676999995556,1792.6053356361351,0.6441362375368058,0.31929783879835055,1800.1806777173417,0.6405275783793702,0.325304008318178,0.23793743268515755,0.18271775530865852,8.0,7.688424527715597,5.727639916019989e-06,-0.001247329726648927,33.62115961980669,-19.352181706775184,28.89387796406959,31.930921256827105,-0.06350843095967651,0.0024194328385496733,13.0,13.0,13.0
0,1211,450.18240932967956,338.0878247931241,1710.0,435.81193936338707,350.1612628253672,1714.7153051039743,1800.2965252822162,0.6441419881364585,0.3180611647108403,1803.5502582498077,0.6768524419063565,0.3151677355220203,0.23792746590834213,0.1827307334415309,8.0,7.691189646081057,5.750599652687427e-06,-0.00123667408751027,-25.47816535606728,6.332140508759494,8.947605104418699,3.3695805324659887,0.03632486352698627,-0.010136272796157697,13.0,13.0,13.0
0,1212,450.4203268281035,338.27056850415556,1718.0,447.35041925138137,359.66404559754307,1741.5862532013755,1807.990444757953,0.644147761659155,0.3168350140335053,1833.7402489556648,0.6771674844745279,0.31837499001794983,0.23791749842393983,0.18274371103143494,8.0,7.69391947573672,5.7735226964839015e-06,-0.0012261506773350028,11.5384798879943,9.502782772175863,26.870948097401197,30.1899907058571,0.00031504256817138643,0.0032072544959295124,13.0,13.0,13.0
0,1213,450.6582343583341,338.453325192233,1726.0,456.4064935705371,348.3607605961867,1722.5546587606311,1815.6870593603544,0.644153558068281,0.315619256651666,1815.7248302852668,0.6519390915513468,0.3217386443605579,0.23790753023058642,0.18275668807746115,8.0,7.696614602401496,5.796409126013202e-06,-0.0012157573818392664,9.056074319155755,-11.303285001356357,-19.031594440744357,-18.01541867039805,-0.02522839292318113,0.0033636543426080467,13.0,13.0,13.0
0,1214,450.89613191966464,338.63609485681354,1734.0,458.37746986867216,352.0680638037405,1759.3451134659665,1823.3863349603091,0.6441593773272989,0.3144137645242374,1851.8523306976435,0.6549688153074255,0.3174127079399859,0.23789756133055562,0.18276966458051902,8.0,7.699275599954717,5.819259017880718e-06,-0.001205492127428598,1.9709762981350423,3.707303207553764,36.79045470533538,36.127500412376776,0.003029723756078684,-0.004325936420571996,13.0,13.0,13.0
0,1215,451.13401951138667,338.81887749735233,1742.0,449.47574400239915,345.5132704644061,1727.7170028075882,1831.0882379910222,0.6441652193997482,0.3132184116439349,1818.354725102876,0.6553638539704303,0.31706688632361407,0.23788759172202845,0.18278264053878956,8.0,7.701903030713083,5.842072449357971e-06,-0.001195352880302536,-8.901725866273011,-6.554793339334367,-31.62811065837832,-33.49760559476749,0.0003950386630048319,-0.00034582161637181086,13.0,13.0,13.0
0,1216,451.3718971327926,339.0016731133055,1750.0,478.9646430166555,356.93345413337477,1753.0054172073571,1838.792735436726,0.6441710842492465,0.31203307399836117,1851.9818067945469,0.6404341085110509,0.32840961500870197,0.2378776214059144,0.18279561595318228,8.0,7.704497445703737,5.864849498271596e-06,-0.0011853376455737141,29.488899014256333,11.420183668968662,25.288414399768953,33.62708169167081,-0.014929745459379418,0.0113427286850879,13.0,13.0,13.0
0,1217,451.6097647831748,339.18448170413103,1758.0,442.80585716455624,356.03585290498137,1764.4796587693909,1846.499794821655,0.6441769718394912,0.310857629531949,1853.7062933226398,0.677202567473882,0.3115296635157628,0.23786765038221347,0.18280859082551615,8.0,7.707059384929153,5.887590244668672e-06,-0.0011754444664121566,-36.15878585209924,-0.8976012283933983,11.47424156203374,1.724486528092939,0.036768458962831096,-0.016879951492939194,13.0,13.0,13.0
0,1218,451.84762246182527,339.3673032692832,1766.0,441.05036176950586,329.3751607799607,1757.931800215746,1854.2093841992792,0.6441828821342522,0.3096919581087359,1842.1014175027417,0.641448142559503,0.3034614930093514,0.23785767865047092,0.1828215651521532,8.0,7.70958937762407,5.910294761046764e-06,-0.0011656714232131105,-1.7554953950503887,-26.66069212502066,-6.547858553644801,-11.604875819898098,-0.03575442491437897,-0.008068170506411398,13.0,13.0,13.0
0,1219,452.0854701680364,339.5501378082181,1774.0,433.34357156722064,309.3892370876618,1766.6767465440835,1861.9214721417857,0.6441888150973785,0.30853594147595853,1845.1707448970428,0.6200326471059574,0.2927296248343133,0.23784770621114149,0.18283453893491242,8.0,7.712087942506514,5.932963126231705e-06,-0.001156016632777368,-7.7067902022852195,-19.98592369229891,8.744946328337392,3.0693273943011263,-0.021415495453545597,-0.010731868175038073,13.0,13.0,13.0
0,1220,452.3233079011011,339.7329853203928,1782.0,430.78888652634964,348.30173235977185,1780.8362554199614,1869.6360277298095,0.6441947706927965,0.30738946322843974,1865.012313669167,0.6799149396224009,0.30158906505644373,0.23783773306467992,0.1828475121747033,8.0,7.7145555880238135,5.95559541805013e-06,-0.0011464782475187896,-2.554685040870993,38.91249527211005,14.159508875877918,19.84156877212422,0.0598822925164435,0.008859440222130421,13.0,13.0,13.0
0,1221,452.5611356603117,339.9158458052625,1790.0,432.4894222147691,351.79808784513716,1781.042774787741,1877.353020542396,0.6442007488845072,0.3062524087737506,1866.2589210939557,0.6828740073491684,0.30335876624313257,0.23782775921063148,0.18286048486970685,8.0,7.716992812586568,5.978191710664937e-06,-0.001137054454689146,1.7005356884194498,3.4963554853653136,0.2065193677797197,1.2466074247886354,0.0029590677267674614,0.0017697011866888435,13.0,13.0,13.0
0,1222,452.7989534449589,340.09871926228243,1798.0,460.46984568518894,339.0167721525282,1798.7924714080928,1885.0724206472003,0.6442067496365901,0.3051246652981313,1887.4901869362116,0.6346370276953743,0.3077828528026062,0.23781778464717718,0.18287345701992308,8.0,7.719400104804208,6.000752082901961e-06,-0.0011277434756192806,27.98042347041985,-12.781315692608985,17.749696620351642,21.23126584225588,-0.04823697965379403,0.004424086559473628,13.0,13.0,13.0
0,1223,453.0367612543382,340.2816056909114,1806.0,440.96597643579514,358.92818211839017,1814.443309866919,1892.79419859091,0.6442127729132001,0.3040061217331538,1901.4428618850493,0.6831947017221791,0.3036699687013149,0.23780780937931922,0.18288642862898996,8.0,7.72177794370964,6.023276610034323e-06,-0.0011185435649775366,-19.5038692493938,19.911409965861992,15.650838458826229,13.952674948837739,0.048557674026804776,-0.004112884101291292,13.0,13.0,13.0
0,1224,453.2745590877389,340.46450509060196,1814.0,442.77205342004174,336.12453798352084,1833.6665718100678,1900.518325389885,0.6442188186785661,0.3028966687230946,1916.0793023510594,0.6493230303913362,0.2943570599990536,0.23779783340069116,0.18289939969054103,8.0,7.724126798975021,6.045765366002875e-06,-0.0011094530100591582,1.8060769842466016,-22.80364413486933,19.223261943148827,14.636440466010072,-0.0338716713308429,-0.009312908702261313,13.0,13.0,13.0
0,1225,453.51234694445566,340.647417460812,1822.0,445.50239095259656,351.3894425208265,1810.9596952199975,1908.2447725210172,0.6442248868969951,0.30179619859302764,1897.7676196971229,0.6678426563217792,0.30362860986875934,0.23778785671674996,0.18291237021003326,8.0,7.726447131132318,6.06821842896732e-06,-0.0011004701300669772,2.730337532554813,15.264904537305654,-22.70687659007035,-18.311682653936487,0.018519625930442984,0.009271549869705742,13.0,13.0,13.0
0,1226,453.7501248237804,340.83034280099673,1830.0,443.14635258253725,334.44325913325144,1815.2626675221857,1915.973511912793,0.6442309775328678,0.3007046053175887,1898.264874954662,0.64650334523876,0.2968087674207667,0.23777787932476713,0.18292534018473816,8.0,7.728739391775662,6.090635872757488e-06,-0.0010915932754389512,-2.3560383700593093,-16.946183387575047,4.302972302188209,0.49725525753910915,-0.02133931108301923,-0.006819842447992663,13.0,13.0,13.0
0,1227,453.9878927250047,341.0132811106114,1838.0,464.5566171434724,332.3280169893829,1840.429153955069,1923.7045159365603,0.6442370905506416,0.2996217844904191,1927.0273044603323,0.6209644562853063,0.3009298901743033,0.23776790122428793,0.18293830961465574,8.0,7.731004023767355,6.113017773756724e-06,-0.001082820827169595,21.41026456093516,-2.1152421438685565,25.166486432883403,28.762429505670298,-0.025538888953453687,0.004121122753536655,13.0,13.0,13.0
0,1228,454.2256506474232,341.196232389113,1846.0,440.6492032357886,328.4554316334257,1838.801235770099,1931.4377573979962,0.6442432259148477,0.2985476332942623,1919.178125019009,0.6405440605469483,0.29043599981527435,0.23775792241849558,0.18295127850160497,8.0,7.7332414614359095,6.1353642061279245e-06,-0.0010741511961567807,-23.907413907683804,-3.8725853559571988,-1.6279181849699853,-7.849179441323258,0.01957960426164207,-0.010493890359028979,13.0,13.0,13.0
0,1229,454.4633985903274,341.37919663595494,1854.0,482.5932430158162,312.92536291415337,1873.8627854378783,1939.1732095287623,0.6442493835900905,0.2974820504716948,1960.148019821075,0.5752669835991976,0.2978138895186926,0.23774794290420687,0.1829642468419479,8.0,7.735452130766134,6.1576752428127435e-06,-0.0010655828225675235,41.944039780027595,-15.530068719272322,35.06154966777922,40.96989480206594,-0.06527707694775076,0.007377889703418239,13.0,13.0,13.0
0,1230,454.70113655300884,341.5621738505952,1862.0,442.5073284370643,368.6556276263066,1847.7155719806437,1946.910845978352,0.6442555635410561,0.2964249362964864,1935.399840456956,0.6946042536857988,0.3021648492082938,0.23773796268142178,0.18297721464023198,8.0,7.737636449589672,6.179950965523595e-06,-0.0010571141752083735,-40.0859145787519,55.73026471215326,-26.147213457234557,-24.74817936411887,0.11933727008660122,0.004350959689601197,13.0,13.0,13.0
0,1231,454.9388645347617,341.7451640324889,1870.0,439.60700045201025,318.5605616479161,1880.247331568694,1954.6506408061189,0.6442617657324974,0.295376192545566,1957.0552302260262,0.6270777686121766,0.2810911128464242,0.2377279817528688,0.18299018189372873,8.0,7.7397948277669,6.20219144131795e-06,-0.0010487437509204,-2.900327985054048,-50.09506597839055,32.53175958805036,21.655389769070098,-0.06752648507362224,-0.0210737363618696,13.0,13.0,13.0
0,1232,455.1765825348789,341.92816718109043,1878.0,457.7003393541936,316.2594169279729,1876.5695424572455,1962.3925684734825,0.644267990129243,0.29433572247158046,1957.2998919733177,0.6046430906130453,0.28820989035379857,0.2377180001171837,0.18300314860152866,8.0,7.741927667363598,6.224396745579952e-06,-0.0010404700739855555,18.093338902183348,-2.3011447199431814,-3.6777891114486465,0.24466174729150225,-0.022434677999131236,0.007118777507374385,13.0,13.0,13.0
0,1233,455.41429055265235,342.1111832958559,1886.0,455.82897805562453,358.78449566500075,1884.7520626663083,1970.1366038363092,0.6442742366961982,0.2933034307760363,1972.0032224339109,0.6668274845430442,0.2985803475335745,0.23770801777345696,0.18301611476545077,8.0,7.744035362826708,6.246566955248056e-06,-0.0010322916955441408,-1.8713612985690702,42.525078737027854,8.182520209062886,14.703330460593179,0.06218439392999886,0.010370457179775916,13.0,13.0,13.0
0,1234,455.65198858737403,342.2942123762423,1894.0,462.7897285379288,344.0236488178444,1898.6617133519258,1977.882722137463,0.6442805053983444,0.2922792235830062,1984.2990967932792,0.6392438983794385,0.2948611496299854,0.2376980347216886,0.18302908038640453,8.0,7.746118301153729,6.2687021461504955e-06,-0.0010242071930301466,6.960750482304263,-14.760846847156358,13.909650685617407,12.295874359368327,-0.027583586163605678,-0.0037191979035891,13.0,13.0,13.0
0,1235,455.88967663833864,342.4772544217021,1902.0,485.1076311060806,337.0682832226184,1919.2671949467688,1985.6308989995184,0.6442867962007266,0.291263008413388,2008.1162832144046,0.6072490493741037,0.29858053099731485,0.2376880509646071,0.18304204545984248,8.0,7.748176862055516,6.290802382236116e-06,-0.0010162151696181954,22.317902568151794,-6.955365595225999,20.605481594843013,23.81718642112537,-0.03199484900533478,0.0037193813673294662,13.0,13.0,13.0
0,1236,456.1273547048381,342.66030943169335,1910.0,444.3407618921482,347.7783877903165,1906.4484035879375,1993.3811104176384,0.6442931090684747,0.29025469415970573,1988.1986910859594,0.6640928383236031,0.2877591874522615,0.23767806649948398,0.1830550099912216,8.0,7.750211418119989,6.312867748103912e-06,-0.001008314253682252,-40.76686921393241,10.710104567698124,-12.818791358831277,-19.91759212844522,0.056843788949499374,-0.010821343545053375,13.0,13.0,13.0
0,1237,456.3650227861649,342.84337740567025,1918.0,447.2330243687185,367.4048906159882,1912.9700990415624,2001.1333327526038,0.6442994439667862,0.2892541910614345,1998.6141027125827,0.6877178580677578,0.2938070340340752,0.23766808132677397,0.18306797397690389,8.0,7.752222334965381,6.334898311477488e-06,-0.0010005030982712104,2.892262476570295,19.626502825671707,6.521695453624943,10.415411626623381,0.02362501974415465,0.006047846581813732,13.0,13.0,13.0
0,1238,456.60268088161274,343.02645834308896,1926.0,465.5204757527969,339.39621396031407,1927.8641185022443,2008.8875427240018,0.6443058008609324,0.28826141068084477,2012.1031690259179,0.629969674188732,0.29038458611197954,0.23765809544784133,0.18308093741870834,8.0,7.754209971398041,6.356894146186676e-06,-0.0009927803805897528,18.28745138407845,-28.00867665567415,14.894019460681875,13.489066313335115,-0.057748183879025805,-0.0034224479220956727,13.0,13.0,13.0
0,1239,456.8403289904736,343.2095522434038,1934.0,479.8401600742882,356.7531096129619,1956.8180428804721,2016.6437174035582,0.6443121797162578,0.2872762658793446,2046.1320126964433,0.639317309876003,0.2965516995229499,0.23764810886086707,0.18309390031481598,8.0,7.756174679556352,6.378855325395172e-06,-0.000985144801500193,14.319684321491252,17.356895652647836,28.95392437822784,34.028843670525475,0.009347635687271039,0.006167113410970371,13.0,13.0,13.0
0,1240,457.0779671120413,343.392659106069,1942.0,440.3995211122682,351.23491489764007,1947.6473845850815,2024.4018342086172,0.6443185804981769,0.28629867079431687,2027.4733138367508,0.6732373103400939,0.2815430033356478,0.23763812156767017,0.1831068626652268,8.0,7.7581168050589895,6.4007819191580495e-06,-0.0009775950850277049,-39.44063896201999,-5.51819471532184,-9.170658295390695,-18.65869885969255,0.03392000046409094,-0.015008696187302106,13.0,13.0,13.0
0,1241,457.3155952456086,343.5757789305426,1950.0,479.6596385030408,322.9121634444902,1921.9897710447196,2032.1618708957647,0.6443250031721838,0.2853285408164356,2007.0850291180498,0.5925196481718022,0.2922343578630064,0.23762813356734114,0.18311982447357877,8.0,7.760036687147476,6.422674006856255e-06,-0.0009701299778812622,39.26011739077262,-28.322751453149863,-25.657613540361808,-20.388284718701016,-0.08071766216829168,0.010691354527358587,13.0,13.0,13.0
0,1242,457.55321339046804,343.7589117162788,1958.0,464.2788779858811,343.38374050572617,1954.6077213661579,2039.923805554586,0.6443314477038395,0.28436579256744743,2038.1262508028635,0.6368161066130484,0.28726663803432373,0.23761814485942523,0.18313278573623393,8.0,7.761934658821247,6.444531655769303e-06,-0.0009627482489881767,-15.380760517159729,20.471577061235962,32.61795032143823,31.041221684813763,0.04429645844124619,-0.00496771982868266,13.0,13.0,13.0
0,1243,457.7908215459129,343.9420574627311,1966.0,446.981581960941,340.0901125001648,1979.6404486425124,2047.6876166015602,0.6443379140587759,0.2834103438784144,2057.7730985544076,0.6504149389365899,0.2764498519859635,0.23760815544483194,0.18314574645228276,8.0,7.763811046974297,6.466354936396357e-06,-0.0009554486890330227,-17.297296024940067,-3.293628005561345,25.032727276354535,19.6468477515441,0.013598832323541421,-0.010816786048360227,13.0,13.0,13.0
0,1244,458.028419711236,344.12521616935646,1974.0,475.6544658890001,340.1441422144197,1974.1290557136767,2055.4532827740886,0.6443444022027018,0.2824621137684037,2058.9149416660966,0.6207935220667414,0.28797799744163294,0.2375981653231065,0.18315870662536327,8.0,7.765666172528427,6.488143925897916e-06,-0.0009482301100107171,28.672883928059093,0.05402971425485248,-5.511392928835676,1.1418431116890133,-0.029621416869848427,0.011528145455669436,13.0,13.0,13.0
0,1245,458.26600788573114,344.3083878356092,1982.0,446.30447098630236,328.921823695152,1977.8756401058945,2063.220783124647,0.6443509121013936,0.28152102242361154,2054.1103414007753,0.6351224240424604,0.27329511667441486,0.23758817449515846,0.18317166625274695,8.0,7.767500350558294,6.50989869177554e-06,-0.0009410913447921443,-29.349994902697745,-11.222318519267674,3.7465843922177555,-4.804600265321369,0.01432890197571901,-0.014682880767218076,13.0,13.0,13.0
0,1246,458.5035860686912,344.49157246094455,1990.0,459.08477398431717,354.0321786502749,2009.7692162895355,2070.990097015064,0.6443574437207011,0.28058699117691555,2091.7145875977308,0.6569125026748766,0.2808368716382842,0.23757818296007827,0.1831846253353433,8.0,7.7693138904169246,6.531619307525993e-06,-0.0009340312466959988,12.780302998014804,25.110354955122887,31.893576183641017,37.6042461969555,0.02179007863241611,0.007541754963869329,13.0,13.0,13.0
0,1247,458.74115425940863,344.6747700448168,1998.0,457.3608450909305,346.7704871161308,2014.6987509258595,2078.761204110925,0.6443639970265453,0.2796599424878429,2094.8603223936598,0.6487277840437762,0.2775334148539185,0.2375681907174112,0.18319758387224283,8.0,7.771107095861225,6.55330584420355e-06,-0.0009270486890726182,-1.723928893386642,-7.261691534144063,4.929534636323979,3.145734795929002,-0.008184718631100374,-0.003303456784365666,13.0,13.0,13.0
0,1248,458.9787124571785,344.85798058668206,2006.0,443.81595217026074,361.5263651315338,2031.4526574136603,2086.5340843760914,0.6443705719849179,0.2787397999229489,2110.562439587855,0.6835719217232873,0.2746609746276432,0.23755819776988574,0.18321054186526453,8.0,7.77288026516635,6.574958372529416e-06,-0.0009201425648940331,-13.544892920669781,14.75587801540297,16.753906487800805,15.702117194195125,0.03484413767951111,-0.002872440226275308,13.0,13.0,13.0
0,1249,459.21626066129147,345.04120408599374,2014.0,476.5269529086843,350.8539089680569,2009.3761091362526,2094.308718067337,0.6443771685618827,0.27782648813658634,2094.7001576011176,0.6346577620025724,0.28640138472477505,0.2375482041129544,0.18322349931167992,8.0,7.774633691245526,6.596576964779111e-06,-0.0009133117863625584,32.711000738423536,-10.672456163476909,-22.07654827740771,-15.862281986737344,-0.04891415972071489,0.011740410097131837,13.0,13.0,13.0
0,1250,459.4537988710417,345.22444054220887,2022.0,460.0488935078136,323.462232322943,2028.7468110294603,2102.085085729099,0.6443837867235757,0.2769199328520736,2105.252104480437,0.6128061713879409,0.27041621669798804,0.2375382097502552,0.18323645621512696,8.0,7.776367661761924,6.618161693006108e-06,-0.0009065552845127223,-16.478059400870677,-27.391676645113876,19.37070189320775,10.55194687931953,-0.02185159061463149,-0.01598516802678701,13.0,13.0,13.0
0,1251,459.69132708572397,345.4076899547799,2030.0,445.91103720134697,322.924079893661,2044.7747216671646,2109.863168188338,0.6443904264361968,0.27602006084323394,2117.597760870128,0.6267767134963,0.26301479642089437,0.23752821468224283,0.1832494125710582,8.0,7.778082459239158,6.639712621159255e-06,-0.000899872008839675,-14.137856306466631,-0.5381524292820359,16.02791063770428,12.345656389690703,0.01397054210835913,-0.007401420277093673,13.0,13.0,13.0
0,1252,459.9288453046297,345.59095232316304,2038.0,459.32939145197264,363.2665330253138,2044.9576616159284,2117.6429465495075,0.644397087666025,0.2751267999163103,2127.157234825286,0.6691445989554159,0.2789064329953357,0.2375182189057341,0.1832623683831116,8.0,7.7797783611695195,6.661229828175408e-06,-0.0008932609269236558,13.418354250625669,40.3424531316528,0.18293994876376019,9.55947395515841,0.04236788545911585,0.015891636574441315,13.0,13.0,13.0
0,1253,460.1663535270527,345.7742276468134,2046.0,497.39202886175565,370.0471715679853,2059.432923153895,2125.4244021896275,0.6444037703794061,0.27424007889224333,2150.720275752027,0.6396338625076641,0.29239946320614313,0.23750822242300274,0.1832753236503777,8.0,7.78145564011993,6.682713381112038e-06,-0.0008867210240669499,38.06263740978301,6.780638542671511,14.475261537966617,23.563040926740996,-0.029510736447751817,0.013493030210807444,13.0,13.0,13.0
0,1254,460.40385175228766,345.95751592518445,2054.0,441.5225352738805,329.67871852156736,2045.828643228521,2133.207516753461,0.6444104745427522,0.27335982758930216,2118.7366622718714,0.6413768058389473,0.26309795160773597,0.23749822523495823,0.18328827837103745,8.0,7.783114563833351,6.7041633461384365e-06,-0.0008802513029411707,-55.86949358787513,-40.368453046417926,-13.60427992537393,-31.983613480155782,0.0017429433312832199,-0.02930151159840716,13.0,13.0,13.0
0,1255,460.6413399796256,346.14081715773136,2062.0,462.6852649922608,343.96722454243417,2035.064107886039,2140.992272148792,0.6444172001225522,0.27248597680606246,2115.15413840372,0.6392734519771542,0.27606617976973813,0.2374882273379626,0.1833012325469099,8.0,7.7847553953311035,6.725579799971015e-06,-0.0008738507832397047,21.162729718380263,14.288506020866805,-10.764535342482077,-3.582523868151384,-0.002103353861793056,0.01296822816200216,13.0,13.0,13.0
0,1256,460.8788182083613,346.32413134390936,2070.0,464.3872538317477,347.0739920602423,2079.39333869235,2148.7786505418026,0.6444239470853608,0.2716184583047254,2158.7015853248786,0.6418225392551656,0.2719045894898296,0.23747822873565383,0.183314186177995,8.0,7.7863783930106365,6.746962808557022e-06,-0.000867518501337039,1.701988839486944,3.106767517808123,44.32923080631099,43.54744692115855,0.002549087278011397,-0.004161590279908534,13.0,13.0,13.0
0,1257,461.11628643778886,346.50745848317274,2078.0,479.2931704721962,330.00547646091127,2080.6972315822627,2156.5666343525404,0.6444307153978015,0.2707572047947649,2160.5384808583194,0.6029832413655984,0.2727057109412202,0.23746822942757717,0.1833271392633833,8.0,7.787983810737842,6.768312440730284e-06,-0.0008612535099605245,14.905916640448481,-17.068515599331022,1.3038928899127313,1.8368955334408383,-0.03883929788956719,0.0008011214513906073,13.0,13.0,13.0
0,1258,461.3537446672008,346.6907985749758,2086.0,486.8246178332012,368.5553801605973,2060.8075891346257,2164.3562062504875,0.6444375050265694,0.2699021499168992,2149.3625092591133,0.6480041332200749,0.28805074395169983,0.23745822941191363,0.18334009180307476,8.0,7.7895718979470985,6.789628767878142e-06,-0.0008550548778656908,7.531447361005007,38.54990369968601,-19.889642447637016,-11.17597159920615,0.04502089185447644,0.015345033010479625,13.0,13.0,13.0
0,1259,461.5911928958908,346.8741516187729,2094.0,468.3002998742741,341.4662460297667,2104.9590367305095,2172.1473491502124,0.6444443159384273,0.2690532282273811,2183.2903870885866,0.6300301138100965,0.26867925487581346,0.23744822869002746,0.1833530437970694,8.0,7.791142899724946,6.810911857946245e-06,-0.0008489216895181118,-18.5243179589271,-27.089134130830587,44.15144759588384,33.927877829473346,-0.017974019409978337,-0.019371489075886372,13.0,13.0,13.0
0,1260,461.8286311231527,347.05751761401916,2102.0,447.85410420854174,341.1751164171182,2125.0899704089898,2179.9400462071176,0.6444511481002084,0.2682103751825962,2198.404226035683,0.6510102359768044,0.2589821430807006,0.23743822726191866,0.18336599524627673,8.0,7.792697056905126,6.832161781100687e-06,-0.0008428530447848748,-20.446195665732375,-0.2911296126484899,20.130933678480233,15.11383894709661,0.02098012216670786,-0.009697111795112845,13.0,13.0,13.0
0,1261,462.0660593482794,347.24089656016804,2110.0,462.86228395430544,362.6755024156144,2108.602475907711,2187.7342808132703,0.6444580014788134,0.26737352712396256,2189.059025098214,0.6646293378680158,0.271960723011796,0.23742822512667772,0.18337894614887773,8.0,7.794234606152713,6.853378604954052e-06,-0.0008368480586336546,15.008179745763698,21.5003859984962,-16.48749450127889,-9.345200937469144,0.013619101891211405,0.012978579931095413,13.0,13.0,13.0
0,1262,462.30347757056506,347.42428845667473,2118.0,462.36042995460406,351.361905786539,2108.7503167868513,2195.53003659332,0.6444648760412125,0.2665426212631292,2187.2494724137896,0.6498265487025384,0.2687236217914596,0.2374182222856689,0.1833918965066914,8.0,7.795755780049603,6.874562399117323e-06,-0.000830905860833342,-0.5018539997013818,-11.313596629075391,0.14784087914040356,-1.8095526844244887,-0.014802789165477392,-0.0032371012203364358,13.0,13.0,13.0
0,1263,462.5408857893035,347.60769330299354,2126.0,472.6897894377759,355.66429590930017,2145.207939178242,2203.3272974004976,0.6444717717544439,0.26571759566746117,2225.275225839884,0.6450522231443081,0.26906769192925967,0.23740821873843743,0.18340484631880827,8.0,7.797260807177736,6.895713231425127e-06,-0.0008250255956680497,10.329359483171856,4.302390122761153,36.45762239139094,38.025753426094525,-0.004774325558230319,0.0003440701378000788,13.0,13.0,13.0
0,1264,462.7782840037876,347.79111109857877,2134.0,466.08478950578217,333.97924586523226,2160.379815252485,2211.1260473126977,0.6444786885856154,0.26489838924580844,2235.177423344223,0.6217559803242305,0.25943074795414606,0.23739821448407383,0.1834177955852283,8.0,7.798749912200037,6.916831171488447e-06,-0.0008192064216527295,-6.604999931993746,-21.685050044067907,15.171876074242846,9.902197504338801,-0.023296242820077584,-0.00963694397511361,13.0,13.0,13.0
0,1265,463.0156722133115,347.9745418428847,2142.0,467.35046155238985,326.3969178868599,2129.8259184192043,2218.9262706286368,0.6444856265019012,0.2640849417345523,2204.792472023043,0.6096504046471865,0.26151898128706835,0.23738820952394235,0.18343074430595152,8.0,7.800223315939093,6.937916285809642e-06,-0.0008134475112561157,1.2656720466076763,-7.582327978372348,-30.55389683328076,-30.38495132117987,-0.012105575677044067,0.0020882333329222957,13.0,13.0,13.0
0,1266,463.25305041716956,348.1579855353657,2150.0,457.4257481993173,344.560907453542,2135.8097006936164,2226.7279518640926,0.6444925854705438,0.26327719368392105,2211.2538550871695,0.6455847877576104,0.26196970572480255,0.23737820385804298,0.18344369248097792,8.0,7.801681235455817,6.958968642556407e-06,-0.000807748050631274,-9.924713353072548,18.163989566682062,5.9837822744120786,6.461383064126494,0.03593438311042396,0.0004507244377341957,13.0,13.0,13.0
0,1267,463.4904186146541,348.341442175476,2158.0,446.3896245836377,331.3235885714509,2156.9977860413064,2234.5310757482157,0.6444995654588551,0.2624750864445706,2227.482540058818,0.6385094706731977,0.2522361603966872,0.23736819748455673,0.1834566401103075,8.0,7.803123884123124,6.979988311339724e-06,-0.0008021072393504247,-11.036123615679571,-13.237318882091074,21.18808534769005,16.228684971648363,-0.007075317084412669,-0.009733545328115323,13.0,13.0,13.0
0,1268,463.7277768050599,348.52491176266903,2166.0,484.9186221728889,348.0182005485312,2154.7307399237493,2242.335627219917,0.6445065664342116,0.261678562154425,2235.872827245646,0.6224959024974266,0.27023200228480343,0.23735819040575734,0.18346958719303075,8.0,7.804551471701416,7.000975356441508e-06,-0.0007965242901456504,38.52899758925116,16.694611977080285,-2.267046117557129,8.390287186828118,-0.016013568175771153,0.017995841888116204,13.0,13.0,13.0
0,1269,463.96512498768107,348.7083942964,2174.0,468.0484138193302,370.7586126016959,2181.419057596048,2250.141591424328,0.6445135883640599,0.2608875637257689,2261.663186979961,0.6699281984665066,0.26717767869589637,0.23734818262119006,0.18348253373096668,8.0,7.805964204410884,7.021929848360919e-06,-0.0007909984286560978,-16.870208353558667,22.740412053164732,26.68831767229858,25.79035973431519,0.04743229596908005,-0.0030543235889070597,13.0,13.0,13.0
0,1270,464.20246316181056,348.8918897761223,2182.0,454.32190929244223,353.24254980685595,2187.269017103772,2257.9489537093273,0.6445206312159131,0.2601020348325871,2261.7105140665726,0.66088003522683,0.2572779001055086,0.23733817412949065,0.1834954797222963,8.0,7.807362284999272,7.042851853156229e-06,-0.0007855288931817861,-13.726504526887993,-17.516062794839968,5.849959507724179,0.0473270866114035,-0.00904816323967661,-0.009899778590387764,13.0,13.0,13.0
0,1271,464.4397913267421,349.0753982012902,2190.0,484.74693680698465,358.93048478650195,2177.3687129920286,2265.757699622141,0.6445276949573514,0.2593219198981486,2259.368318351258,0.637360527114591,0.27024003150245157,0.2373281649315686,0.1835084251679291,8.0,7.80874591281372,7.0637414383289965e-06,-0.0007801149344384695,30.42502751454242,5.687934979646002,-9.90030411174348,-2.342195715314574,-0.023519508112239018,0.012962131396942966,13.0,13.0,13.0
0,1272,464.67710948177137,349.2589195713581,2198.0,448.67129844710394,355.45066886178165,2211.7065356573576,2273.5678149060095,0.6445347795560206,0.25854716408282635,2284.5780599300974,0.6699848819148407,0.2532515609390671,0.23731815502924292,0.18352137006786506,8.0,7.810115283868527,7.084598669160336e-06,-0.00077475581532227,-36.07563835988071,-3.479815924720299,34.337822665328986,25.209741578839385,0.03262435480024972,-0.016988470563384483,13.0,13.0,13.0
0,1273,464.9144176261907,349.4424538857793,2206.0,467.3207509050821,354.9478460063475,2210.2731188734797,2281.379285496915,0.6445418849796352,0.2577777132721469,2286.850217575636,0.6495775038035537,0.2595165110565966,0.23730814441933035,0.18353431442119472,8.0,7.811470590905628,7.105423614595097e-06,-0.0007694508106794729,18.649452457978157,-0.5028228554341467,-1.433416783877874,2.272157645538755,-0.02040737811128701,0.006264950117529533,13.0,13.0,13.0
0,1274,465.1517157592939,349.6260011440081,2214.0,463.56478950925367,344.517280018861,2221.8656229162484,2289.1920975203816,0.644549011195976,0.25701351406507067,2295.7071495731684,0.6391292271072528,0.2543185892963058,0.23729813310319514,0.18354725822882756,8.0,7.812812023466449,7.126216340802571e-06,-0.0007641992070762105,-3.7559613958284217,-10.430565987486489,11.592504042768724,8.856931997532229,-0.010448276696300884,-0.0051979217602908245,13.0,13.0,13.0
0,1275,465.3890038803761,349.80956134549797,2222.0,468.25616969454825,359.8708212034277,2234.964989184117,2297.0062372883317,0.6445561581728878,0.2562545137624921,2311.6745772901077,0.655257777365984,0.25833592311888887,0.23728812108220154,0.18356020148985408,8.0,7.81413976795011,7.1469769118426285e-06,-0.000759000302578583,4.691380185294577,15.353541184566666,13.09936626786839,15.967427716939255,0.016128550258731167,0.004017333822583069,13.0,13.0,13.0
0,1276,465.62628198873017,349.99313448970315,2230.0,477.8456219680794,369.3712040038373,2224.690601656318,2304.8216912960047,0.6445633258782852,0.25550066035595603,2305.2157811969046,0.6580548110463071,0.26509250764113923,0.2372781083540758,0.18357314420518378,8.0,7.815454007672997,7.167705397437274e-06,-0.0007538534065360536,9.589452273531151,9.500382800409625,-10.274387527798808,-6.458796093203091,0.0027970336803231355,0.006756584522250364,13.0,13.0,13.0
0,1277,465.8635500836508,350.17672057607797,2238.0,499.94772389378454,335.4152760129023,2233.559105465659,2312.638446218941,0.6445705142801472,0.25475190251658925,2313.2741756259547,0.590928129417609,0.2632853882737194,0.23726809492063694,0.18358608637481666,8.0,7.816754922936525,7.188401861979443e-06,-0.0007487578393667871,22.102101925705142,-33.95592799093498,8.868503809340837,8.058394429050168,-0.06712668162869817,-0.0018071193674198405,13.0,13.0,13.0
0,1278,466.10080816443224,350.3603196040758,2246.0,469.9700291875289,355.47699240691867,2237.458052849832,2320.456488910018,0.644577723346518,0.2540081895842374,2313.753283893457,0.6475732571050176,0.2575169639923543,0.23725808078143018,0.18359902799784322,8.0,7.818042691076698,7.20906637075025e-06,-0.0007437129323518699,-29.977694706255647,20.061716394016344,3.8989473841729705,0.4791082675023972,0.05664512768740859,-0.005768424281365092,13.0,13.0,13.0
0,1279,466.33805623036733,350.543931573151,2254.0,485.3622306576056,344.16454888675855,2246.8149185160105,2328.2758063965443,0.64458495304551,0.25326947155680635,2324.2639716102512,0.6167993092324993,0.2588771548037768,0.2372480659350913,0.18361196907517296,8.0,7.8193174865264155,7.2296989920284105e-06,-0.000738718027431029,15.392201470076714,-11.312443520160116,9.356865666178692,10.51068771679411,-0.030773947872518304,0.0013601908114225236,13.0,13.0,13.0
0,1280,466.57529428075213,350.72755648275506,2262.0,465.3555758611691,333.46119331740476,2237.583797623988,2336.096385877418,0.6445922033452945,0.2525356990798042,2309.660890871891,0.621762334382725,0.25048138071227677,0.2372380503848035,0.1836249096040774,8.0,7.8205794808736755,7.2502997845447226e-06,-0.0007337724770021259,-20.00665479643652,-10.70335556935379,-9.231120892022318,-14.603080738360404,0.0049630251502257305,-0.008395774091500052,13.0,13.0,13.0
0,1281,466.81252231487997,350.91119433234417,2270.0,468.76999315141,361.24479045221113,2270.628490231741,2343.9182147203287,0.6445994742141173,0.2518068234360761,2346.486063406325,0.656569512716564,0.25496611850079126,0.23722803412783833,0.183637849589104,8.0,7.821828842910691,7.270868822795151e-06,-0.0007288756437281441,3.4144172902409196,27.78359713480637,33.04469260775295,36.82517253443393,0.03480717833383906,0.004484737788514492,13.0,13.0,13.0
0,1282,467.04974033204417,351.0948451213708,2278.0,471.0378724881489,362.40390144682175,2256.6151114766667,2351.7412804590194,0.6446067656202843,0.25108279653573007,2333.56487513137,0.6557850841661068,0.2575190707850121,0.23721801716419577,0.1836507890266148,8.0,7.82306573869073,7.291406166953784e-06,-0.0007240269003460087,2.267879336738872,1.1591109946106144,-14.013378755074427,-12.921188274954602,-0.000784428550457239,0.0025529522842208663,13.0,13.0,13.0
0,1283,467.2869483315403,351.2785088492892,2286.0,492.4863791478694,329.87741116207457,2286.1971220794453,2359.565570790603,0.6446140775321666,0.2503635709062524,2361.7915278545456,0.5901827632769553,0.25369054688052123,0.23720799949614957,0.18366372791842878,8.0,7.824290331583597,7.311911882301736e-06,-0.0007192256294776822,21.448506659720522,-32.52649028474718,29.58201060277861,28.226652723175448,-0.06560232088915152,-0.003828523904490899,13.0,13.0,13.0
0,1284,467.52414631266174,351.46218551555194,2294.0,471.1095590457172,364.23404927614115,2311.2036776119844,2367.391073572922,0.6446214099182006,0.249649099682801,2386.6866360466147,0.6581475130978636,0.25216978980378824,0.23719798112142598,0.18367666626272694,8.0,7.825502782318836,7.332386034009097e-06,-0.0007144712234513906,-21.37682010215218,34.356638114066584,25.006555532539096,24.895108192069074,0.06796474982090828,-0.0015207570767329925,13.0,13.0,13.0
0,1285,467.76133427470313,351.6458751196142,2302.0,468.98604902736344,342.55696222445425,2269.7654429759027,2375.2177768219676,0.6446287627468894,0.2489393365986835,2342.8888903826273,0.6308519324573522,0.25049759262796056,0.23718796204138926,0.18368960406223778,8.0,7.8267032490457495,7.3528286888002725e-06,-0.0007097630841174929,-2.123510018353784,-21.677087051686897,-41.43823463608169,-43.79774566398737,-0.027295580640511408,-0.0016721971758276721,13.0,13.0,13.0
0,1286,467.99851221695917,351.8295776609275,2310.0,474.0295702695457,358.13515666495954,2313.9670134672615,2383.0456687093415,0.6446361359867958,0.24823423597600508,2389.018242572451,0.6470196373745375,0.25132038995721706,0.2371779422560394,0.1837025413133233,8.0,7.82789188737388,7.37323990640526e-06,-0.0007051006226784229,5.043521242182237,15.578194440505285,44.20157049135878,46.12935218982375,0.016167704917185333,0.0008227973292564972,13.0,13.0,13.0
0,1287,468.23568013872364,352.0132931389462,2318.0,464.7757566948657,357.315837856075,2323.500643988014,2390.87473755977,0.644643529606552,0.24753375271649192,2396.3193348564355,0.6554198480118021,0.247155359516266,0.23716792176446688,0.18371547801871202,8.0,7.829068850428484,7.393619756212999e-06,-0.0007004832595131627,-9.253813574679953,-0.8193188088845318,9.533630520752467,7.301092283984417,0.008400210637264593,-0.0041650304409510674,13.0,13.0,13.0
0,1288,468.47283803929076,352.1970215531237,2326.0,471.5282234117391,349.97860416908776,2337.3874245331385,2398.7049718486596,0.6446509435748525,0.24683784229248068,2410.021547873718,0.6385045528968643,0.24613405460436025,0.2371579005671265,0.18372841417749441,8.0,7.830234288889642,7.413968300507001e-06,-0.0006959104240112368,6.752466716873357,-7.337233686987247,13.886780545124566,13.702213017282702,-0.016915295114937834,-0.001021304911905746,13.0,13.0,13.0
0,1289,468.7099859179548,352.3807629029143,2334.0,469.6890060464935,338.1081979572855,2360.862235794753,2406.536360199706,0.6446583778604572,0.24614646073807323,2430.760253979949,0.623927857584228,0.24039343142462544,0.2371478786640182,0.18374134979058,8.0,7.831388351046371,7.434285604679403e-06,-0.0006913815544074553,-1.839217365245588,-11.870406211802276,23.474811261614377,20.738706106230893,-0.014576695312636279,-0.005740623179734811,13.0,13.0,13.0
0,1290,468.9471237740113,352.5645171877695,2342.0,469.771060769946,376.6000990764221,2342.2589868637792,2414.3688913825417,0.6446658324321851,0.24545956464045163,2418.4064269070714,0.6757567635490014,0.2516078472402366,0.23713785605650628,0.18375428485524026,8.0,7.832531182835737,7.4545717279050905e-06,-0.0006868960976215976,0.08205472345252929,38.49190111913663,-18.603248930973677,-12.35382707287772,0.05182890596477341,0.011214415815611167,13.0,13.0,13.0
0,1291,469.18425160675406,352.74828440714373,2350.0,469.58155387259393,352.38140885718553,2356.5141424981443,2422.2025543104305,0.6446733072589242,0.2447771111313516,2428.546560566492,0.6437671560276028,0.24416596149005176,0.23712783274277172,0.1837672193742037,8.0,7.833662927888781,7.474826739128915e-06,-0.0006824535091000394,-0.18950689735208925,-24.218690219236578,14.25515563436511,10.140133659420826,-0.031989607521398566,-0.00744188575018484,13.0,13.0,13.0
0,1292,469.42136941547733,352.9320645604894,2358.0,470.9257932575544,347.2729845188727,2361.930570450665,2430.0373380380047,0.6446808023096237,0.24409905787869007,2433.3281012147345,0.6354051439755748,0.2428420676092591,0.23711780872326926,0.18378015334565134,8.0,7.834783727574177,7.495050699413142e-06,-0.0006780532526615146,1.3442393849604741,-5.10842433831283,5.416427952520735,4.781540648242299,-0.008362012052028023,-0.0013238938807926537,13.0,13.0,13.0
0,1293,469.6584771994753,353.1158576472608,2366.0,456.1579400979759,352.458844748604,2350.8341055994997,2437.873231759045,0.6446883175532983,0.24342536307834434,2420.48100500825,0.6578517681531796,0.24047058217037753,0.23710778399799892,0.18379308677140216,8.0,7.83589372104052,7.5152436745939966e-06,-0.0006736948003457366,-14.767853159578522,5.185860229731304,-11.096464851165365,-12.847096206484366,0.02244662417760479,-0.0023714854388815765,13.0,13.0,13.0
0,1294,469.89557495804456,353.2996636669104,2374.0,468.3639029175587,357.6432316506156,2373.571274221851,2445.7102248043007,0.6446958529590214,0.24275598544607935,2445.631619952769,0.652149191088666,0.24335474962577228,0.23709775856923443,0.18380601964963716,8.0,7.83699304525544,7.535405723180233e-06,-0.0006693776322649891,12.205962819582794,5.184386902011568,22.73716862235142,25.15061494451902,-0.005702577064513603,0.0028841674553947427,13.0,13.0,13.0
0,1295,470.132662690477,353.4834826188917,2382.0,444.5883131700462,332.82014325732575,2385.516092512753,2453.5483066393494,0.6447034084959355,0.24209088420961833,2449.309095153678,0.6426064265775997,0.2287319681353234,0.2370877324324283,0.18381895198126585,8.0,7.838081835048797,7.555536914116701e-06,-0.0006651012364610187,-23.77558974751247,-24.823088393289822,11.944818290901821,3.6774752009087024,-0.009542764511066282,-0.014622781490448877,13.0,13.0,13.0
0,1296,470.36974039606866,353.667314502658,2390.0,469.81090249687514,366.9019412078082,2367.2744476637627,2461.3874668624985,0.6447109841332419,0.24143001910085937,2441.173412342671,0.6630207918842027,0.24668149252409305,0.2370777055916733,0.18383188376628823,8.0,7.839160223149065,7.575637306356242e-06,-0.0006608651087589568,25.22258932682894,34.08179795048244,-18.24164484899029,-8.135682811006973,0.02041436530660301,0.01794952438876965,13.0,13.0,13.0
0,1297,470.6068080741147,353.8511593176627,2398.0,467.74835409538804,359.4425610114925,2422.388966764713,2469.227695202725,0.6447185798402058,0.24077335034822755,2493.1818593373528,0.6552067195715983,0.238872345595456,0.23706767804605988,0.1838448150047043,8.0,7.840228340226531,7.595706963847704e-06,-0.0006566687526318171,-2.0625484014871063,-7.459380196315692,55.114519100950474,52.00844699468189,-0.007814072312604448,-0.007809146928637045,13.0,13.0,13.0
0,1298,470.8438657239085,354.03501706335646,2406.0,466.11033092681475,349.75430429931026,2412.879809070167,2477.0689815176497,0.6447261955861526,0.24012083866916387,2482.2521803779496,0.6437366249433067,0.23697470338244014,0.2370576497937691,0.18385774569378555,8.0,7.841286314924673,7.615745946876196e-06,-0.0006525116790636887,-1.6380231685732838,-9.688256712182238,-9.509157694546047,-10.92967895940319,-0.011470094628291516,-0.0018976422130158599,13.0,13.0,13.0
0,1299,471.08091334474466,354.21888773919454,2414.0,481.7307928783044,366.78387270654605,2417.1714355025706,2484.911315791554,0.6447338313404759,0.23947244526275138,2491.8492560133586,0.6507494524121429,0.2454372911992087,0.23704762083616515,0.18387067583807948,8.0,7.842334273904271,7.635754323276345e-06,-0.0006483934064124841,15.62046195148963,17.029568407235786,4.291626432403518,9.597075635409055,0.007012827468836136,0.008462587816768563,13.0,13.0,13.0
0,1300,471.3179509359197,354.4027713446303,2422.0,465.6325496469714,382.46175498424844,2448.574192221994,2492.7546881334288,0.6447414870726269,0.23882813180246826,2521.627696574568,0.6876428831840813,0.24129545556118093,0.23703759117506706,0.1838836054357671,8.0,7.843372341874783,7.655732151001793e-06,-0.0006443134602831246,-16.098243231332958,15.677882277702395,31.40275671942345,29.77844056120921,0.03689343077193841,-0.00414183563802778,13.0,13.0,13.0
0,1301,471.554978496727,354.58666787911534,2430.0,487.19182610470256,360.2130227554883,2435.526197259472,2500.5990887750604,0.6447491627521196,0.23818786042906884,2509.7603779490714,0.6366604735346434,0.24382439284707857,0.2370275608072916,0.1838965344850294,8.0,7.844400641631637,7.675679492669119e-06,-0.0006402713733994203,21.55927645773113,-22.24873222876016,-13.047994962521898,-11.86731862549641,-0.0509824096494379,0.0025289372858976478,13.0,13.0,13.0
0,1302,471.7919960264612,354.7705773421021,2438.0,449.39718924236024,356.78750590971015,2440.1666681381034,2508.4445080691503,0.6447568583485301,0.23755159374359403,2506.7246610596103,0.671025466063843,0.23095503926966712,0.23701752973420298,0.1839094629867759,8.0,7.845419294089879,7.695596410561834e-06,-0.0006362666854748122,-37.794636862342315,-3.4255168457781338,4.640470878631277,-3.0357168894611277,0.034364992529199556,-0.012869353577411452,13.0,13.0,13.0
0,1303,472.0290035244184,354.95449973304494,2446.0,469.54612376514945,348.504850714811,2437.10962602328,2516.2909364874704,0.6447645738314978,0.23691929480050275,2506.2786202994193,0.6385009886135473,0.2354832176623976,0.23700749795716547,0.1839223909428256,8.0,7.846428418320102,7.715482967629583e-06,-0.0006322989430912751,20.148934522789204,-8.282655194899121,-3.0570421148236164,-0.44604076019095373,-0.03252447745029563,0.004528178392730481,13.0,13.0,13.0
0,1304,472.26600098989184,355.1384350513954,2454.0,466.38323224033155,365.0750714588614,2457.336428711952,2524.138364619051,0.6447723091707221,0.23629092710092175,2527.705570471063,0.6641518655503362,0.23651331555823582,0.23699746547345057,0.18393531835044996,8.0,7.8474281315807275,7.735339224379523e-06,-0.000628367699580995,-3.162891524817894,16.570220744050346,20.22680268867225,21.42695017164351,0.025650876936788913,0.0010300978958382168,13.0,13.0,13.0
0,1305,472.50298842217717,355.32238329660686,2462.0,478.8151030279852,374.4343599789372,2466.091899344679,2531.9867831684014,0.6447800643359649,0.23566645458601837,2539.8965035674155,0.6636697904910226,0.24166069022296044,0.23698743228533203,0.18394824521146802,8.0,7.848418549350299,7.755165242762097e-06,-0.0006244725149033847,12.431870787653622,9.359288520075836,8.755470632726883,12.190933096352637,-0.0004820750593136358,0.005147374664724619,13.0,13.0,13.0
0,1306,472.73996582057,355.50634446813183,2470.0,462.3830237864729,348.4541725166709,2469.866048200541,2539.8361829537603,0.644787839297048,0.2350458416304855,2536.820188165483,0.6458043383781347,0.2302601171484679,0.23697739839280985,0.18396117152497027,8.0,7.849399785358855,7.774961083062415e-06,-0.0006206129555328677,-16.43207924151227,-25.980187462266315,3.7741488558622223,-3.0763154019323338,-0.017865452112887925,-0.011400573074492548,13.0,13.0,13.0
0,1307,472.97693318436404,355.6903185654228,2478.0,477.7076831784547,346.3764861795802,2484.3919122918705,2547.6865549053828,0.6447956340238561,0.23442905303614034,2553.50435178934,0.6273609011950717,0.233189636965378,0.23696736379406502,0.1839740972909567,8.0,7.850371951622492,7.794726808119101e-06,-0.0006167885943451634,15.324659391981811,-2.077686337090711,14.525864091329368,16.684163623856875,-0.01844343718306296,0.0029295198169101144,13.0,13.0,13.0
0,1308,473.21389051285496,355.8743055879322,2486.0,451.27775777137214,366.66663344356834,2490.546347038374,2555.537890063852,0.6448034484863334,0.23381605402563702,2557.521679573056,0.6823211668343947,0.22935864758206845,0.23695732849091655,0.18398702250942733,8.0,7.851335158469283,7.814462477329087e-06,-0.0006129990105033234,-26.429925407082578,20.29014726398816,6.154434746503284,4.017327783716155,0.05496026563932299,-0.0038309893833095576,13.0,13.0,13.0
0,1309,473.4508378053383,356.0583055351144,2494.0,467.19862500628443,341.1992680055403,2486.751055179841,2563.390179578426,0.6448112826544876,0.23320681023628614,2553.1592794287885,0.6307791769659559,0.22857716361395589,0.23694729248336444,0.18399994718220114,8.0,7.85228951457384,7.83416815419713e-06,-0.0006092437893508718,15.920867234912293,-25.467365438028025,-3.7952918585328916,-4.362400144267667,-0.05154198986843883,-0.0007814839681125618,13.0,13.0,13.0
0,1310,473.687775061107,356.24231840642005,2502.0,476.6350987259881,338.4689882070847,2519.972438092067,2571.2434147054073,0.6448191364983847,0.23260128771397953,2586.890674547175,0.6174868852197156,0.2279496225815008,0.2369372557686802,0.18401287130564015,8.0,7.853235126981417,7.85384389712096e-06,-0.0006055225223066119,9.436473719703656,-2.7302797984556264,33.22138291222609,33.731395118386445,-0.013292291746240248,-0.0006275410324550756,13.0,13.0,13.0
0,1311,473.92470227945796,356.4263442013025,2510.0,474.55662534949244,351.5507951050338,2518.4600102756103,2579.0975868065516,0.6448270099881515,0.23199945290722537,2586.780387964836,0.6375860365572547,0.23034079873748986,0.23692721835095654,0.18402579488247284,8.0,7.854172101144286,7.873489766718755e-06,-0.000601834806754159,-2.0784733764956513,13.081806897949093,-1.512427816456693,-0.11028658233908573,0.020099151337539034,0.00239117615598905,13.0,13.0,13.0
0,1312,474.1616194596868,356.6103829192134,2518.0,487.79674774238265,355.52401303716846,2515.3721607068533,2586.952687347494,0.6448349030939735,0.2314012726612802,2586.781803286308,0.6298182356453992,0.23551452880290852,0.23691718022882924,0.18403871791088022,8.0,7.855100540942203,7.89310582205438e-06,-0.0005981802459451846,13.240122392890214,3.9732179321346734,-3.087849568757065,0.0014153214719954121,-0.007767800911855471,0.005173730065418658,13.0,13.0,13.0
0,1313,474.3985266010868,356.7944345596061,2526.0,464.6506477794046,347.38552266028887,2536.147931229321,2594.8087078962085,0.6448428157861018,0.230806714212384,2601.657789739947,0.6419808690705276,0.2248841129690612,0.23690714140002456,0.1840516403926813,8.0,7.856020548714696,7.912692128297927e-06,-0.000594558448896193,-23.14609996297804,-8.138490376879588,20.77577052246761,14.875986453639143,0.012162633425128466,-0.010630415833847329,13.0,13.0,13.0
0,1314,474.6354237029541,356.97849912193215,2534.0,483.0366074679307,376.9655136792128,2547.0988138039074,2602.6656401214946,0.6448507480348422,0.23021574518209525,2619.759479406236,0.6626797586741382,0.23607114297280002,0.23689710186727098,0.18406456232605706,8.0,7.856932225286073,7.932248740405434e-06,-0.0005909690302887405,18.3859596885261,29.57999101892392,10.950882574586558,18.101689666289076,0.02069888960361055,0.01118703000373883,13.0,13.0,13.0
0,1315,474.8723107645842,357.1625766056459,2542.0,467.05086590820514,348.47363095290007,2541.017779890059,2610.5234757914895,0.6448586998105649,0.22962833357172108,2606.9794284828,0.641010033070495,0.22543011467288668,0.23688706163011375,0.184077483713736,8.0,7.857835669994984,7.951775722658816e-06,-0.0005874116103741778,-15.985741559725568,-28.491882726312724,-6.081033913848387,-12.780050923436193,-0.02166972560364322,-0.010641028299913341,13.0,13.0,13.0
0,1316,475.10918778527184,357.34666701019705,2550.0,461.6989352961769,369.8403518533862,2529.0180069646267,2618.382206772204,0.6448666710836946,0.2290444477568413,2597.283171366571,0.675376134719083,0.22977922407260262,0.23687702068764338,0.18409040455117065,8.0,7.8587309807144266,7.971273129681045e-06,-0.000583885814879781,-5.351930612028241,21.366720900486143,-11.999772925432353,-9.696257116228935,0.034366101648588,0.004349109399715945,13.0,13.0,13.0
0,1317,475.34605476431125,357.53077033503905,2558.0,462.88540488722384,349.05183806318695,2580.523529768981,2626.241825026089,0.6448746618247211,0.22846405648192852,2644.844375649399,0.6461061137875551,0.22099116254426562,0.23686697903940512,0.18410332484199898,8.0,7.859618253884946,7.99074102653119e-06,-0.0005803912749127726,1.1864695910469436,-20.78851379019926,51.505522804354314,47.56120428282793,-0.029270020931527863,-0.008788061528336999,13.0,13.0,13.0
0,1318,475.5829117010003,357.7148865796253,2566.0,491.7594292213166,326.3614263274362,2571.2230097156844,2634.1023226106227,0.6448826720041902,0.2278871288550588,2638.0915227705686,0.5859186887615502,0.22563296176349582,0.23685693668903696,0.184116244586221,8.0,7.860497584533732,8.010179469164491e-06,-0.0005769276268697276,28.87402433409278,-22.69041173575073,-9.300520053296623,-6.752852878830254,-0.06018742502600494,0.0046417992192301916,13.0,13.0,13.0
0,1319,475.8197585946318,357.8990157434064,2574.0,476.3287411134294,351.73200686299816,2586.9884553468337,2641.9636916769223,0.6448907015927086,0.22731363434270707,2653.886535321428,0.6360504396926075,0.22500760014730484,0.23684689363153666,0.18412916378110822,8.0,7.8613690662996305,8.029588518310149e-06,-0.0005734945123517243,-15.43068810788725,25.370580535561942,15.765445631149305,15.795012550859155,0.05013175093105737,-0.0006253616161909781,13.0,13.0,13.0
0,1320,476.05659544450236,358.08315782583486,2582.0,487.9027495062316,347.4692421693759,2562.7846143541105,2649.8259244683854,0.6448987505609408,0.22674354276463818,2631.852759331275,0.6188465135480208,0.22960295552882037,0.2368368498705422,0.18414208242847963,8.0,7.862232791463157,8.048968232254872e-06,-0.0005700915780688931,11.574008392802227,-4.262764693622273,-24.203840992723144,-22.033775990152662,-0.017203926144586767,0.004595355381515537,13.0,13.0,13.0
0,1321,476.29342224990705,358.2673128263632,2590.0,494.6397009127353,371.8917126347819,2609.5113469928533,2657.6890133193447,0.6449068188796121,0.2261768242888776,2681.887646738753,0.6446799938355849,0.23284904401591408,0.23682680540468937,0.18415500052833522,8.0,7.86308885095923,8.06831867128377e-06,-0.0005667184757605914,6.736951406503692,24.422470465406036,46.72673263874276,50.03488740747798,0.02583348028756416,0.003246088487093707,13.0,13.0,13.0
0,1322,476.53023901014103,358.45148074444296,2598.0,493.4164928957372,354.6731195147378,2598.567264923874,2665.5529506537564,0.6449149065195053,0.22561344942676906,2668.6709590172013,0.6232394391548068,0.2297170649936903,0.23681676023397813,0.1841679180797655,8.0,7.86393733441173,8.087639893239462e-06,-0.0005633748621085288,-1.2232080169981145,-17.218593120044147,-10.944082068979242,-13.216687721551807,-0.0214405546807781,-0.0031319790222237853,13.0,13.0,13.0
0,1323,476.7670457244999,358.63566157952664,2606.0,467.70429173577173,386.9864090958706,2631.422011521531,2673.4177289839035,0.6449230134514631,0.2250533890281154,2700.5346855859852,0.6912364024033975,0.22672507604801867,0.23680671435886325,0.18418083508368,8.0,7.864778330147146,8.106931957740926e-06,-0.0005600603986536667,-25.712201159965446,32.313289581132835,32.85474659765714,31.86372656878393,0.06799696324859061,-0.0029919889456716253,13.0,13.0,13.0
0,1324,477.00384239227924,358.8198553310667,2614.0,457.6790926003191,373.12637486385995,2596.6921293825453,2681.2833409091263,0.6449311396463866,0.22449661427639916,2662.987693967014,0.6839753844336945,0.22360308039697166,0.23679666777934472,0.18419375154007867,8.0,7.865611925222765,8.126194923518959e-06,-0.0005567747517162269,-10.025199135452624,-13.860034232010662,-34.729882138985886,-37.54699161897133,-0.00726101796970291,-0.0031219956510470104,13.0,13.0,13.0
0,1325,477.2406290127742,359.00406199851477,2622.0,479.6121446321331,357.28803620271657,2605.8386565835053,2689.1497791145703,0.6449392850752348,0.2239430966840833,2673.588908983046,0.6402625661250273,0.22560282697547876,0.2367866204949678,0.18420666744805203,8.0,7.866438205443956,8.145428848194136e-06,-0.0005535175923158664,21.933052031813986,-15.838338661143382,9.146527200960008,10.601215016032256,-0.043712818308667245,0.0019997465785071,13.0,13.0,13.0
0,1326,477.4774055852804,359.18828158132146,2630.0,480.5861445433306,345.90131264905443,2649.6651310473962,2697.017036369958,0.6449474497090235,0.2233928080879904,2715.020454270608,0.623857612165652,0.2198588666154903,0.23677657250618722,0.1842195828066906,8.0,7.867257255387813,8.164633788720899e-06,-0.0005502885960929071,0.9739999111974953,-11.386723553662137,43.82647446389092,41.431545287561676,-0.016404953959375246,-0.005743960359988448,13.0,13.0,13.0
0,1327,477.7141721090943,359.3725140789411,2638.0,498.8911256235826,368.08920763106465,2648.54444679836,2704.885105528384,0.6449556335188307,0.22284572064475947,2720.1414865162546,0.6356567976814483,0.2299450185297585,0.2367665238139125,0.18423249761963234,8.0,7.868069158425897,8.183809807160713e-06,-0.0005470874432309258,18.30498108025199,22.18789498201022,-1.120684249036458,5.121032245646802,0.011799185515796284,0.010086151914268177,13.0,13.0,13.0
0,1328,477.9509285835102,359.55675949082433,2646.0,488.05986188331707,355.9910559797667,2653.3730980474734,2712.7539795251214,0.6449638364757897,0.22230180682637396,2721.2719191880105,0.6301864881441399,0.2238552662944027,0.2367564744158699,0.18424541188323929,8.0,7.86887399673742,8.202956959024732e-06,-0.0005439138183855052,-10.831263740265513,-12.09815165129794,4.828651249113591,1.130432671755898,-0.0054703095373084265,-0.006089752235355794,13.0,13.0,13.0
0,1329,478.1876750078245,359.74101781642185,2654.0,501.23103299237033,348.7585912911805,2675.2840023708445,2720.62365137646,0.6449720585510897,0.22176103941576858,2744.0862954315726,0.6079043473899846,0.22440327545038766,0.23674642431433313,0.18425832559751143,8.0,7.869671851338808,8.22207530004615e-06,-0.0005407674106053806,13.171171109053262,-7.232464688586219,21.910904323371142,22.814376243562037,-0.022282140754155355,0.0005480091559849631,13.0,13.0,13.0
0,1330,478.424411381332,359.925289055187,2662.0,483.2872806547065,360.26164035679665,2663.711958776852,2728.494114178558,0.6449802997159833,0.22122339150250522,2731.065075110076,0.6405762752461934,0.22254837431537283,0.23673637350748322,0.18427123876517726,8.0,7.870462802097791,8.24116489350768e-06,-0.000537647913263356,-17.943752337663852,11.503049065616153,-11.572043593992476,-13.021220321496457,0.03267192785620887,-0.0018549011350148248,13.0,13.0,13.0
0,1331,478.66113770332913,360.10957320657144,2670.0,454.3734863758683,373.55071020934037,2643.09843406619,2736.3653611063096,0.6449885599417762,0.220688836478521,2707.7600946875646,0.6880855211866093,0.21897845760997,0.23672632199713917,0.18428415138441778,8.0,7.871246927751599,8.260225792922071e-06,-0.0005345550239842234,-28.913794278838168,13.289069852543719,-20.613524710662205,-23.304980422511562,0.047509245940415834,-0.003569916705402826,13.0,13.0,13.0
0,1332,478.8978539731106,360.2938702700267,2678.0,476.95845220304557,378.91824100569875,2686.929341796153,2744.2373854122397,0.6449968391998337,0.22015734803394493,2755.114822707011,0.6713458208373113,0.22294147851285295,0.23671626978148197,0.184297063455233,8.0,7.872024305930154,8.279258057575234e-06,-0.000531488444576067,22.584965827177257,5.3675307963583805,43.8309077299632,47.35472801944661,-0.016739700349297948,0.003963020902882947,13.0,13.0,13.0
0,1333,479.1345601899743,360.4781802450043,2686.0,475.9288061439678,362.79827789195434,2683.453558896982,2752.1101804254113,0.6450051374615751,0.219628900152985,2749.3733507321026,0.6513237540938507,0.21942071344544345,0.23670621686369486,0.18430997497762291,8.0,7.872795013171526,8.298261741312984e-06,-0.0005284478809599313,-1.029646059077777,-16.119963113744404,-3.4757828991710085,-5.741471974908563,-0.02002206674346063,-0.0035207650674095037,13.0,13.0,13.0
0,1334,479.3712563532131,360.6625031309559,2694.0,493.9006369155519,356.3822074052937,2698.2270886955366,2759.983739550352,0.6450134546984821,0.21910346710987863,2766.111989611239,0.6250540361280146,0.22200304293645842,0.23669616323877563,0.18432288595158752,8.0,7.873559124940584,8.317236907084968e-06,-0.0005254330431063714,17.97183077158411,-6.416070486660658,14.773529798554591,16.738638879136488,-0.026269717965836104,0.002582329491014973,13.0,13.0,13.0
0,1335,479.60794246212436,360.846838927333,2702.0,473.83075049838794,372.4012276560483,2715.5336182854644,2767.8580562660004,0.645021790882089,0.21858102346491412,2781.6040491982576,0.6661070682856282,0.21839078896563885,0.23668610891127173,0.18433579637712683,8.0,7.874316715648547,8.336183606849623e-06,-0.0005224436449645098,-20.069886417163957,16.019020250754636,17.306529589927777,15.492059587018502,0.04105303215761358,-0.0036122539708195733,13.0,13.0,13.0
0,1336,479.84461851600463,361.03118763358725,2710.0,467.4481497714132,365.06931639217237,2701.289280773118,2775.733124124668,0.6450301459839879,0.21806154406051179,2765.636844727723,0.6630375118049896,0.2161370133498296,0.23667605388027368,0.18434870625424082,8.0,7.875067858667535,8.355101898893658e-06,-0.0005194794044023343,-6.382600726974715,-7.331911263875952,-14.244337512346192,-15.967204470534398,-0.003069556480638558,-0.0022537756158092503,13.0,13.0,13.0
0,1337,480.08128451414814,361.21554924916927,2718.0,486.7371034783791,361.3826201082727,2702.8130818388463,2783.608936751018,0.6450385199758285,0.21754500401737042,2769.965516279588,0.6386577406260363,0.22064292629098936,0.23666599814350775,0.18436161558202002,8.0,7.875812626350125,8.373991840615602e-06,-0.0005165400431413614,19.288953706965856,-3.686696283899664,1.5238010657280938,4.3286715518647725,-0.02437977117895329,0.004505912941159762,13.0,13.0,13.0
0,1338,480.3179404558514,361.3999237735334,2726.0,461.8484120966699,356.37231493890346,2721.952371568969,2791.4854878410647,0.6450469128293201,0.21703137873067777,2783.761824528288,0.6571960791907099,0.21112189512677992,0.23665594170324766,0.1843745243641024,8.0,7.8765510900466325,8.392853491634433e-06,-0.0005136252866926594,-24.88869138170918,-5.010305169369246,19.139289730122528,13.796308248699916,0.018538338564673573,-0.009521031164209437,13.0,13.0,13.0
0,1339,480.5545863404104,361.5843112061275,2734.0,486.1805851655193,376.7043786623528,2716.668308552347,2799.362771161182,0.6450553245162206,0.21652064386637737,2785.4199771287535,0.6592000928431014,0.22264279363409586,0.23664588455903868,0.1843874325941215,8.0,7.877283320117385,8.411686900466897e-06,-0.0005107348643003939,24.332173068849386,20.332063723449323,-5.284063016621985,1.6581526004656553,0.0020040136523915564,0.011520898507315941,13.0,13.0,13.0
0,1340,480.79122216712176,361.76871154640503,2742.0,484.1207809930324,364.2037726106226,2741.8475098546555,2807.240780547137,0.6450637550083507,0.21601277535750138,2807.978825751592,0.6449711006808474,0.21745916545012287,0.23663582671133554,0.18440034027753427,8.0,7.878009385955011,8.430492130062639e-06,-0.0005078685088759916,-2.0598041724869063,-12.500606051730188,25.179201302308684,22.558848622838468,-0.01422899216225404,-0.005183628183972999,13.0,13.0,13.0
0,1341,481.02784793528053,361.95312479381664,2750.0,490.8321496335666,373.70725978579003,2752.8610521255046,2815.119509903133,0.6450722042775853,0.21550774940055592,2821.137587470709,0.6507413614382955,0.2204542143674006,0.236625768158774,0.18441324741161225,8.0,7.878729355995802,8.449269234600543e-06,-0.0005050259569454596,6.711368640534204,9.503487175167436,11.01354227084903,13.158761719117138,0.005770260757448131,0.002995048917277726,13.0,13.0,13.0
0,1342,481.26446364418234,362.1375509478148,2758.0,477.9491478129982,360.87850444495444,2768.2529010237854,2822.9989532008694,0.6450806722958574,0.21500554245196965,2832.294618660319,0.6467292804212998,0.2130585720152343,0.23661570890180883,0.1844261539981744,8.0,7.879443297736543,8.468018272145272e-06,-0.0005022069485862701,-12.883001820568381,-12.828755340835585,15.391848898280841,11.157031189609825,-0.004012081016995683,-0.007395642352166304,13.0,13.0,13.0
0,1343,481.5010692931237,362.3219900078502,2766.0,492.5953104825154,353.65569506468387,2760.0520087626282,2830.8791044786194,0.6450891590351526,0.21450613122459505,2825.8820891246805,0.6226674711987616,0.2162703011669539,0.2366056489413495,0.18443906003540178,8.0,7.880151277749974,8.486739295210377e-06,-0.0004994112273745965,14.646162669517196,-7.222809380270576,-8.20089226115715,-6.412529535638441,-0.0240618092225382,0.0032117291517196056,13.0,13.0,13.0
0,1344,481.73766488140154,362.5064419733735,2774.0,473.29221309109954,363.3273862346341,2797.6725869060356,2838.759957840321,0.6450976644675118,0.21400949268426775,2860.5915842857175,0.6547078850832398,0.21012475738354988,0.23659558827785077,0.18445196552329435,8.0,7.880853361701611,8.505432359195986e-06,-0.0004966385403273044,-19.30309739141586,9.671691169950236,37.62057814340733,34.70949516103701,0.0320404138844782,-0.006145543783404012,13.0,13.0,13.0
0,1345,481.9742504083101,362.6909068438363,2782.0,477.13752516079524,370.6781198844479,2761.6418230981894,2846.641507454681,0.6451061885650359,0.21351560404641837,2826.964457782009,0.6604829125857852,0.2153904806312295,0.23658552690858414,0.1844648704627616,8.0,7.881549614359756,8.524097524054142e-06,-0.0004938886378493823,3.8453120696956944,7.350733649813776,-36.03076380784614,-33.627126503708496,0.005775027502545327,0.005265723247679627,13.0,13.0,13.0
0,1346,482.21082587314777,362.87538461868917,2790.0,495.5184673787237,354.47061532314444,2777.8109300975525,2854.5237475542963,0.6451147312998754,0.2130244427727411,2843.839224008692,0.6209558363398191,0.2159093268952228,0.23657546483764236,0.18447777485289407,8.0,7.882240099615501,8.542734839522836e-06,-0.0004911612736772653,18.380942217928464,-16.207504561303438,16.169106999363066,16.874766226682823,-0.039527076245966075,0.0005188462639932889,13.0,13.0,13.0
0,1347,482.44739127520825,363.0598752973847,2798.0,488.460998811996,381.08434027721444,2797.768746785301,2862.40667243479,0.6451232926442438,0.2125359865679107,2865.541725791744,0.6625341727585088,0.21792126541746012,0.23656540206047794,0.18449067869551072,8.0,7.882924880493647,8.561344368440693e-06,-0.0004884562048304009,-7.057468566727721,26.613724954069994,19.95781668774862,21.702501783051957,0.04157833641868969,0.0020119385222373276,13.0,13.0,13.0
0,1348,482.683946613789,363.24437887937256,2806.0,476.98915614347766,358.29362845766053,2823.0731259781214,2870.2902764539554,0.6451318725704023,0.21205021337635535,2885.4176220941927,0.6442410233847038,0.20825469830176147,0.23655533858072886,0.18450358198788308,8.0,7.883604019165432,8.57992615843628e-06,-0.0004857731915553498,-11.47184266851832,-22.790711819553906,25.304379192820306,19.875896302448837,-0.018293149373804996,-0.00966656711569866,13.0,13.0,13.0
0,1349,482.92049188818737,363.4288953641053,2814.0,485.21033515402263,373.894914764487,2809.8005714004607,2878.174554030923,0.645140471050671,0.21156710137907797,2875.796537947248,0.6565447162267156,0.2146489045180589,0.23654527439839512,0.18451648473273963,8.0,7.884277576967634,8.598480268684483e-06,-0.0004831119972773801,8.221179010544972,15.601286306826466,-13.272554577660685,-9.621084146944668,0.012303692842011826,0.006394206216297438,13.0,13.0,13.0
0,1350,483.1570270976972,363.61342475103265,2822.0,479.6638750395907,373.6593038308569,2833.735145580733,2886.059499645331,0.6451490880574248,0.211086628990526,2898.2328380681934,0.6618057421709276,0.21136309547755514,0.23653520950983875,0.18452938692735188,8.0,7.884945614408025,8.617006753808276e-06,-0.00048047238855197794,-5.546460114431909,-0.23561093363008467,23.934574180272193,22.43630012094536,0.005261025944211961,-0.0032858090405037677,13.0,13.0,13.0
0,1351,483.39355224161545,363.7979670396053,2830.0,477.4846591726904,362.58441973227264,2830.154183583691,2893.945107836518,0.6451577235630919,0.21060877485551419,2892.9624546533814,0.6494668617359058,0.2087569300934945,0.23652514391824297,0.18454228857262933,8.0,7.8856081911872025,8.635505667098364e-06,-0.00047785413501180707,-2.1792158669003356,-11.074884098584278,-3.580961997041868,-5.270383414811931,-0.012338880435021737,-0.002606165384060638,13.0,13.0,13.0
0,1352,483.63006731923997,363.9825222292757,2838.0,482.2245127239455,377.1269646567531,2847.9408552933205,2901.8313732027223,0.6451663775401562,0.21013351784619305,2912.99370809343,0.6637038121405425,0.2117336810517067,0.2365150776245173,0.18455518967039097,8.0,7.886265366204043,8.653977064287943e-06,-0.0004752570093211339,4.739853551255123,14.542544924480467,17.786671709629445,20.03125344004866,0.014236950404636683,0.0029767509582122043,13.0,13.0,13.0
0,1353,483.86657232986545,364.1670903194936,2846.0,505.31997217777507,375.5769713846903,2860.124757087114,2909.7182904002957,0.6451750499611563,0.20966083705906233,2928.6037563690425,0.6391644192882757,0.2166772407433133,0.23650501062547846,0.18456809021790832,8.0,7.886917197573439,8.672421000111008e-06,-0.0004726807871307248,23.095459453829562,-1.5499932720628067,12.183901793793666,15.610048275612371,-0.024539392852266806,0.004943559691606592,13.0,13.0,13.0
0,1354,484.10306727278885,364.3516713097097,2854.0,468.7362197161697,368.31225338467135,2841.7223973356604,2917.605854142931,0.6451837407986839,0.20919071181203536,2903.576026761867,0.6659949710469332,0.20677831182631273,0.23649494292340023,0.18458099021609087,8.0,7.887563742635393,8.69083752763622e-06,-0.0004701252470269701,-36.58375246160534,-7.264718000018945,-18.402359751453787,-25.027729607175388,0.02683055175865745,-0.00989892891700056,13.0,13.0,13.0
0,1355,484.3395521473062,364.53626519937734,2862.0,496.94716023347064,358.095811228296,2871.883402307547,2925.4940592009007,0.6451924500253895,0.2087231216415461,2936.478054835917,0.6244123814519109,0.21013540968222993,0.2364848745173731,0.1845938896676671,8.0,7.8882050579695715,8.709226705594375e-06,-0.00046759017048925156,28.210940517300912,-10.216442156375365,30.16100497188654,32.90202807405012,-0.04158258959502226,0.0033570978559172016,13.0,13.0,13.0
0,1356,484.5760269527145,364.7208719879436,2870.0,490.93873223088883,369.91046078796865,2869.225405292368,2933.382900400308,0.6452011776139688,0.20825804629970035,2934.3328056272,0.6457219207789311,0.2110482683371867,0.23647480540830657,0.18460678856627055,8.0,7.888841199407125,8.727588579282575e-06,-0.0004650753418457554,-6.008428002581809,11.81464955967266,-2.6579970151788075,-2.1452492087173596,0.021309539327020177,0.0009128586549567719,13.0,13.0,13.0
0,1357,484.81249168830936,364.90549167486097,2878.0,505.19215163356085,367.31631382130485,2897.1349953125523,2941.2723726223485,0.6452099235371798,0.20779546575147348,2963.7023409134868,0.6286717801382822,0.2123462424590323,0.23646473559483638,0.1846196869173582,8.0,7.889472222040695,8.74592321098433e-06,-0.0004625805482268708,14.253419402672023,-2.5941469666638,27.90959002018417,29.36953528628692,-0.017050140640648914,0.0012979741218455965,13.0,13.0,13.0
0,1358,485.04894635338815,365.090124259581,2886.0,493.2590944484518,365.57264401718044,2911.103174911861,2949.162470802585,0.6452186877678314,0.20733536017194948,2975.1419440577515,0.6378047186688696,0.20785703813275536,0.23645466507878155,0.18463258472002053,8.0,7.890098180236691,8.764230651658877e-06,-0.00046010557952400055,-11.933057185109078,-1.7436698041244085,13.968179599308769,11.439603144264765,0.009132938530587387,-0.0044892043262769465,13.0,13.0,13.0
0,1359,485.2853909472469,365.2747697415525,2894.0,500.2361034094729,365.7772060623278,2895.425364486893,2957.0531899302327,0.6452274702787844,0.2068777099436016,2960.999352405048,0.6313660892025039,0.21084650214874248,0.2364445938587778,0.18464548197152908,8.0,7.890719127647571,8.782510952931588e-06,-0.0004576502283478723,6.977008961021113,0.20456204514738374,-15.677810424967902,-14.142591652703686,-0.006438629466365642,0.0029894640159871255,13.0,13.0,13.0
0,1360,485.52182546918175,365.45942812022804,2902.0,477.64808281944744,368.94825871331193,2917.7633578762857,2964.9445250474573,0.6452362710429578,0.20642249565361714,2979.5324333180492,0.6577005452851601,0.2039762683434537,0.23643452193482517,0.18465837867552182,8.0,7.891335117224571,8.800764173422237e-06,-0.00045521428998446245,-22.58802059002545,3.171052650984109,22.337993389392523,18.533080913001413,0.026334456082656166,-0.0068702338052887835,13.0,13.0,13.0
0,1361,485.75824991849004,365.6440993950573,2910.0,490.66901688928766,362.30523020668966,2914.991449279159,2972.836471248679,0.6452450900333191,0.2059696980912611,2978.1195935255582,0.6360293854867131,0.20626502680360206,0.23642444930828788,0.18467127482927026,8.0,7.891946201221799,8.818990361314505e-06,-0.0004527975623560554,13.020934069840223,-6.643028506622272,-2.7719085971266395,-1.4128397924910132,-0.021671159798447026,0.0022887584601483657,13.0,13.0,13.0
0,1362,485.9946642944674,365.828783565491,2918.0,493.1491741946925,360.794554733156,2915.2083966416235,2980.729023679895,0.6452539272228924,0.2055192982452802,2978.558177136016,0.6316294777282492,0.20661282084634947,0.23641437597734694,0.1846841704336839,8.0,7.89255243121579,8.837189573340787e-06,-0.00045039984598088667,2.4801573054048163,-1.510675473533638,0.21694736246445245,0.4385836104579539,-0.0043999077584638835,0.00034779404274740133,13.0,13.0,13.0
0,1363,486.23106859641166,366.01348063097885,2926.0,478.0508973081524,353.37914348268595,2925.3793256043364,2988.622177538006,0.6452627825847517,0.20507127730134772,2985.17230292306,0.6365585048645601,0.20048550185728276,0.23640430194427609,0.18469706548785325,8.0,7.8931538581109635,8.855361859239075e-06,-0.00044802094393248115,-15.098276886540077,-7.415411250470072,10.170928962712878,6.614125787044031,0.004929027136310937,-0.00612731898906671,13.0,13.0,13.0
0,1364,486.4674628236189,366.19819059097244,2934.0,505.4649720292839,400.0803264372961,2943.6192098395913,2996.5159280701564,0.645271656092028,0.20462561663954562,3013.3790266223396,0.6695423225356891,0.21559177550464828,0.23639422720725634,0.1847099599935973,8.0,7.893750532150534,8.873507276296877e-06,-0.00044566066180209973,27.4140747211315,46.70118295461015,18.239884235254976,28.206723699279337,0.03298381767112901,0.015106273647365526,13.0,13.0,13.0
0,1365,486.7038469753861,366.38291344492154,2942.0,498.97766636125294,357.47233679166055,2945.504573300001,3004.410270573084,0.6452805477179021,0.20418229783188524,3008.78087843396,0.6216543595370744,0.20544914868556638,0.23638415176719718,0.18472285394909704,8.0,7.8943425029274295,8.891625874141162e-06,-0.0004433188076603811,-6.487305668030956,-42.60798964563554,1.8853634604097351,-4.598148188379582,-0.04788796299861475,-0.010142626819081901,13.0,13.0,13.0
0,1366,486.9402210510084,366.5676491922777,2950.0,489.0987369563159,355.4392028673269,2937.8586022512304,3012.3052003924768,0.6452894574356123,0.20374130263986576,2999.4279068263627,0.6284365091792334,0.20296615157711234,0.23637407562227963,0.1847357473561715,8.0,7.894929819392928,8.909717710170462e-06,-0.00044099519201948323,-9.878929404937026,-2.03313392433364,-7.645971048770662,-9.352971607597283,0.006782149642159063,-0.002482997108454038,13.0,13.0,13.0
0,1367,487.176585049785,366.7523978324898,2958.0,484.4994731600728,342.2000148277743,2950.734200118284,3020.2007129223466,0.6452983852184413,0.20330261301206967,3009.762932423118,0.6149389467440931,0.19837774288469262,0.23636399877659642,0.18474864021209214,8.0,7.895512529869848,8.92778282901574e-06,-0.000438689627796085,-4.599263796243122,-13.23918803955263,12.875597867053784,10.335025596755258,-0.013497562435140331,-0.004588408692419721,13.0,13.0,13.0
0,1368,487.4129389710106,366.9371593650094,2966.0,476.19934111984287,381.5983898857451,2962.1774095408846,3028.096803604406,0.6453073310397331,0.20286621108179279,3024.380622415226,0.6755585171318153,0.20316568629250736,0.23635392122560006,0.1847615325195875,8.0,7.896090682059366,8.945821291850287e-06,-0.00043640193027688623,-8.300132040229926,39.39837505797084,11.443209422600376,14.617689992107898,0.060619570387722144,0.004787943407814743,13.0,13.0,13.0
0,1369,487.6492828139835,367.1219337892853,2974.0,489.04034127115904,379.1758399426358,2967.1259832466876,3035.993467927455,0.6453162948728769,0.20243207916471215,3030.968718651586,0.6595266670102707,0.20561049922766422,0.23634384297292854,0.18477442427592905,8.0,7.896664323049208,8.963833143749156e-06,-0.0004341319170806379,12.841000151316166,-2.4225499431093453,4.948573705803028,6.588096236360343,-0.01603185012154451,0.0024448129351568593,13.0,13.0,13.0
0,1370,487.8856165779994,367.30672110476917,2982.0,464.402756875518,367.4936326810472,2980.6892322445556,3043.890701426783,0.6453252766913201,0.20200019975658698,3038.9520874593154,0.6694290390819226,0.19613055785463704,0.23633376401585338,0.1847873154838453,8.0,7.89723349932774,8.981818443221101e-06,-0.0004318794081251687,-24.637584395641056,-11.682207261588587,13.563248997867959,7.983368807729221,0.0099023720716519,-0.009479941373027184,13.0,13.0,13.0
0,1371,488.12194026235557,367.4915213109107,2990.0,495.7579755213353,353.7876646008818,2978.32152650776,3051.78849968357,0.6453342764685587,0.2015705555309949,3039.95736765769,0.6198150291811526,0.20171325749348526,0.23632368435619355,0.18480020614151726,8.0,7.897798256787155,8.999777238560824e-06,-0.0004296442255920796,31.35521864581733,-13.705968080165405,-2.367705736795415,1.0052801983747486,-0.04961400990077003,0.005582699638848221,13.0,13.0,13.0
0,1372,488.3582538663495,367.67633440715963,2998.0,496.76041704070724,387.3073383027789,3011.2943293681906,3059.686858324308,0.6453432941781405,0.20114312933710154,3076.470611646837,0.6622187644070335,0.20620686776785863,0.23631360399394907,0.18481309624894493,8.0,7.898358640738024,9.017709581837785e-06,-0.00042742619389335434,1.0024415193719278,33.51967370189709,32.97280286043042,36.51324398914676,0.04240373522588092,0.004493610274373366,13.0,13.0,13.0
0,1373,488.59455738927727,367.8611603929676,3006.0,488.0863262320326,368.84097288516193,3016.273788227923,3067.5857730202238,0.6453523297936691,0.2007179041974632,3077.6906099678667,0.6471314920744209,0.20011104382624237,0.2363035229277557,0.1848259858079473,8.0,7.898914695915664,9.035615528563135e-06,-0.00042522513963835773,-8.674090808674634,-18.46636541761694,4.979458859732404,1.2199983210298342,-0.015087272332612645,-0.006095823941616257,13.0,13.0,13.0
0,1374,488.83085083043534,368.04599926778246,3014.0,480.2253975344808,348.8535514849631,3016.9584208139563,3075.4852394867103,0.6453613832887947,0.2002948633058618,3074.793219997251,0.6282495323935271,0.1942606101295772,0.23629344115806816,0.18483887481488637,8.0,7.899466466486501,9.053495125588285e-06,-0.00042304089160138947,-7.860928697551799,-19.987421400198855,0.6846325860333309,-2.897389970615677,-0.01888195968089379,-0.005850433696665158,13.0,13.0,13.0
0,1375,489.0671341891225,368.23085103105586,3022.0,493.8589123193198,391.9591374242876,3018.5684007521636,3083.3852534827715,0.6453704546372216,0.19987399002517403,3083.7126618261777,0.6708669328135635,0.20591294708728197,0.23628335868716022,0.18485176327340014,8.0,7.900013996061261,9.071348426981096e-06,-0.00042087328068776686,13.633514784839008,43.1055859393245,1.6099799382072888,8.919441828926665,0.042617400420036367,0.011652336957704762,13.0,13.0,13.0
0,1376,489.3034074646348,368.41571568223844,3030.0,467.2937045047626,397.2183378339219,3057.9890856860698,3091.2858108104724,0.6453795438127078,0.1994552678852682,3118.8849068788118,0.7045172824367397,0.19793301537237395,0.23627327551230337,0.1848646511825791,8.0,7.900557327700881,9.089175486143297e-06,-0.0004187221399058194,-26.565207814557198,5.259200409634332,39.42068493390616,35.172245052634025,0.03365034962317626,-0.007979931714908017,13.0,13.0,13.0
0,1377,489.53967065626784,368.60059322077814,3038.0,498.20390158822534,371.32408924510304,3027.883885276353,3099.1869073143935,0.6453886507890587,0.19903868058093416,3090.98196848957,0.6405027322558532,0.20240275465671786,0.23626319163304288,0.1848775385396948,8.0,7.901096503921053,9.1069763509255e-06,-0.000416587304334054,30.91019708346272,-25.89424858881887,-30.105200409716872,-27.902938389241626,-0.06401455018088653,0.00446973928434391,13.0,13.0,13.0
0,1378,489.7759237633213,368.7854836461265,3046.0,496.87670377974274,364.81441241965166,3045.098443447502,3107.0885388811053,0.6453977755401326,0.19862421196984592,3106.8634576618456,0.6333220411302857,0.1997318440764237,0.23625310705347147,0.18489042534838518,8.0,7.901631566711785,9.124751073841253e-06,-0.00041446861108823674,-1.3271978084825946,-6.509676825451379,17.214558171149292,15.881489172275451,-0.007180691125567518,-0.0026709105802941724,13.0,13.0,13.0
0,1379,490.0121667850908,368.97038695773244,3054.0,484.4372538385818,395.4324413182618,3072.1374203140044,3114.990701438635,0.6454069180398389,0.1982118460705486,3135.1354991207595,0.6845842850800025,0.20080772713087738,0.2362430217694964,0.18490331160592177,8.0,7.902162557529664,9.142499706293883e-06,-0.0004123658992973289,-12.439449941160944,30.618028898610135,27.038976866502253,28.272041458913918,0.05126224394971679,0.0010758830544536913,13.0,13.0,13.0
0,1380,490.24839972087375,369.15530315504657,3062.0,491.57920039774194,391.0061224613617,3051.198459048664,3122.8933909559532,0.6454160782621391,0.19780156706048022,3115.18024110434,0.6719347804203726,0.20302415409879387,0.2362329357829367,0.18491619731412356,8.0,7.902689517318322,9.160222300241827e-06,-0.0004102790100683762,7.1419465591601465,-4.426318856900082,-20.938961265340367,-19.95525801641952,-0.012649504659629884,0.0022164269679164905,13.0,13.0,13.0
0,1381,490.48462256996663,369.34023223751865,3070.0,514.0455102292377,374.46438208911644,3093.15188589994,3130.7966034424635,0.6454252561810452,0.19739335927401894,3157.8560684880144,0.629575934003168,0.20278198297876324,0.23622284909288283,0.18492908247208106,8.0,7.903212486510256,9.17791890608921e-06,-0.00040820778646127875,22.466309831495778,-16.541740372245272,41.95342685127616,42.67582738367446,-0.042358846417204554,-0.00024217112003063757,13.0,13.0,13.0
0,1382,490.72083533166824,369.52517420459844,3078.0,501.2005187268006,367.33697682095874,3077.983123792235,3138.7003349475003,0.6454344517706176,0.19698720720056093,3140.082566567602,0.6324762221960363,0.19920794510556786,0.23621276170160854,0.18494196707979427,8.0,7.903731505036831,9.195589572463803e-06,-0.0004061520734580104,-12.844991502437097,-7.127405268157702,-15.168762107705334,-17.7735019204124,0.00290028819286825,-0.0035740378731953792,13.0,13.0,13.0
0,1383,490.9570380052737,369.7101290557357,3086.0,508.19105089550044,381.3605018241947,3081.9840230110453,3146.6045815598313,0.6454436650049717,0.19658309548262368,3146.7951148203506,0.6437746047915753,0.2033076190205635,0.23620267360547587,0.18495485113726318,8.0,7.904246612331008,9.213234354099598e-06,-0.00040411171793725,6.990532168699815,14.023525003235989,4.000899218810446,6.712548252748547,0.011298382595539058,0.004099673914995633,13.0,13.0,13.0
0,1384,491.19323059008184,369.8950967903793,3094.0,484.3045413854257,378.12643557319524,3106.187730755395,3154.509339407174,0.6454528958582677,0.19618100891397972,3166.3753265810396,0.6628996932589092,0.1952889385224453,0.23619258480812277,0.1849677346435783,8.0,7.9047578473428075,9.230853295960628e-06,-0.0004020865686439612,-23.886509510074745,-3.23406625099949,24.203707744349686,19.580211760689053,0.01912508846733385,-0.008018680498118186,13.0,13.0,13.0
0,1385,491.42941308538957,370.08007740797893,3102.0,496.06214411495887,363.92735944342985,3096.8122437960515,3162.4146046557125,0.6454621443047203,0.19578093243781527,3157.3354030100336,0.6329434156083595,0.1961153717060135,0.23618249530773028,0.18498061759964912,8.0,7.905265248538399,9.248446452558845e-06,-0.0004000764761644404,11.757602729533176,-14.199076129765388,-9.375486959343561,-9.039923571006057,-0.029956277650549645,0.0008264331835682037,13.0,13.0,13.0
0,1386,491.6655854904943,370.26507090798714,3110.0,487.45987039300644,348.093506441636,3139.741600806136,3170.320373509625,0.6454714103185967,0.19538285114491652,3196.3672402124066,0.6201243460476484,0.1885108988816249,0.23617240510475312,0.18499350000820414,8.0,7.905768853912377,9.266013876407797e-06,-0.0003980812928987554,-8.602273721952429,-15.833853001793841,42.92935701008446,39.031837202373026,-0.012819069560711105,-0.007604472824388614,13.0,13.0,13.0
0,1387,491.9017478046926,370.45007728985,3118.0,471.09860435705855,337.7710892912865,3126.2620164400573,3178.226642210616,0.6454806938742075,0.1949867502718799,3179.5498736808713,0.6220352098817987,0.18333894445664933,0.23616231419828182,0.18500638186287688,8.0,7.90626870099095,9.283555610806182e-06,-0.00039610087303662556,-16.361266035947892,-10.322417150349509,-13.479584366078598,-16.8173665315353,0.0019108638341502893,-0.005171954424975561,13.0,13.0,13.0
0,1388,492.13790002728274,370.63509655301823,3126.0,475.99715643620107,371.051280478297,3146.813336393809,3186.1334070374596,0.6454899949459176,0.19459261519935225,3204.1670555365663,0.6621303747597584,0.18949081524951222,0.23615222259013535,0.18501926316821482,8.0,7.906764826843755,9.301071710154929e-06,-0.00039413507252764046,4.898552079142519,33.28019118701047,20.551319953751772,24.61718185569498,0.04009516487795972,0.00615187079286289,13.0,13.0,13.0
0,1389,492.3740421575617,370.82012869694154,3134.0,508.1539566272925,397.25935565622854,3112.4692957568645,3194.0406643055426,0.6454993135081418,0.19420043145029195,3178.6004084064434,0.663525622997134,0.20434113234793527,0.23614213027894948,0.18503214392330847,8.0,7.907257268082958,9.318562224192029e-06,-0.0003921837490603042,32.156800191091406,26.208075177931562,-34.344040636944555,-25.566647130122874,0.0013952482373755792,0.01485031709842305,13.0,13.0,13.0
0,1390,492.6101741948273,371.0051737210697,3142.0,509.3778473232935,381.3984556485956,3141.1296029599384,3201.948410366422,0.6455086495353439,0.1938101846882575,3204.9377148247527,0.642702883491373,0.1998786163557344,0.2361320372656337,0.18504502412815782,8.0,7.907746060879617,9.336027202100361e-06,-0.0003902467620344463,1.2238906960010354,-15.86090000763295,28.6603072030739,26.337306418309254,-0.02082273950576108,-0.004462515992200877,13.0,13.0,13.0
0,1391,492.84629613837615,371.19023162485246,3150.0,508.52484747844585,392.7969733118677,3148.660920696444,3209.856641607383,0.6455180030020388,0.19342186071571893,3213.557619876594,0.6576989059841012,0.20131069413508645,0.23612194354882377,0.18505790378276288,8.0,7.9082312409609585,9.353466694839163e-06,-0.0003883239725385734,-0.852999844847659,11.398517663272116,7.531317736505571,8.619905051841215,0.014996022492728245,0.001432077779352059,13.0,13.0,13.0
0,1392,493.08240798750694,371.3753024077387,3158.0,502.0464462338972,392.9119929693681,3168.4240289263266,3217.7653544510044,0.6455273738827876,0.19303544547239507,3231.9253233131767,0.6640536714173785,0.19855887022020824,0.23611184913079342,0.18507078288621415,8.0,7.908712843621288,9.370880748815757e-06,-0.0003864152433238621,-6.47840124454865,0.11501965750039744,19.76310822988262,18.367703436582815,0.006354765433277287,-0.0027518239148782153,13.0,13.0,13.0
0,1393,493.3185097415162,371.5603860691763,3166.0,517.8974662670603,379.9392536787674,3158.6361218917514,3225.6745453547333,0.6455367621522021,0.192650925033612,3223.2830736023147,0.6329343651727235,0.2006172824865865,0.23610175400926892,0.18508366143760213,8.0,7.909190903728813,9.388269414545292e-06,-0.00038452043878306474,15.851020033163081,-12.972739290600714,-9.787907034575255,-8.642249710861961,-0.031119306244654976,0.0020584122663782622,13.0,13.0,13.0
0,1394,493.55460139970137,371.74548260861775,3174.0,502.58241619376963,364.8496376267662,3164.2727401078027,3233.5842108104644,0.6455461677849482,0.19226828560868806,3224.6435953346677,0.6279305189844258,0.19380621524302735,0.23609165818515976,0.1850965394414743,8.0,7.909665455731101,9.405632746095627e-06,-0.0003826394249239473,-15.31505007329065,-15.08961605200119,5.6366182160513745,1.360521732352936,-0.005003846188297745,-0.006811067243559149,13.0,13.0,13.0
0,1395,493.79068296136074,371.9305920255092,3182.0,525.7981537400523,367.8842521619197,3195.3729406642838,3241.4943473441217,0.6455555907557323,0.19188751353933783,3259.173323312937,0.6105032506931912,0.19819100197604178,0.23608156165937544,0.1851094168914642,8.0,7.910136533657351,9.422970784100926e-06,-0.00038077206935022145,23.21573754628264,3.03461453515348,31.100200556481013,34.52972797826942,-0.017427268291234532,0.0043847867330144286,13.0,13.0,13.0
0,1396,494.02675442579175,372.11571431930224,3190.0,469.8084194436079,371.5221888400703,3202.264067159378,3249.4049515152533,0.6455650310393175,0.19150859529810244,3257.7973914288687,0.669102932649333,0.18490500231342505,0.23607146443100646,0.1851222937930288,8.0,7.910604171131581,9.440283585182563e-06,-0.00037891824123539863,-55.9897342964444,3.637936678150652,6.8911264950943405,-1.37593188406845,0.058599681956141736,-0.013285999662616732,13.0,13.0,13.0
0,1397,494.2628157922918,372.3008494894448,3198.0,499.955806154709,367.31885671798074,3192.310059764908,3257.3160199166255,0.6455744886105116,0.19113151748679838,3252.033589661189,0.63363870664152,0.19194514011615477,0.23606136650005283,0.18513517014253011,8.0,7.911068401372177,9.457571194082526e-06,-0.00037707781130405515,30.14738671110115,-4.203332122089591,-9.954007394469954,-5.763801767679524,-0.03546422600781296,0.007040137802729718,13.0,13.0,13.0
0,1398,494.4988670601592,372.48599753538747,3206.0,501.876500889934,356.7957266807202,3196.7015149253943,3265.2275491738264,0.6455839634441736,0.19075626683499175,3255.469826038856,0.6180195174012242,0.19029845781860633,0.23605126786742403,0.18514804594269663,8.0,7.911529257200982,9.474833661982096e-06,-0.0003752506518066301,1.92069473522497,-10.523130037260557,4.391455160486203,3.4362363776667735,-0.015619189240295817,-0.0016466822975484408,13.0,13.0,13.0
0,1399,494.7349082286901,372.67115845657736,3214.0,495.50742003656615,370.4502554241298,3232.267269855435,3273.139535944873,0.645593455515209,0.19038283019848984,3290.9440437105286,0.6419748708057272,0.18911904373289937,0.23604116853084633,0.18516092118989036,8.0,7.911986771046486,9.492071035399618e-06,-0.0003734366365019115,-6.369080853367848,13.654528743409628,35.56575493004084,35.474217671672704,0.023955353404503055,-0.001179414085706959,13.0,13.0,13.0
0,1400,494.97093929718403,372.8563322524642,3222.0,482.8885736683893,371.72670042723234,3209.157867204648,3281.051976919826,0.6456029647985717,0.19001119455785861,3266.5052167464073,0.6560519477428179,0.18765814948817824,0.23603106849395772,0.1851737958868398,8.0,7.912440974952915,9.509283362740817e-06,-0.0003716356406312238,-12.618846368176833,1.2764450031025376,-23.10940265078716,-24.43882696412129,0.014077076937090705,-0.0014608942447211226,13.0,13.0,13.0
0,1401,495.20696026493806,373.04151892249865,3230.0,507.45968651702356,374.8791163863488,3246.1109865134713,3288.9648688204084,0.6456124912692686,0.1896413470169566,3306.854430135386,0.6362535681513105,0.19196595256992338,0.2360209677540297,0.18518667003445444,8.0,7.912891900582508,9.526470696852307e-06,-0.0003698475409020241,24.571112848634243,3.1524159591164675,36.95311930882326,40.34921338897857,-0.01979837959150743,0.004307803081745137,13.0,13.0,13.0
0,1402,495.4429711312491,373.22671846612866,3238.0,515.7902679687928,363.42712411917086,3230.876238602863,3296.8782083996302,0.6456220349023507,0.18927327480149078,3291.911320835577,0.6138082315180945,0.19286526228821127,0.23601086631106227,0.1851995436300058,8.0,7.9133395792218835,9.54363308214301e-06,-0.00036807221546580893,8.330581451769262,-11.451992267177957,-15.234747910608348,-14.943109299808839,-0.022445336633216018,0.0008993097182878884,13.0,13.0,13.0
0,1403,495.6789718954169,373.41193088280215,3246.0,500.2112021511324,390.2340290208017,3247.4489346794803,3304.7919924414186,0.6456315956729154,0.18890696525759385,3308.8394381586695,0.6625124134968896,0.19293077881033457,0.23600076416778393,0.18521241667349386,8.0,7.913784041788404,9.560770564687182e-06,-0.0003663095438969366,-15.579065817660421,26.806904901630844,16.572696076617376,16.928117323092465,0.048704181978795114,6.55165221233045e-05,13.0,13.0,13.0
0,1404,495.91496255673746,373.5971561719689,3254.0,490.7414129420289,363.9552733520652,3257.261942060609,3312.706217760252,0.6456411735561136,0.18854240585041887,3314.0678832174763,0.638131585818001,0.18541867974161447,0.23599066132055668,0.18522528916673764,8.0,7.91422531883336,9.577883198219617e-06,-0.0003645594071749747,-9.46978920910351,-26.278755668736494,9.8130073811285,5.228445058806756,-0.024380827678888606,-0.007512099068720107,13.0,13.0,13.0
0,1405,496.1509431145096,373.7823943330786,3262.0,506.1362347615323,371.89385092644164,3257.1355248656373,3320.6208812008013,0.6456507685271419,0.18817958416275582,3317.1389406892845,0.633682610081163,0.19049254976460264,0.23598055777210902,0.18523816110973712,8.0,7.914663440549248,9.594971028259458e-06,-0.0003628216876630508,15.39482181950342,7.938577574376438,-0.12641719497150916,3.071057471808217,-0.004448975736838001,0.005073870022988175,13.0,13.0,13.0
0,1406,496.3869135680302,373.9676453655802,3270.0,518.9703874457487,369.03761754585986,3288.6635140585718,3328.535979637575,0.6456603805612455,0.18781848789366454,3349.750249631991,0.6181339989915955,0.19126893974445988,0.23597045352062196,0.1852510325015828,8.0,7.91509843677386,9.61203410365652e-06,-0.00036109626909128223,12.834152684216349,-2.8562333805817843,31.527989192934456,32.61130894270673,-0.01554861108956751,0.0007763899798572393,13.0,13.0,13.0
0,1407,496.6228739165995,374.15290926892067,3278.0,520.2546391323025,389.19142966381935,3293.555016072402,3336.451509974569,0.645670009633712,0.18745910485712924,3357.028373779127,0.6422703615396232,0.19476903014837646,0.23596034856927872,0.18526390334045573,8.0,7.915530336993925,9.629072466488253e-06,-0.00035938303653529347,1.28425168655383,20.15381211795949,4.891502013830177,7.278124147135713,0.024136362548027757,0.003500090403916578,13.0,13.0,13.0
0,1408,496.85882415951255,374.33818604255066,3286.0,491.51428481678687,391.86062166195023,3297.2851508966205,3344.3674691449205,0.6456796557198863,0.18710142298072907,3356.669540677425,0.6730629294842131,0.18838191840923646,0.2359502429130771,0.18527677362999384,8.0,7.915959170351471,9.646086174264212e-06,-0.00035768187640017324,-28.740354315515617,2.6691919981308843,3.730134824218567,-0.3588331017017481,0.030792567944589844,-0.00638711173914,13.0,13.0,13.0
0,1409,497.09476429606957,374.52347568591813,3294.0,500.12791065258114,384.0110172572507,3278.376306096246,3352.283854110571,0.6456893187951522,0.18674543030432944,3338.464256624883,0.6548122303484651,0.19001543588735467,0.2359401365570193,0.18528964336746867,8.0,7.91638496565065,9.663075265953225e-06,-0.00035599267639963017,8.613625835794267,-7.849604404699505,-18.90884480037448,-18.205284052542083,-0.01825069913574795,0.0016335174781182127,13.0,13.0,13.0
0,1410,497.33069432556795,374.7087781984719,3302.0,491.7425412710405,343.0246220623722,3291.9060814600493,3360.2006618619284,0.6456989988349454,0.18639111497878857,3346.060708862048,0.6090929251063294,0.18015792098571334,0.23593002949837683,0.1853025125537897,8.0,7.9168077513572825,9.680039793180661e-06,-0.000354315325540866,-8.385369381540613,-40.986395194878526,13.52977536380331,7.596452237165067,-0.045719305242135744,-0.009857514901641329,13.0,13.0,13.0
0,1411,497.56661424730464,374.8940935796609,3310.0,516.1531256676757,375.43679455569776,3320.089548221811,3368.117889417537,0.6457086958147491,0.18603846526468376,3380.8817554085617,0.6288630670667537,0.18992270139826628,0.23591992173669496,0.18531538118895696,8.0,7.917227555608406,9.696979803686112e-06,-0.0003526497141048135,24.41058439663516,32.412172493325556,28.183466761761792,34.82104654651357,0.01977014196042426,0.009764780412552937,13.0,13.0,13.0
0,1412,497.80252406057934,375.07942182893294,3318.0,492.28870481766273,387.76559183812327,3305.405127926156,3376.0355338237496,0.6457184097100901,0.18568746953105442,3364.284973486216,0.6671830012634846,0.18736453154694788,0.23590981327470217,0.18532824927206093,8.0,7.91764440621273,9.71389534099032e-06,-0.00035099573362934455,-23.864420850012948,12.328797282425512,-14.684420295654945,-16.5967819223456,0.038319934196730965,-0.0025581698513184037,13.0,13.0,13.0
0,1413,498.03842376468947,375.26476294573877,3326.0,501.6417977358237,369.91064396164273,3324.8172758017913,3383.9535921544107,0.6457281404965478,0.18533811625416208,3382.7338493032216,0.6353881961162856,0.18531223989999634,0.23589970411012473,0.1853411168058301,8.0,7.918058330661097,9.730786457717855e-06,-0.0003493532768923391,9.35309291816094,-17.854947876480537,19.412147875635128,18.4488758170055,-0.03179480514719901,-0.0020522916469515318,13.0,13.0,13.0
0,1414,498.27431335893334,375.4501169295236,3334.0,498.04699066324815,381.522470374063,3354.446933235053,3391.8720615105326,0.6457378881497411,0.1849903940162662,3412.6125517261844,0.6536860932640361,0.1848942783334657,0.23588959424387212,0.1853539837848075,8.0,7.918469356121932,9.747653193281636e-06,-0.00034772223789586443,-3.59480707257552,11.611826412420271,29.629657433261855,29.87870242296276,0.01829789714775054,-0.0004179615665306502,13.0,13.0,13.0
0,1415,498.5101928426084,375.63548377973893,3342.0,480.43709362753094,405.01122010911627,3354.8442871734705,3399.7909390199884,0.6457476526453447,0.18464429150441952,3413.18532759767,0.700419486084711,0.1851580959225784,0.23587948367503486,0.1853668502153596,8.0,7.918877509455797,9.764495603636902e-06,-0.00034610251184669094,-17.60989703571721,23.48874973505326,0.39735393841738187,0.5727758714856463,0.0467333928206749,0.0002638175891127026,13.0,13.0,13.0
0,1416,498.7460622150147,375.8208634958319,3350.0,508.98520192282837,369.28471850876275,3374.381586201037,3407.7102218371997,0.6457574339590717,0.18429979750927655,3432.4755248061338,0.6276563850346523,0.184243053279996,0.23586937240634143,0.1853797160929389,8.0,7.919282817211297,9.781313726975327e-06,-0.0003444939951429693,28.548108295297425,-35.726501600353515,19.537299027566405,19.290197208463724,-0.07276310105005879,-0.0009150426425824087,13.0,13.0,13.0
0,1417,498.98192147544796,376.00625607725124,3358.0,514.1321227271275,370.9593690324178,3355.3109671288594,3415.6299071428334,0.6457672320666888,0.1839569009239188,3414.6821783627292,0.6250269155582819,0.18674934266338516,0.23585926043324434,0.18539258141936443,8.0,7.91968530563372,9.798107617142726e-06,-0.0003428965853577437,5.1469208042991,1.674650523655032,-19.07061907217758,-17.793346443404516,-0.0026294694763703275,0.0025062893833891764,13.0,13.0,13.0
0,1418,499.2177706232078,376.19166152344496,3366.0,524.3211754634598,388.18393102082945,3359.3483949933784,3423.5499921435025,0.6457770469440038,0.18361559074269818,3422.1076982302525,0.6372998344357895,0.19181085657917685,0.23584914775983634,0.18540544619372668,8.0,7.920085000669133,9.814877314995307e-06,-0.00034131018122063317,10.189052736332314,17.224561988411665,4.037427864519032,7.425519867523235,0.012272918877507588,0.005061513915791682,13.0,13.0,13.0
0,1419,499.45360965759346,376.3770798338628,3374.0,504.33609798427176,395.2503148833486,3383.850958222622,3431.4704740714683,0.6457868785668744,0.18327585606009328,3443.983887681466,0.664725190103051,0.18714342109664808,0.23583903438566267,0.18541831041784462,8.0,7.920481927965739,9.831622870604129e-06,-0.0003397346826048975,-19.98507747918802,7.06638386251916,24.502563229243606,21.876189451213577,0.027425355667261453,-0.0046674354825287645,13.0,13.0,13.0
0,1420,499.6894385779019,376.5625110079509,3382.0,493.1914705673822,373.19393529589365,3396.619015429071,3439.391350184348,0.6457967269112015,0.1829376860695807,3452.46756334602,0.6477701142923802,0.18011228055399148,0.2358289203084496,0.1854311740880803,8.0,7.920876112879796,9.848344327045844e-06,-0.0003381699905125879,-11.144627416889534,-22.056379587454956,12.768057206449157,8.483675664554085,-0.016955075810670794,-0.007031140542656605,13.0,13.0,13.0
0,1421,499.9252573834315,376.74795504515987,3390.0,491.1026102970037,401.4408891154026,3407.4788712824393,3447.312617764829,0.6458065919529372,0.18260107006252482,3466.013389981427,0.6852776342093436,0.18404287503805797,0.23581880552956136,0.18544403720898117,8.0,7.9212675804810715,9.865041735723779e-06,-0.0003366160070558677,-2.088860270378518,28.246953819508974,10.859855853368117,13.545826635406684,0.03750751991696344,0.003930594484066491,13.0,13.0,13.0
0,1422,500.1610660734814,376.9334119449368,3398.0,513.1871093443478,374.8862248625862,3405.6295122962333,3455.2342741203834,0.6458164736680742,0.18226599742707875,3464.4210289472626,0.6309077231477994,0.18449010767298554,0.23580869004990745,0.18545689977690927,8.0,7.921656355554205,9.881715136939029e-06,-0.00033507263544607646,22.08449904734414,-26.55466425281645,-1.8493589862059707,-1.5923610341642416,-0.05436991106154421,0.0004472326349275746,13.0,13.0,13.0
0,1423,500.39686464734905,377.11888170672955,3406.0,504.0154649014691,377.119359544794,3397.9671917472383,3463.1563165829857,0.6458263720326539,0.18193245764710145,3455.7823479487147,0.6423671784422,0.18317660362216337,0.2357985738676689,0.18546976179277408,8.0,7.922042462602349,9.898364579763452e-06,-0.0003335397799772988,-9.171644442878744,2.233134682207833,-7.662320548995012,-8.638680998547898,0.011459455294400622,-0.001313504050822173,13.0,13.0,13.0
0,1424,500.63265310433326,377.30436432998704,3414.0,518.6167179823548,371.0087545154047,3418.0086678575403,3471.0787425088383,0.6458362870227639,0.18160044030109,3476.9805937978917,0.6209746326313288,0.1844387902585874,0.23578845698420992,0.1854826232574851,8.0,7.922425925852622,9.914990109938238e-06,-0.0003320173460114595,14.60125308088567,-6.110605029389319,20.04147611030203,21.198245849177056,-0.021392545810871244,0.001262186636424023,13.0,13.0,13.0
0,1425,500.86843144373415,377.48985981415717,3422.0,510.8478988983513,395.54592020109885,3423.941249421753,3479.0015492781,0.6458462186145347,0.18126993506112488,3484.3644801151886,0.6588681755081639,0.18650255492442036,0.23577833940089477,0.18549548417013284,8.0,7.92280676926157,9.931591770873105e-06,-0.00033050523996511205,-7.768819084003496,24.537165685694163,5.932581564212796,7.383886317296856,0.03789354287683511,0.002063764665832968,13.0,13.0,13.0
0,1426,501.10419966484733,377.675368158687,3430.0,510.15515704865675,374.4757875495473,3430.5012615042574,3486.9247342946114,0.6458561667841463,0.18094093169182818,3488.3849135246664,0.6332101234680182,0.18242448343230208,0.23576822111317597,0.1855083445298078,8.0,7.923185016511525,9.94816961152889e-06,-0.0003290033692966987,-0.6927418496945279,-21.070132651551546,6.560012082504272,4.020433409477846,-0.025658052040145707,-0.004078071492118279,13.0,13.0,13.0
0,1427,501.3399577669734,377.8608893630271,3438.0,514.8403653757086,398.8425543579713,3456.5209396679124,3494.848294985636,0.6458661315078236,0.18061342004933986,3517.3389076615485,0.6591174230409189,0.18623084530222958,0.23575810212605575,0.18552120434014796,8.0,7.923560691024704,9.964723677313714e-06,-0.0003275116424883151,4.685208327051896,24.366766808424018,26.019678163655044,28.953994136882102,0.02590729957290072,0.0038063618699274993,13.0,13.0,13.0
0,1428,501.5757057494102,378.04642342662373,3446.0,493.92066470403154,378.90859939027087,3438.7366793326187,3502.7722288015934,0.6458761127618341,0.18028739008030156,3494.6300661874207,0.6543836991499866,0.17909157521978164,0.23574798243680561,0.18553406359660585,8.0,7.923933815957298,9.981254010527074e-06,-0.0003260299690382995,-20.919700671677106,-19.93395496770046,-17.784260335293766,-22.708841474127894,-0.004733723890932295,-0.0071392700824479405,13.0,13.0,13.0
0,1429,501.8114436114565,378.23197034892473,3454.0,487.58317905229524,376.0391359674187,3455.7064456393323,3510.696533215801,0.645886110522492,0.1799628318208586,3510.13530034201,0.6569508995042262,0.17633172559578156,0.23573786204633507,0.18554692230100045,8.0,7.924304414207654,9.99776065790936e-06,-0.0003245582594429697,-6.337485651736301,-2.8694634228521636,16.96976630671361,15.505234154589289,0.0025672003542396293,-0.0027598496240000825,13.0,13.0,13.0
0,1430,502.0471713524107,378.417530129379,3462.0,490.70975144974176,392.0692015828932,3450.3806370286193,3518.621205724222,0.6458961247661587,0.1796397353956728,3507.0843815596645,0.6741210750697464,0.18006721762046804,0.23572774095418936,0.18555978045424126,8.0,7.9246725084208265,1.001424366664505e-05,-0.0003230964251857982,3.126572397446523,16.030065615474484,-5.325808610713011,-3.050918782345434,0.01717017556552014,0.003735492024686482,13.0,13.0,13.0
0,1431,502.2828889715729,378.6031027674344,3470.0,499.71600765734365,408.85700426082917,3452.773591758019,3526.54624384521,0.6459061554692374,0.17931809101694898,3512.623750728749,0.6857276559635898,0.18486317926689186,0.23571761916218748,0.1855726380554188,8.0,7.92503812098812,1.0030703078700576e-05,-0.00032164437872381213,9.006256207601893,16.787802677935986,2.392954729399662,5.539369169084694,0.011606580893843366,0.004795961646423819,13.0,13.0,13.0
0,1432,502.5185964682396,378.7886882625371,3478.0,498.18145472726064,382.85101600382336,3474.181596872438,3534.471645119262,0.6459162026081778,0.17899788898347274,3530.5378386779053,0.6552345491668796,0.17891426766481333,0.23570749666669144,0.18558549510271405,8.0,7.925401274052092,1.0047138940483258e-05,-0.0003202020334762412,-1.5345529300830094,-26.00598825700581,21.40800511441921,17.914087949156055,-0.030493106796710134,-0.005948911602078527,13.0,13.0,13.0
0,1433,502.75429384171,378.9742866141369,3486.0,494.3375215645655,353.94470818789864,3504.4108026813296,3542.3974071087746,0.6459262661594768,0.17867911967966385,3556.7599744191925,0.621382420840856,0.17178163793926243,0.23569737347042974,0.185598351599765,8.0,7.925761989512466,1.0063551298955531e-05,-0.00031876930380889124,-3.843933162695123,-28.90630781592472,30.229205808891493,26.222135741287275,-0.03385212832602358,-0.007132629725550899,13.0,13.0,13.0
0,1434,502.9899810912839,379.1598978216816,3494.0,470.7643505151229,395.3883523498723,3489.332316960045,3550.3235273978003,0.6459363460996729,0.17836177357463917,3543.0764938216657,0.6985929387908119,0.1743977795526381,0.23568724957385712,0.1856112075447527,8.0,7.9261202890256754,1.0079940196083825e-05,-0.0003173461050246795,-23.573171049442635,41.44364416197368,-15.078485721284778,-13.683480597526795,0.07721051794995581,0.002616141613375672,13.0,13.0,13.0
0,1435,503.2256582162595,379.3455218846184,3502.0,506.9552430448591,379.13449072352097,3506.620210839417,3558.250003591808,0.6459464424053498,0.17804584122128814,3563.3035070808005,0.6421338239072647,0.17860496901820924,0.23567712497560933,0.1856240629367676,8.0,7.926476194007591,1.0096305676943196e-05,-0.00031593235335103387,36.19089252973623,-16.253861626351352,17.28789387937195,20.227013259134765,-0.05645911488354716,0.004207189465571137,13.0,13.0,13.0
0,1436,503.4613252159352,379.5311588023933,3510.0,479.5825444556297,365.7726897870167,3524.2152243727082,3566.1768333174496,0.645956555053135,0.17773131325536123,3575.4554989876383,0.6515732031031625,0.1695020918178821,0.23566699967568638,0.1856369177749002,8.0,7.92682972564171,1.0112647785165407e-05,-0.0003145279659269029,-27.3726985892294,-13.361800936504267,17.59501353329142,12.151991906837793,0.009439379195897768,-0.009102877200327153,13.0,13.0,13.0
0,1437,503.6969820896111,379.716808574457,3518.0,489.5470584123577,385.04763161138453,3521.988576298744,3574.1040142223274,0.6459666840197038,0.177418180394571,3576.635504575296,0.66647867072999,0.1750310304932406,0.23565687367590726,0.18564977206369804,8.0,7.927180904877787,1.0128966568823117e-05,-0.0003131328607902384,9.964513956728013,19.27494182436783,-2.226648073964043,1.180005587657888,0.01490546762682754,0.005528938675358502,13.0,13.0,13.0
0,1438,503.9326288365846,379.9024712002556,3526.0,512.101755664478,391.20438987220786,3525.2471561837633,3582.0315439747615,0.6459768292817734,0.1771064334377009,3583.665245944665,0.6523500751495693,0.18080760264364387,0.23564674697354349,0.1856626257986136,8.0,7.927529752434111,1.0145262069549688e-05,-0.0003117469568700848,22.554697252120263,6.156758260823324,3.2585798850191168,7.029741369368821,-0.014128595580420678,0.005776572150403281,13.0,13.0,13.0
0,1439,504.16826545615504,380.08814667923707,3534.0,496.1711137005329,371.0293461476004,3519.2748351069063,3589.9594202635667,0.6459869908161057,0.1767960632637306,3573.3938930364625,0.6420820395846882,0.17426064236584254,0.23563661957041404,0.18567547898146586,8.0,7.927876288805237,1.0161534332309152e-05,-0.00031037017397031463,-15.930641963945106,-20.175043724607463,-5.9723210768570425,-10.271352908202516,-0.010268035564881095,-0.006546960277801328,13.0,13.0,13.0
0,1440,504.403891947622,380.2738350108484,3542.0,508.9182623890823,381.74520784965216,3561.825567267128,3597.8876407978287,0.6459971685995053,0.1764870608309689,3618.1941038516848,0.6435721715788627,0.17674734309860388,0.23562649146697368,0.18568833161134535,8.0,7.928220534261982,1.0177783399623053e-05,-0.00030900243276169026,12.74714868854943,10.715861702051768,42.55073216022174,44.80021081522227,0.0014901319941744706,0.002486700732761332,13.0,13.0,13.0
0,1441,504.6395083102839,380.4595361945385,3550.0,483.3128565283264,374.40276494407067,3556.8562694488155,3605.816203306681,0.6460073626088243,0.1761794171761995,3609.0158311097334,0.6590971346723913,0.1702205613003227,0.23561636266185815,0.18570118369007105,8.0,7.9285625088523375,1.0194009319008934e-05,-0.0003076436547694017,-25.605405860755923,-7.342442905581493,-4.969297818312498,-9.178272741951332,0.015524963093528577,-0.006526781798281173,13.0,13.0,13.0
0,1442,504.87511454343985,380.6452502297525,3558.0,511.640219882889,374.8168587024664,3562.408020894459,3613.745105539089,0.6460175728209536,0.1758731234138366,3618.4270476966326,0.6322580959337453,0.176191422502286,0.23560623315597695,0.18571403521400498,8.0,7.928902232407836,1.0210212129324603e-05,-0.00030629376236290806,28.327363354562635,0.4140937583957225,5.551751445643276,9.411216586899172,-0.026839038738646015,0.005970861201963301,13.0,13.0,13.0
0,1443,505.1107106463887,380.8309771159402,3566.0,521.4238602692484,372.74231431562816,3581.9525941161337,3621.674345263635,0.6460277992128342,0.175568170735093,3638.8465289751853,0.6206261671276725,0.17706535642707147,0.23559610294887534,0.18572688618769462,8.0,7.929239724546278,1.0226391880530095e-05,-0.00030495267874358634,9.783640386359366,-2.0745443868382267,19.54457322167491,20.419481278552666,-0.011631928806072778,0.0008739339247854638,13.0,13.0,13.0
0,1444,505.3462966184302,381.0167168525486,3574.0,508.32682812989685,380.3485762281428,3570.8339287801805,3629.6039202683064,0.6460380417614462,0.1752645504071569,3626.83279881539,0.6423713737244726,0.17595485272776923,0.2355859720414628,0.18573973660841148,8.0,7.929575004671278,1.0242548612038327e-05,-0.0003036203279360994,-13.09703213935154,7.60626191251464,-11.11866533595321,-12.01373015979516,0.021745206596800126,-0.00111050369930224,13.0,13.0,13.0
0,1445,505.5818724588621,381.20246943902293,3582.0,528.972134293526,382.4978286559319,3618.8402862141734,3637.533828360283,0.6460483004438133,0.17496225377237962,3677.2436858212473,0.6260592907011139,0.17846347284526556,0.23557584043192037,0.18575258647433657,8.0,7.929908091976813,1.0258682367147998e-05,-0.00030229663477729374,20.64530616362913,2.149252427789122,48.00635743399289,50.41088700585715,-0.016312083023358737,0.002508620117496335,13.0,13.0,13.0
0,1446,505.8174381669851,381.38823487481386,3590.0,511.1485539243572,366.5399407783631,3591.360787810011,3645.4640673657364,0.6460585752370072,0.17466127224747605,3646.0247778346366,0.6221044642466587,0.1733803830368119,0.2355657081229765,0.18576543579092686,8.0,7.9302390054531315,1.0274793193820742e-05,-0.0003009815249035708,-17.82358036916878,-15.95788787756885,-27.479498404162314,-31.218907986610702,-0.003954826454455218,-0.00508308980845365,13.0,13.0,13.0
0,1447,506.052993742097,381.5740131593666,3598.0,505.2876855613365,367.276631828903,3593.63846925746,3653.394635129619,0.646068866118138,0.17436159732273043,3647.525903567323,0.6285304632108856,0.17210587300403943,0.23555557511190273,0.18577828455272538,8.0,7.930567763882664,1.0290881130803342e-05,-0.0002996749247456132,-5.8608683630207,0.736691050539946,2.2776814474491403,1.5011257326864325,0.006425998964226909,-0.0012745100327724856,13.0,13.0,13.0
0,1448,506.2885391834975,381.75980429212905,3606.0,491.1424807327212,383.072714315881,3615.5668354922577,3661.3255295154686,0.6460791730643616,0.17406322056121729,3668.8266765745593,0.6624029747527875,0.1705996437375886,0.23554544140051803,0.18579113276246062,8.0,7.9308943858495695,1.0306946223614943e-05,-0.0002983767615131472,-14.145204828615306,15.79608248697798,21.928366234797522,21.30077300723633,0.03387251154190196,-0.0015062292664508314,13.0,13.0,13.0
0,1449,506.5240744904859,381.94560827254827,3614.0,513.0309238545261,373.6345578826961,3610.925055539256,3669.256748405204,0.6460894960528764,0.1737661335980288,3666.2764855363002,0.6294603814515533,0.17398616977998677,0.23553530698836767,0.18580398041922308,8.0,7.931218889735192,1.0322988514777087e-05,-0.0002970869631884754,21.888443121804926,-9.438156433184929,-4.641779953001787,-2.5501910382590722,-0.03294259330123428,0.003386526042398169,13.0,13.0,13.0
0,1450,506.7595996623618,382.1314251000704,3622.0,526.3922344744451,393.41269167638325,3640.556011013165,3677.1882896989337,0.6460998350609222,0.17347032813951316,3699.3932475219694,0.6418193510131179,0.17858836958451302,0.23552517187590638,0.18581682752210327,8.0,7.931541293729879,1.0339008045812115e-05,-0.0002958054585156522,13.361310619918982,19.778133793687175,29.630955473909125,33.1167619856692,0.012358969561564681,0.0046021998045262524,13.0,13.0,13.0
0,1451,506.99511469842355,382.3172547741451,3630.0,513.2078209585881,365.04735898499246,3628.2729009841078,3685.1201513147585,0.646110190065788,0.1731757959625228,3682.527133071882,0.6182730763120752,0.17186738824884468,0.23551503606176993,0.18582967407473916,8.0,7.9318616158248005,1.0355004865791884e-05,-0.00029453217699035306,-13.184413515857045,-28.36533269139079,-12.283110029057298,-16.86611445008748,-0.023546274701042758,-0.006720981335668341,13.0,13.0,13.0
0,1452,507.2306195979704,382.5030972942168,3638.0,500.74158993829883,382.03708691702366,3640.030037589658,3693.052331188581,0.6461205610447978,0.17288252891367065,3694.118724436039,0.6517330406179952,0.1713342257035438,0.23550489954686782,0.1858425200716738,8.0,7.932179873822406,1.0370979009799441e-05,-0.00029326704885215826,-12.466231020289229,16.9897279320312,11.757136605550386,11.591591364157011,0.03345996430592002,-0.0005331625453008637,13.0,13.0,13.0
0,1453,507.46611436030344,382.68895265973515,3646.0,515.0276021643783,395.8846332668418,3649.8446856425608,3700.9848272739177,0.6461309479753237,0.17259051890859856,3707.201680939581,0.655341231994403,0.1761353897140345,0.23549476233301903,0.18585536551836412,8.0,7.932496085336879,1.0386930525907445e-05,-0.00029201000507209085,14.286012226079492,13.847546349818117,9.814648052902612,13.082956503541936,0.0036081913764077767,0.004801164010490688,13.0,13.0,13.0
0,1454,507.70159898471957,382.8748208701454,3654.0,517.4855892224948,379.2495725265804,3675.2432647650394,3708.917637541711,0.6461413508347789,0.17229975793125032,3730.8222456337066,0.6324473531305796,0.17282582410123834,0.23548462441613083,0.1858682104102627,8.0,7.932810267793229,1.0402859455194147e-05,-0.00029076097734823114,2.457987058116487,-16.635060740261395,25.398579122478623,23.620564694125733,-0.022893878863823325,-0.0033095656127961615,13.0,13.0,13.0
0,1455,507.9370734705203,383.0607019248937,3662.0,512.1020065862381,409.2271337819718,3660.151447601183,3716.850759980146,0.6461517696006159,0.17201023803315896,3718.3899649646883,0.6741995720513259,0.17721935752683857,0.2354744858007507,0.18588105474827898,8.0,7.933122438435021,1.0418765837072463e-05,-0.00028951989809136713,-5.383582636256733,29.977561255391436,-15.091817163856376,-12.432280669018382,0.04175221892074621,0.004393533425600227,13.0,13.0,13.0
0,1456,508.17253781700356,383.24659582342974,3670.0,510.99343877601683,394.19514287116726,3684.499455400108,3724.7841925944676,0.646162204250338,0.1717219513327392,3740.593581502681,0.6570751864663004,0.17339942473446437,0.23546434648324066,0.18589389853605098,8.0,7.933432614321646,1.0434649722057543e-05,-0.0002882867004197487,-1.1085678102212455,-15.031990910804552,24.34800779892521,22.20361653799273,-0.017124385585025492,-0.003819932792374192,13.0,13.0,13.0
0,1457,508.4079920234699,383.4325025651997,3678.0,506.3272489696911,390.4332792889738,3685.041967804356,3732.7179334068023,0.6461726547614838,0.1714348900145901,3740.0988934926518,0.6568742876402579,0.17179623336270017,0.2354542064663292,0.1859067417699407,8.0,7.93374081233469,1.0450511145787544e-05,-0.0002870613181490955,-4.666189806325747,-3.7618635821934845,0.5425124042476455,-0.4946880100292219,-0.00020089882604246156,-0.0016031913717642066,13.0,13.0,13.0
0,1458,508.6434360892172,383.6184221496487,3686.0,503.0208014305667,384.0792997515665,3703.6175567816404,3740.6519804559784,0.6461831211116353,0.17114904632880545,3757.3035333960856,0.6521140528850363,0.16924886380594795,0.23544406574728782,0.18591958444903867,8.0,7.934047049176115,1.0466350151561166e-05,-0.00028584368578465913,-3.306447539124406,-6.35397953740727,18.575588977284497,17.204639903433872,-0.004760234755221582,-0.0025473695567522214,13.0,13.0,13.0
0,1459,508.87887001354693,383.8043545762248,3694.0,513.2489801066998,390.7446256934352,3680.990006728887,3748.586331797353,0.6461936032784177,0.1708644125902953,3737.0835296694668,0.6507040562235943,0.1734801079463351,0.23543392432975452,0.18593242657607334,8.0,7.934351341374622,1.0482166782344038e-05,-0.0002846337385101483,10.228178676133155,6.665325941868673,-22.627550052753577,-20.22000372661887,-0.0014099966614420367,0.0042312441403871415,13.0,13.0,13.0
0,1460,509.1142937957575,383.99029984437493,3702.0,520.9123094457171,399.58763323209257,3710.3558721611153,3756.52098550264,0.6462041012394992,0.17058098117811207,3767.991588213085,0.6543505103112328,0.1751301931852915,0.23542378221054605,0.18594526815013523,8.0,7.934653705287019,1.0497961081545881e-05,-0.00028343141218323264,7.663329339017309,8.843007538657389,29.365865432228475,30.908058543618154,0.0036464540876385287,0.0016500852389564058,13.0,13.0,13.0
0,1461,509.3497074351485,384.17625795354525,3710.0,506.1639501905197,372.64117532733513,3698.1149464852488,3764.455939659735,0.6462146149725883,0.1702987445347877,3751.14883035043,0.634614646042038,0.1683536632598973,0.23541363939102666,0.18595810917031486,8.0,7.934954157095035,1.0513733089023702e-05,-0.00028223664332438503,-14.748359255197443,-26.946457904757438,-12.240925675866492,-16.842757862654707,-0.019735864269194825,-0.006776529925394181,13.0,13.0,13.0
0,1462,509.58511093102015,384.3622289031837,3718.0,529.6247304034299,375.43591842682,3733.6481577175887,3772.391192372552,0.646225144455437,0.1700176951656786,3789.66793393931,0.6166552614037413,0.172155755667327,0.2354034958716511,0.1859709496384312,8.0,7.935252712816691,1.0529482848742333e-05,-0.00028104936910908207,23.46078021291021,2.79474309948489,35.53321123233991,38.519103588879716,-0.017959384638296716,0.0038020924074296802,13.0,13.0,13.0
0,1463,509.8205042826712,384.54821269273543,3726.0,520.2988641737501,376.7268319875198,3734.5604074093153,3780.3267417608513,0.6462356896658373,0.16973782563831702,3789.4030467329653,0.6266908132272208,0.17033894332885136,0.23539335165105513,0.18598378955175576,8.0,7.935549388299478,1.0545210400336735e-05,-0.000279869527361587,-9.325866229679832,1.290913560699778,0.912249691726629,-0.2648872063446106,0.010035551823479483,-0.0018168123384756374,13.0,13.0,13.0
0,1464,510.0558874894018,384.73420932164754,3734.0,496.57357628728846,381.01913094409935,3744.6463864892094,3788.2625859600803,0.646246250581624,0.16945912858177267,3796.595508433686,0.6544792339901382,0.16561642011081287,0.23538320673060298,0.18599662891210755,8.0,7.935844199228995,1.0560915786661518e-05,-0.00027869705654434695,-23.725287886461615,4.292298956579543,10.08597907989406,7.192461700720742,0.027788420762917432,-0.004722523218038482,13.0,13.0,13.0
0,1465,510.29126055051165,384.92021878936794,3742.0,522.8967305193848,376.5755021777837,3739.384184637238,3796.1987231212074,0.6462568271806749,0.16918159668602087,3794.499200150583,0.6241362175673357,0.1706474543156478,0.2353730611098399,0.18600946772039606,8.0,7.936137161127135,1.0576599050904356e-05,-0.0002775318957518036,26.323154232096385,-4.443628766315669,-5.26220185197144,-2.096308283103099,-0.03034301642280246,0.005031034204834917,13.0,13.0,13.0
0,1466,510.5266234653009,385.10624109534183,3750.0,493.1651222511131,390.0717432549958,3743.781811174537,3804.1351514105627,0.6462674194409057,0.16890522270131791,3796.2178615527646,0.6692017169368863,0.16640086864710715,0.23536291478922067,0.1860223059738928,8.0,7.936428289355263,1.0592260230812833e-05,-0.0002763739847029545,-29.73160826827177,13.496241077212119,4.397626537298947,1.718661402181624,0.04506549936955062,-0.004246585668540637,13.0,13.0,13.0
0,1467,510.7619762330678,385.29227623901534,3758.0,496.778733662733,402.1735456774091,3791.1216151043827,3812.071869009679,0.6462780273402766,0.168629999437585,3844.624269232814,0.6805447338350707,0.16702467852436587,0.23535276776692626,0.18603514367350726,8.0,7.936717599116491,1.0607899370906892e-05,-0.0002752232637329155,3.6136114116198996,12.1018024224133,47.33980392984586,48.4064076800496,0.0113430168981844,0.0006238098772587131,13.0,13.0,13.0
0,1468,510.99731885311394,385.4783242198373,3766.0,514.9995224570496,382.7255046848424,3774.495248894492,3820.008874115138,0.6462886508567894,0.16835591976380054,3828.644368963295,0.6391071902402954,0.16838421478220358,0.23534262004613993,0.18604798082196794,8.0,7.937005105458866,1.0623516512819897e-05,-0.0002740796737844553,18.220788794316604,-19.44804099256669,-16.626366209890875,-15.979900269519021,-0.04143754359477536,0.001359536257837718,13.0,13.0,13.0
0,1469,511.2326513247376,385.6643850372511,3774.0,523.9168087121187,378.4969908936303,3770.6203735440263,3827.94616493841,0.6462992899684833,0.16808297660739635,3825.6145644787475,0.6256263076059123,0.16976354468931454,0.23533247162367843,0.18606081741381786,8.0,7.937290823272178,1.0639111693855341e-05,-0.00027294315640419287,8.917286255069143,-4.2285137912120945,-3.8748753504655724,-3.0298044845476397,-0.013480882634383073,0.0013793299071109544,13.0,13.0,13.0
0,1470,511.46797364724034,385.85045869070564,3782.0,490.80052210356547,387.126799699827,3774.067867323013,3835.8837397057073,0.6463099446534428,0.16781116295366627,3825.485665729652,0.6678533503640425,0.16414062805227023,0.235322322502725,0.186073653454514,8.0,7.937574767297065,1.0654684959532368e-05,-0.0002718136537300797,-33.11628660855325,8.629808806196706,3.447493778986882,-0.12889874909569699,0.04222704275813016,-0.005622916637044312,13.0,13.0,13.0
0,1471,511.70328581992,386.03654517964605,3790.0,492.4588249877088,383.8500188281949,3795.303250547255,3843.8215966578286,0.6463206148897921,0.16754047184517648,3846.3207477896644,0.662088021878903,0.16305459224090074,0.23531217267964166,0.18608648894041835,8.0,7.937856952121365,1.0670236349263895e-05,-0.00027069110848979006,1.6583028841433247,-3.276780871632127,21.235383224242014,20.83508206001261,-0.005765328485139443,-0.0010860358113694846,13.0,13.0,13.0
0,1472,511.9385878420776,386.2226445035203,3798.0,522.8779153642222,372.5967253218471,3792.545925375136,3851.759734050014,0.6463313006556972,0.16727089638118803,3846.5093565693746,0.6191246712428935,0.16770284245643716,0.23530202215761165,0.18609932387425943,8.0,7.938137392185126,1.0685765905127376e-05,-0.0002695754639884529,30.419090376513395,-11.253293506347802,-2.757325172119181,0.18860877971019363,-0.042963350636009534,0.004648250215536415,13.0,13.0,13.0
0,1473,512.1738797130133,386.4087566617727,3806.0,500.99643280811364,386.8138596463659,3792.038346246249,3859.6981501517935,0.646342001929361,0.16700242971708196,3844.4996042531934,0.6574888698586153,0.165390109938817,0.23529187093572546,0.18611215825239924,8.0,7.938416101779694,1.0701273663760169e-05,-0.0002684666641060707,-21.88148255610855,14.217134324518838,-0.5075791288868459,-2.0097523161812205,0.03836419861572182,-0.002312732517620153,13.0,13.0,13.0
0,1474,512.4091614320273,386.5948816538503,3814.0,508.2657471285338,394.3703544365057,3829.4516965475004,3867.636843246846,0.6463527186890305,0.1667350650637946,3883.112455537829,0.6598806529009109,0.16643889272435625,0.2352817190139831,0.18612499207756628,8.0,7.938693095052713,1.0716759669571196e-05,-0.0002673646532873608,7.269314320420165,7.556494790139766,37.413350301251285,38.61285128463578,0.002391783042295592,0.0010487827855392429,13.0,13.0,13.0
0,1475,512.6444329984183,386.7810194791982,3822.0,551.7668455398248,398.9962273262223,3820.5088993236377,3875.575811632852,0.646363450912993,0.16646879568725748,3880.712935926676,0.6260778866272634,0.17637421987799404,0.23527156639102031,0.18613782534794154,8.0,7.938968386005854,1.0732223962417464e-05,-0.00026626937653712046,43.50109841129097,4.625872889716618,-8.942797223862726,-2.3995196111532096,-0.03380276627364753,0.00993532715363779,13.0,13.0,13.0
0,1476,512.879694411487,386.9671701372645,3830.0,514.4169381198325,384.2502525684042,3831.540993123454,3883.515053621353,0.6463741985795777,0.1662036149078459,3884.9683943127425,0.6415543855947275,0.16603599576707748,0.2352614130686561,0.18615065806625353,8.0,7.9392419885011805,1.0747666584709492e-05,-0.0002651807794115668,-37.34990741999229,-14.74597475781809,11.032093799816266,4.255458386066493,0.01547649896746417,-0.01033822411091656,13.0,13.0,13.0
0,1477,513.1149456705334,387.15333362749516,3838.0,499.66387809450254,377.76097217883944,3845.1542110792006,3891.454567537614,0.6463849616671525,0.165939516099832,3895.8411479620227,0.6473492671189081,0.1614858206190827,0.23525125904643573,0.18616349023068324,8.0,7.939513916260694,1.0763087574860997e-05,-0.0002640988080138962,-14.753060025329944,-6.489280389564783,13.613217955746677,10.872753649280185,0.005794881524180506,-0.004550175147994773,13.0,13.0,13.0
0,1478,513.3501867748578,387.33950994933457,3846.0,509.65455584135685,411.6098646111182,3867.7181439652504,3899.3943517204784,0.6463957401541237,0.16567649269084553,3922.8069144546275,0.6793731934023078,0.16778673596418794,0.23524110432435918,0.18617632183941168,8.0,7.939784182864514,1.0778486971174672e-05,-0.0002630234089864847,9.990677746854317,33.848892432278774,22.56393288604977,26.96576649260487,0.032023926283399784,0.00630091534510524,13.0,13.0,13.0
0,1479,513.5854177237602,387.52569910223065,3854.0,513.8244471104084,373.419748659343,3858.145668726912,3907.3344045222393,0.6464065340189422,0.1654145381613416,3910.082591487468,0.6284515480960513,0.16317064705263448,0.23523094890242646,0.18618915289607685,8.0,7.940052801760885,1.0793864818503529e-05,-0.0002619545295039216,4.169891269051561,-38.190115951775226,-9.572475238338484,-12.724322967159424,-0.050921645306256536,-0.004616088911553462,13.0,13.0,13.0
0,1480,513.8206385165413,387.7119010856295,3862.0,494.62753630921844,374.9217812125026,3860.5146955957434,3915.2747243084973,0.6464173432400968,0.16515364604407343,3910.0890599337476,0.6485939145528563,0.15940802222736195,0.2352207927810923,0.18620198339885974,8.0,7.940319786257987,1.080922115459515e-05,-0.00026089211726817996,-19.196910801189972,1.5020325531596086,2.3690268688314973,0.00646844627954124,0.020142366456805005,-0.003762624825272537,13.0,13.0,13.0
0,1481,514.0558491524994,387.89811589897545,3870.0,530.7070846233157,408.55607461936904,3861.780951445396,3923.215309458031,0.6464281677961159,0.1648938099235713,3919.4285543589485,0.6560741621702201,0.17172281368551318,0.235210635958083,0.18621481334594137,8.0,7.94058514953349,1.0824556019084497e-05,-0.00025983612050212157,36.07954831409728,33.63429340686645,1.26625584965268,9.339494425200883,0.007480247617363767,0.01231479145815123,13.0,13.0,13.0
0,1482,514.2910496309369,388.0843435417164,3878.0,511.0971317750016,377.3634631214239,3862.627189375326,3931.1561583626635,0.6464390076655692,0.16463502343563058,3914.5258034031604,0.6359968577015087,0.16301752295426372,0.23520047843749126,0.1862276427409597,8.0,7.94084890463273,1.0839869453271866e-05,-0.00025878648794072645,-19.609952848314094,-31.192611497945165,0.8462379299298846,-4.9027509557881785,-0.020077304468711366,-0.008705290731249454,13.0,13.0,13.0
0,1483,514.526239951153,388.2705840132967,3886.0,506.71319166780955,392.844920937171,3885.837831334706,3939.0972694271336,0.6464498628270642,0.1643772802668009,3938.377970935284,0.6594853678912928,0.16352565905939592,0.23519032021613384,0.1862404715802768,8.0,7.941111064470078,1.0855161495015864e-05,-0.0002577431688296772,-4.383940107192075,15.481457815747149,23.210641959380155,23.85216753212353,0.02348851018978404,0.0005081361051322009,13.0,13.0,13.0
0,1484,514.761420112447,388.4568373131624,3894.0,532.42974947953,396.11769640587295,3886.206734699512,3947.0386410689634,0.646460733259251,0.16412057415388567,3942.4603298398033,0.6396379018739468,0.1691313943821693,0.23518016129401076,0.1862532998657116,8.0,7.941371641829846,1.087043218683803e-05,-0.00025670611291522816,25.716557811720406,3.272775468701923,0.36890336480564656,4.082358904519424,-0.019847466017345994,0.005605735322773364,13.0,13.0,13.0
0,1485,514.9965901141218,388.64310344075966,3902.0,504.75057902356735,394.40446602231333,3893.6845109332808,3954.980271718335,0.6464716189408162,0.1638648988834461,3946.0242143865153,0.6632867396773998,0.1630541895554099,0.23517000167476,0.18626612759726413,8.0,7.941630649371746,1.0885681565153682e-05,-0.0002556752704395704,-27.679170455962606,-1.713230383559619,7.477776233768964,3.563884546711961,0.02364883780345306,-0.006077204826759386,13.0,13.0,13.0
0,1486,515.2317499554752,388.8293823955355,3910.0,521.6494692564141,415.32899476923234,3913.313101607377,3962.922159817964,0.6464825198504913,0.1636102482913094,3969.7148227402267,0.6724098173771607,0.16877070761581772,0.2351598413533793,0.18627895477584389,8.0,7.941888099628613,1.0900909675148895e-05,-0.00025465059213669594,16.89889023284678,20.92452874691901,19.62859067409636,23.69060835371147,0.00912307769976084,0.005716518060407821,13.0,13.0,13.0
0,1487,515.4668996358087,389.0156741769342,3918.0,515.2595771769983,404.51923496967976,3908.1731737083064,3970.8643038229707,0.6464934359670411,0.16335661626208525,3962.6942600996017,0.6655760346680883,0.16607381650711872,0.2351496803335067,0.18629178139872238,8.0,7.942144005006867,1.0916116549797295e-05,-0.0002536320292241545,-6.3898920794158585,-10.80975979955258,-5.139927899070699,-7.02056264062503,-0.006833782709072311,-0.002696891108699001,13.0,13.0,13.0
0,1488,515.7020391544224,389.20197878440194,3926.0,518.0367974320478,405.2584541474438,3915.98178517151,3978.8067022007644,0.6465043672692734,0.16310399672868647,3970.832391318812,0.6638526175169925,0.16640490716579395,0.2351395186137779,0.1863046074677186,8.0,7.942398377793779,1.0931302232286555e-05,-0.00025261953339877907,2.777220255049542,0.7392191777640278,7.808611463203761,8.138131219210209,-0.0017234171510958074,0.0003310906586752316,13.0,13.0,13.0
0,1489,515.9371685106175,389.38829621738387,3934.0,527.758336913195,419.291706821753,3936.7853661408994,3986.7493534309165,0.6465153137360334,0.16285238367185592,3994.072284855648,0.6713639963837417,0.16957242451854,0.23512935619510245,0.18631743298192305,8.0,7.942651230152023,1.0946466760031193e-05,-0.0002516130568305519,9.721539481147147,14.03325267430921,20.80358096938926,23.239893536836007,0.00751137886674913,0.0031675173527460354,13.0,13.0,13.0
0,1490,516.1722877036937,389.574626475327,3942.0,547.8727357148681,395.71729893270657,3935.948405258459,3994.6922560050425,0.646526275346209,0.16260177111969848,3993.5506211979955,0.625522746170743,0.1700506895792429,0.23511919307611606,0.18633025794315472,8.0,7.9429025741260375,1.096161017555275e-05,-0.00025061255215744205,20.114398801673133,-23.574407889046427,-0.8369608824405077,-0.5216636576524252,-0.045841250212998674,0.0004782650607029204,13.0,13.0,13.0
0,1491,516.4073967329505,389.7609695576757,3950.0,516.0819641206105,393.80007621299717,3925.0962509696437,4002.635408426683,0.6465372520787241,0.1623521531472182,3978.416729440482,0.6518054991064252,0.16390534910928947,0.23510902925681876,0.18634308234868513,8.0,7.9431524216406615,1.0976732515155518e-05,-0.0002496179724802705,-31.79077159425765,-1.9172227197094003,-10.8521542888152,-15.133891757513538,0.026282752935682163,-0.006145340469953436,13.0,13.0,13.0
0,1492,516.6424955976895,389.94732546387695,3958.0,501.42981432364485,414.21333886713734,3976.429895587517,4010.5788092111893,0.6465482439125436,0.16210352387586266,4029.267832163836,0.6904330736078425,0.16212522576256444,0.23509886473902952,0.18635590620124276,8.0,7.943400784506139,1.0991833819473662e-05,-0.00024862927135554935,-14.652149796965602,20.41326265414017,51.33364461787323,50.85110272335396,0.038627574501417294,-0.0017801233467250321,13.0,13.0,13.0
0,1493,516.8775842972123,390.13369419337505,3966.0,492.5696712590288,392.35156047714696,3949.4823186249237,4018.5224568856015,0.6465592508266675,0.16185587747306995,3999.3718523268108,0.6726277646551563,0.15811618416135204,0.23508869952274836,0.18636872949809913,8.0,7.943647674412205,1.1006914123923295e-05,-0.0002476464027927061,-8.860143064616068,-21.861778389990377,-26.947576962593303,-29.895979837025152,-0.017805308952686172,-0.004009041601212404,13.0,13.0,13.0
0,1494,517.1126628308175,390.3200757456152,3974.0,518.2804038102902,423.4894312932339,3990.5730710234698,4026.466349988541,0.6465702728001393,0.16160920815182228,4046.3108272312093,0.6850840553367137,0.16617279099214954,0.23507853360524678,0.18638155224016373,8.0,7.943893102939455,1.1021973471803115e-05,-0.00024666932124767227,25.7107325512614,31.137870816086945,41.0907523985461,46.93897490439849,0.012456290681557403,0.008056606830797508,13.0,13.0,13.0
0,1495,517.3477311978068,390.50647012004356,3982.0,506.9377826186847,383.2257381456086,3970.7641150864847,4034.4104870700917,0.6465813098120392,0.1613635101702057,4021.295256441903,0.6473059298859891,0.15869651763686846,0.23506836698925326,0.18639437442834605,8.0,7.944137081550707,1.1037011899861504e-05,-0.00024569798161658274,-11.342621191605474,-40.263693147625304,-19.808955936985058,-25.015570789306366,-0.037778125450724565,-0.007476273355281088,13.0,13.0,13.0
0,1496,517.5827893974806,390.6928773161071,3990.0,521.7847984055635,394.7529724348916,4011.7747186742595,4042.354866691693,0.6465923618414886,0.16111877783097325,4064.7786752155707,0.6476759033962662,0.16166788232488136,0.23505819967385833,0.1864071960635556,8.0,7.944379621601456,1.105202944939876e-05,-0.0002447323392324452,14.847015786878785,11.527234289283001,41.01060358777477,43.483418773667836,0.0003699735102771218,0.0029713646880129008,13.0,13.0,13.0
0,1497,517.8178374291392,390.87929733324836,3998.0,517.242933509527,380.448315889538,3995.8124974293123,4050.2994874260253,0.6466034288676422,0.160875005481113,4047.072854291235,0.6341765865313204,0.15932897653677644,0.23504803165860721,0.1864200171412449,8.0,7.9446207343321475,1.1067026153610549e-05,-0.0002437723498602551,-4.541864896036486,-14.304656545353623,-15.962221244947159,-17.705820924335512,-0.013499316864945876,-0.002338905788104917,13.0,13.0,13.0
0,1498,518.0528752920832,391.0657301709134,4006.0,496.4598348945931,390.59586795847736,3993.4962202257543,4058.2443478569035,0.6466145108696973,0.16063218751142325,4043.1484712643423,0.6666168742234229,0.156880902005301,0.23503786294395468,0.18643283766505192,8.0,7.94486043087818,1.1082002055129436e-05,-0.00024281796968975145,-20.78309861493392,10.147552068939376,-2.316277203558002,-3.924383026892883,0.0324402876921025,-0.0024480745314754415,13.0,13.0,13.0
0,1499,518.2879029856149,391.2521758285493,4014.0,512.5025174502891,395.65742213953615,4014.9415298709214,4066.189446579168,0.6466256078268897,0.16039031835609097,4066.811910375158,0.6574397742777507,0.15988597046635297,0.2350276935317197,0.18644565763588616,8.0,7.945098722264447,1.1096957192369139e-05,-0.00024186915533228048,16.042682555696047,5.061554181058796,21.44530964516707,23.66343911081549,-0.009177099945672174,0.003005068461051974,13.0,13.0,13.0
0,1500,518.5229205090327,391.4386343056003,4022.0,536.3454394674253,368.5389861175665,4018.956235704675,4074.1347821985773,0.6466367197184931,0.16014939249227372,4071.301590306908,0.6020359855015056,0.16052912931808241,0.23501752341780957,0.18645847705101914,8.0,7.945335619409434,1.1111891603410307e-05,-0.0002409258638172429,23.842922017136175,-27.11843602196967,4.014705833753396,4.489679931750288,-0.05540378877624508,0.0006431588517294418,13.0,13.0,13.0
0,1501,518.757927861639,391.62510560151077,4030.0,527.3470370374519,357.0672759331866,4037.6612761269735,4082.080353331705,0.6466478465238167,0.15990940443968985,4087.5788087509486,0.5951917178639246,0.1564413098727628,0.235007352606317,0.18647129591045086,8.0,7.945571133127487,1.1126805323558031e-05,-0.00023998805258387823,-8.998402429973453,-11.471710184379901,18.70504042229868,16.2772184440405,-0.0068442676375810585,-0.004087819445319607,13.0,13.0,13.0
0,1502,518.9929250427349,391.8115897157277,4038.0,525.7839558888015,400.97209689766464,4072.10538022637,4090.0261586058323,0.646658988222212,0.15967034876021075,4125.441748277284,0.6515275854303675,0.16097576734528518,0.23499718109587775,0.1864841142169098,8.0,7.945805274127451,1.1141698395333854e-05,-0.0002390556794790999,-1.5630811486503262,43.90482096447806,34.444104099396554,37.862939526335595,0.05633586756644293,0.004534457472522374,13.0,13.0,13.0
0,1503,519.2279120516191,391.99808664769444,4046.0,541.5172807882562,392.873243496329,4052.246912119731,4097.972196658847,0.6466701447930666,0.15943222005745744,4107.103040785747,0.6276388206880343,0.1636229989856264,0.23498700888421808,0.18649693196675798,8.0,7.94603805301449,1.115657085459798e-05,-0.0002381287027533041,15.733324899454715,-8.098853401335646,-19.858468106639066,-18.338707491537207,-0.023888764742333146,0.0026472316403412244,13.0,13.0,13.0
0,1504,519.4628888875945,392.18459639685716,4054.0,523.6416725971687,380.95154237897884,4053.174446383196,4105.918466139143,0.6466813162158056,0.15919501297640481,4104.576442428014,0.6289476982269047,0.1584254997192669,0.23497683597543073,0.1865097491627239,8.0,7.946269480295996,1.1171422738986969e-05,-0.0002372070810526261,-17.875608191087508,-11.921701117350153,0.927534263465077,-2.526598357732837,0.0013088775388703233,-0.005197499266359512,13.0,13.0,13.0
0,1505,519.6978555499613,392.37111896266106,4062.0,512.5147833009659,400.50781294932085,4058.059903041464,4113.864965705515,0.6466925024698933,0.15895872220298646,4109.857429158386,0.6633309755283671,0.15893271879455118,0.2349666623667872,0.18652256580389803,8.0,7.94649956637204,1.1186254087691694e-05,-0.00023629077341835725,-11.126889296202876,19.556270570342008,4.88545665826814,5.280986730372206,0.0343832773014624,0.000507219075284282,13.0,13.0,13.0
0,1506,519.9328120380196,392.55765434455043,4070.0,525.2829137267944,375.8100239648925,4092.2263195392748,4121.811694027064,0.6467037035348313,0.15872334246370648,4142.882035961893,0.6210154281920804,0.15653860396726066,0.2349564880582875,0.1865353818893709,8.0,7.946728321549017,1.1201064938015648e-05,-0.00023537973927997835,12.76813042582853,-24.69778898442837,34.16641649781059,33.024606803506686,-0.04231554733628662,-0.0023941148272905166,13.0,13.0,13.0
0,1507,520.1677583510723,392.7442025419705,4078.0,500.5926838567807,393.45904882508506,4098.011954194018,4129.758649783097,0.6467149193901571,0.1584888685252556,4147.18037164413,0.6661374715633603,0.15413869031409333,0.23494631305266012,0.18654819742005202,8.0,7.946955756033276,1.1215855325819035e-05,-0.00023447393845088538,-24.690229870013695,17.649024860192583,5.7856346547428075,4.298335682236939,0.045122043371279896,-0.0023999136531673293,13.0,13.0,13.0
0,1508,520.4026944884185,392.93076355436733,4086.0,536.5502534820429,415.72843354309856,4079.0028106563127,4137.705831663027,0.6467261500154509,0.15825529519413,4135.0913211572415,0.6591959325885264,0.16489273546543826,0.23493613734626706,0.18656101239685086,8.0,7.947181879930213,1.123062529373442e-05,-0.0002335733311255861,35.95756962526218,22.269384718013498,-19.00914353770486,-12.089050486888482,-0.006941538974833961,0.010754045151344926,13.0,13.0,13.0
0,1509,520.6376204493604,393.1173373811853,4094.0,529.1003420687257,403.22599426737537,4101.308679812038,4145.6532383662825,0.6467373953903253,0.15802261731625625,4154.909296426544,0.6511985935763523,0.16080039517010086,0.23492596094183682,0.18657382681794843,8.0,7.947406703255183,1.1245374874402359e-05,-0.00023267787787376037,-7.4499114133171815,-12.50243927572319,22.30586915572485,19.817975269302224,-0.007997339012174032,-0.004092340295337393,13.0,13.0,13.0
0,1510,520.8725362331984,393.3039240218677,4102.0,517.5239742541323,376.25016674615233,4111.366773841804,4153.600868602206,0.6467486554944307,0.157790829776619,4160.857123352671,0.6286308263801634,0.1543886132853071,0.23491578383800515,0.18658664068243525,8.0,7.947630235923498,1.1260104105459412e-05,-0.00023178753963723486,-11.576367814593368,-26.97582752122304,10.058094029766835,5.9478269261271635,-0.022567767196188915,-0.006411781884793771,13.0,13.0,13.0
0,1511,521.1074418392341,393.49052347586166,4110.0,545.7028260823183,419.40889260845836,4093.527693075714,4161.548721089966,0.6467599303074589,0.1575599274988948,4150.983542194676,0.6552781419725977,0.16657462049158694,0.23490560603568156,0.18659945399394928,8.0,7.947852487760429,1.1274813028205877e-05,-0.0002309022777242098,28.178851828185998,43.15872586230603,-17.83908076609032,-9.873581157994522,0.026647315592434273,0.012186007206279853,13.0,13.0,13.0
0,1512,521.3423372667685,393.6771357426105,4118.0,535.3698221406829,414.643005599633,4105.783593185522,4169.496794558461,0.646771219809135,0.15732990544508724,4161.250843511246,0.6589965386730383,0.16345754090254444,0.23489542753441128,0.18661226674885256,8.0,7.94807346849484,1.1289501676059466e-05,-0.0002300220538075659,-10.333003941635411,-4.765887008825359,12.255900109807499,10.267301316569501,0.003718396700440607,-0.003117079589042504,13.0,13.0,13.0
0,1513,521.5772225151018,393.8637608215604,4126.0,559.332014089841,422.28176948976244,4123.437512576358,4177.445087746226,0.6467825239792252,0.1571007586151687,4182.572308394812,0.6466776063842232,0.16835570443287592,0.23488524833328484,0.18662507894987357,8.0,7.948293187764648,1.1304170090209453e-05,-0.0002291468299185362,23.96219194915807,7.6387638901294395,17.653919390836563,21.321464883566478,-0.012318932288815088,0.004898163530331484,13.0,13.0,13.0
0,1514,521.8120975835368,394.0503987121547,4134.0,512.883866387738,362.80003235869225,4139.942353638053,4185.393599401344,0.6467938427975273,0.15687248204672496,4187.337628532775,0.615656948770938,0.15059967054260942,0.2348750684350307,0.18663789059428382,8.0,7.948511655117727,1.1318818302075151e-05,-0.000228276568443736,-46.44814770210303,-59.48173713107019,16.504841061694606,4.76532013796259,-0.031020657613285207,-0.017756033890266504,13.0,13.0,13.0
0,1515,522.0469624713728,394.2370494138386,4142.0,533.7265281755733,376.6596685213613,4140.983001949795,4193.342328281357,0.6468051762438819,0.15664507081460347,4192.192354270747,0.6145523108792533,0.15646316909243482,0.2348648878360109,0.1866507016839023,8.0,7.948728880013732,1.133344635462219e-05,-0.00022741123212149938,20.842661787835368,13.859636162669062,1.0406483117421885,4.8547257379723305,-0.00110463789168469,0.005863498549825402,13.0,13.0,13.0
0,1516,522.2818171779131,394.4237129260573,4150.0,528.986695592857,378.40833288359727,4154.360792622339,4201.291273153176,0.6468165242981627,0.15641852003056703,4204.965325158782,0.6209509851214712,0.15529769266520577,0.23485470654031815,0.186663512218729,8.0,7.9489448718186395,1.1348054280824194e-05,-0.0002265507840364389,-4.7398325827163035,1.7486643622359566,13.377790672544506,12.772970888035161,0.00639867424221785,-0.0011654764272290563,13.0,13.0,13.0
0,1517,522.5166617024574,394.61038924825516,4158.0,520.9763821551668,387.67706501610905,4159.241660995991,4209.240432792993,0.6468278869402827,0.15619282484294872,4209.6319425892425,0.6397373062516318,0.1548818396690794,0.23484452454431448,0.18667632219785446,8.0,7.949159639816571,1.1362642119983057e-05,-0.00022569518761830776,-8.010313437690229,9.268732132511786,4.880868373651538,4.6666174304600645,0.018786321130160655,-0.00041585299612637017,13.0,13.0,13.0
0,1518,522.7514960443077,394.79707837987553,4166.0,530.3701505666594,380.92195817618335,4155.824049583558,4217.1898059861915,0.6468392641501887,0.15596798043631346,4206.812043095099,0.6228491654149992,0.15585187526198913,0.23483434185027363,0.18668913162036915,8.0,7.9493731931988805,1.1377209905960584e-05,-0.00022484440663525507,9.393768411492601,-6.755106839925702,-3.4176114124329615,-2.819899494143101,-0.016888140836632592,0.0009700355929097293,13.0,13.0,13.0
0,1519,522.986320202765,394.98378032036544,4174.0,532.8666699091041,401.21787380401076,4162.05704494453,4225.1393915272665,0.6468506559078692,0.15574398203112194,4215.168029335512,0.6453815441391066,0.15891203625978198,0.2348241584572861,0.18670194048991107,8.0,7.949585541075066,1.1391757680501158e-05,-0.00022399840519152225,2.496519342444685,20.295915627827412,6.232995360972382,8.355986240412676,0.022532378724107405,0.0030601609977928546,13.0,13.0,13.0
0,1520,523.2211341771308,395.1704950691674,4182.0,523.539386706269,422.08981977912765,4183.354367284663,4233.089188219735,0.6468620621933436,0.15552082488339763,4237.0634958274595,0.6785243285830116,0.15939195415474502,0.23481397436580664,0.18671474880193273,8.0,7.949796692468226,1.140628547446898e-05,-0.00022315714772430661,-9.32728320283502,20.871945975116887,21.29732234013227,21.895466491947445,0.03314278444390495,0.0004799178949630445,13.0,13.0,13.0
0,1521,523.4559379667066,395.35722262572654,4190.0,524.3760638400646,413.9759109059361,4192.057957193159,4241.039194876054,0.6468734829866716,0.15529850428439906,4244.961275159679,0.6682833190527762,0.15804168742021632,0.23480378957583525,0.18672755655916262,8.0,7.9500066563196015,1.1420793327943102e-05,-0.00022232059899857104,0.836677133795547,-8.113908873191576,8.703589908496724,7.897779332219216,-0.010241009530235434,-0.0013502667345287045,13.0,13.0,13.0
0,1522,523.6907315707936,395.5439629894872,4198.0,529.2183262808702,399.97862128366154,4197.899753018764,4248.989410317538,0.6468849182679481,0.1550770155602944,4249.990267135974,0.6471972667087204,0.1567274017957616,0.23479360408691718,0.18674036376069125,8.0,7.950215441484033,1.1435281276561682e-05,-0.00022148872410465703,4.842262440805598,-13.997289622274536,5.841795825605004,5.028991976295401,-0.021086052344055806,-0.0013142856244547085,13.0,13.0,13.0
0,1523,523.9255149886931,395.73071615989465,4206.0,516.8219414530828,383.35885938421984,4213.363500700102,4256.939833374274,0.6468963680173058,0.15485635407184034,4262.217840897802,0.6382078855373136,0.15155297204192492,0.23478341789950719,0.18675317040742812,8.0,7.950423056735417,1.1449749357628214e-05,-0.00022066148845406586,-12.396384827787415,-16.6197618994417,15.463747681337736,12.227573761827443,-0.008989381171406796,-0.005174429753836696,13.0,13.0,13.0
0,1524,524.1602882197067,395.9174821363922,4214.0,505.8570578588107,399.64975719688044,4232.4753507211135,4264.890462885041,0.6469078322149111,0.15463651521406394,4281.291730993686,0.6686411750729666,0.15115548121629643,0.23477323101360525,0.18676597649755422,8.0,7.950629510767612,1.1464197605337567e-05,-0.00021983885777640544,-10.964883594272067,16.290897812660603,19.111850021011378,19.073890095884053,0.030433289535653052,-0.0003974908256284826,13.0,13.0,13.0
0,1525,524.3950512631359,396.1042609184242,4222.0,505.6555463951991,387.49901883148794,4218.802029644239,4272.841297697236,0.646919310840968,0.15441749441594854,4266.630237848828,0.6538706584909317,0.14987220041619992,0.2347630434292114,0.18677878203197906,8.0,7.950834812194444,1.1478626056882213e-05,-0.00021902079811539354,-0.20151146361160954,-12.150738365392499,-13.673321076874345,-14.661493144857559,-0.014770516582034876,-0.0012832808000965146,13.0,13.0,13.0
0,1526,524.6298041182827,396.2910525054358,4230.0,552.5519785361882,409.0703835094749,4236.455507648723,4280.792336666783,0.6469308038757173,0.15419928714012304,4291.876924602574,0.6372830347989997,0.16087873085001245,0.23475285514678035,0.18679158701161214,8.0,7.951038969546971,1.14930347493436e-05,-0.00021820727582549937,46.896432140989134,21.571364677986935,17.653478004483986,25.246686753745962,-0.016587623691932007,0.011006530433812528,13.0,13.0,13.0
0,1527,524.8645467844481,396.47785689687043,4238.0,527.8784446607062,396.2624184921026,4233.571408181903,4288.743578658064,0.6469423112994347,0.1539818888825536,4284.717776566144,0.6439296575484091,0.15466578448786947,0.23474266616540262,0.18680439143463445,8.0,7.951241991280767,1.1507423717360687e-05,-0.00021739825756944553,-24.673533875482008,-12.807965017372283,-2.884099466819862,-7.159148036430452,0.006646622749409414,-0.006212946362142979,13.0,13.0,13.0
0,1528,525.0992792609336,396.6646740921724,4246.0,529.9058356432953,383.29433607418844,4264.13229238236,4296.695022543839,0.6469538330924325,0.15376529517224014,4313.993387761902,0.6262096521054443,0.1521862285839442,0.23473247648553297,0.1868171953019555,8.0,7.9514438857750065,1.1521792997792879e-05,-0.00021659371031346186,2.027390982589054,-12.968082417914161,30.560884200456712,29.275611195758756,-0.017720005442964815,-0.0024795559039252624,13.0,13.0,13.0
0,1529,525.3340015470417,396.85150409078597,4254.0,517.4729250908443,404.41878247045355,4267.285238680135,4304.6466672051665,0.646965369235058,0.15354950157091546,4317.528933090586,0.6633746454941073,0.15270744676696338,0.23472228610808088,0.1868299986135753,8.0,7.951644661327919,1.1536142625501178e-05,-0.0002157936013246764,-12.432910552450949,21.124446396265114,3.152946297775088,3.5355453286838383,0.03716499338866297,0.0005212181830191731,13.0,13.0,13.0
0,1530,525.5687136420729,397.03834689215637,4262.0,509.7196369930401,405.1114236109663,4271.73123504966,4312.59851153133,0.6469769197076974,0.15333450367274729,4321.066664421565,0.671545632947529,0.15125615231448286,0.23471209503122736,0.18684280137040332,8.0,7.951844326163155,1.1550472639454412e-05,-0.00021499789816817327,-7.753288097804216,0.6926411405127624,4.445996369525346,3.5377313309791134,0.008170987453421708,-0.0014512944524805171,13.0,13.0,13.0
0,1531,525.8034155453297,397.22520249572517,4270.0,525.1723447743924,379.74240071910066,4286.997973500717,4320.550554419761,0.6469884844907667,0.15312029710404373,4335.707774679815,0.6260495203786416,0.15003777229308018,0.2347019032567914,0.1868556035688016,8.0,7.952042888431606,1.1564783069295537e-05,-0.00021420656870355104,15.452707781352274,-25.369022891865654,15.26673845105688,14.641110258249682,-0.045496112568887415,-0.0012183800214026763,13.0,13.0,13.0
0,1532,526.0381072561136,397.4120709009394,4278.0,538.9709631672641,390.1196349188567,4272.076747066659,4328.502794775968,0.6470000635647246,0.15290687752296322,4323.5775419800575,0.6265363410840357,0.1545013854382631,0.23469171078386353,0.1868684052142271,8.0,7.9522403562068575,1.157907395787916e-05,-0.0002134195810805095,13.798618392871731,10.37723419975606,-14.921226434058553,-12.130232699757471,0.0004868207053940754,0.004463613145182926,13.0,13.0,13.0
0,1533,526.272788773726,397.5989521072406,4286.0,518.8588475291077,410.43009786542785,4278.173245796224,4336.45523151346,0.6470116569100595,0.15269424061922462,4329.022255653077,0.6692441089242307,0.15342190178045037,0.2346815176124437,0.18688120630122285,8.0,7.952436737491553,1.1593345334848237e-05,-0.0002126369037386,-20.11211563815641,20.310462946571135,6.09649872956561,5.444713673019578,0.04270776784019503,-0.001079483657812741,13.0,13.0,13.0
0,1534,526.5074600974685,397.78584611407405,4294.0,513.7829517636769,416.746614294797,4285.807063448643,4344.407863553672,0.6470232645072989,0.15248238211382398,4336.564636570687,0.6814929480706283,0.15315000818172356,0.23467132374253197,0.18689400683342683,8.0,7.952632040211938,1.1607597239393641e-05,-0.0002118585054006472,-5.075895765430801,6.3165164293691305,7.6338176524186565,7.542380917609989,0.012248839146397628,-0.0002718935987268134,13.0,13.0,13.0
0,1535,526.7421212266445,397.972752920884,4302.0,529.8517556067466,406.8082933911793,4319.91492232745,4352.360689825899,0.6470348863370037,0.15227129775875223,4371.258492315316,0.6547820084161519,0.1534195818097238,0.23466112917594728,0.18690680680992955,8.0,7.952826272226957,1.1621829704822062e-05,-0.00021108435507175005,16.068803843069645,-9.938320903617694,34.10785887880684,34.69385574462922,-0.026710939654476462,0.0002695736280002303,13.0,13.0,13.0
0,1536,526.976772160554,398.1596725271138,4310.0,535.8126939283607,386.8315429976275,4317.67288295497,4360.313709267219,0.6470465223797719,0.1520609833367152,4367.955243570769,0.6253080369365964,0.15188022773181648,0.23465093390950642,0.1869196062298215,8.0,7.953019441320066,1.163604276821495e-05,-0.00021031442203703343,5.960938321614094,-19.97675039355181,-2.242039372479667,-3.3032487445470906,-0.02947397147955544,-0.0015393540779073123,13.0,13.0,13.0
0,1537,527.2114128984999,398.3466049322069,4318.0,518.5084083130921,391.23863850343884,4327.93466885502,4368.266920822427,0.647058172616234,0.1518514346608593,4376.406875466061,0.6464044430678392,0.1489718497496975,0.23464073794593787,0.18693240509310272,8.0,7.953211555208327,1.1650236462101837e-05,-0.00020954867585590287,-17.304285615268554,4.4070955058113555,10.2617859000502,8.45163189529194,0.02109640613124275,-0.002908377982118987,13.0,13.0,13.0
0,1538,527.4460434397838,398.5335501356085,4326.0,529.8601720478644,412.09074532074203,4329.259946628467,4376.220323443962,0.6470698370270596,0.15164264757449789,4380.988731985409,0.6610164490831144,0.15382372643419112,0.2346305412838774,0.18694520340159215,8.0,7.953402621535133,1.1664410825562577e-05,-0.00020878708636140608,11.351763734772248,20.852106817303195,1.3252777734469419,4.581856519347639,0.014612006015275236,0.004851876684493633,13.0,13.0,13.0
0,1539,527.6806637837067,398.72050813676105,4334.0,519.2874709788723,405.57327979048847,4336.2109810994925,4384.173916091839,0.6470815155929501,0.1514346179508409,4385.986187324747,0.6630594082802839,0.1507993543596159,0.23462034392287023,0.18695800115256134,8.0,7.953592647876576,1.167856589057159e-05,-0.00020802962365698563,-10.572701068992046,-6.51746553025356,6.951034471025196,4.997455339338558,0.0020429591971694583,-0.0030243720745752323,13.0,13.0,13.0
0,1540,527.9152739295723,398.907478935108,4342.0,538.7621546275487,385.5494502397372,4343.15765010418,4392.127697733582,0.647093208294641,0.15122734169272894,4393.39634127147,0.6211330277418964,0.15137309216898803,0.23461014586564488,0.18697079834691976,8.0,7.953781641743262,1.1692701690879659e-05,-0.00020727625811195471,19.474683648676432,-20.02382955075126,6.946669004687465,7.410153946722858,-0.04192638053838749,0.0005737378093721435,13.0,13.0,13.0
0,1541,528.1498738766813,399.09446253009537,4350.0,510.5352540000685,423.4814976736064,4345.2926124109235,4400.081667344158,0.6471049151129088,0.15102081473236792,4395.628591216704,0.6924630145744226,0.15148131756405595,0.2345999471090181,0.18698359498739592,8.0,7.9539696105757685,1.1706818267787078e-05,-0.00020652696036102536,-28.226900627480234,37.93204743386917,2.134962306743546,2.232249945233889,0.07132998683252623,0.0001082253950679124,13.0,13.0,13.0
0,1542,528.3844636243366,399.2814589211639,4358.0,525.9553664885865,393.25822521308635,4393.015016577953,4408.035823905903,0.6471166360285563,0.15081503303106775,4441.830930496487,0.642029187486723,0.14839294190085653,0.23458974765526364,0.18699639106853283,8.0,7.954156561745549,1.1720915647495112e-05,-0.00020578170130017281,15.420112488517987,-30.223272460520036,47.72240416702971,46.20233927978279,-0.05043382708769961,-0.0030883756631994164,13.0,13.0,13.0
0,1543,528.6190431718392,399.4684681077597,4366.0,527.9272933642561,387.8272703948187,4374.880638499956,4415.990166408466,0.6471283710224294,0.15060999257898422,4423.652090734825,0.6335866535226932,0.1486302411761945,0.2345795475025625,0.18700918659578747,8.0,7.954342502563122,1.1734993873080413e-05,-0.00020504045208352695,1.9719268756696238,-5.430954818267651,-18.1343780779971,-18.178839761661948,-0.00844253396402983,0.00023729927533797102,13.0,13.0,13.0
0,1544,528.8536125184914,399.6554900893243,4374.0,535.7361308263045,393.4978233342742,4376.064657337016,4423.944693848737,0.6471401200754018,0.15040568939486246,4426.262037434712,0.6335066412601132,0.1507468536502893,0.2345693466522789,0.18702198156461236,8.0,7.954527440270795,1.174905297240958e-05,-0.0002043031841217624,7.808837462048359,5.67055293945549,1.1840188370597389,2.6099466998866774,-8.001226257992045e-05,0.002116612474094809,13.0,13.0,13.0
0,1545,529.0881716635963,399.84252486530295,4382.0,528.6286665641288,416.2025381474545,4396.6241286985805,4431.899405230785,0.6471518831683862,0.15020211952578447,4447.805812861922,0.6669643261859066,0.1518506708870944,0.23455914510486764,0.18703477597864548,8.0,7.954711382048117,1.176309298445144e-05,-0.0002035698690779908,-7.107464262175654,22.704714813180317,20.559471361564647,21.543775427210676,0.033457684925793374,0.0011038172368050825,13.0,13.0,13.0
0,1546,529.3227206064553,400.0295724351381,4390.0,539.030989818686,421.6823141037929,4377.854663126024,4439.854299565793,0.6471636602823279,0.14999927904691754,4431.024919075396,0.6638528171502848,0.1550716876751064,0.23454894285896444,0.18704756983515836,8.0,7.954894335007339,1.1777113941624506e-05,-0.00020284047886692802,10.402323254557132,5.479775956338415,-18.769465572556328,-16.780893786526576,-0.003111509035621851,0.00322101678801201,13.0,13.0,13.0
0,1547,529.5572593463708,400.216632798275,4398.0,511.67207391297035,395.44055657190233,4400.334122708045,4447.809375871995,0.6471754513982086,0.14979716406126745,4447.597321753969,0.657959074545022,0.1459147410101654,0.2345387399154788,0.18706036313687946,8.0,7.9550763062025,1.1791115880788183e-05,-0.00020211498565009256,-27.358915905715605,-26.241757531890585,22.479459582020354,16.57240267857287,-0.005893742605262764,-0.00915694666494099,13.0,13.0,13.0
0,1548,529.7917878826452,400.40370595415516,4406.0,522.961529599259,419.7876374345953,4404.031808166364,4455.7646331746155,0.6471872564970407,0.14959577069943206,4454.795908829585,0.6763925797105798,0.1511098300048766,0.23452853627441073,0.18707315588017082,8.0,7.955257302620339,1.1805098832029515e-05,-0.00020139336183538914,11.289455686288704,24.347080862692962,3.697685458319029,7.19858707561616,0.01843350516555775,0.005195088994711189,13.0,13.0,13.0
0,1549,530.02630621458,400.590791902222,4414.0,544.4532660266614,414.05131157174907,4382.850089877251,4463.720070505802,0.6471990755598735,0.1493950951193592,4435.903826486595,0.6501810295105587,0.15481595894186642,0.23451833193485072,0.18708594806685142,8.0,7.955437331186658,1.1819062832874039e-05,-0.00020067558007286213,21.491736427402316,-5.736325862846229,-21.181718289112723,-18.892082342989852,-0.026211550200021083,0.003706128936989822,13.0,13.0,13.0
0,1550,530.2608143414777,400.77789064191984,4422.0,524.2544678963035,411.88606625713595,4442.403213213167,4471.675686904572,0.6472109085677915,0.14919513350610683,4492.153068123646,0.6659360268493746,0.1489653501989822,0.23450812689770828,0.18709873969783075,8.0,7.955616398769962,1.1833007917960714e-05,-0.00019996161325236406,-20.198798130357886,-2.1652453146131165,59.5531233359161,56.249241637051455,0.015754997338815913,-0.0058506087428842335,13.0,13.0,13.0
0,1551,530.4953122626412,400.96500217269204,4430.0,520.3755864476411,393.6605694056562,4441.639147915794,4479.631481416745,0.6472227555019111,0.1489958820716049,4489.311496785855,0.6476437929378991,0.14586243876310628,0.23449792116343815,0.18711153077219933,8.0,7.95579451217327,1.184693411959703e-05,-0.00019925143450191807,-3.878881448662355,-18.22549685147976,-0.7640652973732358,-2.84157133779172,-0.018292233911475497,-0.0031029114358759047,13.0,13.0,13.0
0,1552,530.7297999773718,401.1521264939811,4438.0,523.5422806985487,381.76722717142155,4434.587233888598,4487.587453094888,0.6472346163433835,0.1487973370544199,4481.674538650584,0.6300559162581241,0.1450867455086523,0.2344877147306761,0.18712432128904766,8.0,7.955971678142305,1.1860841472421946e-05,-0.0001985450171850256,3.1666942509075398,-11.893342234234638,-7.05191402719538,-7.636958135271016,-0.017587876679775016,-0.0007756932544539796,13.0,13.0,13.0
0,1553,530.9642774849726,401.3392636052313,4446.0,547.2304974593676,400.4454506646357,4471.36680424415,4495.543600998252,0.6472464910733948,0.14859949471952288,4522.492551061215,0.631729779788975,0.15050671754346218,0.23447750760078634,0.18713711125019472,8.0,7.956147903364581,1.1874730011296464e-05,-0.00019784233489700265,23.688216760818932,18.678223493214148,36.779570355552096,40.81801241063113,0.001673863530850972,0.005419972034809872,13.0,13.0,13.0
0,1554,531.1987447847459,401.5264135058851,4454.0,569.8253564003824,418.637940490907,4427.949755476719,4503.499924192715,0.6472583796731634,0.14840235135805865,4484.049252521834,0.633622453965497,0.1583481964762494,0.23446729977331415,0.18714990065382153,8.0,7.956323194463039,1.1888599768528074e-05,-0.0001971433614642304,22.594858941014763,18.1924898262713,-43.41704876743188,-38.44329853938052,0.0018926741765219468,0.007841478932787221,13.0,13.0,13.0
0,1555,531.4332018759942,401.71357619538503,4462.0,533.3205648472333,392.6278804295352,4475.179123105457,4511.456421750725,0.6472702821239413,0.14820590328711794,4523.915965317933,0.6346071429896524,0.1469187052759304,0.23445709124825953,0.1871626894999281,8.0,7.956497558009687,1.190245077797858e-05,-0.00019644807094071348,-36.50479155314906,-26.010060061371803,47.229367628738146,39.86671279609891,0.000984689024155383,-0.011429491200318997,13.0,13.0,13.0
0,1556,531.6676487580189,401.9007516731763,4470.0,554.0778455955639,425.5256854425102,4482.816051128907,4519.4130927512415,0.6472821984070188,0.14801014684951205,4536.927827970168,0.6549150071527825,0.1546010923425144,0.23444688202471298,0.18717547779124288,8.0,7.956671000516508,1.1916283077506584e-05,-0.00019575643760588735,20.757280748330572,32.89780501297503,7.636928023450309,13.011862652235322,0.02030786416313013,0.007682387066584001,13.0,13.0,13.0
0,1557,531.9020854301243,402.0879399387004,4478.0,552.4762352854033,390.13171249405275,4483.994373432095,4527.369936279679,0.6472941285037129,0.14781507841354966,4534.714796392312,0.6148423143608331,0.1497052636581756,0.23443667210540298,0.18718826552412793,8.0,7.956843528437275,1.1930096694090508e-05,-0.00019506843596239776,-1.601610310160595,-35.393972948457474,1.178322303187997,-2.213031577856782,-0.04007269279194936,-0.004895828684338799,13.0,13.0,13.0
0,1558,532.1365118916119,402.2751409914017,4486.0,522.2566275850131,396.3472478302385,4460.99531143489,4535.326951427849,0.6473060723953801,0.14762069437281566,4508.915866875666,0.6491809503653808,0.14592350202354806,0.23442646148760105,0.1872010527013117,8.0,7.957015148170285,1.194389166714327e-05,-0.0001943840407339914,-30.219607700390156,6.215535336185724,-22.99906199720499,-25.79892951664533,0.034338636004547674,-0.0037817616346275396,13.0,13.0,13.0
0,1559,532.3709281417837,402.46235483072087,4494.0,522.9608063063763,383.67258625910875,4489.786016648124,4543.2841372939065,0.6473180300634055,0.14742699114595234,4536.394067281677,0.6329577006508209,0.14347050282823062,0.23441625017176193,0.18721383931915625,8.0,7.9571858660574435,1.1957668025419643e-05,-0.0001937032268633232,0.7041787213631778,-12.674661571129718,28.790705213234105,27.47820040601073,-0.016223249714559906,-0.00245299919531744,13.0,13.0,13.0
0,1560,532.6053341799434,402.649581456104,4502.0,548.7711597537299,395.2049330199035,4497.90121784773,4551.241492982294,0.6473300014892132,0.1472339651764444,4548.456011700763,0.624130692461663,0.14923381706336725,0.23440603815970462,0.18722662538311852,8.0,7.957355688387906,1.1971425807666414e-05,-0.00019302596950793172,25.810353447353577,11.532346760794724,8.115201199605508,12.061944419086103,-0.008827008189157937,0.005763314235136624,13.0,13.0,13.0
0,1561,532.8397300053921,402.83682086699173,4510.0,519.7295488450031,402.65317849319734,4529.643095922814,4559.19901760369,0.6473419866542559,0.1470416129324028,4577.107707115326,0.6591450957321294,0.14413863799221172,0.23439582544870063,0.18723941088774154,8.0,7.9575246213953506,1.198516504274938e-05,-0.00019235224404159923,-29.04161090872674,7.448245473293866,31.74187807508406,28.65169541456271,0.035014403270466454,-0.005095179071155531,13.0,13.0,13.0
0,1562,533.0741156174345,403.0240730628275,4518.0,537.3428584407498,421.8330801877319,4512.929568129631,4567.156710274945,0.6473539855400203,0.14684993090635468,4564.341549660437,0.6655492476495056,0.1502334351916995,0.23438561204238795,0.1872521958357538,8.0,7.957692671255245,1.199888576441932e-05,-0.00019168202604813445,17.613309595746614,19.17990169453458,-16.713527793182948,-12.766157454889253,0.0064041519173762,0.0060947971994877725,13.0,13.0,13.0
0,1563,533.3084910153716,403.21133804305555,4526.0,535.2729438370102,394.5497722797595,4525.127852498193,4575.114570119044,0.6473659981280305,0.1466589156150325,4573.725913154925,0.6351939635782323,0.14590652024310982,0.23437539793712858,0.18726498022806481,8.0,7.957859844099403,1.2012588010201775e-05,-0.00019101529132217743,-2.069914603739562,-27.283307907972414,12.198284368561872,9.384363494488753,-0.030355284071273303,-0.004326914948589666,13.0,13.0,13.0
0,1564,533.5428561985059,403.3986158071166,4534.0,544.4183199090088,409.8569172022468,4545.256697773979,4583.072596265039,0.6473780243998384,0.1464685635991665,4596.0561841964345,0.6453127496010245,0.14881709510297722,0.23436518313428678,0.18727776406103658,8.0,7.958026145994154,1.2026271807852318e-05,-0.0001903520158660077,9.145376071998612,15.307144922487282,20.12884527578626,22.33027104150915,0.010118786022792148,0.0029105748598673986,13.0,13.0,13.0
0,1565,533.7772111661416,403.5859063544549,4542.0,536.808463866427,421.98953832836384,4539.990585115578,4591.030787848003,0.6473900643370314,0.14627887142328022,4591.0514057539485,0.6662127501267905,0.14928155503394078,0.23435496763568153,0.18729054733830708,8.0,7.958191582963991,1.203993719300911e-05,-0.00018969217588626908,-7.609856042581782,12.132621126117044,-5.266112658400743,-5.004778442485986,0.020900000525766016,0.00046445993096355664,13.0,13.0,13.0
0,1566,534.0115559175806,403.77320968451295,4550.0,544.2412719899265,390.1079884493536,4558.76195887732,4598.98914400898,0.6474021179212303,0.14608983567548592,4607.677658267361,0.6219073281800774,0.14584214641228244,0.2343447514390391,0.18730333005805733,8.0,7.958356160977019,1.2053584198867817e-05,-0.00018903574779430277,7.4328081234995125,-31.88154987901021,18.771373761741415,16.62625251341251,-0.04430542194671305,-0.003439408621658341,13.0,13.0,13.0
0,1567,534.2458904521254,403.9605257967323,4558.0,530.9126450016834,397.6773874745587,4536.603161162407,4606.94766389493,0.6474141851340872,0.1459014529672837,4584.842830784934,0.6428895384347506,0.14518991745295975,0.23433453454481423,0.18731611221937783,8.0,7.958519885950409,1.2067212856958776e-05,-0.00018838270820220604,-13.328626988243172,7.569399025205087,-22.158797714912907,-22.83482748242659,0.020982210254673173,-0.0006522289593226815,13.0,13.0,13.0
0,1568,534.4802147690798,404.14785469055823,4566.0,524.6228553135231,408.9977616443624,4563.62416510159,4614.906346658682,0.6474262659572901,0.14571371993336302,4611.8514535538325,0.662179665861079,0.144744794229319,0.23432431695437117,0.18732889382590656,8.0,7.958682763752222,1.2080823202920143e-05,-0.00018773303392069507,-6.289789688160226,11.3203741698037,27.021003939183174,27.00862276889802,0.019290127426328407,-0.0004451232236407643,13.0,13.0,13.0
0,1569,534.7145288677452,404.33519636543133,4574.0,523.390908466741,409.364405856204,4568.548092388275,4622.865191458878,0.6474383603725569,0.14552663323140386,4616.616610929717,0.6637547654639249,0.14443119624336426,0.23431409866543618,0.18734167487309605,8.0,7.958844800195948,1.2094415266727943e-05,-0.00018708670195916044,-1.2319468467820798,0.36664421184156026,4.923927286685284,4.765157375884883,0.001575099602845853,-0.0003135979859547333,13.0,13.0,13.0
0,1570,534.9488327474255,404.5225508207941,4582.0,544.0191872333648,411.0430166950194,4594.057488264191,4630.824197459929,0.6474504683616379,0.14534018954188302,4644.381276674869,0.6470545622378812,0.14734338973449065,0.234303879680283,0.1873544553627653,8.0,7.959006001050511,1.210798908102273e-05,-0.00018644368952083767,20.628278766623794,1.6786108388154162,25.509395875916198,27.764665745151433,-0.01670020322604371,0.002912193491126397,13.0,13.0,13.0
0,1571,535.1831264074231,404.7099180560899,4590.0,533.7407740147978,402.4747399974413,4606.845749049097,4638.783363831964,0.6474625899063188,0.14515438556788024,4655.093219873654,0.6460970432660585,0.14409997299784366,0.23429365999754737,0.18736723529582378,8.0,7.959166372035725,1.2121544680887553e-05,-0.00018580397400277948,-10.278413218567039,-8.568276697578085,12.788260784906015,10.711943198784866,-0.0009575189718226129,-0.0032434167366469924,13.0,13.0,13.0
0,1572,535.4174098470417,404.8972980707622,4598.0,536.7430439631734,423.21314702323616,4625.4094575227355,4646.74268975078,0.6474747249884166,0.1449692180348872,4675.640609884054,0.667679260935703,0.14671367086629133,0.23428343961859355,0.1873800146722715,8.0,7.959325918815921,1.2135082097852745e-05,-0.00018516753299305244,3.002269948375556,20.738407025794857,18.563708473638144,20.547390010400704,0.02158221766964441,0.002613697868447673,13.0,13.0,13.0
0,1573,535.6516830655833,405.08469086425157,4606.0,548.6422205060737,426.7070487379868,4594.649636305503,4654.702174397797,0.6474868735897792,0.1447846836906172,4646.922903596186,0.6610264988932419,0.1501343418996365,0.23427321854160255,0.18739279348937998,8.0,7.959484647016325,1.2148601362560463e-05,-0.0001845343442699876,11.899176542900364,3.4939017147506206,-30.759821217232457,-28.717706287868168,-0.0066527620424610134,0.003420671033345174,13.0,13.0,13.0
0,1574,535.8859460623512,405.27209643600145,4614.0,556.9270876766659,441.969728691172,4645.870077577593,4662.661816960005,0.6474990356922891,0.14460077930481913,4699.958914692574,0.6708179198573652,0.15185852330520672,0.2342629967679386,0.1874055717498777,8.0,7.959642562208501,1.2162102509871708e-05,-0.00018390438579807267,8.284867170592179,15.262679953185227,51.220441272090284,53.03601109638748,0.00979142096412322,0.0017241814055702076,13.0,13.0,13.0
0,1575,536.1201988366493,405.4595147854543,4622.0,531.8533477982452,413.5900972188914,4601.5476088368905,4670.621616629922,0.6475112112778596,0.14441750166909106,4650.609115855066,0.6609569184037055,0.14538281030267494,0.23425277429805647,0.18741834945285518,8.0,7.95979966991672,1.217558557053966e-05,-0.000183277635728063,-25.073739878420724,-28.379631472280607,-44.32246874070279,-49.34979883750748,-0.009861001453659646,-0.006475713002531774,13.0,13.0,13.0
0,1576,536.3544413877785,405.6469459120517,4630.0,521.1643059455527,407.0774862910173,4656.211607141851,4678.581572605544,0.6475234003284378,0.14423484759669628,4702.938532887627,0.6631051276491438,0.14108283962815713,0.23424255112922765,0.1874311265974029,8.0,7.959955975622506,1.2189050578204075e-05,-0.00018265407239478892,-10.689041852692526,-6.512610927874107,54.66399830496084,52.32941703256074,0.0021482092454382373,-0.004299970674517817,13.0,13.0,13.0
0,1577,536.5886737150445,405.83438981523796,4638.0,537.629065718291,395.2392570625611,4654.917258909526,4686.5416840903035,0.6475356028260024,0.14405281392238287,4702.500799566361,0.6339306788680035,0.142378963795477,0.23423232726599963,0.18744390318624937,8.0,7.960111484759182,1.2202497564617332e-05,-0.00018203367431340878,16.464759772738375,-11.838229228456214,-1.2943482323253193,-0.43773332126602327,-0.029174448781140283,0.001296124167319862,13.0,13.0,13.0
0,1578,536.8228958177488,406.0218464944537,4646.0,530.0138510410925,415.4543507732918,4650.1319987788365,4694.5019502930145,0.6475478187525634,0.14387139750220151,4698.642847242034,0.6648190101930226,0.14382109100338752,0.23422210270427968,0.1874566792157566,8.0,7.9602662027109545,1.2215926560976698e-05,-0.00018141642018135173,-7.615214677198537,20.21509371073074,-4.785260130689494,-3.857952324327016,0.030888331325019114,0.0014421272079105374,13.0,13.0,13.0
0,1579,537.0571076951942,406.20931594914055,4654.0,539.8440748608148,381.72539333371117,4660.759308589732,4702.462370427837,0.6475600480901629,0.14369059521332886,4707.422143135662,0.6154772230300817,0.140918621518237,0.23421187744543204,0.18746945468683407,8.0,7.960420134822925,1.222933759947864e-05,-0.0001808022888726557,9.830223819722278,-33.728957439580654,10.627309810895895,8.779295893627932,-0.04934178716294091,-0.0029024694851505217,13.0,13.0,13.0
0,1580,537.291309346685,406.39679817874367,4662.0,552.3057430420166,413.92886083297293,4691.898814233483,4710.422943714228,0.647572290820878,0.14351040395389122,4742.393195279493,0.6431528670030083,0.1460574934697941,0.23420165149082095,0.18748222960311978,8.0,7.960573286390172,1.2242730715095185e-05,-0.00018019125943763425,12.461668181201844,32.20346749926176,31.139505643750454,34.971052143831,0.027675643972926656,0.0051388719515571,13.0,13.0,13.0
0,1581,537.5255007715245,406.5842931827019,4670.0,550.7564858889912,411.59017471409516,4653.319103068937,4718.3836693768935,0.6475845469268114,0.14333082064278843,4703.84075555883,0.6417823470667908,0.14669555206641252,0.23419142483953692,0.18749500395824725,8.0,7.960725662665936,1.2256105933472483e-05,-0.00017958331110279335,-1.5492571530254509,-2.3386861188777743,-38.5797111645461,-38.55243972066273,-0.001370519936217507,0.0006380585966184182,13.0,13.0,13.0
0,1582,537.7596819690152,406.7718009604596,4678.0,540.9780069588293,398.7385741658934,4668.755882918673,4726.3445466457515,0.6475968163901048,0.14315184221952215,4716.877266670049,0.6351743189725418,0.14296399548186328,0.23418119749067046,0.18750777775767347,8.0,7.960877268857985,1.2269463293357319e-05,-0.00017897842326627944,-9.778478930161896,-12.851600548201759,15.436779849736013,13.036511111218715,-0.0066080280942489855,-0.0037315565845492393,13.0,13.0,13.0
0,1583,537.9938529384599,406.95932151145826,4686.0,533.506217834099,426.6301450737461,4711.050155548403,4734.305574755883,0.647609099192928,0.14297346564402408,4760.318868862246,0.6745410941142745,0.14399846844381448,0.2341709694446763,0.18752055099866993,8.0,7.961028110131338,1.2282802823171401e-05,-0.00017837657549807373,-7.471789124730321,27.891570907852724,42.294272629730585,43.441602192197024,0.0393667751417327,0.0010344729619511939,13.0,13.0,13.0
0,1584,538.2280136791637,407.1468548351395,4694.0,540.1562654300858,412.3051869260456,4683.911652559818,4742.266752947494,0.6476213953174808,0.1427956878964869,4732.947572838215,0.6519634844581722,0.1440727981421981,0.2341607407038282,0.18753332368123665,8.0,7.961178191610998,1.229612455277973e-05,-0.0001777777475371889,6.650047595986848,-14.3249581477005,-27.13850298858506,-27.371296024030926,-0.022577609656102338,7.432969838361281e-05,13.0,13.0,13.0
0,1585,538.4621641904278,407.3344009309467,4702.0,557.4786432349152,424.0251915280693,4713.3513673007465,4750.228080465865,0.6476337047460002,0.14261850597719558,4765.108698901765,0.6502585453386434,0.14752255145297763,0.2341505112640334,0.18754609580719261,8.0,7.961327518371036,1.2309428519485799e-05,-0.00017718191929130822,17.322377804829443,11.720004602023664,29.43971474092814,32.16112606355,-0.0017049391195288477,0.003449753310779541,13.0,13.0,13.0
0,1586,538.6963044715567,407.5219597983196,4710.0,551.3736459615413,426.89259733325997,4731.655657626836,4758.189556561316,0.6476460274607476,0.14244191690636188,4782.762324166956,0.6588317517556377,0.14631938260136917,0.23414028112892993,0.18755886737289984,8.0,7.961476095450962,1.2322714747381447e-05,-0.0001765890708337048,-6.104997273373897,2.8674058051906854,18.304290326089358,17.653625265191295,0.008573206416994328,-0.0012031688516084549,13.0,13.0,13.0
0,1587,538.9304345218534,407.7095314367025,4718.0,550.2264125972276,419.7272202654208,4707.3181073870555,4766.151180489163,0.6476583634440227,0.14226591772395977,4757.915910215879,0.651659578334905,0.1459681392872109,0.23413005029669876,0.1875716383829058,8.0,7.9616239278475405,1.2335983275102436e-05,-0.00017599918240210344,-1.1472333643137063,-7.165377067839188,-24.337550239780285,-24.84641395107701,-0.00717217342073273,-0.0003512433141582838,13.0,13.0,13.0
0,1588,539.1645543406225,407.89711584553606,4726.0,544.7179137897464,410.51768097765233,4731.077688281377,4774.112951509675,0.6476707126781511,0.14209050548956226,4779.993563233384,0.6458225112639192,0.1431849305120287,0.23411981876915888,0.18758440883357252,8.0,7.96177102051206,1.234923412840594e-05,-0.00017541223439751508,-5.50849880748126,-9.20953928776845,23.759580894321516,22.077653017504417,-0.005837067070985746,-0.0027832087751821777,13.0,13.0,13.0
0,1589,539.3986639271657,408.0847130242628,4734.0,554.3412258619987,402.45464654314685,4744.0132674282595,4782.074868888034,0.6476830751454946,0.14191567728217971,4793.216646339878,0.6279667952592238,0.14340726189252284,0.23410958654312708,0.187597178726719,8.0,7.961917378358521,1.2362467343485228e-05,-0.00017482820738254357,9.62331207225236,-8.063034434505482,12.935579146882446,13.223083106494414,-0.017855716004695377,0.00022233138049412848,13.0,13.0,13.0
0,1590,539.6327632807875,408.2723229723242,4742.0,536.4476740161364,413.32364921879986,4747.406820792554,4790.036931894291,0.6476954508284425,0.141741430200101,4795.464948059628,0.6564816759098648,0.14169235553524365,0.23409935362178658,0.18760994806143572,8.0,7.962063006257267,1.2375682947873834e-05,-0.0001742470820787212,-17.893551845862362,10.869002675653007,3.3935533642943483,2.2483017197500885,0.028514880650641006,-0.0017149063572791945,13.0,13.0,13.0
0,1591,539.8668524007912,408.45994568916194,4750.0,554.2248084198081,424.1224445555936,4744.650525339206,4797.9991398033335,0.6477078397094163,0.14156776136073437,4795.701574727664,0.6531920549335107,0.14604183299119888,0.23408912000377313,0.1876227168377227,8.0,7.962207909042263,1.2388880973768224e-05,-0.0001736688393666197,17.777134403671766,10.798795336793717,-2.756295453347775,0.2366266680355693,-0.0032896209763541018,0.004349477455955236,13.0,13.0,13.0
0,1592,540.1009312864803,408.6475811742175,4758.0,547.7433216354711,408.9214741878305,4748.159357368907,4805.961491894838,0.6477202417708692,0.14139466790045155,4797.109212996731,0.6412937843743521,0.1429785510294214,0.23407888568908675,0.18763548505557992,8.0,7.962352091504727,1.2402061452920776e-05,-0.0001730934602828249,-6.481486784336994,-15.200970367763091,3.5088320297008977,1.40763826906732,-0.011898270559158597,-0.003063281961777492,13.0,13.0,13.0
0,1593,540.334999937158,408.83522942693435,4766.0,557.7380722863933,415.6654510428266,4775.384729466765,4813.923987453236,0.6477326569952875,0.14122214697443236,4825.779609440608,0.6404670270995587,0.14464490091221335,0.23406865067772742,0.1876482527168264,8.0,7.962495558397677,1.2415224418305115e-05,-0.00017252092601918734,9.994750650922128,6.743976854996106,27.22537209785787,28.670396443876598,-0.0008267572747934215,0.001666349882791962,13.0,13.0,13.0
0,1594,540.5690583521286,409.02289044675217,4774.0,524.1763472404197,391.5320839530342,4752.211630125207,4821.886625767669,0.6477450853651835,0.1410501957565109,4797.038002066295,0.6415444877158614,0.1368150856047294,0.23405841497060464,0.18766101981782413,8.0,7.962638314433207,1.2428369896011482e-05,-0.00017195121792146217,-33.56172504597362,-24.133367089792387,-23.173099341557645,-28.74160737431248,0.0010774606163026501,-0.007829815307483945,13.0,13.0,13.0
0,1595,540.8031065306959,409.2105642331135,4782.0,543.5147796028301,431.6316771615764,4805.435845069302,4829.849406131959,0.6477575268631041,0.1408788114390238,4855.298948721174,0.6711630158534406,0.14343959260402714,0.23404817856726368,0.1876737863613016,8.0,7.962780364289756,1.2441497920567812e-05,-0.00017138431748708882,19.338432362410458,40.09959320854222,53.224214944094456,58.26094665487926,0.02961852813757926,0.00662450699929773,13.0,13.0,13.0
0,1596,541.0371444721623,409.3982507854598,4790.0,554.4926541381441,425.51349847337696,4784.559434657622,4837.812327844558,0.6477699814716272,0.14070799123265934,4835.342058701482,0.6545396957072641,0.14505736821227455,0.23403794146634027,0.18768655234634934,8.0,7.962921712599382,1.2454608523171373e-05,-0.00017082020636446926,10.977874535313958,-6.118178688199464,-20.8764104116799,-19.956890019692764,-0.016623320146176512,0.0016177756082474126,13.0,13.0,13.0
0,1597,541.2711721758324,409.5859501032337,4798.0,557.4223638993473,405.5740173160901,4798.481287716065,4845.775390208523,0.6477824491733609,0.1405377323663088,4847.745109208845,0.6290026889433488,0.1426847728673944,0.23402770367010817,0.18769931777387683,8.0,7.963062363965037,1.2467701733687164e-05,-0.00017025886635055332,2.929709761203185,-19.939481157286878,13.921853058443048,12.403050507363332,-0.02553700676391535,-0.0023725953448801573,13.0,13.0,13.0
0,1598,541.50518964101,409.77366218587485,4806.0,534.6589108393904,418.56090304906064,4830.121347331072,4853.738592531469,0.6477949299509415,0.14036803208691784,4877.614746004909,0.6641994751398737,0.1396628499488893,0.23401746517765787,0.18771208264115558,8.0,7.963202322946017,1.2480777580536895e-05,-0.00016970027939094967,-22.763453059956873,12.986885732970563,31.640059615006976,29.869636796063787,0.03519678619652489,-0.0030219229185050878,13.0,13.0,13.0
0,1599,541.7391968669981,409.9613870328267,4814.0,563.9631225281323,411.22205131213695,4806.393152714595,4861.701934125536,0.647807423787041,0.14019888765934121,4856.80688493158,0.6300326837421865,0.14420834324195755,0.23400722598807988,0.18772484695182357,8.0,7.96334159406706,1.2493836099580768e-05,-0.00016914442757662296,29.30421168874193,-7.3388517369236865,-23.728194616476685,-20.80786107332915,-0.03416679139768719,0.004545493293068248,13.0,13.0,13.0
0,1600,541.9731938531017,410.1491246435289,4822.0,551.0249170029539,406.2940232801124,4825.4584782728825,4869.665414307351,0.6478199306643562,0.14003029636619738,4873.782188203213,0.6353508929025851,0.14093587789162898,0.23399698610364794,0.18773761070224282,8.0,7.9634801818147025,1.250687731513267e-05,-0.00016859129314383825,-12.938205525178432,-4.928028032024542,19.06532555828744,16.975303271633493,0.0053182091603986015,-0.003272465350328574,13.0,13.0,13.0
0,1601,542.2071805986229,410.33687501742406,4830.0,556.6544943028514,414.22939173206487,4845.761179725897,4877.629032397992,0.64783245056562,0.13986225550772488,4895.1865772349065,0.6397407446409422,0.14222356150856272,0.23398674552117882,0.18775037389514182,8.0,7.963618090640921,1.2519901263829958e-05,-0.00016804085847249572,5.629577299897505,7.935368451952456,20.30270145301438,21.404389031693427,0.004389851738357153,0.001287683616933738,13.0,13.0,13.0
0,1602,542.4411571028672,410.5246381539537,4838.0,547.6459138297694,422.7355548293197,4845.97595578247,4885.592787722952,0.647844983473592,0.13969476240164114,4895.11025006313,0.6573791966336724,0.14180451444395833,0.2339765042443105,0.18776313652961107,8.0,7.9637553249604025,1.2532907971984919e-05,-0.00016749310608374368,-9.00858047308202,8.506163097254841,0.2147760565731005,-0.07632717177693848,0.017638451992730175,-0.0004190470646043831,13.0,13.0,13.0
0,1603,542.675123365138,410.7124140525584,4846.0,541.6477692294136,378.4586661177008,4847.034575652436,4893.556679612105,0.6478575293710631,0.13952781438300055,4891.8664582591555,0.6098645721056742,0.1354888090614033,0.23396626227076922,0.1877758986047411,8.0,7.9638918891523645,1.2545897471127887e-05,-0.00016694801864058917,-5.998144600355772,-44.27688871161894,1.0586198699656961,-3.2437918039740907,-0.04751462452799815,-0.006315705382555048,13.0,13.0,13.0
0,1604,542.9090793847386,410.90020271267986,4854.0,528.2802645837288,406.6258076478632,4849.535667837023,4901.520707399664,0.6478700882408555,0.13936140880405587,4895.142569835674,0.6560004445606707,0.1366109067423024,0.233956019600555,0.18778866012144135,8.0,7.964027787559644,1.2558869792345106e-05,-0.00016640557894467833,-13.36750464568479,28.16714153016244,2.5010921845869234,3.276111576518815,0.04613587245499651,0.0011220976808991034,13.0,13.0,13.0
0,1605,543.1430251609731,411.08800413375957,4862.0,557.3626371678283,422.4124123746607,4855.051127247464,4909.484870424156,0.6478826600658212,0.1391955430341202,4905.1612413483135,0.6485234589176372,0.1430610690148741,0.23394577623457735,0.18780142107971187,8.0,7.964163024491427,1.2571824965723621e-05,-0.00016586576993565805,29.082372584099517,15.786604726797464,5.515459410441508,10.01867151263923,-0.007476985643033562,0.006450162272571697,13.0,13.0,13.0
0,1606,543.3769606931469,411.2758183152391,4870.0,540.8035991072172,419.1820325670044,4887.187177778498,4917.449168028378,0.6478952448288412,0.1390302144594303,4934.853657392171,0.6593785046666861,0.13910239094103893,0.23393553217374574,0.18781418147955264,8.0,7.964297604222338,1.2584763020018208e-05,-0.00016532857468989914,-16.5590380606111,-3.230379807656277,32.136050531034016,29.69241604385752,0.010855045749048942,-0.0039586780738351535,13.0,13.0,13.0
0,1607,543.6108859805618,411.46364525655827,4878.0,556.0804469796466,407.954116515211,4877.809628948425,4925.41359955937,0.647907842512828,0.13886542048301034,4926.325080722623,0.6329380069796509,0.14045932207265638,0.23392528741487695,0.18782694131914468,8.0,7.964431530991533,1.25976839867592e-05,-0.00016479397641996907,15.276847872429357,-11.227916051793386,-9.377548830073465,-8.528576669547874,-0.02644049768703527,0.0013569311316174448,13.0,13.0,13.0
0,1608,543.8448010225234,411.6514849571595,4886.0,536.3269954599183,387.1067036033263,4856.362185086671,4933.378164368373,0.6479204531007238,0.13870115852453924,4901.199028684051,0.6251901883067902,0.1353670557767027,0.23391504196160895,0.18783970060121646,8.0,7.964564809003605,1.2610587895811598e-05,-0.00016426195847110692,-19.753451519728287,-20.847412911884703,-21.447443861753527,-25.126052038572197,-0.0077478186728606735,-0.00509226629595369,13.0,13.0,13.0
0,1609,544.0787058183346,411.83933741648343,4894.0,547.976382738039,421.64547613273356,4893.3353450565355,4941.3428618108055,0.6479330765755014,0.1385374260202166,4941.942312771511,0.6558391307506245,0.1403692671069866,0.23390479581121326,0.187852459323949,8.0,7.964697442432225,1.2623474777595511e-05,-0.00016373250432263897,11.649387278120685,34.538772529407254,36.973159969864355,40.74328408745987,0.030648942443834315,0.005002211330283918,13.0,13.0,13.0
0,1610,544.3126003673005,412.0272026339717,4902.0,537.7787675298162,398.69767155407743,4920.139301093555,4949.30769124622,0.6479457129201623,0.13837422042263223,4965.474456512077,0.6379605430045104,0.13523314842272535,0.23389454896596362,0.1878652174882518,8.0,7.964829435414686,1.263634466097674e-05,-0.00016320559758437048,-10.197615208222828,-22.947804578656132,26.803956037019816,23.532143740566426,-0.01787858774611406,-0.005136118684261254,13.0,13.0,13.0
0,1611,544.5464846687241,412.215080609064,4910.0,541.9721418098176,417.363096055043,4902.572428429647,4957.272652038276,0.6479583621177383,0.13821153920063445,4950.0648654785455,0.6562303161710197,0.1386339580311754,0.2338843014235863,0.18787797509230586,8.0,7.964960792055535,1.2649197575931304e-05,-0.00016268122199777912,4.1933742800014215,18.66542450096557,-17.566872663908725,-15.409591033531797,0.01826977316650924,0.003400809608450045,13.0,13.0,13.0
0,1612,544.7803587219109,412.40297134120374,4918.0,541.3372482776264,414.3845369317678,4919.399054695625,4965.237743554706,0.6479710241512926,0.13804937983920293,4966.411946280851,0.653336900528571,0.13770360118844674,0.23387405318680976,0.18789073213974916,8.0,7.9650915164302205,1.2662033554322605e-05,-0.00016215936143151866,-0.6348935321911995,-2.978559123275204,16.82662626597812,16.347080802305754,-0.0028934156424487156,-0.0009303568427286579,13.0,13.0,13.0
0,1613,545.0142225261643,412.5908748298298,4926.0,536.3911546267069,419.73331875769344,4916.063701212344,4973.202965167282,0.647983699003915,0.1378877398393188,4963.020637073227,0.6639871219930306,0.13766858408017035,0.23386380425336029,0.18790348862603423,8.0,7.965221612575988,1.2674852622351906e-05,-0.0001616399998841389,-4.946093650919465,5.348781825925641,-3.3353534832804144,-3.391309207624545,0.010650221464459597,-3.5017108276386155e-05,13.0,13.0,13.0
0,1614,545.2480760807885,412.77879107438366,4934.0,562.8655640668342,430.504238830512,4916.316969435428,4981.168316251784,0.6479963866587273,0.13772661671783942,4967.124327699285,0.6529336540995843,0.14315175470769337,0.23385355462414736,0.18791624455388956,8.0,7.96535108450189,1.2687654812326699e-05,-0.00016112312147936736,26.47440944012726,10.77092007281857,0.25326822308397823,4.103690626057869,-0.0110534678934463,0.005483170627523015,13.0,13.0,13.0
0,1615,545.4819193850885,412.966720074307,4942.0,521.8036586183647,391.96400216547977,4934.517110217763,4989.133796187969,0.6480090870988804,0.1375660080073727,4977.486709994609,0.6442504046693502,0.13149326961419777,0.2338433043000805,0.18792899992331513,8.0,7.965479936185147,1.270044015311278e-05,-0.00016060871046671976,-41.061905448469474,-38.54023666503224,18.20014078233453,10.362382295324096,-0.008683249430234019,-0.011658485093495596,13.0,13.0,13.0
0,1616,545.7157524383665,413.15466182903947,4950.0,538.2799141245603,418.7129736034006,4966.406215965896,4997.099404359537,0.6480218003075555,0.13740591125615192,5013.0087295154835,0.6611019898869488,0.1364606569933181,0.23383305327797643,0.18794175473249197,8.0,7.9656081715684195,1.2713208675130261e-05,-0.0001600967512207785,16.47625550619557,26.74897143792083,31.88910574813326,35.52201952087489,0.016851585217598553,0.004967387379120336,13.0,13.0,13.0
0,1617,545.9495752399289,413.3426163380218,4958.0,537.4091525438835,411.5963753697833,4948.701472207765,5005.0651401541045,0.64803452626796,0.1372463240279143,4994.78392270244,0.653593480961412,0.13594364125264816,0.23382280156238266,0.18795450898232957,8.0,7.965735794567081,1.2725960404469383e-05,-0.00015958722823761207,-0.870761580676799,-7.11659823361731,-17.70474375813137,-18.22480681304387,-0.007508508925536783,-0.0005170157406699516,13.0,13.0,13.0
0,1618,546.1833877890795,413.53058360069735,4966.0,559.5153986970632,409.37445507105656,4997.9642015292475,5013.031002963166,0.6480472649633369,0.13708724390177798,5045.819168936967,0.6316591391655638,0.13783404700686086,0.2338125491505707,0.1879672626755564,8.0,7.965862809061946,1.2738695376879328e-05,-0.0001590801261363295,22.106246153179768,-2.2219202987267295,49.262729321482766,51.03524623452722,-0.02193434179584819,0.001890405754212704,13.0,13.0,13.0
0,1619,546.4171900851229,413.71856361650407,4974.0,542.9770804776596,428.5419388972621,4973.724431106758,5020.996992182073,0.6480600163769511,0.13692866847212087,5021.594071597794,0.6681485163957056,0.13818785825996094,0.23380229604345004,0.18798001580671553,8.0,7.965989218906543,1.2751413614231488e-05,-0.00015857542965710958,-16.538318219403664,19.16748382620557,-24.239770422489528,-24.225097339172862,0.036489377230141784,0.0003538112531000781,13.0,13.0,13.0
0,1620,546.6509821273626,413.9065563848835,4982.0,560.0191337323263,430.3188724140513,4995.506452906274,5028.963107209995,0.6480727804921025,0.13677059534846187,5045.183889922172,0.6551736744969837,0.14044720161735502,0.23379204223965644,0.1879927683794449,8.0,7.96611502792166,1.2764115151386868e-05,-0.00015807312365900827,17.042053254666712,1.7769335167891995,21.78202179951586,23.58981832437803,-0.01297484189872189,0.0022593433573940835,13.0,13.0,13.0
0,1621,546.8847639151036,414.09456190527726,4990.0,538.688484612362,407.32732758703946,5002.36879457378,5036.929347449893,0.6480855572921186,0.13661302215534224,5047.751419412281,0.6474231770010507,0.13419512650891163,0.23378178774100888,0.18800552039374452,8.0,7.96624023989807,1.2776800016101042e-05,-0.0001575731931196256,-21.330649119964278,-22.991544827011865,6.862341667506371,2.5675294901093366,-0.00775049749593304,-0.006252075108443389,13.0,13.0,13.0
0,1622,547.1185354476502,414.28258017712415,4998.0,558.0162910304782,422.9477003478659,5013.450930790706,5044.895712308491,0.6480983467603536,0.13645594653220758,5062.109952750054,0.6485688726625076,0.13876482665937673,0.23377153254659788,0.1880182718468859,8.0,7.966364858598354,1.2789468235019363e-05,-0.0001570756231346615,19.32780641811621,15.620372760826456,11.082136216925392,14.358533337772315,0.001145695661456947,0.004569700150465095,13.0,13.0,13.0
0,1623,547.352296724307,414.47061119986665,5006.0,553.1796664392973,415.28248197713145,4987.51568943936,5052.862201196245,0.6481111488801952,0.13629936613329238,5035.25372107531,0.6439611053430238,0.1378098596313532,0.23376127665687818,0.18803102274250705,8.0,7.966488887754167,1.2802119841559545e-05,-0.00015658039891519593,-4.836624591180907,-7.665218370734465,-25.935241351345212,-26.856231674743867,-0.004607767319483869,-0.000954967028023529,13.0,13.0,13.0
0,1624,547.5860477443784,414.65865497294453,5014.0,573.8096069215705,394.34142523007364,5029.9922989809875,5060.828813527314,0.6481239636350568,0.13614327862750383,5077.950881256731,0.6021066430545631,0.13754547849185284,0.23375102007139503,0.18804377307787945,8.0,7.966612331068973,1.2814754861589783e-05,-0.00015608750578854913,20.62994048227324,-20.941056747057814,42.47660954162711,42.69716018142117,-0.04185446228846068,-0.0002643811395003637,13.0,13.0,13.0
0,1625,547.8197885071686,414.84671149579754,5022.0,544.9081481356476,412.671222633222,5037.456822928774,5068.7955487195295,0.6481367910083812,0.13598768169830822,5083.620134389063,0.6481710859893015,0.134867132286049,0.23374076279014844,0.18805652285300312,8.0,7.96673519221531,1.2827373324419966e-05,-0.00015559692919561718,-28.901458785922955,18.329797403148348,7.464523947786802,5.669253132332415,0.04606444293473844,-0.0026783462058038443,13.0,13.0,13.0
0,1626,548.0535190119831,415.03478076786723,5030.0,567.703372742598,396.9777567552929,5016.490316184886,5076.76240619437,0.6481496309836411,0.13583257304361807,5064.094544058052,0.6102356496873063,0.13722323566361092,0.23373050481450264,0.18806927206969704,8.0,7.966857474840253,1.2839975259915093e-05,-0.00015510865469015034,22.795224606950455,-15.6934658779291,-20.966506743888203,-19.5255903310117,-0.03793543630199525,0.0023561033775619245,13.0,13.0,13.0
0,1627,548.2872392581262,415.2228627885943,5038.0,555.2977972772007,420.91482115906007,5019.233252677283,5084.72938537693,0.6481624835443379,0.13567795037567945,5067.368880899994,0.648600439144389,0.13794356491441312,0.2337202461430934,0.1880820207270517,8.0,7.966979182559953,1.285256069682994e-05,-0.00015462266793861423,-12.405575465397305,23.93706440376718,2.742936492397348,3.274336841942386,0.03836478945708277,0.0007203292508022041,13.0,13.0,13.0
0,1628,548.5209492449017,415.41095755741844,5046.0,570.8637197375198,426.77395613497015,5018.283593373811,5092.696485695893,0.6481753486740018,0.13552381142096107,5068.647908434005,0.6419591125609891,0.14108819273325385,0.23370998677546595,0.18809476882415765,8.0,7.967100318963276,1.2865129663919284e-05,-0.0001541389547183858,15.56592246031903,5.859134975910081,-0.9496593034727994,1.2790275340112203,-0.006641326583399887,0.0031446278188407284,13.0,13.0,13.0
0,1629,548.7546489716151,415.59906507378037,5054.0,567.0620836079765,421.4774594310651,5041.091482163353,5100.663706583503,0.6481882263561909,0.1353701539200449,5090.364032857984,0.6391768238885092,0.1392496262787493,0.2336997267134393,0.18810751636192435,8.0,7.967220887609983,1.2877682189049722e-05,-0.00015365750091617114,-3.801636129543226,-5.296496703905063,22.80788878954263,21.716124423978727,-0.0027822886724799822,-0.0018385664545045588,13.0,13.0,13.0
0,1630,548.9883384375712,415.7871853371198,5062.0,558.7367594450859,426.81908969432516,5062.677219935468,5108.631047475537,0.6482011165744915,0.1352169756275164,5111.268133735131,0.6523380075019319,0.13799802038277315,0.23368946595610396,0.18812026333944232,8.0,7.967340892034372,1.2890218300642964e-05,-0.00015317829252850523,-8.325324162890638,5.341630263260072,21.585737772114953,20.904100877147357,0.013161183613422778,-0.0012516058959761434,13.0,13.0,13.0
0,1631,549.2220176420738,415.97531834687743,5070.0,542.8045335263259,416.7161655962476,5060.657483598176,5116.59850781128,0.6482140193125209,0.1350642743118569,5106.715509070796,0.6547391452957918,0.13440758472941436,0.23367920450255042,0.18813300975762104,8.0,7.967460335742544,1.2902738029341165e-05,-0.00015270131565947587,-15.932225918759968,-10.102924098077551,-2.0197363372917607,-4.552624664335781,0.0024011377938598644,-0.0035904356533587867,13.0,13.0,13.0
0,1632,549.4556865844288,416.1634641024939,5078.0,543.8114055675335,411.86665965594824,5073.2540977105755,5124.566087033491,0.6482269345539227,0.1349120477553371,5118.913178605262,0.6482014985862292,0.13366356549578626,0.23366894235505242,0.18814575561646052,8.0,7.967579222211498,1.2915241401789679e-05,-0.00015222655651980777,1.0068720412075436,-4.849505940299366,12.596614112399038,12.197669534466513,-0.006537646709562583,-0.0007440192336281015,13.0,13.0,13.0
0,1633,549.6893452639401,416.35162260340894,5086.0,546.6287418118445,432.68262286029,5085.356444205769,5132.533784588387,0.6482398622823701,0.13476029375390994,5132.919968022607,0.6695656963136171,0.1362403325042162,0.23365867951133623,0.18815850091505126,8.0,7.967697554895494,1.2927728447409415e-05,-0.00015175400142716788,2.8173362443110364,20.815963204341756,12.10234649519316,14.006789417344407,0.021364197727387846,0.002576767008429931,13.0,13.0,13.0
0,1634,549.9229936799134,416.53979384906324,5094.0,559.0600502927014,420.4216770893281,5102.282457186662,5140.501599925604,0.6482528024815642,0.13460901011710683,5150.008621285468,0.6447896143667462,0.13624646634735832,0.23364841597322084,0.18817124565430277,8.0,7.967815337216962,1.2940199194177993e-05,-0.0001512836368031123,12.431308480856842,-12.260945770961882,16.926012980893574,17.088653262861044,-0.024776081946870865,6.133843142130946e-06,13.0,13.0,13.0
0,1635,550.1566318316522,416.72797783889655,5102.0,554.5026425573358,425.32004926902306,5096.411208703628,5148.469532498181,0.6482657551352351,0.1344581946679324,5144.1012366703335,0.6543113877160638,0.13627309723339312,0.23363815173888725,0.18818398983330553,8.0,7.967932572577411,1.295265367085019e-05,-0.00015081544917441847,-4.557407735365587,4.898372179694945,-5.8712484830339235,-5.907384615134106,0.009521773349317586,2.6630886034800794e-05,13.0,13.0,13.0
0,1636,550.3902597184629,416.9161745723495,5110.0,553.8643674383692,425.85590980612835,5098.639488898546,5156.437581762529,0.6482787202271403,0.13430784524276268,5146.284449113781,0.6554759830180197,0.13617965247928676,0.2336278868106092,0.18819673345296906,8.0,7.968049264347428,1.296509190518158e-05,-0.00015034942516972682,-0.6382751189665896,0.5358605371052931,2.2282801949177156,2.183212443447701,0.0011645953019558952,-9.344475410635877e-05,13.0,13.0,13.0
0,1637,550.623877339649,417.104384048861,5118.0,561.9922953774999,423.4165633084593,5090.235549883785,5164.4057471784035,0.6482916977410653,0.1341579596912415,5138.639399631803,0.645686690514855,0.13736382484281473,0.23361762118611296,0.18820947651147435,8.0,7.968165415874864,1.2977513925038764e-05,-0.00014988555152117833,8.1279279391307,-2.439346497669078,-8.403939014760908,-7.645049481978276,-0.009789292503164626,0.0011841723635279688,13.0,13.0,13.0
0,1638,550.8574846945166,417.29260626787254,5126.0,588.5443669115291,430.19052221946134,5127.883873194768,5172.374028208885,0.6483046876608253,0.13400853587618078,5179.4441182622795,0.6311905917466825,0.14121858102540652,0.23360735486767226,0.1882222190115499,8.0,7.968281030481194,1.2989919759953672e-05,-0.000149423815060723,26.55207153402921,6.773958911002069,37.64832331098296,40.8047186304766,-0.014496098768172594,0.0038547561825917898,13.0,13.0,13.0
0,1639,551.0910817823697,417.480841228823,5134.0,561.782016553531,395.09358674804076,5133.599142328111,5180.342424320345,0.6483176899702623,0.1338595716734587,5179.337615035759,0.6129281205549543,0.13299607919113177,0.23359708785301336,0.1882349609504672,8.0,7.968396111460606,1.3002309437015747e-05,-0.00014896420272209054,-26.762350357998116,-35.09693547142058,5.715269133343099,-0.10650322652054456,-0.01826247119172819,-0.008222501834274754,13.0,13.0,13.0
0,1640,551.3246686025145,417.66908893115306,5142.0,575.9285378184345,404.5454208868096,5144.857328281227,5188.31093498243,0.648330704653246,0.13371106497192173,5192.7745576525085,0.612350253067866,0.13595514271920278,0.23358682014486476,0.18824770233004529,8.0,7.9685106620845545,1.3014682983758519e-05,-0.0001485067015369601,14.146521264903527,9.451834138768845,11.258185953115571,13.436942616749548,-0.0005778674870883238,0.0029590635280710154,13.0,13.0,13.0
0,1641,551.5582451542546,417.85734937430243,5150.0,547.9451920701562,428.5189074240003,5167.833515994684,5196.279559668028,0.6483437316936764,0.13356301367328494,5214.439148803122,0.6636977399857117,0.13379947267303213,0.23357655174004321,0.18826044314937462,8.0,7.968624685598115,1.3027040430380055e-05,-0.00014805129863679212,-27.98334574827834,23.973486537190695,22.976187713456966,21.664591150613887,0.05134748691784574,-0.002155670046170649,13.0,13.0,13.0
0,1642,551.7918114368968,418.04562255771,5158.0,565.7597853083143,416.0579084887879,5150.914555545872,5204.248297853253,0.6483567710754766,0.1334154156920352,5198.5679832452415,0.6340893335996712,0.13550412534083714,0.2335662826421867,0.18827318340754573,8.0,7.968738185224538,1.3039381800195038e-05,-0.00014759798124974743,17.81459323815818,-12.460998935212388,-16.91896044881196,-15.871165557880886,-0.029608406386040453,0.0017046526678050067,13.0,13.0,13.0
0,1643,552.0253674497444,418.23390848081726,5166.0,557.3915577628135,422.7079748930771,5144.411626218654,5212.217149017409,0.6483698227826044,0.13326826895533408,5191.756770176847,0.6488352145898122,0.13515314026489594,0.23355601284765726,0.1882859231072871,8.0,7.968851164156149,1.3051707127731405e-05,-0.00014714673670110368,-8.368227545500872,6.650066404289191,-6.502929327217316,-6.8112130683948635,0.014745880990140958,-0.0003509850759411959,13.0,13.0,13.0
0,1644,552.2589131921036,418.42220714306313,5174.0,542.9877599027344,428.70740347283385,5179.147694929703,5220.186112642977,0.6483828867990398,0.13312157140292213,5225.150389327781,0.6683266943625666,0.13279336657605836,0.23354574235918335,0.18829866224587022,8.0,7.968963625567994,1.306401643541566e-05,-0.0001466975524119507,-14.403797860079067,5.999428579756739,34.736068711048574,33.39361915093468,0.01949147977275445,-0.0023597736888375798,13.0,13.0,13.0
0,1645,552.4924486632794,418.61051854388825,5182.0,566.012099087191,419.11411233656804,5170.400291426289,5228.1551882155845,0.6483959631087932,0.13297532098702403,5218.147708627441,0.637372968120656,0.13538279369053063,0.2335354711758555,0.1883114008251141,8.0,7.969075572607835,1.307630975344587e-05,-0.00014625041589810817,23.024339184456608,-9.593291136265805,-8.747403503413807,-7.002680700340534,-0.030953726241910617,0.0025894271144722703,13.0,13.0,13.0
0,1646,552.7259738625758,418.79884268273145,5190.0,564.0056919536732,436.61594269403486,5197.436221937299,5236.124375223982,0.6484090516959027,0.13282951567225387,5246.148985977868,0.6587687588261213,0.13638063204172232,0.23352519929630944,0.18832413884319976,8.0,7.969187008397057,1.3088587109466587e-05,-0.00014580531477015324,-2.0064071335177687,17.501830357466815,27.03593051100961,28.00127735042679,0.021395790705465267,0.0009978383511916877,13.0,13.0,13.0
0,1647,552.9594887892995,418.9871795590316,5198.0,566.8107270863655,427.70217620962467,5210.955905767768,5244.09367316002,0.6484221525444301,0.13268415343552276,5259.11256807939,0.6464237771723271,0.13543125638178188,0.23351492672372842,0.1883368763001272,8.0,7.969297936038856,1.310084852745863e-05,-0.00014536223673111692,2.8050351326922964,-8.91376648441019,13.519683830469148,12.963582101522661,-0.012344981653794163,-0.0009493756599404379,13.0,13.0,13.0
0,1648,553.1929934427558,419.1755291722302,5206.0,554.8052571036701,425.7469707754317,5232.792578019076,5252.0630815186305,0.6484352656384706,0.13253923226594608,5279.316955914454,0.654532416389806,0.13285743731954447,0.23350465345629345,0.18834961319862487,8.0,7.969408358610053,1.3113094040506645e-05,-0.00014492116957667833,-12.005469982695445,-1.955205434192976,21.8366722513083,20.204387835064153,0.008108639217478841,-0.0025738190622374146,13.0,13.0,13.0
0,1649,553.4264878222498,419.36389152176616,5214.0,557.7067894035438,436.45873965672774,5227.339940842768,5260.032599797795,0.6484483909621434,0.13239475016475138,5275.09392821584,0.6640378858403161,0.13465822752890366,0.23349437949400453,0.1883623495359643,8.0,7.969518279164731,1.3125323672702471e-05,-0.00014448210119469285,2.901532299873679,10.711768881296052,-5.452637176308599,-4.223027698614715,0.009505469450510118,0.0018007902093591932,13.0,13.0,13.0
0,1650,553.6599719270857,419.5522666070783,5222.0,530.4843434039752,416.05129592457007,5222.794912691604,5268.002227498527,0.6484615284995958,0.13225070514518797,5266.12751644646,0.6650853477898953,0.12837337422753053,0.23348410483595217,0.18837508531214553,8.0,7.9696277007315075,1.3137537452467818e-05,-0.00014404501956341575,-27.22244599956855,-20.407443732157674,-4.545028151163933,-8.966411769380102,0.0010474619495791648,-0.006284853301373128,13.0,13.0,13.0
0,1651,553.8934457565697,419.7406544276073,5230.0,548.4342951927594,440.25411437755514,5236.8195113131405,5275.971964124848,0.6484746782350035,0.13210709523243735,5283.832175177401,0.6764138424445496,0.13349667737165163,0.23347382948395534,0.1883878205289875,8.0,7.96973662632081,1.3149735407669283e-05,-0.00014360991275061408,17.94995178878412,24.20281845298507,14.024598621536825,17.704658730941446,0.011328494654654353,0.0051233031441211,13.0,13.0,13.0
0,1652,554.1269093100077,419.92905498279197,5238.0,547.742773951573,421.9823730034343,5254.668391913323,5283.941809183765,0.6484878401525669,0.13196391846352348,5299.965205406043,0.6564313189262514,0.13083444995156865,0.23346355343801406,0.18840055518467125,8.0,7.969845058917599,1.3161917563397907e-05,-0.00014317676891387188,-0.6915212411863649,-18.271741374120836,17.848880600182383,16.133030228642383,-0.019982523518298212,-0.0026622274200829854,13.0,13.0,13.0
0,1653,554.3603625867036,420.117468272073,5246.0,579.4645300816214,418.45916570122915,5250.561713588591,5291.91176218525,0.6485010142365186,0.13182117288722436,5298.989103893728,0.6254362757583127,0.1352992297322275,0.23345327669585458,0.18841328928101575,8.0,7.96995300148501,1.3174083951739135e-05,-0.00014274557629911921,31.721756130048448,-3.523207302205151,-4.106678324731547,-0.9761015123158359,-0.030995043167938663,0.004464779780658845,13.0,13.0,13.0
0,1654,554.5938055859642,420.30589429488737,5254.0,541.1693469251236,430.500953696517,5248.967911206047,5299.881822642214,0.6485142004711109,0.13167885656398495,5294.323324661589,0.6719918456998396,0.13098901122071646,0.23344299926066014,0.18842602281438303,8.0,7.970060456963438,1.3186234592232893e-05,-0.0001423163232394109,-38.29518315649784,12.041787995287848,-1.593802382544709,-4.665779232138448,0.046555569941526875,-0.0043102185115110325,13.0,13.0,13.0
0,1655,554.8272383070948,420.4943330506767,5262.0,556.1112345596915,424.4909613896327,5251.385450653735,5307.851990070485,0.64852739884063,0.13153696756583014,5297.782690224537,0.651971700361483,0.13244374940215603,0.23343272113061175,0.18843875578932057,8.0,7.970167428271452,1.3198369519185071e-05,-0.00014188899815481548,14.941887634567934,-6.009992306884328,2.4175394476878864,3.4593655629478235,-0.02002014533835661,0.0014547381814395688,13.0,13.0,13.0
0,1656,555.0606607494005,420.6827845388798,5270.0,560.751955103785,403.7158437767247,5276.0554649161,5315.8222639887945,0.648540609329387,0.1313955039762785,5321.108014928856,0.6239930282217219,0.1302208566977479,0.2334224423057094,0.18845148820309987,8.0,7.970273918309431,1.3210488756909555e-05,-0.00014146358955163807,4.640720544093483,-20.77511761290799,24.67001426236584,23.325324704319428,-0.02797867213976113,-0.0022228927044081193,13.0,13.0,13.0
0,1657,555.294072912186,420.8712487589355,5278.0,543.4595550189987,438.89302370843996,5276.964451968043,5323.792643918742,0.6485538319217194,0.131254463890257,5323.0000189306575,0.679352467451758,0.13161245992751358,0.23341216278549837,0.18846422005572094,8.0,7.97037992994774,1.3222592332495786e-05,-0.00014104008602150442,-17.292400084786323,35.17717993171527,0.9089870519428587,1.8920040018010695,0.05535943923003617,0.00139160322976567,13.0,13.0,13.0
0,1658,555.5274747947587,421.0597257102836,5286.0,555.0738570453981,414.5385310508366,5281.880810541771,5331.763129384787,0.6485670666019911,0.13111384541401735,5327.1206178638795,0.6414608031727251,0.13041781933116636,0.2334018825727071,0.18847695134809328,8.0,7.97048546604492,1.3234680271700938e-05,-0.00014061847623964008,11.6143020263994,-24.354492657603373,4.916358573727848,4.120598933222027,-0.0378916642790329,-0.0011946405963472184,13.0,13.0,13.0
0,1659,555.7608663964229,421.248215392362,5294.0,544.828637100956,431.81801388590554,5304.28015348233,5339.733719914219,0.6485803133545937,0.1309736466650507,5349.644192612083,0.6701975916887655,0.13032141307346556,0.2333916016641524,0.1884896820783979,8.0,7.970590529432229,1.3246752602502632e-05,-0.00014019874896664675,-10.245219944442056,17.27948283506896,22.39934294055911,22.523574748203828,0.028736788516040335,-9.640625770079847e-05,13.0,13.0,13.0
0,1660,555.9942477164846,421.4367178046123,5302.0,565.4838659920442,418.4436133106421,5315.954736850741,5347.704415037142,0.6485935721639479,0.1308338657720064,5362.298184963571,0.6370538203134234,0.131566998574201,0.23338132006165324,0.18850241225027276,8.0,7.970695122922734,1.3258809354210754e-05,-0.00013978089304431118,20.6552288910882,-13.37440057526345,11.674583368410822,12.653992351487432,-0.03314377137534208,0.0012455855007354466,13.0,13.0,13.0
0,1661,556.2276187542493,421.62523294647144,5310.0,558.6202565394906,430.0188835179841,5315.061207556279,5355.675214286448,0.6486068430144963,0.13069450087460804,5361.608757758059,0.6560452916972456,0.13186530774576624,0.23337103776475487,0.1885151418591704,8.0,7.9707992493058555,1.3270850548474655e-05,-0.000139364897398353,-6.863609452553646,11.575270207341987,-0.8935292944615867,-0.6894272055114925,0.018991471383822178,0.00029830917156523085,13.0,13.0,13.0
0,1662,556.4609795090228,421.81376081738017,5318.0,558.9379066561626,431.38253635340976,5331.519005504781,5363.646117197801,0.6486201258907134,0.13055555012357312,5378.066323710275,0.6573013137121377,0.13166276985577527,0.2333607547734573,0.1885278709087288,8.0,7.970902911352823,1.3282876217046713e-05,-0.0001389507510349275,0.3176501166719845,1.3636528354256825,16.45779794850114,16.4575659522161,0.0012560220148921664,-0.00020253788999097244,13.0,13.0,13.0
0,1663,556.6943299801101,422.0023014167764,5326.0,572.149581723956,428.097933996676,5324.742883068788,5371.617123309615,0.6486334207770967,0.13041701168053133,5372.477059583487,0.6423656120317882,0.13340266707754278,0.23335047108730578,0.18854059939621948,8.0,7.971006111813949,1.3294886383352633e-05,-0.0001385384430417913,13.211675067793408,-3.284602356733785,-6.776122435992875,-5.589264126788294,-0.014935701680349522,0.0017398972217675113,13.0,13.0,13.0
0,1664,556.9276701668186,422.19085474409985,5334.0,572.7394059474142,416.61730711424735,5344.821279696358,5379.588232163033,0.6486467276581712,0.13027888371794535,5391.541052390044,0.6288871328953571,0.13174162326167532,0.23334018670857404,0.18855332732346142,8.0,7.971108853418627,1.3306881074481858e-05,-0.00013812796258597104,0.5898242234582085,-11.480626882428624,20.078396627570328,19.0639928065566,-0.013478479136431076,-0.0016610438158674579,13.0,13.0,13.0
0,1665,557.1610000684523,422.3794207987903,5342.0,577.852563344241,421.61904015168716,5349.435569415934,5387.559443301911,0.6486600465184912,0.13014116441903037,5397.048926155322,0.6303368778290499,0.13292939277117505,0.2333299016336241,0.18856605469045462,8.0,7.971211138878061,1.3318860319966319e-05,-0.00013771929891498447,5.113157396826864,5.001733037439806,4.614289719575936,5.507873765278418,0.0014497449336927648,0.0011877695094997254,13.0,13.0,13.0
0,1666,557.3943196843179,422.5679995802848,5350.0,541.2992342592083,418.14550804224285,5369.0882326166175,5395.53075627279,0.648673377342632,0.13000385197767605,5412.481776091975,0.6577368569129142,0.12671263309151914,0.2333196158656392,0.1885787814944706,8.0,7.971312970878898,1.3330824140789233e-05,-0.00013731244135431475,-36.553329085032715,-3.4735321094443066,19.65266320068349,15.432849936652929,0.027399979083864268,-0.006216759679655903,13.0,13.0,13.0
0,1667,557.6276290137216,422.756591088023,5358.0,554.8070297009624,430.5174090270835,5384.900639418967,5403.502170624884,0.6486867201151993,0.1298669445983683,5430.498225402141,0.6599200700756311,0.12967923393743802,0.23330932940370985,0.18859150773823785,8.0,7.971414352093234,1.3342772567370709e-05,-0.00013690737930774355,13.50779544175407,12.371900984840636,15.81240680234987,18.016449310165626,0.002183213162716968,0.0029666008459188764,13.0,13.0,13.0
0,1668,557.8609280559676,422.94519532144386,5366.0,579.0654568190475,406.39187870507646,5358.443198622629,5411.473685910055,0.6487000748208256,0.12973044049611165,5404.940765191012,0.6119373254105609,0.13126425512378778,0.23329904224601705,0.18860423342084687,8.0,7.971515285171336,1.3354705626245078e-05,-0.0001365041022566571,24.258427118085137,-24.125530322007023,-26.457440796338233,-25.557460211128273,-0.04798274466507024,0.001585021186349761,13.0,13.0,13.0
0,1669,558.0942168103638,423.13381227998707,5374.0,546.1924379703306,416.94571340989756,5377.990357264026,5419.445301682799,0.648713441444168,0.12959433789635344,5421.711002077823,0.6520017426465395,0.12708151190314598,0.23328875439619878,0.18861695854320715,8.0,7.9716157727443715,1.3366623342392359e-05,-0.00013610259975821437,-32.873018848716924,10.5538347048211,19.54715864139689,16.77023688681038,0.040064417235978644,-0.004182743220641799,13.0,13.0,13.0
0,1670,558.3274952762154,423.3224419630915,5382.0,561.7533730068309,439.0844169405434,5415.213909431649,5427.417017500222,0.6487268199699108,0.12945863503490648,5461.950536409733,0.6634401689920776,0.1309121531581694,0.23327846585152656,0.1886296831044092,8.0,7.9717158174225915,1.337852574279097e-05,-0.00013570286144695687,15.560935036500268,22.13870353064584,37.223552167622984,40.23953433191036,0.011438426345538044,0.003830641255023415,13.0,13.0,13.0
0,1671,558.5607634528274,423.5110843701941,5390.0,555.8575700249163,421.96669870837474,5372.012381263967,5435.388832922022,0.6487402103827632,0.12932333015787437,5417.153362922837,0.6493170831352191,0.12918645295351922,0.2332681766120004,0.18864240710263402,8.0,7.9718154217998745,1.339041285242093e-05,-0.00013530487703211636,-5.895802981914585,-17.11771823216867,-43.20152816768223,-44.7971734868961,-0.014123085856858508,-0.0017257002046501824,13.0,13.0,13.0
0,1672,558.7940213395073,423.6997395007347,5398.0,562.4426475819517,429.8015427031094,5419.1512168497275,5443.360747510473,0.6487536126674611,0.12918842152157725,5465.187188835607,0.6525081129798789,0.12988723264150684,0.233257886679894,0.18865513054061012,8.0,7.971914588451,1.3402284697927591e-05,-0.00013490863629711525,6.585077557035447,7.834843994734683,47.13883558576072,48.033825912770226,0.0031910298446597984,0.0007007796879876238,13.0,13.0,13.0
0,1673,559.0272689355597,423.88840735415397,5406.0,562.7302968710559,427.09886570593943,5418.29827889669,5451.3327608304,0.6487670268087705,0.129053907392477,5464.1591363355,0.6492211275143794,0.1296518254380651,0.2332475960524789,0.18866785341924697,8.0,7.9720133199271,1.3414141309397998e-05,-0.0001345141291002605,0.287649289104138,-2.7026769971699878,-0.8529379530373262,-1.028052500107151,-0.003286985465499437,-0.00023540720344172872,13.0,13.0,13.0
0,1674,559.2605062402918,424.07708792988615,5414.0,543.6353427583388,446.4944767765768,5424.186830270678,5459.304872449169,0.648780452791474,0.12891978604710377,5469.616026136554,0.687601916961297,0.12897488708685784,0.23323730473202886,0.1886805757321781,8.0,7.972111618769304,1.3425982703485495e-05,-0.00013412134537321707,-19.09495411271712,19.395611070637358,5.888551373987866,5.456889801053876,0.038380789446917585,-0.0006769383512072735,13.0,13.0,13.0
0,1675,559.4937332530085,424.26578122737374,5422.0,580.813764155132,424.006578681723,5433.779726144655,5467.2770819366615,0.6487938906003914,0.1287860557719841,5481.157571139341,0.6305918314659512,0.1315769547700002,0.23322701271672486,0.188693297487589,8.0,7.972209487492364,1.3437808917382554e-05,-0.0001337302751196756,37.17842139679328,-22.48789809485379,9.592895873976886,11.541545002786734,-0.05701008549534581,0.0026020676831423617,13.0,13.0,13.0
0,1676,559.7269499730178,424.45448724605467,5430.0,563.9931994372436,423.256101154891,5421.414793021407,5475.249388865261,0.6488073402203605,0.12865271486356805,5467.08079455276,0.6437974454349312,0.12934108831359512,0.2332167200092954,0.18870601868093217,8.0,7.97230692859921,1.3449619969074789e-05,-0.0001333409084160464,-16.820564717888487,-0.7504775268320145,-12.364933123248193,-14.076776586580309,0.013205613968980012,-0.0022358664564050834,13.0,13.0,13.0
0,1677,559.9601563996234,424.64320598536597,5438.0,554.1134311829557,436.1549153637715,5448.398735182985,5483.221792809828,0.6488208016362481,0.12851976162815712,5493.84397142446,0.6668390753115216,0.1287125367575416,0.23320642660564772,0.18871873931129812,8.0,7.972403944567304,1.3461415887650041e-05,-0.00013295323541093196,-9.87976825428791,12.898814208880538,26.983942161577943,26.763176871699216,0.02304162987659042,-0.0006285515560535138,13.0,13.0,13.0
0,1678,560.1933525321333,424.8319374447465,5446.0,568.959025640771,400.288209740355,5447.6404599445295,5491.194293347691,0.6488342748329454,0.12838719438183482,5491.878695359165,0.6131011188529544,0.1270121848552121,0.2331961325098746,0.18873145938050584,8.0,7.972500537863198,1.3473196697311174e-05,-0.000132567246322296,14.84559445781531,-35.86670562341652,-0.7582752384550986,-1.965276065294347,-0.05373795645856727,-0.0017003519023295055,13.0,13.0,13.0
0,1679,560.426538369853,425.02068162363685,5454.0,549.4251294714654,420.9025981803899,5442.7093877311445,5499.166890058624,0.648847759795373,0.12825501145039533,5486.539205122522,0.6537119778808406,0.12648532086360353,0.23318583771970225,0.18874417889037431,8.0,7.972596710932521,1.348496242759012e-05,-0.00013218293143948956,-19.533896169305535,20.614388440034872,-4.93107221338505,-5.339490236643542,0.04061085902788619,-0.0005268639916085616,13.0,13.0,13.0
0,1680,560.6597139120881,425.2094385214723,5462.0,550.1529209003202,438.7314155861928,5482.47384062211,5507.139582524827,0.6488612565084717,0.1281232111692735,5527.44723217718,0.6731974273045366,0.127651352527681,0.2331755422351307,0.18875689783544658,8.0,7.972692466203625,1.3496713098692936e-05,-0.0001318002811218355,0.7277914288547436,17.82881740580291,39.76445289096591,40.908027054658305,0.01948544942369601,0.0011660316640774715,13.0,13.0,13.0
0,1681,560.8928791581466,425.3982081376944,5470.0,586.9404163672477,436.4748997228418,5466.802355632508,5515.112370330914,0.6488747649572127,0.12799179188347723,5515.517871061843,0.6394210412433856,0.1330073609395689,0.2331652460584337,0.1887696162220891,8.0,7.9727878060866715,1.3508448741039736e-05,-0.00013141928579626927,36.78749546692757,-2.2565158633509554,-15.671484989602504,-11.929361115337088,-0.033776386061150965,0.005356008411887908,13.0,13.0,13.0
0,1682,561.126034107333,425.58699047174014,5478.0,560.8608886031435,407.82879552007137,5456.5085099116195,5523.08525306389,0.6488882851265911,0.127860751947517,5500.397656675195,0.6287146123352902,0.12641124985833296,0.23315494918642798,0.1887823340457544,8.0,7.972882732976359,1.352016937838929e-05,-0.00013103993596022545,-26.079527764104228,-28.64610420277046,-10.293845720888385,-15.120214386647604,-0.010706428908095367,-0.00659611108123595,13.0,13.0,13.0
0,1683,561.3591787589548,425.77578552304567,5486.0,567.9691035336991,402.522769359689,5461.802024355212,5531.058230313137,0.6489018170016239,0.12773008972533928,5505.987180848912,0.6165446500266218,0.12677290979701958,0.23314465162184206,0.18879505130553298,8.0,7.972977249246469,1.3531875032724017e-05,-0.00013066222217772427,7.108214930555619,-5.306026160382373,5.293514443592358,5.589524173717109,-0.012169962308668403,0.00036165993868661483,13.0,13.0,13.0
0,1684,561.5923131123172,425.96459329105346,5494.0,553.9366563963649,426.70033661745083,5478.796414986009,5539.031301670398,0.6489153605673625,0.12759980359025916,5523.235388197082,0.6563703462892624,0.1269380574823577,0.23313435336240218,0.1888077680077913,8.0,7.973071357260778,1.3543565738682872e-05,-0.000130286135080121,-14.032447137334202,24.177567257761837,16.99439063079717,17.24820734816967,0.03982569626264054,0.00016514768533812396,13.0,13.0,13.0
0,1685,561.8254371667281,426.1534137751987,5502.0,565.3269623048234,444.1472947884407,5492.9817346758155,5547.004466729753,0.648928915808874,0.1274698919248928,5539.829395501167,0.6659274834682345,0.1301419426320699,0.23312405441083683,0.18882048414525343,8.0,7.973165059355779,1.3555241511475913e-05,-0.00012991166536635568,11.390305908458458,17.446958170989888,14.18531968980642,16.5940073040847,0.009557137178972108,0.0032038851497122045,13.0,13.0,13.0
0,1686,562.058550921493,426.3422469749203,5510.0,567.6673016372046,422.23046103078286,5507.315920254642,5554.977725087617,0.6489424827112565,0.12734035312109176,5552.571780090787,0.6395207437517901,0.1277617150702177,0.23311375476487228,0.18883319972155732,8.0,7.973258357863415,1.356690238252245e-05,-0.0001295388038010381,2.340339332381177,-21.916833757657855,14.334185578826691,12.742384589620087,-0.02640673971644436,-0.002380227561852216,13.0,13.0,13.0
0,1687,562.2916543759179,426.531092889657,5518.0,552.31672346065,424.69156115564846,5500.3931453862315,5562.951076342704,0.6489560612596333,0.12721118557987737,5544.343192745464,0.6555051183858591,0.12599604844928505,0.23310345442496327,0.18884591473670298,8.0,7.973351255087437,1.3578548376802502e-05,-0.00012916754121439222,-15.350578176554563,2.4611001248655953,-6.92277486841067,-8.228587345322921,0.015984374634068987,-0.0017656666209326377,13.0,13.0,13.0
0,1688,562.5247475293099,426.71995151884676,5526.0,549.6647585332544,434.43693933039606,5546.878520371739,5570.924520096028,0.6489696514391513,0.12708238771137548,5590.950556103099,0.6688395583845648,0.12564332675010556,0.2330931533920193,0.1888586291897809,8.0,7.973443753323409,1.3590179517963819e-05,-0.00012879786850189534,-2.6519649273956247,9.7453781747476,46.485374985507406,46.60736335763522,0.01333443999870565,-0.00035272169917949237,13.0,13.0,13.0
0,1689,562.7578303809755,426.90882286192755,5534.0,572.6777664145052,416.6085996128937,5512.599683165987,5578.8980559508755,0.6489832532349828,0.126953957934752,5557.902285598287,0.6289283899854893,0.12776637027114943,0.23308285166558562,0.18887134308079112,8.0,7.973535854847796,1.360179583154153e-05,-0.0001284297766234732,23.013007881250815,-17.82833971750233,-34.2788372057521,-33.048270504812535,-0.03991116839907549,0.002123043521043866,13.0,13.0,13.0
0,1690,562.9909029302212,427.0977069183373,5542.0,546.6272453676535,413.36637527790975,5545.917340233885,5586.871683512794,0.648996866632326,0.12682589467814886,5588.100952049409,0.6474652895306692,0.12294994454556922,0.23307254924566223,0.1888840564097336,8.0,7.973627561918875,1.3613397343181788e-05,-0.00012806325660313922,-26.050521046851713,-3.242224334983973,33.317657067897926,30.198666451122335,0.018536899545179897,-0.004816425725580206,13.0,13.0,13.0
0,1691,563.223965176353,427.2866036875139,5550.0,563.556702779923,408.6131216998116,5573.1156071937885,5594.8454023895765,0.6490104916164038,0.12669819637862048,5616.420426892954,0.6273483320007434,0.12426040188876049,0.23306224613179438,0.18889676917660836,8.0,7.973718876782186,1.3624984077753588e-05,-0.00012769829952838374,16.92945741226947,-4.7532535780981675,27.198266959903776,28.319474843545322,-0.020116957529925816,0.001310457343191268,13.0,13.0,13.0
0,1692,563.4570171186788,427.4755131688971,5558.0,571.5425036037198,424.8982687320012,5556.423560004728,5602.8192121912425,0.6490241281724655,0.1265708614820716,5601.87844837539,0.6392790034045773,0.1274772119294313,0.23305194232580106,0.18890948138323438,8.0,7.973809801665993,1.3636556061680238e-05,-0.00012733489654886965,7.985800823796808,16.285147032189627,-16.69204718906076,-14.54197851756453,0.01193067140383397,0.0032168100406708006,13.0,13.0,13.0
0,1693,563.6900587565037,427.6644353619222,5566.0,585.3752688086054,418.9366675513739,5564.968576383492,5610.793112530023,0.6490377762857822,0.12644388844319326,5611.332051562045,0.6211668055327195,0.12863806146153833,0.2330416378249538,0.1889221930250642,8.0,7.973900338780368,1.364811331672211e-05,-0.00012697303887834743,13.832765204885618,-5.961601180627326,8.545016378764558,9.453603186655528,-0.018112197871857805,0.0011608495321070444,13.0,13.0,13.0
0,1694,563.9230900891348,427.8533702660279,5574.0,573.4445602226668,427.8065999791157,5584.767193846801,5618.767103020348,0.6490514359416528,0.1263172757254027,5630.406891167115,0.6409551885029716,0.12741198608480162,0.23303133263107156,0.18893490410573577,8.0,7.973990490325377,1.365965587063478e-05,-0.00012661271779057515,-11.930708585938532,8.869932427741787,19.7986174633088,19.074839605069428,0.019788382970252094,-0.0012260753767367183,13.0,13.0,13.0
0,1695,564.1561111158799,428.0423178806532,5582.0,553.8179700145563,441.6559636838416,5603.235767869896,5626.741183278829,0.6490651071254006,0.1261910218007814,5647.833691293069,0.6731993863504445,0.12575277107853397,0.23302102674506386,0.18894761462524912,8.0,7.974080258481081,1.367118374773213e-05,-0.00012625392462128904,-19.626590208110542,13.849363704725931,18.468574023095243,17.426800125954287,0.0322441978474729,-0.0016592150062676447,13.0,13.0,13.0
0,1696,564.3891218360445,428.23127820523496,5590.0,564.9782661318122,435.385829624908,5597.408558763388,5634.7153529242405,0.6490787898223733,0.12606512515001367,5642.671693050829,0.6565703584661393,0.12674640704160078,0.23301072016465696,0.18896032458178524,8.0,7.974169645411166,1.3682696972772135e-05,-0.0001258966507677317,11.160296117255939,-6.270134058933593,-5.827209106508235,-5.161998242239861,-0.016629027884305203,0.0009936359630668135,13.0,13.0,13.0
0,1697,564.6221222489353,428.4202512392112,5598.0,556.357379838168,434.8686101351175,5606.7340656066945,5642.689611577511,0.649092484017944,0.12593958426232704,5651.027439733045,0.6634422600822603,0.1252866368353938,0.23300041289076034,0.18897303397625365,8.0,7.974258653270226,1.369419557062379e-05,-0.00012554088768662597,-8.620886293644276,-0.5172194897905342,9.325506843306357,8.355746682215795,0.006871901616120946,-0.001459770206206995,13.0,13.0,13.0
0,1698,564.85511235386,428.60923698201987,5606.0,586.8292342207112,444.40450467713924,5604.617815992577,5650.663958861702,0.6491061896975096,0.12581439763543242,5652.75196495077,0.648155381480591,0.1305931322196657,0.23299010492473826,0.18898574280865432,8.0,7.974347284191026,1.3705679565600981e-05,-0.0001251866268946189,30.471854382543256,9.535894542021765,-2.1162496141178053,1.724525217725386,-0.015286878601669218,0.005306495384271914,13.0,13.0,13.0
0,1699,565.0880921501248,428.79823543309885,5614.0,551.2622496425096,435.0250383169721,5620.035702982737,5658.638394401997,0.6491199068464928,0.12568956377546447,5663.738884751333,0.6680859984130132,0.12430814143181794,0.23297979626477172,0.18899845107898727,8.0,7.974435540295417,1.3717148983238836e-05,-0.00012483385996794882,-35.56698457820164,-9.379466360167157,15.417886990160696,10.986919800562646,0.01993061693242215,-0.0062849907878477634,13.0,13.0,13.0
0,1700,565.3210616370361,428.9872465918861,5622.0,592.6893215724714,439.99833992253036,5638.7256265003125,5666.612917825684,0.6491336354503412,0.125565081196923,5686.836190887861,0.6386038794387566,0.13016868500418483,0.23296948691131547,0.1890111587872525,8.0,7.97452342368706,1.3728603848406351e-05,-0.00012448257854147382,41.42707192996181,4.973301605558277,18.689923517575153,23.09730613652846,-0.029482118974256566,0.005860543572366886,13.0,13.0,13.0
0,1701,565.5540208139018,429.17627045781774,5630.0,569.5675060354808,401.9927328061599,5645.603351692878,5674.587528762144,0.6491473754945235,0.12544094842261455,5688.483322099688,0.6145985938183656,0.1228618866589583,0.23295917686573375,0.189023865931631,8.0,7.974610936459612,1.3740044182308786e-05,-0.0001241327743084497,-23.12181553699054,-38.00560711637047,6.8777251925657765,1.6471312118264905,-0.02400528562039106,-0.007306798345226531,13.0,13.0,13.0
0,1702,565.786969680028,429.3653070303326,5638.0,597.5889878629698,439.6723503002715,5633.879499728815,5682.5622268428315,0.6491611269645379,0.1253171639835947,5682.5190357356705,0.6343144878431942,0.13093312274528168,0.23294886612620758,0.1890365725148513,8.0,7.974698080687631,1.3751470014367051e-05,-0.0001237844390198639,28.02148182748897,37.679617494111596,-11.723851964063215,-5.9642863640174255,0.01971589402482865,0.008071236086323388,13.0,13.0,13.0
0,1703,566.0199082347217,429.5543563088677,5646.0,584.4696418900573,419.8932436410827,5646.244767626669,5690.537011701265,0.6491748898459042,0.12519372641911053,5691.923670807441,0.6229800830653436,0.12677516024014632,0.23293855469364644,0.18904927853509434,8.0,7.97478485843385,1.3762881366341517e-05,-0.00012343756448415788,-13.11934597291247,-19.779106659188813,12.36526789785421,9.404635071770826,-0.011334404777850637,-0.004157962505135365,13.0,13.0,13.0
0,1704,566.2528364772911,429.74341829286186,5654.0,568.7782087049549,445.0097211290267,5632.359992648574,5698.511882973011,0.6491886641241675,0.12507063427654436,5678.469986658835,0.663914162022289,0.12752378067103776,0.23292824256941458,0.18906198399417917,8.0,7.974871271745542,1.3774278263323225e-05,-0.0001230921425661724,-15.691433185102483,25.116477487943996,-13.884774978095265,-13.453684148606044,0.04093407895694545,0.000748620430891439,13.0,13.0,13.0
0,1705,566.4857544070405,429.93249298175033,5662.0,556.1779867216942,418.6385718971379,5634.713182419423,5706.486840295666,0.6492024497848972,0.12494788611135578,5677.5509557312735,0.6452307742454206,0.12291966471454309,0.23291792974941927,0.1890746888884678,8.0,7.974957322655428,1.3785660729626059e-05,-0.000122748165188577,-12.600221983260667,-26.37114923188875,2.353189770848985,-0.9190309275618347,-0.0186833877768684,-0.004604115956494667,13.0,13.0,13.0
0,1706,566.7186620232792,430.1215803749719,5670.0,561.6706404331213,417.03135210142386,5644.097977364837,5714.461883308849,0.6492162468136861,0.12482548048702798,5687.286790294115,0.6386733614710977,0.12331709452540142,0.23290761623866274,0.18908739322159818,8.0,7.975043013182585,1.379702878889777e-05,-0.00012240562432780377,5.492653711427124,-1.6072197957140588,9.384794945413887,9.735834562841774,-0.006557412774322979,0.0003974298108583296,13.0,13.0,13.0
0,1707,566.9515593253145,430.3106804719655,5678.0,568.9742517993639,440.0162410985683,5680.454708866449,5722.437011654182,0.6492300551961538,0.12470341597501074,5725.811007283089,0.6582784009801053,0.12595122525571822,0.232897302035326,0.18910009699357033,8.0,7.97512834533336,1.3808382467783709e-05,-0.00012206451201723922,7.303611366242535,22.984888997144424,36.35673150161256,38.52421698897342,0.019605039509007605,0.0026341307303168054,13.0,13.0,13.0
0,1708,567.1844463124517,430.49979327216624,5686.0,600.5999995575472,423.79143687992854,5661.05483072472,5730.41222497528,0.6492438749179417,0.12458169115466508,5708.577873508688,0.6144834525727665,0.1291233841865236,0.2328869871371353,0.18911280020074628,8.0,7.975213321097726,1.3819721787822203e-05,-0.00012172482034565613,31.625747758183365,-16.224804218639747,-19.39987814172946,-17.233133774400812,-0.043794948407338774,0.0031721589308053855,13.0,13.0,13.0
0,1709,567.4173229839989,430.6889187750121,5694.0,581.7850089428623,434.27946368192,5717.882692972719,5738.387522917733,0.6492577059647157,0.1244603046132102,5763.788245572825,0.6412319057860323,0.1262938681164569,0.23287667154727387,0.1891255028458545,8.0,7.975297942452926,1.3831046773993272e-05,-0.00012138654145488204,-18.814990614684916,10.488026801991452,56.82786224799929,55.21037206413712,0.0267484532132658,-0.0028295160700667066,13.0,13.0,13.0
0,1710,567.6501893392638,430.878056979941,5702.0,553.8169386898926,420.88823457080633,5695.801230941804,5746.362905129096,0.6492715483221667,0.12433925494566839,5738.119184016497,0.6498559834061297,0.121523371345974,0.23286635526483224,0.189138204928895,8.0,7.975382211363467,1.3842357451054887e-05,-0.00012104966754181157,-27.96807025296971,-13.39122911111366,-22.081462030915645,-25.669061556328415,0.008624077620097426,-0.004770496770482899,13.0,13.0,13.0
0,1711,567.8830453775522,431.06720788638813,5710.0,546.8617638976455,429.980596919631,5712.474498608768,5754.338371258876,0.6492854019760081,0.12421854075481106,5754.67688057254,0.6663122863746638,0.12118218439853001,0.23285603828844614,0.18915090644713928,8.0,7.975466129779306,1.3853653841433555e-05,-0.00012071419085732393,-6.955174792247135,9.092362348824679,16.67326766696442,16.557696556043084,0.016456302968534064,-0.0003411869474439916,13.0,13.0,13.0
0,1712,568.1158910981726,431.25637149379327,5718.0,571.5140344082724,417.81254536369556,5712.67193103119,5762.313920958512,0.6492992669119804,0.12409816065110678,5756.371791865127,0.6312706131607835,0.12329791642901898,0.23284572062038933,0.18916360740513483,8.0,7.975549699636758,1.3864935972218717e-05,-0.00012038010370428454,24.652270510626977,-12.168051555935449,0.1974324224220254,1.6949112925876761,-0.0350416732138803,0.0021157320304889676,13.0,13.0,13.0
0,1713,568.348726500431,431.44554780159433,5726.0,557.6685160394644,466.32526356457333,5721.421389606499,5770.289553881372,0.6493131431158479,0.12397811325266725,5767.418499005165,0.6964307041055245,0.12638007096533227,0.23283540225838806,0.18917630780106265,8.0,7.975632922859404,1.3876203867502213e-05,-0.0001200473984395295,-13.84551836880803,48.51271820087777,8.74945857530929,11.046707140038052,0.06516009094474107,0.003082154536313289,13.0,13.0,13.0
0,1714,568.5815515836357,431.6347368092247,5734.0,557.0334277060323,439.695047989326,5719.97826070571,5778.265269682729,0.6493270305733922,0.12385839718519523,5763.832863447221,0.6682140070369809,0.12343622964887613,0.23282508320471607,0.18918900763037527,8.0,7.9757158013571825,1.3887457544381476e-05,-0.0001197160674720199,-0.6350883334321225,-26.630215575247348,-1.4431289007889063,-3.5856355579444426,-0.028216697068543684,-0.0029438413164561417,13.0,13.0,13.0
0,1715,568.8143663470937,431.82393851612414,5742.0,573.2745818487309,430.65703173454597,5737.163478873361,5786.241068019757,0.6493409292704271,0.1237390110819333,5781.795050716908,0.6442833477095842,0.12433245538465898,0.2328147634580091,0.18920170689943916,8.0,7.975798337028209,1.3898697034830931e-05,-0.00011938610326192589,16.241154142698633,-9.038016254780018,17.18521816765042,17.962187269687092,-0.023930659327396686,0.0008962257357828518,13.0,13.0,13.0
0,1716,569.0471707901124,432.01315292172967,5750.0,568.181932606118,432.07402917240313,5753.848388658024,5794.216948551513,0.6493548391927865,0.12361995358361161,5797.955670310686,0.6501557185515366,0.12342649725847114,0.23280444301872194,0.18921440560552583,8.0,7.975880531756047,1.3909922359389704e-05,-0.00011905749832169521,-5.092649242612879,1.4169974378571624,16.684909784663432,16.160619593778392,0.005872370841952468,-0.0009059581261878363,13.0,13.0,13.0
0,1717,569.2799649119988,432.2023800254774,5758.0,579.9376512886447,413.106320742562,5757.726521789072,5802.192910938923,0.6493687603263278,0.1235012233383969,5801.585922084834,0.618952525432821,0.1230401806099638,0.2327941218863998,0.18922710374772578,8.0,7.975962387409709,1.3921133541372477e-05,-0.0001187302452147071,11.755718682526663,-18.96770842984114,3.8781331310474343,3.630251774147837,-0.031203193118715666,-0.0003863166485073427,13.0,13.0,13.0
0,1718,569.5127487120603,432.39161982680434,5766.0,581.0007007890622,454.01769711751064,5758.206559964342,5810.168954844774,0.649382692656933,0.1233828190018422,5805.224945756163,0.6633215129426392,0.12735995279866996,0.23278380006149746,0.1892398013269485,8.0,7.976043905850929,1.3932330605204157e-05,-0.00011840433655470328,1.0630495004174918,40.911376374948645,0.48003817527023784,3.6390236713286868,0.044368987509818214,0.004319772188706161,13.0,13.0,13.0
0,1719,569.7455221896048,432.58087232514936,5774.0,547.3318898524768,440.38369976896075,5783.6547632975535,5818.145079933697,0.6493966361705092,0.12326473923683656,5826.162752763277,0.677540044675898,0.1208713522001469,0.23277347754446964,0.189252498345013,8.0,7.976125088923254,1.394351357619783e-05,-0.00011807976500563533,-33.66881093658537,-13.633997348549883,25.448203333211495,20.937807007114316,0.014218531733258821,-0.006488600598523062,13.0,13.0,13.0
0,1720,569.9782853439397,432.77013751994764,5782.0,561.8659382737513,429.90743796051606,5775.222170587322,5826.121285872158,0.6494105908529838,0.12314698271355462,5818.393666421116,0.6531220013201166,0.12189359725863458,0.2327631543348616,0.1892651947982813,8.0,7.976205938461135,1.3954682474559554e-05,-0.0001177565232819422,14.53404842127452,-10.47626180844469,-8.432592710231802,-7.769086342161245,-0.02441804335578146,0.001022245058487678,13.0,13.0,13.0
0,1721,570.2110381743719,432.9594154106353,5790.0,560.6462708580033,420.6356560540684,5780.06802770721,5834.097572328442,0.6494245566903089,0.12302954810940758,5822.408865847033,0.6436734052708907,0.12067211071178516,0.23275283043221862,0.18927789068766288,8.0,7.97628645628356,1.3965837325047303e-05,-0.00011743460414703755,-1.219667415748063,-9.271781906447643,4.845857119888024,4.015199425916762,-0.009448596049225877,-0.0012214865468494207,13.0,13.0,13.0
0,1722,570.4437806802098,433.1487059966512,5798.0,561.6390712257519,430.433720369095,5811.811529470781,5842.0739389726405,0.6494385336684623,0.12291243410899469,5854.730129395172,0.6539075028662527,0.12115741264187603,0.2327425058379049,0.18929058601588622,8.0,7.976366644198606,1.3976978153418251e-05,-0.00011711400041289344,0.9928003677486004,9.79806431502658,31.743501763571658,32.32126354813954,0.01023409759536198,0.00048530193009087286,13.0,13.0,13.0
0,1723,570.6765128607599,433.3380092774314,5806.0,574.23533631756,440.0426267667205,5819.380799956338,5850.050385476645,0.6494525217734439,0.12279563940405348,5864.177404355018,0.6538584329446204,0.12368323874719565,0.23273218055010148,0.18930328078022285,8.0,7.976446504004343,1.3988104981654814e-05,-0.00011679470494120603,12.596265091808164,9.608906397625503,7.569270485556444,9.447274959845345,-4.9069921632227675e-05,0.002525826105319623,13.0,13.0,13.0
0,1724,570.9092347153301,433.5273252524112,5814.0,585.4875556154732,410.6460026825329,5796.292740786581,5858.026911514128,0.6494665209912749,0.12267916269341228,5840.242747882568,0.6116478075254009,0.12275855058855265,0.23272185457017258,0.18931597497976327,8.0,7.9765260374833815,1.3999217830962252e-05,-0.00011647671064120291,11.252219297913143,-29.39662408418758,-23.08805916975689,-23.934656472449205,-0.042210625419219494,-0.0009246881586430084,13.0,13.0,13.0
0,1725,571.1419462432291,433.71665392103023,5822.0,563.3414106839145,440.54173053053813,5816.370096128827,5866.003516760535,0.6494805313080043,0.12256300268294273,5860.169934095072,0.6636781954007626,0.12233958840210393,0.23271152789902771,0.18932866861905495,8.0,7.976605246406507,1.4010316729429206e-05,-0.00011616001046954594,-22.146144931558638,29.895727848005208,20.077355342245937,19.92718621250333,0.05203038787536163,-0.0004189621864487125,13.0,13.0,13.0
0,1726,571.3746474437626,433.9059952827238,5830.0,585.4226758041832,446.05389667185926,5815.802043719532,5873.980200893068,0.649494552709702,0.12244715808551099,5862.187066258988,0.6510957128606494,0.1258811870061032,0.23270120053348364,0.18934136169355043,8.0,7.976684132533592,1.4021401697705826e-05,-0.0001158445974317468,22.081265120268654,5.512166141321131,-0.5680524092949781,2.017132163916358,-0.012582482540113182,0.003541598603999274,13.0,13.0,13.0
0,1727,571.6073383162397,434.09534933692703,5838.0,574.748101437468,438.0974785360698,5835.146422805811,5881.956963590683,0.6495085851824584,0.12233162762093183,5879.727762098266,0.6512904312059892,0.12322185316138216,0.23269087247717835,0.1893540542032497,8.0,7.976762697614504,1.4032472756331238e-05,-0.0001155304645791555,-10.674574366715206,-7.956418135789477,19.344379086279332,17.54069583927776,0.00019471834533979493,-0.002659333844721043,13.0,13.0,13.0
0,1728,571.8400188599676,434.2847160830788,5846.0,576.4536534888005,448.74613299715276,5869.458022659087,5889.9338045340655,0.649522628712393,0.12221641001592164,5914.7450821026605,0.6614681289157185,0.12382591212759375,0.23268054372783809,0.18936674615179072,8.0,7.97684094338274,1.4043529934615329e-05,-0.00011521760501019551,1.705552051332461,10.64865446108297,34.311599853275766,35.017320004394605,0.010177697709729316,0.0006040589662115875,13.0,13.0,13.0
0,1729,572.0726890742544,434.47409552061526,5854.0,597.1001482932429,434.2378956032855,5838.965665064089,5897.910723405628,0.6495366832856442,0.12210150400405198,5885.4576011442905,0.6287779300499934,0.12577664384822043,0.2326702142868271,0.18937943753644504,8.0,7.976918871562702,1.4054573251209845e-05,-0.00011490601186965599,20.646494804442455,-14.508237393867262,-30.492357594997884,-29.287480958369997,-0.032690198865725106,0.0019507317206266805,13.0,13.0,13.0
0,1730,572.3053489584076,434.66348764897157,5862.0,580.8252485396935,433.13102345675634,5875.882005376412,5905.887719889498,0.649550748888374,0.12198690832570339,5920.384260664861,0.6407540850086106,0.12268839291298848,0.2326598841532359,0.18939212835630315,8.0,7.976996483869698,1.4065602729873561e-05,-0.00011459567834859463,-16.274899753549448,-1.106872146529156,36.91634031232297,34.926659520570865,0.011976154958617258,-0.003088250935231948,13.0,13.0,13.0
0,1731,572.5379985117347,434.85289246758657,5870.0,586.9500570174556,440.52482203223457,5872.280717563456,5913.8647936715,0.649564825506771,0.12187262172802033,5917.960232557068,0.6438415256578545,0.12432814881655893,0.2326495533270645,0.18940481861500302,8.0,7.977073782001753,1.407661839691876e-05,-0.00011428659768306093,6.124808477762144,7.393798575478229,-3.6012878129558885,-2.4240281077936743,0.0030874406492438222,0.0016397559035704473,13.0,13.0,13.0
0,1732,572.7706377335444,435.04230997589457,5878.0,562.2168903766885,430.711189369116,5889.979431468309,5921.84194443915,0.6495789131270409,0.12175864296486551,5932.407408766894,0.6537221803519838,0.11966987939249563,0.2326392218096771,0.1894175083079972,8.0,7.977150767650528,1.4087620269886969e-05,-0.00011397876315481781,-24.73316664076708,-9.81363266311854,17.69871390485241,14.447176209826466,0.009880654694129354,-0.004658269424063305,13.0,13.0,13.0
0,1733,573.0032666231427,435.2317401733335,5886.0,567.9701061153473,432.72217747478004,5872.275901205177,5929.819171881644,0.649593011735419,0.12164497079677518,5915.52726172353,0.651057837976635,0.1209993735041203,0.23262888959834527,0.18943019743892364,8.0,7.977227442494041,1.4098608378088073e-05,-0.00011367216809032854,5.75321573865881,2.010988105664012,-17.703530263131142,-16.88014704336456,-0.0026643423753488493,0.0013294941116246684,13.0,13.0,13.0
0,1734,573.2358851798399,435.42118305933855,5894.0,573.1177249935469,423.0866842105706,5915.70837917244,5937.796475689842,0.6496071213181567,0.12153160399091488,5958.445426155138,0.6359188627005141,0.11984245415846345,0.2326185566971617,0.18944288600505388,8.0,7.977303808197576,1.410958273773133e-05,-0.00011336680586029879,5.147618878199523,-9.635493264209458,43.43247796726246,42.9181644316086,-0.015138975276120847,-0.0011569193456568427,13.0,13.0,13.0
0,1735,573.4684934029419,435.61063863334675,5902.0,570.7872411661801,427.91107837601925,5906.665331843165,5945.773855556264,0.6496212418615345,0.12141854132103463,5949.5883309749215,0.6432999779612005,0.1201926788682746,0.23260822310203366,0.1894555740082069,8.0,7.97737986642187,1.412054337779356e-05,-0.0001130626698802456,-2.33048382736672,4.824394165448666,-9.043047329274486,-8.857095180216675,0.0073811152606864106,0.0003502247098111505,13.0,13.0,13.0
0,1736,573.7010912917581,435.8001068947942,5910.0,587.9812341078509,439.2035655874586,5913.864443871808,5953.75131117507,0.6496353733518516,0.12130578156742597,5959.229343143201,0.6415582387095002,0.12346839876526523,0.2325978888161444,0.1894682614474732,8.0,7.977455618806744,1.4131490317148554e-05,-0.00011275975360866552,17.193992941670786,11.29248721143938,7.199112028642958,9.641012168279303,-0.0017417392517002916,0.003275719896990631,13.0,13.0,13.0
0,1737,573.9336788455958,435.989587843118,5918.0,586.9762123998381,448.2330716336119,5916.671771184643,5961.72884224206,0.6496495157754327,0.12119332351687787,5962.588264198912,0.6521678511467469,0.12418268247480045,0.23258755383767493,0.18948094832376228,8.0,7.977531066989286,1.4142423581109398e-05,-0.0001124580505481032,-1.005021708012805,9.029506046153301,2.8073273128347864,3.3589210557111073,0.010609612437246674,0.0007142837095352184,13.0,13.0,13.0
0,1738,574.1662560637633,436.17908147775324,5926.0,560.2994390019606,444.83934383297355,5917.956527741689,5969.706448454653,0.6496636691186228,0.12108116596263375,5961.042439658362,0.671029634971698,0.12030494250132884,0.23257721816753474,0.18949363463525515,8.0,7.977606212592946,1.4153343190104195e-05,-0.00011215755424411056,-26.67677339787747,-3.3937278006383735,1.2847565570455117,-1.545824540549802,0.018861783824951073,-0.003877739973471614,13.0,13.0,13.0
0,1739,574.3988229455672,436.368587798137,5934.0,551.1617098258521,426.79194607428485,5932.658563636057,5977.684129511879,0.6496778333677931,0.12096930770434876,5973.472041308662,0.6589037085734288,0.11696366448838473,0.23256688180390483,0.1895063203837708,8.0,7.977681057226619,1.4164249170223187e-05,-0.00011185825828499696,-9.137729176108564,-18.047397758688703,14.702035894368237,12.429601650299446,-0.012125926398269149,-0.003341278012944107,13.0,13.0,13.0
0,1740,574.6313794903185,436.5581068037054,5942.0,567.3900184816889,442.51031769891534,5954.62822433921,5985.661885114376,0.6496920085093324,0.12085774754804794,5997.944990114513,0.6623672320491965,0.12025509544132836,0.2325565447513327,0.18951900556839973,8.0,7.977755602496472,1.4175141539340963e-05,-0.00011156015630081617,16.228308655836827,15.718371624630493,21.96966070315284,24.472948805851047,0.003463523475767616,0.0032914309529436248,13.0,13.0,13.0
0,1741,574.863925697322,436.74763849389365,5950.0,582.6986375216491,432.36882040317687,5950.217137076074,5993.639714964366,0.6497061945296572,0.12074648430608259,5994.294326889547,0.6383685356099739,0.12134430408889665,0.23254620700345185,0.18953169018823246,8.0,7.977829849990485,1.4186020324769011e-05,-0.00011126324196535087,15.30861903996015,-10.141497295738475,-4.411087263135414,-3.650663224965683,-0.02399869643922259,0.0010892086475682988,13.0,13.0,13.0
0,1742,575.0964615658877,436.93718286813873,5958.0,565.9645363807688,446.5105525623006,5949.158338966206,6001.6176187656565,0.6497203914152033,0.12063551679709039,5992.676569954476,0.667958919034166,0.12058779734432647,0.23253586856571928,0.18954437424508797,8.0,7.977903801290267,1.4196885546158278e-05,-0.00011096750899219909,-16.734101140880284,14.141732159123706,-1.0587981098678938,-1.6177569350711565,0.02959038342419218,-0.0007565067445701873,13.0,13.0,13.0
0,1743,575.328987095324,437.1267399258768,5966.0,602.2433791429105,434.7077252970428,5968.644774148988,6009.595596223622,0.6497345991524303,0.12052484384595283,6014.681066700913,0.6252167291939216,0.12380445232043855,0.232525529436316,0.18955705773805676,8.0,7.977977457965608,1.420773722693447e-05,-0.0001106729511375637,36.27884276214172,-11.802827265257747,19.48643518278186,22.004496746437326,-0.04274218984024447,0.0032166549761120794,13.0,13.0,13.0
0,1744,575.5615022849383,437.3163096665421,5974.0,582.1704000004489,439.0540183584187,5984.547133800445,6017.573647045199,0.6497488177278187,0.12041446428375398,6028.805454014293,0.6461630031114685,0.12124472963814441,0.23251518961433248,0.18956974066531984,8.0,7.978050821577199,1.4218575388413868e-05,-0.0001103795621988507,-20.072979142461577,4.3462930613758886,15.902359651457118,14.124387313379884,0.020946273917546887,-0.0025597226822941382,13.0,13.0,13.0
0,1745,575.7940071340386,437.50589208957354,5982.0,592.2217363058107,438.97668973512054,5976.137704150043,6025.5517709388705,0.6497630471278761,0.12030437694774061,6021.43246894355,0.6378691877241288,0.12273310118801779,0.2325048491002235,0.1895824230314247,8.0,7.978123893671182,1.422940005746387e-05,-0.00011008733601336473,10.051336305361815,-0.0773286232981718,-8.409429650402672,-7.372985070743198,-0.008293815387339643,0.0014883715498733852,13.0,13.0,13.0
0,1746,576.0265016419344,437.69548719440536,5990.0,573.4326918177474,439.9390748030759,5994.057470252494,6033.529967614662,0.6497772873391265,0.12019458068128101,6037.4743393470135,0.654420198751907,0.11999888288353544,0.23249450789580806,0.18959510483182385,8.0,7.978196675791878,1.4240211250404755e-05,-0.00010979626645959972,-18.789044488063382,0.9623850679553811,17.91976610245092,16.04187040346369,0.01655101102777823,-0.0027342183044823526,13.0,13.0,13.0
0,1747,576.2589858079323,437.8850949804746,5998.0,564.6885942071782,450.6491262551441,6014.170316716352,6041.508236784126,0.6497915383481216,0.12008507433382498,6057.4088884517505,0.6735501303038439,0.11955449209605752,0.2324841659979029,0.18960778606924578,8.0,7.978269169463601,1.425100899510312e-05,-0.0001095063474560315,-8.744097610569156,10.710051452068171,20.11284646385866,19.934549104737016,0.019129931551936874,-0.00044439078747791905,13.0,13.0,13.0
0,1748,576.491459631342,438.07471544721466,6006.0,562.9795335517906,469.0681936357804,6007.957989253232,6049.486578160334,0.6498058001414285,0.11997585676086397,6052.481319765528,0.6946529210820427,0.12136925350615933,0.23247382340969125,0.1896204667400525,8.0,7.978341376207936,1.4261793306880044e-05,-0.00010921757296100676,-1.7090606553875887,18.419067380636307,-6.212327463120346,-4.927568686222912,0.021102790778198766,0.0018147614101018117,13.0,13.0,13.0
0,1749,576.7239231114713,438.26434859406436,6014.0,586.5220163473733,430.06103433997214,6030.676558528303,6057.464991457868,0.6498200727056449,0.1198669268238921,6074.374068371204,0.6326877295861115,0.12001990267624726,0.23246348012935414,0.189633146849701,8.0,7.978413297533734,1.4272564216377681e-05,-0.00010892993697186881,23.542482795582714,-39.007159295808265,22.718569275070877,21.89274860567639,-0.06196519149593116,-0.0013493508299120688,13.0,13.0,13.0
0,1750,576.9563762476287,438.4539944204571,6022.0,577.9070483808486,440.89602814556116,6013.111490308677,6065.443476392807,0.6498343560273838,0.11975828339036601,6056.886630859541,0.6517178662479568,0.12030009302620048,0.2324531361573463,0.1896458263927343,8.0,7.978484934938933,1.428332173891711e-05,-0.00010864343352609551,-8.614967966524773,10.834993805589022,-17.565068219625573,-17.487437511663302,0.019030136661845276,0.0002801903499532188,13.0,13.0,13.0
0,1751,577.1888190391223,438.6436529258299,6030.0,581.2515091301697,425.1463550247908,6033.821734485411,6073.422032682719,0.6498486500932845,0.11964992533366683,6076.64442464799,0.631511747031438,0.11878878273342681,0.23244279149366776,0.1896585053727904,8.0,7.978556289912376,1.4294065900699593e-05,-0.00010835805669917598,3.344460749321115,-15.749673120770353,20.710244176733795,19.757793788448907,-0.020206119216518825,-0.0015113102927736682,13.0,13.0,13.0
0,1752,577.4212514852607,438.83332410961793,6038.0,554.0728738288861,425.71666361696,6037.7118712424335,6081.400660046656,0.6498629548900068,0.11954185153306103,6078.009219089418,0.6551361108124985,0.11521599996531579,0.23243244613831848,0.18967118378805026,8.0,7.9786273639374485,1.4304796722264257e-05,-0.00010807380060580407,-27.17863530128352,0.5703085921691695,3.8901367570224465,1.364794441428785,0.023624363781060476,-0.0035727827681110297,13.0,13.0,13.0
0,1753,577.6536735853524,439.02300797125827,6046.0,577.5802768600537,437.19105673871746,6050.360887321173,6089.379358205135,0.6498772704042339,0.11943406087366261,6093.5705348453885,0.6479251175054016,0.11915887801883644,0.23242210009175324,0.1896838616403329,8.0,7.978698158478437,1.431551422714783e-05,-0.00010779065939842125,23.50740303116754,11.474393121757487,12.649016078739805,15.5613157559701,-0.007210993307096847,0.003942878053520657,13.0,13.0,13.0
0,1754,577.8860853387064,439.2127045101852,6054.0,608.3267143699254,435.1164751213109,6020.786801215026,6097.358126880136,0.6498915966226683,0.11932655224639449,6067.063659137191,0.6208994453099667,0.12359021594310418,0.23241175335397202,0.18969653892690985,8.0,7.978768675001447,1.4326218434335125e-05,-0.0001075086272681186,30.746437509871726,-2.0745816174065794,-29.57408610614766,-26.506875708197185,-0.027025672195434947,0.004431337924267739,13.0,13.0,13.0
0,1755,578.11848674463,439.4024137258348,6062.0,548.5610245897894,428.26379191761976,6069.060348418521,6105.33696579509,0.6499059335320375,0.11921932454795119,6108.8315237787165,0.6628638530279007,0.11417106159139688,0.23240140592361058,0.18970921564960008,8.0,7.978838914953485,1.433690936925025e-05,-0.0001072276984433046,-59.76568978013597,-6.852683203691129,48.27354720349558,41.76786464152519,0.04196440771793408,-0.009419154351707301,13.0,13.0,13.0
0,1756,578.3508778024329,439.59213561764227,6070.0,569.0512222838165,437.54848829127997,6089.040590632132,6113.315874674866,0.6499202811190885,0.11911237668076156,6131.205696072706,0.6554933120891878,0.11734588265030362,0.23239105780294267,0.1897218918074941,8.0,7.9789088797761,1.4347587050989041e-05,-0.00010694786718962179,20.490197694027074,9.28469637366021,19.980242213610836,22.37417229398943,-0.007370540938712922,0.003174821058906735,13.0,13.0,13.0
0,1757,578.5832585114226,439.78187018504286,6078.0,558.1618459887204,426.80395941108554,6068.957871598117,6121.294853245769,0.6499346393705916,0.11900570755295115,6109.49718989372,0.6528175906024167,0.1152632661478566,0.23238070898969454,0.1897345674005919,8.0,7.978978570903564,1.4358251503088226e-05,-0.00010666912781041871,-10.889376295096099,-10.744528880194423,-20.0827190340151,-21.708506178985772,-0.0026757214867710877,-0.00208261650244701,13.0,13.0,13.0
0,1758,578.8156288709092,439.97161742747267,6086.0,592.5522756303208,451.90916935875515,6085.702518797094,6129.273901235527,0.649949008273338,0.11889931607830616,6131.159371929462,0.6515471940369092,0.12184622218181812,0.23237035948659468,0.189747242429803,8.0,7.979047989757419,1.4368902746419998e-05,-0.00010639147464498733,34.39042964160035,25.105209947669607,16.744647198976963,21.662182035742262,-0.0012703965655075367,0.006582956033961515,13.0,13.0,13.0
0,1759,579.0479888802006,440.1613773443678,6094.0,590.5585330956006,450.17007466144656,6095.628407733418,6137.253018373277,0.6499633878141428,0.11879320117623611,6140.691993765798,0.6513131493056181,0.12122303774196284,0.23236000929136935,0.1897599168951274,8.0,7.979117137750109,1.437954080474313e-05,-0.00010611490207004803,-1.993742534720127,-1.7390946973085875,9.925888936323645,9.532621836335238,-0.00023404473129107206,-0.000623184439855276,13.0,13.0,13.0
0,1760,579.2803385386046,440.35114993516254,6102.0,549.1147619090196,422.44396845043246,6126.112005516762,6145.232204389564,0.6499777779798407,0.11868736177173773,6165.162952620405,0.6557505390745401,0.11261286562698201,0.23234965840401856,0.18977259079474607,8.0,7.979186016286803,1.4390165697930613e-05,-0.0001058394044983757,-41.44377118658099,-27.7261062110141,30.48359778334452,24.47095885460749,0.00443738976892194,-0.00861017211498083,13.0,13.0,13.0
0,1761,579.5126778454314,440.540935199293,6110.0,574.6180726782378,448.3710085564434,6106.066465642046,6153.211459016328,0.6499921787572883,0.11858179679535964,6149.412181143879,0.6626090301665817,0.11880281120299248,0.23233930682681603,0.18978526413047803,8.0,7.979254626764487,1.4400777447631796e-05,-0.00010556497637809192,25.50331076921816,25.927040106010963,-20.04553987471627,-15.750771476526097,0.006858491092041619,0.006189945576010464,13.0,13.0,13.0
0,1762,579.7450067999889,440.73073313619443,6118.0,579.1568640529563,439.4068924679942,6115.516476396706,6161.190781986895,0.6500065901333649,0.1184765051831657,6158.574742861177,0.6490465319722349,0.11831955274577649,0.23232895455748803,0.18979793690141378,8.0,7.9793229705665,1.4411376076606253e-05,-0.00010529161219394179,4.538791374718471,-8.964116088449202,9.45001075466007,9.162561717297649,-0.01356249819434674,-0.0004832584572159876,13.0,13.0,13.0
0,1763,579.9773254015863,440.9205437453011,6126.0,568.7764815330148,440.6549620001981,6098.47383161088,6169.170173035967,0.6500210120949697,0.11837148587670011,6140.7708438210875,0.6591487877059509,0.11743782367012252,0.2323186015973988,0.18981060910664382,8.0,7.979391049072547,1.4421961604726974e-05,-0.00010501930646558688,-10.380382519941463,1.2480695322038855,-17.04264478582627,-17.803899040089163,0.010102255733715926,-0.000881729075653967,13.0,13.0,13.0
0,1764,580.209633649532,441.11036702604906,6134.0,583.3303420975362,451.6377595802353,6141.682265257045,6177.149631899618,0.6500354446290252,0.11826673782295226,6185.8315529331385,0.658835159992735,0.11954638412451343,0.23230824794563887,0.18982328074798716,8.0,7.979458863650507,1.4432534055530688e-05,-0.00010474805374785512,14.553860564521415,10.982797580037186,43.20843364616576,45.06070911205097,-0.00031362771321585825,0.0021085604543909092,13.0,13.0,13.0
0,1765,580.4419315431351,441.3002029778745,6142.0,565.8701300065085,461.0265325282631,6163.590429171783,6185.129158315276,0.650049887722476,0.11816225997432177,6206.6578322239275,0.6836531974946787,0.11787233470716367,0.2322978936031177,0.18983595182544377,8.0,7.979526415658256,1.4443093450777766e-05,-0.00010447784863049092,-17.460212091027756,9.388772948027793,21.908163914737997,20.82627929078899,0.02481803750194367,-0.0016740494173497628,13.0,13.0,13.0
0,1766,580.6742190817045,441.4900516002117,6150.0,603.7343032782371,475.359850364121,6124.125854786038,6193.108752021726,0.6500643413622857,0.11805805128858367,6172.1454601744335,0.6669896540679691,0.12482115211130897,0.23228753856938056,0.18984862233719468,8.0,7.979593706450032,1.445363980978609e-05,-0.00010420868573809972,37.864173271728646,14.333317835857883,-39.464574385745436,-34.51237204949393,-0.016663543426709615,0.006948817404145297,13.0,13.0,13.0
0,1767,580.906496264548,441.67991289249494,6158.0,581.7569994057787,440.69569988816977,6173.667509777198,6201.0884127590925,0.650078805535441,0.11795411072885406,6216.657013824723,0.6482999891904118,0.11767070338977431,0.23227718284351795,0.1898612922832399,8.0,7.97966073736643,1.4464173155204207e-05,-0.0001039405597296067,-21.97730387245838,-34.6641504759512,49.5416549911597,44.5115536502899,-0.0186896648775573,-0.007150448721534655,13.0,13.0,13.0
0,1768,581.1387630909767,441.86978685416216,6166.0,576.3927522225208,446.6541507603562,6191.021658513475,6209.068140268832,0.6500932802289505,0.1178504372635569,6233.817266441891,0.6592556190050765,0.11724284074376647,0.2322668264287131,0.18987396166721737,8.0,7.97972750973986,1.4474693509569647e-05,-0.00010367346529716048,-5.36424718325793,5.958450872186404,17.35414873627724,17.160252617167316,0.010955629814664691,-0.0004278626460078455,13.0,13.0,13.0
0,1769,581.3710195602976,442.059673484644,6174.0,590.8477502486555,455.3641053952097,6168.031261234702,6217.04793429373,0.6501077654298405,0.11774702986638817,6212.975709917497,0.6566156242482583,0.12035533680059171,0.2322564693208733,0.18988663048185117,8.0,7.979794024897274,1.4485200889979843e-05,-0.00010340739716872827,14.454998026134717,8.709954634853545,-22.990397278773344,-20.841556524394036,-0.002639994756818198,0.003112496056825245,13.0,13.0,13.0
0,1770,581.6032656718203,442.24957278337934,6182.0,567.3306559572862,419.9065793954292,6195.251849855251,6225.027794577885,0.6501222611251647,0.11764388751628474,6235.329268911419,0.6371635960736189,0.11344048306585387,0.232246111522727,0.18989929873532674,8.0,7.97986028415562,1.4495695324190372e-05,-0.00010314235010343287,-23.51709429136929,-35.4575259997805,27.22058862054928,22.35355899392198,-0.019452028174639313,-0.006914853734737839,13.0,13.0,13.0
0,1771,581.8355014248546,442.43948474980243,6190.0,595.7661244962023,433.97014026280755,6211.2608303641,6233.007720866707,0.6501367673019935,0.11754100919738937,6254.840402484485,0.6295486458852299,0.11811385421881393,0.23223575303427424,0.1899119664230966,8.0,7.979926288821844,1.4506176828854578e-05,-0.00010287831889536914,28.435468538916098,14.063560867378328,16.008980508849163,19.511133573066218,-0.007614950188389091,0.004673371152960057,13.0,13.0,13.0
0,1772,582.0677268187083,442.6294093833467,6198.0,582.9531538550914,431.3401484291934,6174.667730449883,6240.987712906905,0.6501512839474191,0.11743839389901783,6217.106262940631,0.6370202426151538,0.11690911844351007,0.232225393853696,0.18992463354425126,8.0,7.9799920401974305,1.4516645425510788e-05,-0.00010261529837153616,-12.812970641110951,-2.629991833614156,-36.59309991421742,-37.734139543854326,0.007471596729923924,-0.0012047357753038612,13.0,13.0,13.0
0,1773,582.2999418526915,442.8193466834482,6206.0,600.0705598602468,440.38844107324434,6219.626718317461,6248.967770446477,0.6501658110485559,0.1173360406156269,6264.0069580940235,0.633113611931016,0.11910786807165939,0.23221503398326604,0.1899373001015192,8.0,7.980057539572044,1.4527101136807552e-05,-0.00010235328339093519,17.11740600515543,9.048292644050946,44.9589878675788,46.90069515339292,-0.0039066306841377685,0.002198749628149324,13.0,13.0,13.0
0,1774,582.5321465261127,443.0092966495431,6214.0,582.1473007043476,461.4698181110906,6207.5951304598775,6256.947893234707,0.650180348592541,0.11723394834678108,6251.8866893485865,0.6702755886842785,0.1191040864713957,0.23220467342116535,0.18994996609490045,8.0,7.980122788230801,1.4537543985171375e-05,-0.00010209226884581868,-17.923259155899245,21.081377037846266,-12.031587857583872,-12.120268745436988,0.03716197675326249,-3.781600263694229e-06,13.0,13.0,13.0
0,1775,582.764340838281,443.19925928106295,6222.0,585.364141498706,427.8305435519672,6227.789630387591,6264.928081022156,0.6501948965665271,0.11713211609712011,6269.852775983795,0.6311511463404484,0.11589916268111476,0.23219431216830344,0.1899626315198475,8.0,7.980187787448813,1.4547973986034357e-05,-0.0001018322496609686,3.2168407943584043,-33.63927455912341,20.194499927713878,17.96608663520874,-0.03912444234383006,-0.0032049237902809363,13.0,13.0,13.0
0,1776,582.9965247885061,443.38923457744477,6230.0,577.5619764080338,435.77883662331396,6244.221454977791,6272.90833356065,0.6502094549576934,0.11703054287632783,6285.9989349224425,0.6463840790785621,0.11535589433946203,0.23218395022513505,0.18997529638181732,8.0,7.9802525384939145,1.4558391166374918e-05,-0.00010157322079228093,-7.802165090672133,7.948293071346768,16.43182459019954,16.146158938647204,0.015232932738113658,-0.0005432683416527334,13.0,13.0,13.0
0,1777,583.2286983760973,443.57922253812467,6238.0,596.3871602532157,423.8865187370679,6246.864864571925,6280.888650603273,0.65022402375324,0.11692922769909966,6289.568988563933,0.617909192176302,0.1165964954302177,0.23217358759120543,0.18998796067990043,8.0,7.980317042623028,1.4568795546510138e-05,-0.0001013151772281673,18.82518384518187,-11.892317886246076,2.6434095941340274,3.570053641490631,-0.028474886902260077,0.0012406010907556747,13.0,13.0,13.0
0,1778,583.4608616003629,443.7692231625342,6246.0,589.778528564701,431.4958323970687,6248.606558619297,6288.869031904363,0.650238602940383,0.11682816958511048,6291.193153174689,0.6316360434897044,0.1164207080668226,0.2321632242656051,0.19000062440954935,8.0,7.980381301089437,1.4579187143093364e-05,-0.0001010581139891803,-6.60863168851472,7.609313660000794,1.7416940473722207,1.6241646107555425,0.013726851313402344,-0.00017578736339510237,13.0,13.0,13.0
0,1779,583.6930144606122,443.95923645011044,6254.0,582.9383548500725,431.03613881132634,6267.81522670826,6296.849477219499,0.6502531925063656,0.11672736755898461,6309.605137777847,0.6366952967331461,0.11515680966014237,0.23215286024924353,0.19001328757622105,8.0,7.980445315136421,1.4589565982547903e-05,-0.0001008020261258763,-6.840173714628463,-0.4596935857423432,19.20866808896244,18.41198460315809,0.005059253243441697,-0.0012638984066802306,13.0,13.0,13.0
0,1780,583.9251569561566,444.1492624002867,6262.0,571.136386466576,442.2657231639688,6242.892020668295,6304.829986305499,0.6502677924384453,0.11662682065026381,6284.5442574267645,0.6589107036380569,0.1151960068252834,0.23214249554439448,0.19002595017627755,8.0,7.980509085999984,1.4599932079750744e-05,-0.00010054690872079997,-11.8019683834965,11.229584352642462,-24.923206039964498,-25.060880351082233,0.02221540690491086,3.9197165141030554e-05,13.0,13.0,13.0
0,1781,584.1572890863022,444.33930101249825,6270.0,611.730728620605,452.77982704460203,6278.051328960371,6312.810558920403,0.6502824027239076,0.11652652789337622,6324.013958332028,0.6371749861638757,0.12063807752183946,0.23213213014560097,0.19003861221153784,8.0,7.980572614904304,1.4610285462235417e-05,-0.00010029275688758221,40.594342154028936,10.514103880633229,35.159308292076275,39.46970090526338,-0.021735717474181238,0.005442070696556056,13.0,13.0,13.0
0,1782,584.3894108503605,444.52935228618026,6278.0,577.3584744263044,445.8915534815432,6300.267761792969,6320.791194823478,0.6502970233500539,0.11642648832760653,6342.360440383836,0.6576184209329539,0.11527451522076532,0.23212176405831997,0.19005127368200192,8.0,7.980635903074472,1.4620626146322202e-05,-0.0001000395657696912,-34.37225419430058,-6.888273563058817,22.216432832598002,18.34648205180838,0.020443434769078173,-0.00536356230107414,13.0,13.0,13.0
0,1783,584.6215222476412,444.719416220767,6286.0,563.2741064472743,438.29830499083215,6320.519592841,6328.771893775197,0.6503116543042072,0.11632670099706492,6360.687938158794,0.6612601873210592,0.1124433407297593,0.2321113972807325,0.1900639345867603,8.0,7.980698951719205,1.463095415332738e-05,-9.978733054161193e-05,-14.084367979030048,-7.593248490711062,20.25183104803091,18.32749777495792,0.0036417663881053164,-0.0028311744910060194,13.0,13.0,13.0
0,1784,584.8536232774518,444.9094928156919,6294.0,561.6874439942967,452.2856697503417,6292.770418644,6336.7526555372415,0.6503262955737121,0.11622716495065652,6333.957266477517,0.6779197769493958,0.11410175569324431,0.2321010298105648,0.19007659492490347,8.0,7.980761762044494,1.46412695049003e-05,-9.953604640840219e-05,-1.5866624529776345,13.987364759509546,-27.749174197000684,-26.730671681277272,0.01665958962833658,0.001658414963485011,13.0,13.0,13.0
0,1785,585.0857139391037,445.09958207039017,6302.0,571.1330973603266,453.0733360219291,6302.007812201988,6344.73347987249,0.6503409471459326,0.1161278792420527,6344.034278577736,0.6706351644454867,0.11516850197621602,0.2320906616519096,0.19008925469825044,8.0,7.980824335248144,1.4651572220469866e-05,-9.928570860381902e-05,9.445653366029887,0.7876662715873977,9.23739355798807,10.07701210021878,-0.007284612503909105,0.001066746282971709,13.0,13.0,13.0
0,1786,585.3177942319057,445.28968398429697,6310.0,598.172277493069,448.32559463329324,6328.792943302438,6352.714366545008,0.6503556090082554,0.11602884292966018,6372.7879324169635,0.6431761857162147,0.11757149407095646,0.23208029280203846,0.1901019139068012,8.0,7.980886672517954,1.4661862322795649e-05,-9.90363123925253e-05,27.039180132742445,-4.747741388635859,26.7851311004506,28.75365383922781,-0.027458978729271943,0.0024029920947404443,13.0,13.0,13.0
0,1787,585.5498641551662,445.4797985568457,6318.0,581.3034268545521,442.5913364267562,6318.290499981416,6360.695315320047,0.6503702811480865,0.11593005507659165,6360.392724298421,0.6507430172563465,0.11512387754870655,0.23206992326049658,0.19011457254873676,8.0,7.980948775038996,1.4672139831084507e-05,-9.878785306852156e-05,-16.86885063851696,-5.734258206537049,-10.502443321021929,-12.395208118542541,0.007566831540131824,-0.0024476165222499097,13.0,13.0,13.0
0,1788,585.7819237081962,445.6699257874707,6326.0,601.1524023442819,442.71982358444086,6314.719125430065,6368.676325964029,0.650384963552851,0.11583151475063715,6358.699763796934,0.6347737846862285,0.11768259621383352,0.23205955303001247,0.19012723062496661,8.0,7.9810106439826995,1.46824047645433e-05,-9.854032595450757e-05,19.84897548972981,0.128487157684674,-3.571374551351255,-1.6929605014865956,-0.015969232570118064,0.002558718665126969,13.0,13.0,13.0
0,1789,586.0139728903046,445.8600656756071,6334.0,576.9639517369246,454.16764758526017,6338.674391007438,6376.657398244549,0.6503996562099976,0.11573322102423428,6381.0617211347,0.6668675230830571,0.11532600716819978,0.23204918210831238,0.19013988813640026,8.0,7.981072280519584,1.4692657146597732e-05,-9.829372640286771e-05,-24.188450607357254,11.44782400081931,23.95526557737321,22.36195733776549,0.03209373839682861,-0.002356589045633739,13.0,13.0,13.0
0,1790,586.2460117008013,446.0502182206883,6342.0,609.917983707394,446.1067876803498,6346.602238276286,6384.638531930356,0.6504143591069926,0.11563517297443966,6391.429510192359,0.6315040949820747,0.11850626496861319,0.23203881049676056,0.1901525450812187,8.0,7.9811336858074355,1.4702896995011372e-05,-9.804804979461623e-05,32.95403197046937,-8.060859904910387,7.927847268847472,10.367789057659138,-0.035363428100982364,0.003180257800413408,13.0,13.0,13.0
0,1791,586.4780401389958,446.24038342214953,6350.0,549.3308632228203,466.23345784497025,6365.500476044515,6392.6197267913585,0.650429072231325,0.11553736968290014,6406.148167582932,0.703756168572087,0.11271049470411046,0.23202843819444752,0.19016520146124094,8.0,7.981194861002223,1.4713124332321748e-05,-9.780329153952216e-05,-60.58712048457369,20.126670164620464,18.898237768229592,14.718657390572844,0.07225207359001229,-0.005795770264502731,13.0,13.0,13.0
0,1792,586.710058204198,446.4305612794242,6358.0,627.5361582754178,449.75989794426584,6334.443559103133,6400.600982598606,0.6504437955705018,0.11543981023582447,6381.321242439146,0.6218512929364903,0.12128552893555462,0.23201806520228274,0.19017785727464798,8.0,7.98125580724718,1.4723339176847539e-05,-9.755944707566522e-05,78.20529505259753,-16.4735599007044,-31.056916941382042,-24.826925143785957,-0.08190487563559667,0.008575034231444165,13.0,13.0,13.0
0,1793,586.9420658957174,446.62075179194653,6366.0,586.457283448364,451.3260804411693,6379.926225532256,6408.582299124288,0.6504585291120523,0.11534249372395491,6422.700835274073,0.6559152988186412,0.11547567355711445,0.23200769151935674,0.1901905125223493,8.0,7.981316525681905,1.4733541550460139e-05,-9.73165118695607e-05,-41.07887482705382,1.5661824969034797,45.48266642912222,41.37959283492728,0.03406400588215086,-0.005809855378440171,13.0,13.0,13.0
0,1794,587.1740632128631,446.8109549591509,6374.0,588.3406151297572,456.6690764126946,6383.497545823059,6416.563676141725,0.6504732728435257,0.11524541924253932,6426.79797739838,0.6600583757979638,0.11614698094425857,0.2319973171456695,0.19020316720434494,8.0,7.981377017437808,1.4743731473476629e-05,-9.70744814155905e-05,1.8833316813932015,5.3429959715252835,3.571320290803669,4.097142124306629,0.004143076979322591,0.0006713073871441183,13.0,13.0,13.0
0,1795,587.4060501549461,447.0011707804724,6382.0,610.1262423694701,478.4263460454199,6384.217161888382,6424.545113425366,0.6504880267524917,0.11514858589130365,6431.125451300761,0.6649971008432998,0.12085389047291763,0.23198694208304005,0.19021582132154435,8.0,7.981437283640844,1.4753908965992046e-05,-9.683335123567005e-05,21.78562723971288,21.757269632725297,0.7196160653229526,4.327473902380916,0.00493872504533599,0.004706909528659056,13.0,13.0,13.0
0,1796,587.6380267212758,447.19139925534364,6390.0,583.2463939281234,438.0001700168139,6412.665115391602,6432.526610750773,0.6505027908265381,0.11505199277442353,6454.013819874056,0.6441212093200855,0.11325650188213518,0.23197656632964936,0.19022847487121908,8.0,7.981497325406963,1.476407404632507e-05,-9.659311688012262e-05,-26.879848441346667,-40.426176028605994,28.44795350321965,22.888368573295338,-0.02087589152321423,-0.007597388590782447,13.0,13.0,13.0
0,1797,587.8699929111608,447.3816403831979,6398.0,596.7700599394577,455.73614996556574,6403.221704116428,6440.508167894621,0.6505175650532745,0.11495563900049738,6447.098427579128,0.6521934606122234,0.11673378156760275,0.2319661898850427,0.1902411278542786,8.0,7.981557143847567,1.4774226736458118e-05,-9.635377392615274e-05,13.523666011334285,17.735979948751833,-9.443411275174185,-6.915392294928097,0.008072251292137844,0.0034772796854675714,13.0,13.0,13.0
0,1798,588.1019487239123,447.57189416347137,6406.0,584.1498391630435,463.00313175445586,6413.409334982145,6448.489784634689,0.650532349420332,0.11485952368251963,6456.5797627416305,0.6702187070901349,0.1157042189017843,0.2319558127514938,0.1902537802734514,8.0,7.981616740068603,1.4784367057485426e-05,-9.611531797774908e-05,-12.620220776414271,7.266981788890121,10.187630865717438,9.481335162502546,0.018025246477911483,-0.0010295626658184537,13.0,13.0,13.0
0,1799,588.3338941588404,447.7621605955974,6414.0,571.9619203724984,424.7590000222669,6405.094633816737,6456.471460749853,0.6505471439153595,0.11476364593785299,6444.594472471024,0.6387708882469845,0.11077376890848077,0.23194543492809316,0.19026643212600902,8.0,7.981676115163282,1.4794495027503629e-05,-9.5877744666642e-05,-12.18791879054504,-38.244131732188976,-8.314701165408223,-11.985290270606129,-0.0314478188431504,-0.004930449993303526,13.0,13.0,13.0
0,1800,588.5658292152539,447.95243967900933,6422.0,606.3997731334464,444.6845366727219,6412.354872641683,6464.453196020079,0.6505619485260271,0.1146680048882017,6456.296154507138,0.6327395800151006,0.11673639053290898,0.23193505641347656,0.19027908341195143,8.0,7.981735270226636,1.4804610667606966e-05,-9.56410496512905e-05,34.437852760947976,19.925536650455,7.2602388249461,11.701682036114107,-0.006031308231883914,0.005962621624428205,13.0,13.0,13.0
0,1801,588.7977538924629,448.1427314131406,6430.0,600.7304200329414,450.9581664623433,6421.423335967919,6472.434990226417,0.6505767632400238,0.11457259965958526,6465.208269279915,0.6439381414669418,0.11644785422242629,0.23192467720900822,0.19029173413127864,8.0,7.981794206337327,1.4814713996669227e-05,-9.540522861643808e-05,-5.6693531005049635,6.2736297896213955,9.06846332623627,8.912114772776476,0.011198561451841282,-0.00028853631048268713,13.0,13.0,13.0
0,1802,589.0296681897789,448.3330357974273,6438.0,607.2977212029518,461.02992028250276,6440.452914909156,6480.416843150994,0.6505915880450606,0.11447742938231234,6485.42927328144,0.6493312844159596,0.11783900957944424,0.2319142973160524,0.19030438428671914,8.0,7.981852924577652,1.482480503678385e-05,-9.517027727291849e-05,6.56730117001041,10.071753820159472,19.02957894123665,20.221004001525216,0.005393142949017715,0.001391155357017948,13.0,13.0,13.0
0,1803,589.2615721065099,448.52335283130105,6446.0,604.347015925872,457.1837017879724,6455.0521854046765,6488.398754577008,0.6506064229288664,0.11438249319095321,6499.380814288139,0.6476430780693783,0.11686065176778111,0.2319039167309711,0.19031703387372545,8.0,7.981911426013539,1.4834883805825427e-05,-9.493619135912679e-05,-2.9507052770798055,-3.846218494530376,14.599270495520614,13.95154100669879,-0.001688206346581289,-0.0009783578116631247,13.0,13.0,13.0
0,1804,589.4934656419673,448.71368251419517,6454.0,598.1600829309791,464.86379581542394,6454.479101272429,6496.38072428872,0.6506212678791892,0.11428779022431527,6498.7840633640435,0.660655739279128,0.11683478637585348,0.23189353545740232,0.19032968289411656,8.0,7.981969711711827,1.4844950322778772e-05,-9.470296663793842e-05,-6.1869329948929135,7.68009402745156,-0.5730841322474589,-0.5967509240954314,0.013012661209749754,-2.5865391927629156e-05,13.0,13.0,13.0
0,1805,589.7253487954604,448.9040248455458,6462.0,605.1035288149066,455.67415169163473,6488.9894859881,6504.362752071447,0.6506361228838016,0.1141933196254164,6533.052407746952,0.6454512433556941,0.11620852011108283,0.2318831534930723,0.19034233135062095,8.0,7.982027782727528,1.4855004612401856e-05,-9.447059889887421e-05,6.9434458839274384,-9.189644123789208,34.510384715670625,34.26834438290825,-0.01520449592343387,-0.0006262662647706502,13.0,13.0,13.0
0,1806,589.9572215662997,449.0943798247845,6470.0,583.238597357682,433.8547480446966,6463.85194586035,6512.344837711562,0.65065098793049,0.11409908054145931,6504.596773194424,0.6395675132895504,0.11198710343951557,0.23187277083934532,0.19035497923869116,8.0,7.982085640114747,1.4865046688461447e-05,-9.423908395708724e-05,-21.864931457224543,-21.819403646938156,-25.13754012775007,-28.455634552527954,-0.005883730066143733,-0.004221416671567266,13.0,13.0,13.0
0,1807,590.1890839537946,449.28474745134554,6478.0,569.6579815509393,470.0207936009316,6496.737009616946,6520.326980996478,0.6506658630070647,0.11400507212380627,6538.579473745691,0.6898553585324068,0.11319149396040568,0.2318623874948571,0.19036762656105566,8.0,7.9821432849157645,1.4875076574716317e-05,-9.400841765304369e-05,-13.580615806742685,36.16604555623502,32.88506375659654,33.982700551267044,0.050287845242856344,0.0012043905208901085,13.0,13.0,13.0
0,1808,590.4209359572569,449.47512772466325,6486.0,585.8837519382799,457.9588803942969,6496.066693169107,6528.309181714646,0.6506807481013538,0.11391129352795407,6538.4913083232195,0.663454352465007,0.11397780328869646,0.23185200346233614,0.19038027331771445,8.0,7.982200718168315,1.4885094289041056e-05,-9.37785958522036e-05,16.225770387340617,-12.0619132066347,-0.6703164478394683,-0.0881654224713202,-0.026401006067399813,0.0007863093282907824,13.0,13.0,13.0
0,1809,590.6527775759955,449.6655206441701,6494.0,605.0743477517417,465.87433921422763,6515.979210346704,6536.291439655551,0.6506956432012054,0.1138177439135081,6560.574588853932,0.6561445733172662,0.11666358085643637,0.2318416187385992,0.19039291950684856,8.0,7.982257940904674,1.4895099851641724e-05,-9.354961444596466e-05,19.190595813461755,7.915458819930734,19.912517177597692,22.083280530712727,-0.00730977914774078,0.002685777567739911,13.0,13.0,13.0
0,1810,590.8846088093196,449.8559262093013,6502.0,583.672358578696,447.6308237169795,6485.329292763984,6544.273754609702,0.6507105482944903,0.11372442244415833,6526.909131594598,0.6542431399916373,0.11293627056511467,0.23183123332410105,0.19040556513118645,8.0,7.982314954151661,1.4905093284833804e-05,-9.33214693497747e-05,-21.40198917304565,-18.243515497248154,-30.649917582720263,-33.66545725933429,-0.0019014333256288651,-0.0037273102913217004,13.0,13.0,13.0
0,1811,591.1164296565426,450.0463444194884,6510.0,596.7061896797397,452.6146762908086,6518.091991212578,6552.256126368629,0.6507254633690911,0.11363132828765428,6560.978701985359,0.6489328137698372,0.11440075904496398,0.2318208472229344,0.19041821018709015,8.0,7.982371758927002,1.4915074600829747e-05,-9.309415650404773e-05,13.033831101043688,4.983852573829097,32.762698448594165,34.06957039076133,-0.005310326221800055,0.001464488479849313,13.0,13.0,13.0
0,1812,591.3482401169722,450.23677527416567,6518.0,578.168795145082,447.2382986503069,6516.003963411763,6560.238554724875,0.650740388412918,0.1135384606157801,6556.874934193647,0.6583990205788798,0.11171201190210889,0.23181046042964226,0.19043085467728815,8.0,7.982428356245691,1.4925043826941042e-05,-9.286767187417777e-05,-18.53739453465778,-5.376377640501687,-2.0880278008153255,-4.103767791712016,0.009466206809042532,-0.002688747142855094,13.0,13.0,13.0
0,1813,591.5800401899191,450.42721877276654,6526.0,584.0290110485987,456.3859250205087,6526.107170131091,6568.221039471988,0.6507553234138974,0.11344581860433066,6568.063093054121,0.6633234078501886,0.11309006018110757,0.23180007294695315,0.19044349860087095,8.0,7.982484747112721,1.4935000979376944e-05,-9.264201144944251e-05,5.860215903516746,9.147626370201806,10.103206719328227,11.188158860473777,0.004924387271308839,0.001378048278998678,13.0,13.0,13.0
0,1814,591.811829874694,450.6176749147253,6534.0,601.1038988844484,457.2861750427992,6512.969797653031,6576.203580404516,0.6507702683599761,0.1133534014330873,6556.61590519682,0.6503418729248782,0.11544871355374127,0.23178968477486706,0.19045614195874805,8.0,7.982540932528536,1.494494607867658e-05,-9.241717124336413e-05,17.074887835849722,0.9002500222904928,-13.13737247806057,-11.447187857301287,-0.0129815349253104,0.002358653372633704,13.0,13.0,13.0
0,1815,592.0436091706079,450.8081436994735,6542.0,615.4993218933375,432.88276548089357,6549.436764834593,6584.186177318008,0.6507852232391172,0.11326120828579354,6592.522191124469,0.612939572045947,0.11439082871954849,0.23177929591383872,0.19046878474819096,8.0,7.982596913491761,1.4954879141160227e-05,-9.219314729375094e-05,14.39542300888911,-24.40340956190562,36.46696718156272,35.90628592764915,-0.03740230087893126,-0.0010578848341927793,13.0,13.0,13.0
0,1816,592.275378076969,450.9986251264454,6550.0,604.0358031781245,460.47307644729443,6531.035915456604,6592.168830008995,0.6508001880393086,0.11316923835013126,6575.053219148721,0.651344109663099,0.11577629913988113,0.23176890636113967,0.19048142697192816,8.0,7.982652690987379,1.4964800191363814e-05,-9.196993566228107e-05,-11.463518715213013,27.590310966400864,-18.40084937798929,-17.46897197574799,0.03840453761715201,0.0013854704203326434,13.0,13.0,13.0
0,1817,592.5071365930917,451.18911919507445,6558.0,580.9006348693615,435.95622243245873,6557.776560174276,6600.151538274994,0.6508151627485513,0.11307749081769779,6597.873656613952,0.6438103457449251,0.11030359123435785,0.2317585161226816,0.19049406862905016,8.0,7.9827082659985535,1.497470924272104e-05,-9.174753243347544e-05,-23.135168308763014,-24.5168540148357,26.740644717671785,22.820437465231407,-0.007533763918173841,-0.0054727079055232886,13.0,13.0,13.0
0,1818,592.738884718282,451.379625904794,6566.0,603.9059397779891,475.352887747044,6558.490656463329,6608.1343019145,0.650830147354873,0.11298596488398077,6603.367507787628,0.6668443812405052,0.11665133600807667,0.2317481251902791,0.19050670971955697,8.0,7.98276363950572,1.4984606321655214e-05,-9.152593371701545e-05,23.005304908627636,39.39666531458528,0.7140962890534865,5.493851173675466,0.02303403549558003,0.0063477447737188275,13.0,13.0,13.0
0,1819,592.9706224518536,451.57014525503655,6574.0,589.3221624758406,437.4703593400413,6574.0769975196135,6616.1171207269745,0.6508451418463131,0.11289465974833669,6614.920203283091,0.6385729389161074,0.11118246969588806,0.23173773357166283,0.19051935024253908,8.0,7.982818812474761,1.4994491440156743e-05,-9.130513564407916e-05,-14.583777302148519,-37.882528407002724,15.586341056284255,11.552695495463013,-0.02827144232439771,-0.005468866312188611,13.0,13.0,13.0
0,1820,593.2023497931154,451.76067724523637,6582.0,579.832145718314,457.805503648234,6593.407907959564,6624.099994512851,0.6508601462109364,0.11280357461396627,6634.667967360735,0.6683354034227691,0.11158238773743556,0.2317273412618306,0.19053199019981548,8.0,7.982873785876109,1.5004364623205646e-05,-9.10851343704222e-05,-9.490016757526632,20.335144308192696,19.330910439950458,19.747764077644206,0.029762464506661646,0.00039991804154750066,13.0,13.0,13.0
0,1821,593.4340667413785,451.951221874825,6590.0,604.4141928598397,470.18902318426353,6616.832225778817,6632.082923073516,0.6508751604368223,0.11271270868789213,6660.995641655865,0.661135008727307,0.11521711516444223,0.2317169482630561,0.1905446295886577,8.0,7.982928560665641,1.5014225885900956e-05,-9.086592607414345e-05,24.582047141525663,12.383519536029553,23.424317819252792,26.327674295130237,-0.007200394695462076,0.0036347274270066704,13.0,13.0,13.0
0,1822,593.6657732959534,452.1417791432368,6598.0,612.5724667909569,435.9804855826421,6609.219109873313,6640.065906211315,0.6508901845120725,0.11262206118093601,6651.849461104319,0.6185489482833416,0.11327536292208291,0.23170655457488465,0.1905572684117942,8.0,7.982983137799238,1.5024075250225088e-05,-9.064750695611523e-05,8.158273931117265,-34.20853760162146,-7.613115905503946,-9.146180551546422,-0.0425860604439654,-0.001941752242359318,13.0,13.0,13.0
0,1823,593.8974694561516,452.33234904990513,6606.0,583.2432615477517,487.73243866957733,6626.534548624723,6648.048943729538,0.6509052184248065,0.1125316313076959,6670.0086775047375,0.696452339113826,0.1142361120961669,0.2316961601982257,0.19056990666831553,8.0,7.983037518222773,1.5033912734052635e-05,-9.04298732401082e-05,-29.32920524320525,51.75195308693526,17.31543875141051,18.1592164004187,0.07790339083048436,0.0009607491740839802,13.0,13.0,13.0
0,1824,594.129155221282,452.52293159426154,6614.0,603.3966998020809,455.7495340169046,6588.667807714507,6656.0320354324185,0.650920262163163,0.11244141828652303,6631.918176176645,0.6468887166385099,0.11426852708868022,0.23168576513035077,0.19058254435640265,8.0,7.9830917028803015,1.504373835647943e-05,-9.021302117287466e-05,20.153438254329217,-31.982904652672744,-37.86674091021632,-38.090501328092614,-0.049563622475316094,3.241499251332991e-05,13.0,13.0,13.0
0,1825,594.3608305906564,452.7135267757394,6622.0,611.9106001653407,446.24499275109827,6628.339890844064,6664.015181125125,0.6509353157152993,0.11235142133950063,6671.466022150216,0.6300981155484922,0.1137650432743155,0.2316753693744431,0.19059518147787458,8.0,7.983145692706785,1.5053552136268245e-05,-8.999694702239991e-05,8.513900363259836,-9.504541265806324,39.672083129556995,39.547845973571384,-0.01679060109001773,-0.0005034838143647274,13.0,13.0,13.0
0,1826,594.592495563586,452.90413459377305,6630.0,578.9126597208076,436.0703781486549,6628.006698059153,6671.9983806137625,0.6509503790693933,0.11226163969242096,6667.516031611827,0.6455827341444286,0.10891746007293301,0.2316649729295932,0.1906078180336408,8.0,7.983199488637183,1.5063354094069226e-05,-8.978164707966474e-05,-32.99794044453313,-10.174614602443341,-0.3331927849112617,-3.949990538389102,0.015484618595936417,-0.004847583201382483,13.0,13.0,13.0
0,1827,594.8241501393804,453.094755047794,6638.0,602.952564970149,449.290967495185,6627.626656363613,6679.981633705354,0.6509654522136404,0.11217207257476318,6670.146120229928,0.6403907969090565,0.1129723565579865,0.23165457579443682,0.19062045402097283,8.0,7.983253091591905,1.507314424709083e-05,-8.956711765778502e-05,24.03990524934136,13.220589346530062,-0.38004169554005784,2.6300886181006717,-0.005191937235372035,0.004054896485053486,13.0,13.0,13.0
0,1828,595.0557943173508,453.2853881372357,6646.0,618.8643325400864,470.26385188507174,6665.469966964727,6687.9649402078485,0.6509805351362559,0.11208271921967189,6710.6356653441435,0.6497956327835384,0.11608641975378682,0.2316441779703382,0.19063308944168966,8.0,7.983306502494088,1.5082922615428096e-05,-8.935335509129005e-05,15.91176756993741,20.972884389886758,37.843310601114354,40.489545114215616,0.00940483587448182,0.0031140631958003206,13.0,13.0,13.0
0,1829,595.287428096809,453.4760338615315,6654.0,588.2392944412683,468.07214657782345,6660.6784647016175,6695.948299930107,0.6509956278254727,0.11199357886393542,6702.966105543623,0.6721240407543271,0.11238718728144463,0.23163377945820685,0.1906457242957913,8.0,7.983359722258683,1.509268921684459e-05,-8.91403557364695e-05,-30.625038098818095,-2.1917053072482986,-4.791502263109578,-7.669559800520801,0.022328407970788722,-0.00369923247234219,13.0,13.0,13.0
0,1830,595.5190514770638,453.66669222011205,6662.0,585.2873458351764,452.5764680338574,6666.169933362724,6703.9317126819005,0.6510107302695431,0.11190465074796344,6707.101334934636,0.6582190561850385,0.1105342791438019,0.2316233802548595,0.19065835858054925,8.0,7.983412751793367,1.510244407043615e-05,-8.892811597198402e-05,-2.9519486060918325,-15.49567854396605,5.49146866110641,4.135229391013127,-0.01390498456928857,-0.0018529081376427309,13.0,13.0,13.0
0,1831,595.7506644574278,453.85736321241166,6670.0,593.8304305893827,439.54424224593856,6668.837891771228,6711.915178273903,0.6510258424567388,0.11181593411576687,6709.637288848723,0.6371897117418723,0.110334838291305,0.23161298036393418,0.1906709922996015,8.0,7.983465592002176,1.5112187195631677e-05,-8.871663219656156e-05,8.543084754206234,-13.032225787918833,2.6679584085040915,2.5359539140872585,-0.021029344443166176,-0.00019944085249690158,13.0,13.0,13.0
0,1832,595.9822670372109,454.0480468378637,6678.0,587.6450469568595,447.33291250493016,6674.571160998792,6719.8986965176855,0.6510409643753512,0.11172742821493564,6715.305921479664,0.6506495164680047,0.11020072689109536,0.23160257978315713,0.19068362545203854,8.0,7.9835182437827825,1.5121918612415186e-05,-8.850590083123167e-05,-6.185383632523212,7.788670258991601,5.733269227564051,5.66863263094092,0.013459804726132396,-0.00013411140020963552,13.0,13.0,13.0
0,1833,596.2138592157244,454.23874309589974,6686.0,575.7202718139109,431.3994718870879,6704.0327998843295,6727.8822672257165,0.651056096013688,0.11163913229661769,6742.522904495532,0.6430666096965146,0.10690183120000948,0.23159217851343783,0.1906962580360414,8.0,7.9835707080310385,1.513163833677389e-05,-8.829591831795158e-05,-11.924775142948533,-15.93344061784228,29.461638885537468,27.21698301586821,-0.007582906771490094,-0.003298895691085879,13.0,13.0,13.0
0,1834,596.4454409922796,454.42945198595226,6694.0,616.2434014676618,441.86568729207664,6693.707012602559,6735.865890211348,0.6510712373600762,0.11155104561549832,6736.520970502743,0.6220650205756798,0.11280286635062275,0.23158177655523104,0.19070889005251956,8.0,7.983622985631882,1.5141346388247712e-05,-8.808668111937035e-05,40.52312965375086,10.466215404988759,-10.325787281770317,-6.001933992789418,-0.02100158912083483,0.005901035150613271,13.0,13.0,13.0
0,1835,596.6770123661877,454.62017350745464,6702.0,601.960108952399,448.2888171402256,6717.24950959415,6743.849565288819,0.6510863884028628,0.11146316742977927,6759.050215117936,0.6401102205871924,0.1112725504792198,0.23157137390808202,0.19072152150238253,8.0,7.983675077470252,1.5151042786598623e-05,-8.787818571905082e-05,-14.283292515262815,6.42312984814896,23.54249699159118,22.52924461519342,0.018045200011512552,-0.0015303158714029541,13.0,13.0,13.0
0,1836,596.9085733367588,454.81090765983936,6710.0,586.6776902849377,451.0860975560104,6714.747046739772,6751.83329227324,0.6511015491304137,0.11137549700115768,6755.405041993178,0.6554766687010096,0.10976916032494352,0.23156097057108127,0.1907341523847208,8.0,7.983726984421082,1.516072755092246e-05,-8.767042862159458e-05,-15.28241866746123,2.797280415784769,-2.5024628543787912,-3.645173124758003,0.015366448113817266,-0.0015033901542762795,13.0,13.0,13.0
0,1837,597.1401239033039,455.0016544425389,6718.0,583.8778322543947,479.7667645503113,6709.072335449615,6759.817070980597,0.651116719531112,0.11128803359480605,6751.4991723068815,0.687827529344853,0.11216643212434836,0.23155056654513828,0.19074678269953438,8.0,7.983778707357487,1.5170400698316655e-05,-8.746340635162886e-05,-2.799858030543078,28.680666994300907,-5.674711290156665,-3.9058696862966826,0.032350860643843404,0.0023972717994048404,13.0,13.0,13.0
0,1838,597.3716640651355,455.1924138549857,6726.0,573.7984604067781,448.6865222636509,6721.207996459772,6767.800901227745,0.6511318995933589,0.11120077647935182,6760.562195564879,0.6636427414227365,0.1079518352961176,0.2315401618316173,0.19075941244682326,8.0,7.983830247148035,1.5180062246877846e-05,-8.725711545422288e-05,-10.079371847616585,-31.080242286660393,12.135661010157492,9.063023257997884,-0.024184787922116535,-0.004214596828230763,13.0,13.0,13.0
0,1839,597.6031938215633,455.3831858966114,6734.0,607.0689075316064,463.4173822332757,6743.949048892765,6775.7847828323975,0.6511470893055754,0.11111372492685652,6787.05658608422,0.6520022972618593,0.11276673409323239,0.23152975642778983,0.19077204162567796,8.0,7.983881604652197,1.5189712216479023e-05,-8.705155249530416e-05,33.270447124828365,14.730859969624817,22.741052432992547,26.494390519340413,-0.011640444160877172,0.004814898797114789,13.0,13.0,13.0
0,1840,597.8347131718988,455.5739705668493,6742.0,612.3440300578841,478.93906702442314,6731.902978138961,6783.768715613127,0.6511622886562012,0.11102687821279653,6776.641170089056,0.6637557398906662,0.11497043771879355,0.23151935033547488,0.19078467023791745,8.0,7.983932780729447,1.5199350625771935e-05,-8.684671405999322e-05,5.2751225262776416,15.521684791147436,-12.046070753804088,-10.41541599516404,0.011753442628806843,0.0022037036255611597,13.0,13.0,13.0
0,1841,598.0662221154535,455.76476786513194,6750.0,619.9038730688006,458.0750563614725,6754.329237190446,6791.752699389356,0.6511774976336936,0.11094023561604252,6798.167180459152,0.6363884816960583,0.11362602603605808,0.23150894355467244,0.19079729828263225,8.0,7.983983776229252,1.5208977492409126e-05,-8.664259675400521e-05,7.559843010916552,-20.864010662950648,22.42625905148543,21.52601037009663,-0.027367258194607835,-0.001344411682735469,13.0,13.0,13.0
0,1842,598.2977206515384,455.95557779089086,6758.0,597.4497967599834,466.9085398612826,6774.721543896292,6799.736733981357,0.6511927162265282,0.11085379641883986,6817.0229456542465,0.663359802804639,0.11146020338909873,0.23149853608492776,0.19080992575891287,8.0,7.9840345920010805,1.5218592834598255e-05,-8.643919720266457e-05,-22.454076308817207,8.833483499810086,20.39230670584584,18.855765195094136,0.026971321108580693,-0.002165822646959345,13.0,13.0,13.0
0,1843,598.5292087794646,456.1464003435585,6766.0,593.7184059036738,454.7693768961211,6758.213986866746,6807.720819210241,0.6512079444231997,0.11076755990678881,6799.468583937469,0.6536426296521662,0.11021317546910979,0.23148812792624085,0.1908225526676688,8.0,7.984085228883487,1.522819667154618e-05,-8.623651205104388e-05,-3.7313908563096447,-12.13916296516146,-16.50755702954575,-17.55436171677775,-0.00971717315247278,-0.001247027919988944,13.0,13.0,13.0
0,1844,598.7606864985446,456.33723552256833,6774.0,593.8534289725396,460.7536900559905,6766.942393088869,6815.7049548979585,0.6512231822122208,0.11068152536882543,6808.558232796864,0.6598540394457466,0.11062116042938987,0.23147771907997594,0.1908351790098095,8.0,7.984135687717753,1.5237789021016468e-05,-8.60345379633809e-05,0.13502306886584847,5.984313159869373,8.72840622212243,9.08964885939531,0.006211409793580369,0.0004079849602800778,13.0,13.0,13.0
0,1845,598.9921538080871,456.52808332735185,6782.0,627.125725918684,474.3669813761439,6791.789904073154,6823.689140867292,0.6512384295821242,0.11059569209720113,6837.157363275981,0.6475937535593114,0.11526298845112626,0.23146730954249506,0.19084780478351604,8.0,7.984185969333339,1.5247369903437225e-05,-8.583327162429988e-05,33.272296946144365,13.613291320153394,24.84751098428478,28.599130479116866,-0.01226028588643524,0.004641828021736391,13.0,13.0,13.0
0,1846,599.2236107074059,456.71894375734064,6790.0,583.2886416286957,442.8874400162923,6799.185029485298,6831.673376941849,0.6512536865214563,0.11051005938746469,6838.515335155302,0.6494226451249085,0.10730157882085131,0.23145689931880042,0.19086042998878838,8.0,7.984236074556975,1.5256939332131125e-05,-8.563270973643844e-05,-43.8370842899883,-31.479541359851567,7.395125412144807,1.3579718793207576,0.0018288915655971794,-0.007961409630274946,13.0,13.0,13.0
0,1847,599.4550571958121,456.9098168119672,6798.0,599.151014760829,450.7267778776487,6793.219382544577,6839.6576629460615,0.6512689530187855,0.11042462653844226,6834.468973238829,0.6449559973140949,0.109923641336713,0.23144648840616355,0.19087305462653603,8.0,7.984286004212663,1.526649732919161e-05,-8.543284902243209e-05,15.862373132133257,7.839337861356398,-5.965646940721854,-4.046361916472961,-0.004466647810813629,0.002622062515861681,13.0,13.0,13.0
0,1848,599.6864932726153,457.100702490663,6806.0,599.1845203029011,451.97345956669807,6830.6716795512575,6847.6419987051795,0.6512842290626982,0.11033939285221837,6871.781260440913,0.646256555711532,0.10943811558182898,0.2314360768032202,0.1908856786958495,8.0,7.984335759118039,1.527604391271531e-05,-8.523368622388727e-05,0.03350554207213463,1.2466816890493533,37.452297006680965,37.31228720208401,0.001300558397437035,-0.00048552575488401695,13.0,13.0,13.0
0,1849,599.917918937128,457.2916007928616,6814.0,608.6166246126759,469.3280254048826,6834.337832772705,6855.626384045265,0.6512995146417988,0.11025435763411774,6877.416419241581,0.6568933828407251,0.11198504112122522,0.23142566451269886,0.19089830219854775,8.0,7.984385340085282,1.5285579100576818e-05,-8.503521810063197e-05,9.432104309774786,17.354565838184556,3.66615322144753,5.6351588006682505,0.010636827129193116,0.0025469255393962414,13.0,13.0,13.0
0,1850,600.1493341886635,457.4825117179944,6822.0,593.4176023964835,459.86328385392136,6824.473722889233,6863.610818793189,0.6513148097447077,0.11016952019268603,6865.643472033523,0.6592728420012642,0.1095672455223726,0.23141525153550901,0.19091092513281183,8.0,7.984434747923842,1.529510290887437e-05,-8.48374414317149e-05,-15.199022216192361,-9.464741550961264,-9.864109883472338,-11.772947208058213,0.0023794591605391657,-0.0024177955988526206,13.0,13.0,13.0
0,1851,600.3807390265297,457.673435265493,6830.0,594.1253816606376,469.5372134632305,6858.466221038079,6871.595302776624,0.6513301143600669,0.11008487983967065,6900.145583180152,0.6687981802730251,0.10996772823483494,0.2314048378661937,0.1909235474986417,8.0,7.984483983434984,1.5304615359257312e-05,-8.464035301537776e-05,0.7077792641540555,9.673929609309141,33.99249814884661,34.50211114662943,0.00952533827176083,0.0004004827124623467,13.0,13.0,13.0
0,1852,600.6121334500408,457.86437143479,6838.0,608.7259981280811,453.1863992532274,6853.247650920493,6879.5798358240445,0.6513454284765333,0.1100004358900037,6895.138041991066,0.6399611241924583,0.1102861159969508,0.23139442351111938,0.1909361692969469,8.0,7.984533047420882,1.531411646638059e-05,-8.44439496669458e-05,14.600616467443501,-16.35081421000308,-5.218570117586751,-5.0075411890866235,-0.028837056080566748,0.00031838776211585984,13.0,13.0,13.0
0,1853,600.8435174585074,458.0553202253159,6846.0,606.0132966584869,471.3506052985978,6851.99860611244,6887.564417764717,0.6513607520827825,0.10991618766178228,6894.875517876234,0.6610502940636152,0.11158064041184948,0.23138400846664808,0.1909487905259084,8.0,7.984581940672797,1.5323606249229016e-05,-8.424822822142297e-05,-2.712701469594208,18.164206045370406,-1.2490448080525312,-0.26252411483164906,0.021089169871156832,0.0012945244148986762,13.0,13.0,13.0
0,1854,601.0748910512416,458.24628163650414,6854.0,602.6390497008629,464.00482756710016,6870.202416680758,6895.549048428699,0.6513760851675099,0.10983213447625113,6912.174444441926,0.6561503399765217,0.11025737114702687,0.23137359273414404,0.19096141118825471,8.0,7.984630663981989,1.5333084727342516e-05,-8.40531855311466e-05,-3.3742469576239955,-7.345777731497662,18.20381056831775,17.298926565692454,-0.004899954087093428,-0.0013232692648226102,13.0,13.0,13.0
0,1855,601.3062542275538,458.4372556677872,6862.0,620.2807789772172,461.7902022817406,6893.939705639305,6903.5337276468335,0.651391427719429,0.10974827565778401,6937.175441105851,0.639962639139745,0.1117045602304162,0.231363176312243,0.19097403128307633,8.0,7.984679218134261,1.5342551919150793e-05,-8.385881846711962e-05,17.64172927635434,-2.2146252853595456,23.73728895854765,25.000996663924525,-0.016187700836776675,0.0014471890833893247,13.0,13.0,13.0
0,1856,601.537606986757,458.62824231859486,6870.0,596.1523018837056,469.3422209300985,6889.380575149859,6911.518455250742,0.6514067797272668,0.10966461053386586,6931.034871982758,0.6669401359293655,0.1096891326689189,0.23135275920321874,0.19098665080764476,8.0,7.984727603908141,1.5352007837754478e-05,-8.366512391815017e-05,-24.128477093511606,7.552018648357887,-4.559130489446034,-6.140569123092973,0.02697749678962047,-0.0020154275614972933,13.0,13.0,13.0
0,1857,601.7689493281623,458.81924158835955,6878.0,597.7908792921136,455.59378857205434,6867.366057676474,6919.503231072823,0.6514221411797724,0.1095811384350751,6908.374353324897,0.6512186090543677,0.10901292491589265,0.23134234140525223,0.1909992697646885,8.0,7.984775822081247,1.5361452505580075e-05,-8.347209879076833e-05,1.6385774084079685,-13.74843235804417,-22.01451747338524,-22.660518657860848,-0.015721526874997838,-0.0006762077530262506,13.0,13.0,13.0
0,1858,602.000281251082,459.01025347651375,6886.0,611.4889588892895,460.891160543208,6906.401216826854,6927.488054946249,0.6514375120657117,0.10949785869506583,6948.720542409072,0.6458773504264277,0.11042123577949223,0.23133192291970772,0.19101188815420755,8.0,7.984823873425739,1.537088593928093e-05,-8.327974000926774e-05,13.698079597175933,5.297371971153666,39.03515915037951,40.34618908417451,-0.005341258627939993,0.0014083108635995767,13.0,13.0,13.0
0,1859,602.2316027548268,459.20127798248905,6894.0,618.2062922981083,459.70884596801983,6899.991043493532,6935.472926704955,0.6514528923738692,0.10941477065054997,6942.865953134136,0.6394036003379336,0.1111913401968999,0.23132150374476623,0.1910245059752924,8.0,7.984871758706504,1.5380308157508793e-05,-8.308804451585827e-05,6.717333408818831,-1.1823145751881725,-6.410173333321836,-5.854589274935279,-0.006473750088494046,0.0007701044174076715,13.0,13.0,13.0
0,1860,602.462913838709,459.3923151057161,6902.0,603.6603952784503,481.5115131727971,6907.341959075581,6943.4578461836445,0.6514682820930443,0.10933187364128005,6950.369209599716,0.6733081930803166,0.11132870552093557,0.23131108388224675,0.1910371232270336,8.0,7.984919478689335,1.5389719175140648e-05,-8.289700926991661e-05,-14.545897019658014,21.802667204777265,7.350915582049311,7.503256465579398,0.033904592742383,0.0001373653240356737,13.0,13.0,13.0
0,1861,602.6942145020403,459.5833648456264,6910.0,606.0915726683722,440.4856496217592,6907.901290058569,6951.442813217775,0.6514836812120565,0.10924916701003173,6948.415275095119,0.6284635937308856,0.10804031496848697,0.23130066333123978,0.19104973991034058,8.0,7.984967034130932,1.539911901216051e-05,-8.270663124831934e-05,2.4311773899219133,-41.0258635510379,0.5593309829882855,-1.953934504596873,-0.04484459934943108,-0.003288390552448603,13.0,13.0,13.0
0,1862,602.9255047441325,459.77442720165345,6918.0,616.2987106457597,442.20866790727507,6931.1091359859665,6959.427827643561,0.6514990897197442,0.10916665010258676,6972.492127042102,0.6223899937667969,0.10900513460647054,0.23129024209220006,0.19106235602703237,8.0,7.985014425785266,1.540850768777524e-05,-8.251690744497109e-05,10.207137977387447,1.7230182855158773,23.207845927397102,24.07685194698297,-0.006073599964088627,0.0009648196379835744,13.0,13.0,13.0
0,1863,603.1567845642976,459.96550217322783,6926.0,624.9956270259293,430.3909022587685,6935.8956039451,6967.412889297964,0.6515145076049611,0.1090843222677155,6977.284836623313,0.6030544399478699,0.10897587855920951,0.2312798201651276,0.19107497157438047,8.0,7.98506165440358,1.5417885216861826e-05,-8.23278348712625e-05,8.696916380169569,-11.817765648506565,4.786467959133915,4.7927095812110565,-0.019335553818927043,-2.9256047261033702e-05,13.0,13.0,13.0
0,1864,603.3880539618476,460.1565897597802,6934.0,603.2143531752638,464.80025794206574,6940.819652893074,6975.397998018695,0.6515299348565778,0.10900218285715996,6982.469784370455,0.656517082796667,0.10927851108108241,0.2312693975500224,0.1910875865523849,8.0,7.98510872073075,1.5427251616739746e-05,-8.213941055554286e-05,-21.781273850665457,34.409355683297235,4.924048947973461,5.18494774714236,0.05346264284879709,0.0003026325218729031,13.0,13.0,13.0
0,1865,603.6193129360945,460.3476899607431,6942.0,611.4816822769645,449.39680168901685,6951.738701787127,6983.383153644202,0.6515453714634853,0.1089202312256172,6993.034985687799,0.633786943573629,0.10873055055826839,0.23125897424688446,0.19110020096286462,8.0,7.985155625507105,1.5436606907504036e-05,-8.19516315427593e-05,8.267329101700739,-15.403456253048887,10.919048894053049,10.565201317343963,-0.022730139223038015,-0.0005479605228140283,13.0,13.0,13.0
0,1866,603.8505614863502,460.538802775548,6950.0,599.5953509163253,456.7813983959977,6947.371856545579,6991.3683560136715,0.6515608174145909,0.10883846673072224,6988.1427821619845,0.6510206285762385,0.10807388786143392,0.23124855025571378,0.19111281480491016,8.0,7.985202369469334,1.5445951105585998e-05,-8.176449489495641e-05,-11.886331360639247,7.384596706980858,-4.366845241547708,-4.892203525814693,0.017233685002609578,-0.0006566626968344674,13.0,13.0,13.0
0,1867,604.0817996119263,460.7299282036247,6958.0,626.5831643723803,450.1707703974318,6945.340220702157,6999.353604967026,0.6515762726988179,0.10875688873303128,6988.062032187337,0.6230036973677074,0.11063255864307528,0.2312381255760556,0.19112542807670252,8.0,7.98524895335413,1.5455284226972843e-05,-8.157799769095697e-05,26.98781345605505,-6.610627998565917,-2.031635843422009,-0.08074997464791522,-0.028016931208531104,0.0025586707816413617,13.0,13.0,13.0
0,1868,604.3130273121351,460.9210662444066,6966.0,596.4236201543569,469.62543262392006,6969.316335666894,7007.338900344912,0.6515917373051103,0.10867549659600581,7010.537737452003,0.6670121811217355,0.10849600361298034,0.23122770020881944,0.19113804078187968,8.0,7.985295377886359,1.5464606292425742e-05,-8.139213702547388e-05,-30.159544218023484,19.454662226488267,23.976114964736553,22.47570526466643,0.044008483754028105,-0.0021365550300949387,13.0,13.0,13.0
0,1869,604.5442445862886,461.1122168973243,6974.0,589.7632458203891,465.6050595053946,6982.505081253498,7015.324241988703,0.6516072112224272,0.10859428968599533,7022.818947352163,0.6682920270987802,0.10719991910141817,0.23121727415355053,0.19115065291771316,8.0,7.985341643790889,1.5473917316821684e-05,-8.120691001048397e-05,-6.660374333967752,-4.02037311852547,13.188745586604455,12.28120990016032,0.001279845977044669,-0.0012960845115621705,13.0,13.0,13.0
0,1870,604.7754514336989,461.3033801618085,6982.0,598.0392001397045,445.89721430896566,6952.236449564313,7023.309629740494,0.6516226944397451,0.10851326737222139,6992.143223739259,0.6406782822422337,0.10689070093470411,0.23120684741024888,0.19116326448420295,8.0,7.985387751790768,1.5483217317924236e-05,-8.102231377393743e-05,8.27595431931536,-19.707845196428934,-30.268631689184986,-30.67572361290422,-0.02761374485654655,-0.0003092181667140592,13.0,13.0,13.0
0,1871,605.0066478536778,461.49455603729075,6990.0,603.3332351484441,437.9061807026086,6991.855391941687,7031.295063443093,0.6516381869460589,0.10843242902676148,7031.4873702194955,0.6278398789434696,0.10622297745317541,0.2311964199789145,0.19117587548225856,8.0,7.985433702599039,1.5492506313830035e-05,-8.083834545991042e-05,5.294035008739684,-7.991033606357064,39.61894237737397,39.344146480236304,-0.012838403298764067,-0.0006677234815287009,13.0,13.0,13.0
0,1872,605.2378338455378,461.68574452320263,6998.0,625.1650495845473,482.3576069489754,7006.024921803235,7039.280542940022,0.6516536887303807,0.10835177402453279,7050.381933280751,0.6571626009231296,0.11223227658126861,0.2311859918600021,0.19118848591187998,8.0,7.985479496929656,1.5501784321747536e-05,-8.065500222868838e-05,21.831814436103173,44.45142624636679,14.169529861547744,18.894563061255212,0.029322721979660016,0.0060092991280931984,13.0,13.0,13.0
0,1873,605.4690094085913,461.8769456189757,7006.0,620.8169417574454,455.94047454371173,7009.52494726857,7047.266068075515,0.6516691997817396,0.10827130174327627,7051.718611649267,0.6334552169225447,0.10944802254104177,0.23117556305351172,0.1912010957730672,8.0,7.985525135492935,1.551105135899622e-05,-8.047228125651618e-05,-4.348107827101899,-26.417132405263658,3.5000254653350567,1.3366783685160044,-0.02370738400058492,-0.0027842540402268356,13.0,13.0,13.0
0,1874,605.7001745421499,462.0681593240388,7014.0,587.1095214349534,471.9365231184785,7012.987701630027,7055.251638694505,0.6516847200891807,0.10819101156354023,7053.326745247717,0.6770722349421214,0.10700103915981422,0.23116513355853385,0.19121370506309177,8.0,7.985570618990096,1.5520307441008185e-05,-8.029017973604224e-05,-33.707420322492,15.996048574766746,3.462754361456973,1.6081335984499674,0.043617018019576737,-0.0024469833812275493,13.0,13.0,13.0
0,1875,605.9313292455272,462.2593856378262,7022.0,601.7903712758649,470.0336965573893,7019.136544416449,7063.237254642627,0.6517002496417692,0.10811090286866576,7060.549635546955,0.6630842821765308,0.1083620149329124,0.23115470337734223,0.19122631378741062,8.0,7.985615948121449,1.5529552588544604e-05,-8.010869487447281e-05,14.680849840911492,-1.9028265610891708,6.148842786422392,7.2228902992383155,-0.013987952765590617,0.001360975773098183,13.0,13.0,13.0
0,1876,606.1624735180335,462.45062455976677,7030.0,616.2988601795664,463.94082400537826,7018.211409421966,7071.222915766212,0.6517157884285857,0.1080309750447694,7060.478507904269,0.6452814241517908,0.10947527442416762,0.23114427250629888,0.1912389219405668,8.0,7.985661123585487,1.5538786816482464e-05,-7.992782389636133e-05,14.508488903701505,-6.092872552011045,-0.9251349944834146,-0.07112764268640603,-0.01780285802474002,0.0011132594912552085,13.0,13.0,13.0
0,1877,606.3936073589816,462.64187608929296,7038.0,583.6292703434012,457.2842670443184,7041.738245658576,7079.208621912287,0.6517313364387294,0.10795122748072897,7080.664484810627,0.6646100744283263,0.1049055286289207,0.23113384094813227,0.19125152952619828,8.0,7.985706146074335,1.5548010143695556e-05,-7.974756404043049e-05,-32.66958983616519,-6.6565569610598345,23.526836236609597,20.18597690635852,0.01932865027653552,-0.00456974579524691,13.0,13.0,13.0
0,1878,606.6247307676858,462.83314022583545,7046.0,603.2733276941536,476.1976929694004,7046.243410557825,7087.194372928562,0.6517468936613133,0.1078716595681676,7088.035634188511,0.6682171942922851,0.10864591745457923,0.23112340870420667,0.19126413654248609,8.0,7.985751016275572,1.5557222583950647e-05,-7.956791256136242e-05,19.644057350752405,18.91342592508198,4.505164899249394,7.371149377883739,0.0036071198639587854,0.003740388825658525,13.0,13.0,13.0
0,1879,606.8558437434554,463.02441696882397,7054.0,619.5359275989101,457.0644799988505,7055.738740167148,7095.180168663436,0.6517624600854715,0.1077922707014377,7097.618042270093,0.6356168334633647,0.10868564330115597,0.23111297576951984,0.1912767429885207,8.0,7.985795734874046,1.556642415811993e-05,-7.938886672990975e-05,16.262599904756485,-19.13321297054989,9.495329609322653,9.582408081581889,-0.03260036082892037,3.9725846576743606e-05,13.0,13.0,13.0
0,1880,607.0869462856049,463.2157063176901,7062.0,612.4623325828261,452.0935263744997,7063.17423515592,7103.166008965986,0.6517780357003519,0.10771306027760694,7104.078331605933,0.6358785811793658,0.10736262768048357,0.23110254214952874,0.19128934886612114,8.0,7.985840302550059,1.5575614880414257e-05,-7.921042383075838e-05,-7.0735950160840275,-4.970953624350841,7.435494988772007,6.460289335840571,0.0002617477160010706,-0.0013230156206723992,13.0,13.0,13.0
0,1881,607.3180383934464,463.4070082718654,7070.0,619.1928199781748,469.8555910140931,7069.900089074923,7111.151893685969,0.6517936204951222,0.10763402769644229,7112.499651614848,0.6491217402969007,0.10950235017015157,0.2310921078415049,0.1913019541752874,8.0,7.985884719983005,1.5584794770373556e-05,-7.903258116465084e-05,6.730487395348746,17.762064639593405,6.725853919003384,8.421320008914336,0.01324315911753493,0.0021397224896679973,13.0,13.0,13.0
0,1882,607.5491200662918,463.5983228307796,7078.0,634.4376179579244,463.13444987790393,7085.788745728392,7119.1378226738125,0.6518092144589652,0.1075551723603948,7129.193976799549,0.6305726044143056,0.11040440727149499,0.23108167284544834,0.19131455891420046,8.0,7.985928987843181,1.5593963842985836e-05,-7.885533604748418e-05,15.244797979749592,-6.721141136189146,15.888656653469297,16.694325184701484,-0.018549135882595102,0.0009020571013434175,13.0,13.0,13.0
0,1883,607.7801913034532,463.78964999386517,7086.0,587.6388499227621,487.60602804333723,7075.9316976683585,7127.123795780616,0.6518248175810835,0.10747649367458527,7117.014011970931,0.69263258357963,0.1074985656978009,0.23107123716135902,0.19132716308558884,8.0,7.985973106803613,1.5603122118235113e-05,-7.867868580953286e-05,-46.79876803516231,24.4715781654333,-9.857048060033776,-12.179964828617813,0.06205997916532435,-0.0029058415736940846,13.0,13.0,13.0
0,1884,608.0112521042452,463.9809897605501,7094.0,611.8814418680379,461.5945139672658,7104.123527958997,7135.109812858142,0.6518404298506897,0.10739799104678895,7145.350900741529,0.6463019532269377,0.10747441383525254,0.23106080079196545,0.19133976668490504,8.0,7.986017077525503,1.5612269606224416e-05,-7.8502627796323e-05,24.242591945275763,-26.01151407607142,28.19183029063879,28.336888770597398,-0.04633063035269225,-2.41518625483661e-05,13.0,13.0,13.0
0,1885,608.2423024679779,464.1723421302677,7102.0,600.1375871832983,482.33348307223434,7109.70934214941,7143.095873758818,0.6518560512570231,0.10731966388742079,7151.278042580178,0.6769959114878192,0.10787405025416488,0.23105036373272014,0.19135236971760605,8.0,7.986060900676421,1.5621406333377053e-05,-7.832715936816059e-05,-11.743854684739631,20.738969104968533,5.585814190412748,5.927141838649732,0.030693958260881504,0.00039963641891234414,13.0,13.0,13.0
0,1886,608.4733423939651,464.36370710244773,7110.0,619.9174023915983,449.1590910441833,7101.636290907625,7151.081978335727,0.6518716817893327,0.10724151160952101,7142.778134815038,0.6270109860147881,0.10738211971370193,0.23103992598726109,0.19136497218005388,8.0,7.9861045769093835,1.563053230968503e-05,-7.815227789977064e-05,19.77981520830008,-33.174392028051045,-8.073051241784924,-8.499907765140051,-0.04998492547303113,-0.0004919305404629537,13.0,13.0,13.0
0,1887,608.7043718815194,464.5550846765218,7118.0,626.7634594293219,458.6604090838594,7100.235010239096,7159.068126442609,0.651887321436888,0.10716353362874037,7142.586296682859,0.6317457065257079,0.10895204320571449,0.23102948755422403,0.19137757407406752,8.0,7.986148106881956,1.5639647555243386e-05,-7.797798078064411e-05,6.84605703772354,9.501318039676107,-1.40128066852958,-0.19183813217932766,0.004734720510919832,0.0015699234920125565,13.0,13.0,13.0
0,1888,608.9353909299534,464.7464748519178,7126.0,595.1557886242601,470.2972548266233,7142.707823802868,7167.054317933854,0.6519029701889707,0.10708572936332544,7182.873030817483,0.6687420286889099,0.10580190556974768,0.23101904843406373,0.191390175396009,8.0,7.986191491244426,1.564875208270866e-05,-7.780426541492691e-05,-31.60767080506173,11.63684574276391,42.472813563772434,40.28673413462366,0.03699632216320192,-0.0031501376359668043,13.0,13.0,13.0
0,1889,609.1663995385793,464.93787762806915,7134.0,630.5546004923777,462.44097113058234,7131.108188600501,7175.0405526645,0.6519186280348859,0.10700809823410484,7173.852155816108,0.632784170550226,0.10921746065523855,0.2310086086258707,0.19140277615133527,8.0,7.986234730646174,1.5657845915173496e-05,-7.763112922060111e-05,35.398811868117605,-7.856283696040975,-11.599635202366699,-9.020875001374407,-0.03595785813868391,0.003415555085490865,13.0,13.0,13.0
0,1890,609.3973977067108,465.12929300440555,7142.0,595.3305961312658,461.1464668187129,7153.324622831147,7183.026830490227,0.6519342949639504,0.10693063966447452,7192.852545558804,0.6590636733814843,0.10488551200547153,0.2309981681314639,0.19141537633640837,8.0,7.986277825727484,1.5666929064517277e-05,-7.745856963031761e-05,-35.22400436111195,-1.2945043118694457,22.216434230645973,19.000389742695916,0.02627950283125835,-0.00433194864976702,13.0,13.0,13.0
0,1891,609.6283854336589,465.3207209803559,7150.0,602.4442245463299,476.00492755410346,7131.02096582294,7191.01315126736,0.651949970965499,0.10685335308038328,7172.236732690253,0.6686891847503991,0.10725747705393467,0.23098772694811487,0.1914279759503188,8.0,7.986320777132278,1.5676001548614593e-05,-7.728658409124345e-05,7.113628415064113,14.858460735390565,-22.303657008207665,-20.615812868551075,0.009625511368914763,0.00237196504846314,13.0,13.0,13.0
0,1892,609.8593627187379,465.5121615553535,7158.0,631.8259847143355,471.8589151237632,7158.311203725139,7198.999514852855,0.6519656560288853,0.10677623791031976,7201.616082527509,0.6414614116431367,0.10972012525795014,0.23097728507900683,0.19144057499761402,8.0,7.986363585495383,1.5685063386339237e-05,-7.711517006352142e-05,29.3817601680056,-4.1460124303402495,27.290237902199806,29.379349837256086,-0.02722777310726232,0.002462648204015469,13.0,13.0,13.0
0,1893,610.0903295612602,465.70361472882723,7166.0,620.4180649344412,480.1775815485141,7183.360577037119,7206.985921104305,0.6519813501434766,0.10669929358529723,7226.0748864684365,0.6586588014161653,0.10878390057686943,0.2309668425223208,0.19145317347374657,8.0,7.986406251449807,1.569411459123593e-05,-7.694432502253212e-05,-11.407919779894314,8.318666424750916,25.049373311979252,24.458803940927282,0.017197389773028537,-0.0009362246810807051,13.0,13.0,13.0
0,1894,610.3212859605383,465.89508050020686,7174.0,607.4611728174326,464.01910516059894,7195.622402717669,7214.972369879931,0.6519970532986575,0.10662251953884017,7236.111149569717,0.6523166224644171,0.10583571845087224,0.23095639927805678,0.19146577137962595,8.0,7.986448775625831,1.5703155180957218e-05,-7.67740464570621e-05,-12.956892117008579,-16.158476387915186,12.261825680549919,10.036263101280383,-0.006342178951748156,-0.0029481821259971924,13.0,13.0,13.0
0,1895,610.5522319158854,466.086558868923,7182.0,604.5408249451067,477.99111294743886,7179.985021711858,7222.95886103858,0.6520127654838298,0.10654591520697071,7221.227736686378,0.6690247674938421,0.1069276486207695,0.23094595534712425,0.19147836871616164,8.0,7.986491158649187,1.5712185172267468e-05,-7.660433186945648e-05,-2.9203478723259195,13.972007786839924,-15.637381005810312,-14.883412883338679,0.01670814502942497,0.0010919301698972678,13.0,13.0,13.0
0,1896,610.783167426614,466.2780498344073,7190.0,600.7714839836349,459.32643865494214,7198.236067212542,7230.945394439725,0.6520284866884131,0.1064694800281946,7237.852556700421,0.6527551950015447,0.10467583130661644,0.23093551072861374,0.19149096548426314,8.0,7.986533401144698,1.5721204583263315e-05,-7.643517877610473e-05,-3.769340961471812,-18.664674292496727,18.251045500684086,16.624820014042598,-0.016269572492297435,-0.002251817314153068,13.0,13.0,13.0
0,1897,611.0140924920379,466.4695533960894,7198.0,611.3940933346342,477.8102659411146,7191.551441661902,7238.931969943454,0.6520442169018412,0.1063932134434877,7233.292301965445,0.6633640907076672,0.10748225176925212,0.23092506542388946,0.19150356168211147,8.0,7.986575503729,1.5730213428155615e-05,-7.62665847068994e-05,10.622609350999369,18.48382728617247,-6.684625550640703,-4.560254734975388,0.010608895706122556,0.0028064204626356837,13.0,13.0,13.0
0,1898,611.2450071114695,466.6610695533982,7206.0,598.0840743578809,485.1222062823419,7187.100222532655,7246.918587410474,0.6520599561135642,0.10631711489628207,7228.240292336559,0.6814890342235187,0.10674251210356887,0.2309146194315872,0.19151615730879712,8.0,7.986617467020551,1.573921172293158e-05,-7.609854720563858e-05,-13.310018976753327,7.3119403412272845,-4.451219129246965,-5.052009628886481,0.018124943515851477,-0.0007397396656832478,13.0,13.0,13.0
0,1899,611.4759112842212,466.85259830576615,7214.0,598.8923943967001,475.32267901675027,7221.7543266096345,7254.905246702104,0.6520757043130525,0.10624118383245319,7262.116723322399,0.6708689966861283,0.10548075081017974,0.23090417275170694,0.19152875236795808,8.0,7.986659291629621,1.5748199488352377e-05,-7.593106382887405e-05,0.8083200388191472,-9.799527265591621,34.65410407697982,33.87643098583976,-0.010620037537390381,-0.0012617612933891326,13.0,13.0,13.0
0,1900,611.7068050096073,467.0441396526221,7222.0,599.9741402022395,495.8823119760194,7232.773750648011,7262.891947680271,0.6520914614897882,0.10616541970030609,7274.536711317429,0.690695562147047,0.1072052266801955,0.23089372538606767,0.19154134685595636,8.0,7.986700978167391,1.5757176735742284e-05,-7.576413214710476e-05,1.0817458055394127,20.559632959269152,11.0194240383762,12.41998799503017,0.019826565460918655,0.001724475870015757,13.0,13.0,13.0
0,1901,611.9376882869392,467.2356935933949,7230.0,611.8496896821024,456.0885325830333,7231.730705514506,7270.878690207509,0.6521072276332714,0.10608982195056187,7271.884610566862,0.6405671750018435,0.10513696729318651,0.23088327733194092,0.19155394077279198,8.0,7.986742527237766,1.5766143483197936e-05,-7.559774974422173e-05,11.875549479862912,-39.793779392986096,-1.0430451335050748,-2.652100750567115,-0.05012838714520351,-0.0020682593870089833,13.0,13.0,13.0
0,1902,612.1685611155317,467.427260127517,7238.0,637.8870961292845,468.52802033006066,7245.706430995713,7278.865474146955,0.6521230027330204,0.10601439003634551,7288.805124121189,0.6335070307942572,0.10880105584459805,0.2308728285925099,0.1915665341221029,8.0,7.986783939446468,1.577509974892699e-05,-7.54319142163562e-05,26.037406447182093,12.439487747027329,13.975725481207519,16.920513554327044,-0.007060144207586272,0.0036640885514115373,13.0,13.0,13.0
0,1903,612.3994234946967,467.61883925441816,7246.0,624.665332149515,467.63774971689753,7219.488229924818,7286.852299362345,0.652138786778569,0.10593912341317159,7261.535797899281,0.6426181328006406,0.10766659620512474,0.23086237916504615,0.19157912690116063,8.0,7.986825215389217,1.5784045548583592e-05,-7.526662317391963e-05,-13.221763979769435,-0.8902706131631248,-26.218201070894793,-27.26932622190816,0.009111102006383431,-0.001134459639473312,13.0,13.0,13.0
0,1904,612.6302754237477,467.8104309735272,7254.0,622.4429493538507,450.5742913336173,7238.9369168556705,7294.839165718008,0.6521545797594652,0.10586402153893182,7279.605765659772,0.6265739809315604,0.10575341571200263,0.2308519290509139,0.1915917191090557,8.0,7.986866355663551,1.5792980896267572e-05,-7.510187423977188e-05,-2.2223827956643163,-17.06345838328025,19.44868693085209,18.069967760491636,-0.01604415186908026,-0.001913180493122113,13.0,13.0,13.0
0,1905,612.8611169019978,468.0020352842739,7262.0,631.8700616364414,468.149514293481,7290.917332843606,7302.8260730788725,0.6521703816652744,0.10578908387388207,7333.205253972166,0.6376485447652501,0.10744474209354649,0.23084147825011314,0.1916043107466976,8.0,7.986907360864279,1.580190580918739e-05,-7.493766504974853e-05,9.427112282590656,17.57522295986371,51.980415987935885,53.59948831239399,0.011074563833689766,0.001691326381543859,13.0,13.0,13.0
0,1906,613.0919479287604,468.1936521860898,7270.0,618.3688950950976,503.74655885901103,7277.547259347099,7310.8130213104505,0.6521861924855803,0.10571430988062976,7321.122509425307,0.6836028042566057,0.10915955334055204,0.2308310267626439,0.1916169018159053,8.0,7.986948231578026,1.5810820305883766e-05,-7.477399325231393e-05,-13.501166541343764,35.59704456553004,-13.370073496507757,-12.08274454685943,0.045954259491355565,0.0017148112470055515,13.0,13.0,13.0
0,1907,613.3227685033489,468.38528167840377,7278.0,639.253501539,469.5261242425849,7258.262586277773,7318.800010278842,0.6522020122099801,0.10563969902412045,7301.470782789988,0.6335014209623788,0.10884470197169956,0.23082057458850613,0.19162949231395032,8.0,7.986988968391415,1.5819724399790402e-05,-7.461085650931065e-05,20.884606443902385,-34.22043461642613,-19.284673069325436,-19.651726635318482,-0.050101383294226864,-0.0003148513688524812,13.0,13.0,13.0
0,1908,613.5535786250753,468.5769237606455,7286.0,616.1566904192011,481.5550871748828,7291.833416856534,7326.78703985073,0.6522178408280888,0.10556525077162558,7333.6470427965105,0.6633870697014445,0.10683670245896335,0.23081012172633564,0.19164208224174217,8.0,7.987029571888343,1.5828618108670867e-05,-7.444825249486309e-05,-23.096811119798872,12.028962932297873,33.57083057876116,32.17626000652217,0.02988564873906563,-0.002007999512736211,13.0,13.0,13.0
0,1909,613.784378293255,468.7685784322457,7294.0,607.433339521813,462.6845884836237,7287.258877766665,7334.77410989338,0.652233678329536,0.10549096459273023,7327.154580188135,0.6509498764924884,0.10440171520556396,0.23079966817977038,0.19165467160019034,8.0,7.987070042649975,1.5837501447291125e-05,-7.428617889534972e-05,-8.723350897388173,-18.87049869125906,-4.574539089869177,-6.4924626083757175,-0.012437193208956088,-0.0024349872533993844,13.0,13.0,13.0
0,1910,614.0151675071993,468.9602456926332,7302.0,588.9948511861529,477.2030914952377,7298.8014236251865,7342.761220274631,0.6522495247039695,0.10541683995931952,7338.061048176791,0.6809290324066322,0.10348829376131714,0.23078921394426288,0.19166726038747584,8.0,7.987110381251114,1.5846374433414745e-05,-7.412463341070763e-05,-18.438488335660054,14.518503011613973,11.542545858521407,10.906467988656004,0.029979155914143796,-0.0009134214442468175,13.0,13.0,13.0
0,1911,614.2459462662232,469.1519255412377,7310.0,627.6700310254436,461.178609854839,7306.869226660761,7350.748370862897,0.6522653799410503,0.10534287634556742,7348.264643679972,0.633667442736891,0.10619469536855158,0.23077875902390588,0.19167984860450815,8.0,7.987150588265649,1.5855237080808493e-05,-7.396361375210103e-05,38.67517983929065,-16.024481640398676,8.067803035574798,10.203595503181532,-0.047261589669741144,0.0027064016072344405,13.0,13.0,13.0
0,1912,614.4767145696392,469.3436179774899,7318.0,623.519066842892,469.67675795608653,7309.825975980454,7358.735561527164,0.6522812440304588,0.10526907322792349,7351.389534149267,0.6455891428670264,0.10638771259083078,0.23076830341597088,0.19169243625219679,8.0,7.9871906642665635,1.5864089408568205e-05,-7.380311764393355e-05,-4.150964182551547,8.498148101247523,2.95674931969279,3.124890469294769,0.011921700130135382,0.0001930172222791987,13.0,13.0,13.0
0,1913,614.7074724167605,469.5353230008186,7326.0,613.0713488747269,486.76141617938674,7336.850871165235,7366.722792136981,0.6522971169618893,0.10519543008510095,7378.4940103526615,0.6710544403457714,0.10629365309099646,0.23075784712136738,0.19170502332872275,8.0,7.987230609817743,1.5872931430460646e-05,-7.36431428225437e-05,-10.44771796816508,17.08465822330021,27.02489518478069,27.10447620339437,0.02546529747874504,-9.405949983432027e-05,13.0,13.0,13.0
0,1914,614.9382198069006,469.7270406106545,7334.0,606.3142083958097,475.46444999913336,7338.005569474484,7374.710062562468,0.6523129987250535,0.10512194639806446,7378.347314958422,0.6650249664247908,0.10461907365533747,0.23074739014009538,0.19171760983590502,8.0,7.987270425486713,1.5881763164249385e-05,-7.348368703648245e-05,-6.757140478917222,-11.296966180253378,1.1546983092493974,-0.14669539423903188,-0.0060294739209806325,-0.0016745794356589905,13.0,13.0,13.0
0,1915,615.1689567393742,469.9187708064255,7342.0,622.0936429120595,473.82683720123833,7348.596215105572,7382.697372674301,0.6523288893096756,0.10504862165001805,7390.086515384489,0.650924884408949,0.10601490387532216,0.23073693247351912,0.19173019577101513,8.0,7.987310111832812,1.5890584622035853e-05,-7.332474804641609e-05,15.779434516249808,-1.6376127978950308,10.590645631087682,11.739200426066418,-0.014100082015841786,0.001395830219984684,13.0,13.0,13.0
0,1916,615.3996832134935,470.1105135875632,7350.0,629.1998770350427,471.6864913102783,7366.16323171119,7390.684722343717,0.6523447887055009,0.10497545532639294,7408.018722138825,0.6432839937201106,0.10635180694054813,0.23072647411936487,0.19174278113769105,8.0,7.9873496694162895,1.5899395825358376e-05,-7.316632362511233e-05,7.10623412298321,-2.1403458909600204,17.567016605617937,17.93220675433622,-0.007640890688838442,0.0003369030652259769,13.0,13.0,13.0
0,1917,615.6303992285721,470.3022689534955,7358.0,597.2165531749318,475.3220118027312,7354.116316269689,7398.672111442508,0.6523606969022868,0.10490244691483545,7393.620589367189,0.6722332282678658,0.10341940030077303,0.2307160150785421,0.1917553659322948,8.0,7.987389098791027,1.5908196785874296e-05,-7.300841155748194e-05,-31.983323860110886,3.6355204924528834,-12.04691544150046,-14.398132771636483,0.02894923454775522,-0.0029324066397751064,13.0,13.0,13.0
0,1918,615.8611047839245,470.49403690365216,7366.0,613.7280831883363,464.1824306931067,7394.592927202641,7406.659539843017,0.6523766138898069,0.10482959590519565,7434.522987259741,0.6475415380971685,0.10368907403722909,0.2307055553524151,0.19176795015664538,8.0,7.9874284005090885,1.5916987520125936e-05,-7.285100963980162e-05,16.511530013404467,-11.139581109624487,40.47661093295119,40.90239789255247,-0.024691690170697278,0.00026967373645606085,13.0,13.0,13.0
0,1919,616.0917998788632,470.6858174374638,7374.0,615.6256737100908,481.3377576648164,7382.1114037846055,7414.647007418138,0.6523925396578536,0.10475690178951495,7423.358389904903,0.663586386127956,0.10546593110756033,0.2306950949387101,0.19178053381165228,8.0,7.987467575120718,1.592576804665402e-05,-7.269411568069928e-05,1.8975905217545233,17.155326971709712,-12.481523418035067,-11.164597354838406,0.01604484803078743,0.0017768570703312475,13.0,13.0,13.0
0,1920,616.322484512702,470.8776105543575,7382.0,613.5473026824518,476.06403309686164,7392.586898683898,7422.634514041311,0.6524084741962304,0.1046843640620145,7433.264310572454,0.6598850049453113,0.10466467191127372,0.23068463383879134,0.1917931168936775,8.0,7.987506623173431,1.5934538376782825e-05,-7.253772750044629e-05,-2.0783710276390366,-5.273724567954787,10.475494899292244,9.905920667551072,-0.0037013811826446252,-0.0008012591962866106,13.0,13.0,13.0
0,1921,616.553158684756,471.06941625376567,7390.0,637.6297664995277,489.250185146382,7366.483387023861,7430.62205958652,0.6524244174947611,0.10461198221908416,7410.196687949015,0.6544783884208175,0.10867275002317396,0.23067417205402307,0.19180569940817804,8.0,7.987545545208377,1.5943298530718408e-05,-7.238184293034688e-05,24.082463817075904,13.186152049520388,-26.10351166003693,-23.067622623439092,-0.0054066165244938125,0.004008078111900237,13.0,13.0,13.0
0,1922,616.7838223943368,471.26123453511536,7398.0,617.9528101858655,457.15093795712426,7406.596879588508,7438.609643928287,0.6524403695432826,0.1045397557592696,7446.376970877979,0.6369300496934881,0.10341151647755083,0.23066370958076732,0.19181828134969692,8.0,7.987584341767615,1.595204852145038e-05,-7.222645981455611e-05,-19.67695631366223,-32.09924718925777,40.11349256464746,36.180282928964516,-0.017548338727329416,-0.005261233545623134,13.0,13.0,13.0
0,1923,617.0144756407594,471.4530653978363,7406.0,614.045766194819,461.4763253392895,7412.972557892155,7446.597266941678,0.6524563303316473,0.10446768418326216,7452.6622589442895,0.6444822028282239,0.10325025168667656,0.23065324642266205,0.1918308627209626,8.0,7.9876230133904755,1.5960788364743905e-05,-7.207157600744307e-05,-3.907043991046521,4.325387382165218,6.375678303646964,6.285288066310386,0.007552153134735784,-0.00016126479087426315,13.0,13.0,13.0
0,1924,617.2451184233373,471.6449088413583,7414.0,626.0221433889765,467.1378613763705,7440.489794209702,7454.584928502284,0.6524722998497251,0.10439576699388663,7481.3775391490135,0.6410648111158723,0.10459689311141604,0.23064278257788828,0.19184344352197513,8.0,7.987661560606284,1.5969518077807443e-05,-7.191718937553382e-05,11.976377194157521,5.661536037081021,27.51723631754703,28.715280204723967,-0.0034173917123515585,0.0013466414247394753,13.0,13.0,13.0
0,1925,617.4757507413842,471.83676486511104,7422.0,626.9134442644074,475.27536077766644,7423.576246466416,7462.572628486239,0.6524882780874012,0.10432400369609006,7465.145103898664,0.6486774231997456,0.10557999756339063,0.23063231804690076,0.19185602375273447,8.0,7.987699983955281,1.5978237676073093e-05,-7.176329779656765e-05,0.891300875430943,8.13749940129594,-16.913547743286472,-16.232435250349226,0.007612612083873316,0.0009831044519745952,13.0,13.0,13.0
0,1926,617.7063725942144,472.02863346852155,7430.0,638.5669891396874,464.2478490978035,7429.538984333423,7470.560366770197,0.6525042650345731,0.10425239379693041,7471.36824047249,0.62862776937261,0.10586632227289368,0.23062185283015424,0.19186860341051215,8.0,7.987738283957697,1.5986947171975352e-05,-7.160989915964977e-05,11.653544875279977,-11.027511679862926,5.96273786700749,6.223136573825286,-0.02004965382713564,0.0002863247095030441,13.0,13.0,13.0
0,1927,617.9369839811407,472.2205146510214,7438.0,624.0484941508279,455.93664004221426,7448.1516684768585,7478.548143231344,0.6525202606811599,0.10418093680556548,7488.142494599012,0.6309761754062759,0.10339549250825401,0.23061138692628447,0.19188118249985564,8.0,7.987776461146495,1.599564658671948e-05,-7.145699136493211e-05,-14.518494988859516,-8.311209055589245,18.612684143435217,16.774254126522465,0.0023484060336659285,-0.002470829764639665,13.0,13.0,13.0
0,1928,618.1675849014778,472.41240841203853,7446.0,634.7009990296616,487.8965951988869,7437.2396196098825,7486.535957747387,0.6525362650170909,0.10410963223324171,7480.201976235058,0.6553640019937634,0.1072285580723812,0.23060092033711044,0.19189376101712696,8.0,7.987814516043727,1.6004335931074642e-05,-7.130457232376597e-05,10.652504878833724,31.959955156672663,-10.912048866975965,-7.940518363953743,0.024387826587487504,0.003833065564127186,13.0,13.0,13.0
0,1929,618.39817535454,472.6043147510027,7454.0,612.7769454027692,474.83863770572873,7461.960017797571,7494.523810196555,0.6525522780323139,0.10403847959328304,7502.120675108133,0.6592453288574477,0.10351834302195606,0.2305904530621774,0.1919063389641451,8.0,7.987852449167804,1.6013015222915428e-05,-7.115263995867427e-05,-21.924053626892373,-13.057957493158199,24.72039818768826,21.91869887307439,0.0038813268636842535,-0.003710215050425139,13.0,13.0,13.0
0,1930,618.6287553396405,472.79623366734177,7462.0,604.8643180273965,475.9872974606654,7476.941084854294,7502.511700457594,0.65256829971679,0.10396747840107971,7516.453468022586,0.6667219149741147,0.10258067597386898,0.23057998510057587,0.19191891633909108,8.0,7.987890261038956,1.6021684476119624e-05,-7.100119220332379e-05,-7.912627375372722,1.1486597549366593,14.981067056723077,14.332792914453421,0.007476586116667017,-0.0009376670480870791,13.0,13.0,13.0
0,1931,618.8593248560928,472.98816516048555,7470.0,628.611701932273,449.8866016950367,7471.792626570534,7510.499628409765,0.6525843300604985,0.10389662817407773,7511.673294324288,0.6211739918487871,0.10309086776029591,0.23056951645230583,0.19193149314378388,8.0,7.987927952171049,1.6030343708561823e-05,-7.085022700198396e-05,23.74738390487653,-26.1006957656287,-5.148458283760192,-4.780173698298313,-0.04554792312532763,0.0005101917864269306,13.0,13.0,13.0
0,1932,619.089883903212,473.18010922986196,7478.0,623.8015994874565,474.48915365919277,7456.235079542212,7518.487593932843,0.6526003690534309,0.10382592843176777,7497.313515777447,0.6502767198309489,0.10472915689639715,0.2305590471191863,0.1919440693764045,8.0,7.987965523077946,1.6038992932343454e-05,-7.069974230995701e-05,-4.8101024448164935,24.602551964156078,-15.557547028322006,-14.359778546840971,0.029102727982161847,0.0016382891361012425,13.0,13.0,13.0
0,1933,619.3204324803123,473.37206587490255,7486.0,624.5469236638171,465.90436637686895,7478.078156862569,7526.475596907113,0.6526164166855983,0.10375537869567464,7518.562273374614,0.640928331944193,0.10382094951980994,0.23054857710030774,0.19195664504059096,8.0,7.988002974269875,1.6047632167448533e-05,-7.054973609313397e-05,0.7453241763605547,-8.584787282323816,21.843077320357224,21.24875759716724,-0.00934838788675596,-0.000908207376587214,13.0,13.0,13.0
0,1934,619.5509705867062,473.56403509503343,7494.0,641.2721029119751,466.8246938205873,7512.193204417965,7534.463637213363,0.652632472947023,0.10368497848934569,7553.952736497448,0.6292499887143529,0.10519762917439698,0.2305381063938512,0.19196922013088624,8.0,7.988040306249786,1.6056261424646223e-05,-7.040020632895216e-05,16.725179248158042,0.9203274437183495,34.115047555395904,35.39046312283426,-0.011678343229840071,0.001376679654587043,13.0,13.0,13.0
0,1935,619.7814982217092,473.75601688968527,7502.0,606.6436914917625,479.6251905817807,7485.470975608931,7542.451714732891,0.6526485378277453,0.1036147273383414,7525.312792073901,0.6689957658936881,0.10294709143404183,0.2305276350029999,0.19198179465183784,8.0,7.988077519527906,1.6064880722366226e-05,-7.02511510042858e-05,-34.628411420212615,12.800496761193415,-26.722228809033368,-28.639944423547604,0.03974577717933525,-0.002250537740355149,13.0,13.0,13.0
0,1936,620.0120153846351,473.948011258286,7510.0,618.7364429793525,499.08911988867595,7508.273428620193,7550.439829347493,0.6526646113178193,0.1035446247702238,7550.238050180009,0.6787683608582622,0.1054818380567099,0.23051716292593483,0.19199436860071728,8.0,7.988114614602637,1.6073490073931218e-05,-7.010256811759707e-05,12.092751487590021,19.46392930689524,22.802453011261605,24.92525810610823,0.009772594964574055,0.0025347466226680604,13.0,13.0,13.0
0,1937,620.2425220747982,474.1400182002644,7518.0,629.5078700605405,480.49623176910933,7527.789930892434,7558.427980939466,0.6526806934073149,0.1034746703145464,7569.331412407439,0.6519517590937511,0.10481563028785805,0.23050669016311076,0.19200694197843404,8.0,7.9881515919723824,1.6082089495661478e-05,-6.995445567740954e-05,10.771427081187994,-18.592888119566624,19.51650227224127,19.09336222742968,-0.02681660176451106,-0.0006662077688518453,13.0,13.0,13.0
0,1938,620.4730182915118,474.3320377150485,7526.0,602.5439500310982,466.36720343787096,7535.398404956124,7566.416169391602,0.6526967840863173,0.1034048635028434,7573.822463035217,0.6586831272376467,0.10077268529254112,0.2304962167136182,0.19201951478407864,8.0,7.9881884521364555,1.6090679002322972e-05,-6.980681170298819e-05,-26.963920029442306,-14.129028331238374,7.608474063689755,4.49105062777835,0.006731368143895522,-0.004042944995316933,13.0,13.0,13.0
0,1939,620.703504034092,474.5240698020689,7534.0,614.1017019113208,461.9931382987178,7542.646256449164,7574.404394587189,0.6527128833449275,0.10333520386862004,7581.6931558888655,0.6449760889287249,0.10153405696475405,0.23048574258018562,0.19203208702037955,8.0,7.988225195586892,1.6099258610235978e-05,-6.965963422336796e-05,11.557751880222554,-4.374065139153174,7.247851493039889,7.870692853648507,-0.013707038308921726,0.0007613716722129349,13.0,13.0,13.0
0,1940,620.9339793018503,474.7161144607535,7542.0,633.3388311655833,472.8521196314066,7539.594722093127,7582.392656410003,0.6527289911732627,0.103265690947341,7580.9099569587715,0.641322922121409,0.10444962320800452,0.23047526775826555,0.1920446586846083,8.0,7.988261822813911,1.6107828335165664e-05,-6.951292127903297e-05,19.237129254262527,10.858981332688813,-3.0515343560373367,-0.7831989300939313,-0.0036531668073159773,0.0029155662432504698,13.0,13.0,13.0
0,1941,621.1644440941031,474.90817169052934,7550.0,625.92638244848,492.11167449733284,7538.950058257642,7590.3809547443125,0.6527451075614502,0.10319632427642134,7580.878954140114,0.666277728835031,0.10522339309004701,0.2304647922528602,0.19205722977585538,8.0,7.9882983343095475,1.6116388187548125e-05,-6.93666709196683e-05,-7.412448717103302,19.259554865926248,-0.6446638354846073,-0.031002818657725584,0.024954806713622046,0.0007737698820424882,13.0,13.0,13.0
0,1942,621.3948984101653,475.1002414908271,7558.0,615.8324602401727,495.28071668789494,7561.849620123154,7598.369289474869,0.652761232499638,0.10312710339521586,7603.033755335105,0.6773245344433578,0.10413164992094631,0.2304543160621506,0.19206980029775877,8.0,7.988334730556744,1.6124938187811466e-05,-6.922088120547842e-05,-10.093922208307276,3.169042190562095,22.899561865511714,22.154801194990796,0.011046805608326826,-0.001091743169100698,13.0,13.0,13.0
0,1943,621.6253422493487,475.2923238610747,7566.0,605.2260809716012,454.7776589028476,7553.949499557772,7606.357660486909,0.6527773659779885,0.10305802784500848,7591.7899318931695,0.6444078925648798,0.09988528371994873,0.23044383918340827,0.19208237024759,8.0,7.988371012039352,1.6133478350499608e-05,-6.907555020738143e-05,-10.606379268571573,-40.50305778504736,-7.900120565382167,-11.243823441935092,-0.03291664187847798,-0.004246366200997581,13.0,13.0,13.0
0,1944,621.8557756109694,475.48441880070004,7574.0,624.8148465362207,499.5591302837369,7567.0252804490665,7614.34606766615,0.6527935079866759,0.10298909716900291,7609.193420597035,0.6744551855100878,0.10532674801676503,0.23043336162072592,0.19209493962534907,8.0,7.9884071792412215,1.6142008687380915e-05,-6.89306760055658e-05,19.588765564619507,44.78147138088934,13.075780891294926,17.40348870386515,0.030047292945207915,0.005441464296816301,13.0,13.0,13.0
0,1945,622.0861984943422,475.6765263091329,7582.0,626.2949074626616,472.62113827445063,7569.682051737032,7622.334510898788,0.6528096585158926,0.10292031091231243,7610.236685928189,0.6464579453032046,0.10328308704591911,0.2304228833727393,0.19210750843285496,8.0,7.988443232638019,1.6150529216663045e-05,-6.878625669047567e-05,1.4800609264409559,-26.93799200928629,2.6567712879659666,1.0432653311545437,-0.02799724020688321,-0.0020436609708459202,13.0,13.0,13.0
0,1946,622.3166108987803,475.8686463858003,7590.0,631.1373977755425,485.3943087903935,7583.883288051586,7630.322990071495,0.6528258175558442,0.10285166862194937,7625.5640956368015,0.6556000607809344,0.1046032286672447,0.2304124044380842,0.19212007666737918,8.0,7.98847917270723,1.6159039951668674e-05,-6.864229036306069e-05,4.842490312880841,12.773170515942866,14.20123631455317,15.327409708612322,0.009142115477729806,0.001320141621325585,13.0,13.0,13.0
0,1947,622.5470128235984,476.060779030131,7598.0,644.1536051350274,471.08018009969857,7592.033660641585,7638.311505071416,0.6528419850967526,0.10278316984681604,7633.860458994916,0.6314360689320726,0.1047294193909855,0.23040192481812483,0.19213264433074073,8.0,7.988514999920881,1.6167540908385014e-05,-6.849877513333269e-05,13.016207359484952,-14.314128690694929,8.150372589999279,8.296363358114831,-0.024163991848861754,0.00012619072374080165,13.0,13.0,13.0
0,1948,622.7774042681122,476.25292424155487,7606.0,611.6009085805638,498.8888386105421,7604.174733938995,7646.300055786168,0.6528581611288543,0.10271481413769463,7645.025776865827,0.6842469365430118,0.10342384315201715,0.2303914445137707,0.1921452114238491,8.0,7.988550714751909,1.6176032101689053e-05,-6.835570912140654e-05,-32.55269655446364,27.808658510843543,12.141073297410003,11.165317870910258,0.05281086761093923,-0.0013055762389683478,13.0,13.0,13.0
0,1949,623.0077852316344,476.445082019497,7614.0,626.7122376181959,503.26497916456844,7600.532987883577,7654.2886421038365,0.6528743456423989,0.10264660104723677,7642.9147298619255,0.6765821375339075,0.10536000565639059,0.2303809635222933,0.19215777794215683,8.0,7.988586317668705,1.61845135445704e-05,-6.821309045786095e-05,15.111329037632117,4.376140554026335,-3.6417460554175705,-2.111047003901149,-0.007664799009104328,0.001936162504373437,13.0,13.0,13.0
0,1950,623.2381557134809,476.63725236338905,7622.0,617.4826730630494,484.62793973976255,7636.1318204827385,7662.277263912972,0.6528905386276548,0.10257853012995512,7676.370123391558,0.6654312846777019,0.10243462066160167,0.23037048184642117,0.19217034389203036,8.0,7.988621809135111,1.6192985255902848e-05,-6.807091728165682e-05,-9.229564555146453,-18.63703942480589,35.59883259916114,33.4553935296326,-0.01115085285620565,-0.002925384994788921,13.0,13.0,13.0
0,1951,623.4685157129666,476.82943527265707,7630.0,618.1246764048987,484.8843867219147,7646.261814780866,7670.26592110259,0.6529067400749006,0.10251060094221255,7686.514862032294,0.665183532661965,0.1023857117102581,0.23035999948569952,0.19218290926801274,8.0,7.988657189618607,1.6201447245789424e-05,-6.792918774256584e-05,0.6420033418492039,0.25644698215216977,10.129994298127713,10.14473864073625,-0.00024775201573690175,-4.890895134355977e-05,13.0,13.0,13.0
0,1952,623.6988652294049,477.0216307467308,7638.0,623.5679342364391,527.3739124545175,7619.049596202396,7678.254613562168,0.6529229499744347,0.10244281304221313,7662.693844956705,0.7020134358732117,0.10678103378025489,0.23034951643830937,0.19219547407374193,8.0,7.988692459577578,1.6209899534103123e-05,-6.778789999942192e-05,5.44325783154045,42.48952573260277,-27.21221857847013,-23.821017075589225,0.036829903211246795,0.004395322069996779,13.0,13.0,13.0
0,1953,623.9292042621109,477.2138387850364,7646.0,636.1813611419673,458.2934555622298,7606.657225693418,7686.24334118164,0.6529391683165652,0.10237516598999236,7646.959772672372,0.6242744372017153,0.10271355677044404,0.2303390327060697,0.19220803830557998,8.0,7.988727619472229,1.6218342130502883e-05,-6.764705222077338e-05,12.613426905528172,-69.08045689228771,-12.392370508978274,-15.734072284332797,-0.07773899867149647,-0.0040674770098108465,13.0,13.0,13.0
0,1954,624.1595328103999,477.40605938700446,7654.0,636.547692931905,464.51177190827343,7654.575178404041,7694.232103851399,0.6529553950916199,0.1023076593474082,7695.0299098481455,0.6304055177528562,0.1025852575193562,0.23032854828898053,0.19222060196807433,8.0,7.988762669759126,1.6226775054750675e-05,-6.750664258416139e-05,0.36633178993770343,6.21831634604365,47.91795271062347,48.0701371757732,0.006131080551140977,-0.00012829925108784335,13.0,13.0,13.0
0,1955,624.389850873586,477.59829255206205,7662.0,641.6086439128873,475.3609114530029,7645.165914292869,7702.220901462291,0.6529716302899384,0.10224029267813084,7686.754289369908,0.6376446486235183,0.10406998157982016,0.23031806318613235,0.19223316505758703,8.0,7.988797610892107,1.623519831850384e-05,-6.736666927735502e-05,5.060950980982284,10.849139544729496,-9.409264111171979,-8.275620478237215,0.0072391308706620805,0.00148472406046396,13.0,13.0,13.0
0,1956,624.6201584509836,477.7905382796371,7670.0,629.8038499538554,469.0149492817605,7662.340318582566,7710.209733905614,0.652987873901876,0.10217306554763396,7702.472789295815,0.6401004933411991,0.10212606744438685,0.23030757739752516,0.19224572757502756,8.0,7.988832443322281,1.6243611937527547e-05,-6.722713049688023e-05,-11.804793959031826,-6.345962171242434,17.174404289697122,15.718499925907054,0.0024558447176807885,-0.0019439141354333084,13.0,13.0,13.0
0,1957,624.8504555419086,477.9827965691575,7678.0,625.7688592244969,478.20262116704595,7666.681878966701,7718.198601073116,0.6530041259178012,0.10210597752318537,7707.027666055348,0.6525173100012507,0.10236707066905278,0.23029709092497797,0.19225828952039592,8.0,7.988867167502576,1.6252015925255492e-05,-6.708802444858886e-05,-4.034990729358583,9.187671885285454,4.341560384134937,4.554876759532817,0.012416816660051566,0.00024100322466592827,13.0,13.0,13.0
0,1958,625.0807421456752,478.17506742005116,7686.0,627.687739313099,475.6731025718972,7706.433866188861,7726.187502856991,0.653020386328099,0.10203902817383757,7746.572127885789,0.6484859170586477,0.10184206431351214,0.23028660376667176,0.1922708508936921,8.0,7.988901783875008,1.626041029778591e-05,-6.69493493477974e-05,1.9188800886021227,-2.5295185951487724,39.751987222160096,39.54446183044092,-0.004031392942603018,-0.0005250063555406331,13.0,13.0,13.0
0,1959,625.3110182615983,478.3673508317461,7694.0,625.3024691071821,469.2023906573793,7684.996784538464,7734.176439149882,0.6530366551231684,0.10197221707041862,7724.657250625213,0.6437319088744294,0.10137719858744001,0.2302761159230613,0.19228341169491614,8.0,7.988936292890685,1.6268795069440678e-05,-6.681110341895391e-05,-2.385270205916868,-6.470711914517892,-21.437081650396976,-21.91487726057585,-0.004754008184218228,-0.00046486572607212784,13.0,13.0,13.0
0,1960,625.5412838889924,478.55964680367015,7702.0,626.9015642500478,475.7332941960587,7715.850420344834,7742.165409844867,0.6530529322934233,0.10190554378552315,7755.88005629286,0.6491502429025477,0.10164294573923441,0.23026562739414658,0.192295971924068,8.0,7.988970694985255,1.627717025487474e-05,-6.667328489547153e-05,1.5990951428657354,6.530903538679411,30.85363580636931,31.222805667646753,0.00541833402811831,0.00026574715179439323,13.0,13.0,13.0
0,1961,625.7715390271733,478.7519553352522,7710.0,654.9992429217974,480.88945186176096,7725.5885118670085,7750.154414835472,0.6530692178292926,0.10183900789350334,7768.2042022485175,0.6333012816151915,0.10479442696483933,0.2302551381808371,0.19230853158205719,8.0,7.989004990605281,1.628553586929815e-05,-6.653589201981169e-05,28.097678671749577,5.156157665702267,9.738091522174727,12.324145955657514,-0.015848961287356245,0.0031514812256049213,13.0,13.0,13.0
0,1962,626.001783675455,478.94427642591927,7718.0,623.0183079729837,484.88962703147484,7725.9025150043635,7758.143454015658,0.6530855117212188,0.1017726089704595,7766.134136996539,0.6613629513157535,0.10183193309300789,0.2302446482817686,0.1923210906670647,8.0,7.9890391801855,1.629389192614461e-05,-6.63989230438311e-05,-31.980934948813683,4.000175169713884,0.31400313735503005,-2.0700652519781215,0.02806166970056201,-0.002962493871831437,13.0,13.0,13.0
0,1963,626.2320178331524,479.13661007509836,7726.0,611.3219149255589,488.8991501903872,7727.209442669864,7766.132527279819,0.6531018139596586,0.1017063465942315,7766.756249143618,0.6745829461802936,0.10095674044454227,0.23023415769739586,0.19233364917909057,8.0,7.989073264161561,1.6302238439847017e-05,-6.626237622800457e-05,-11.696393047424863,4.009523158912373,1.3069276655005524,0.6221121470789512,0.013219994864540063,-0.0008751926484656253,13.0,13.0,13.0
0,1964,626.4622414995824,479.3289562822192,7734.0,650.1067204765127,468.60024250191685,7746.619410210882,7774.1216345227895,0.6531181245350847,0.10164022034439012,7787.961043940678,0.6245530826430411,0.10308351877001266,0.2302236664299926,0.19234620712086326,8.0,7.989107242970022,1.6310575426059515e-05,-6.612624984138338e-05,38.78480555095382,-20.298907688470365,19.409967541017977,21.20479479705955,-0.05002986353725247,0.0021267783254703965,13.0,13.0,13.0
0,1965,626.6924546740579,479.52131504670797,7742.0,612.6364291403029,494.296564197884,7751.967362355247,7782.110775639828,0.6531344434379834,0.1015742298022272,7791.832292516862,0.6788948020877634,0.10119895792092706,0.23021317447546608,0.19235876448874478,8.0,7.9891411170383435,1.6318902898770915e-05,-6.599054216291367e-05,-37.47029133620981,25.69632169596713,5.347952144365081,3.871248576184371,0.054341719444722325,-0.0018845608490856008,13.0,13.0,13.0
0,1966,626.9226573558935,479.7136863679925,7750.0,620.6835296535851,484.59257426241203,7762.757007784174,7790.099950526626,0.6531507706588564,0.10150837455074786,7802.594079465867,0.6628863287406471,0.10109371263227875,0.2302026818356353,0.19237132128455414,8.0,7.989174886798537,1.6327220872969228e-05,-6.58552514793409e-05,8.047100513282203,-9.703989935471952,10.789645428926633,10.761786949005,-0.016008473347116303,-0.00010524528864831739,13.0,13.0,13.0
0,1967,627.1528495444077,479.9060702455017,7758.0,617.4196338157909,497.45025647194683,7754.33101055308,7798.089159079303,0.6531671061882174,0.10144265417466175,7794.761906762155,0.6782022433532959,0.10189623912243446,0.23019218851413825,0.19238387750920083,8.0,7.989208552676246,1.633552936097793e-05,-6.572037608611192e-05,-3.2638958377941663,12.8576822095348,-8.425997231093788,-7.832172703711876,0.015315914612648807,0.0008025264901557194,13.0,13.0,13.0
0,1968,627.3830312389118,480.09846667866077,7766.0,627.5468477610813,473.1083484927496,7754.647933867277,7806.078401194401,0.6531834500165968,0.10137706826037314,7794.370477067435,0.6459932323257888,0.10100145096709177,0.2301816945041537,0.19239643315904686,8.0,7.989242115098023,1.6343828379450365e-05,-6.558591428861005e-05,10.12721394529035,-24.34190797919723,0.3169233141970835,-0.39142969472050027,-0.03220901102750717,-0.0008947881553426906,13.0,13.0,13.0
0,1969,627.613202438723,480.2908756668994,7774.0,650.1999159421119,468.71467032166123,7792.009237476499,7814.067676768884,0.6531998021345394,0.10131161639597398,7833.125897736162,0.6246009060975946,0.10250534544838895,0.23017119981113865,0.19240898823863972,8.0,7.989275574483145,1.635211794259739e-05,-6.545186439915751e-05,22.653068181030676,-4.393678171088368,37.36130360922198,38.75542066872731,-0.021392326228194203,0.0015038944812971744,13.0,13.0,13.0
0,1970,627.8433631431562,480.48329720964557,7782.0,650.089940777103,477.54082115751964,7794.682936722352,7822.05698570014,0.6532161625326043,0.10124629817123425,7836.309351410392,0.6335568012302601,0.10311839621150255,0.23016070443327408,0.1924215427461604,8.0,7.989308931256346,1.63603980648519e-05,-6.531822473973548e-05,-0.1099751650089047,8.826150835858414,2.673699245852731,3.183453674229895,0.008955895132665592,0.000613050763113604,13.0,13.0,13.0
0,1971,628.0735133515263,480.67573130632536,7790.0,636.4367231379177,478.81081676774687,7776.666959773718,7830.0463278859725,0.6532325312013632,0.10118111317759347,7817.343570807703,0.644991019908843,0.10205781729519185,0.23015020837010525,0.19243409667978995,8.0,7.989342185832356,1.636866875887044e-05,-6.518499364077668e-05,-13.6532176391853,1.2699956102272267,-18.01597694863358,-18.965780602688938,0.011434218678582853,-0.0010605789163107004,13.0,13.0,13.0
0,1972,628.3036530631489,480.8681779563658,7798.0,654.2160612460704,502.44282927158315,7808.126507613348,7838.035703224602,0.6532489081314024,0.10111606100815261,7851.578631738523,0.6549266375830478,0.10525494384593416,0.23013971162254165,0.19244665004043782,8.0,7.989375338629543,1.6376930039196935e-05,-6.505216944086012e-05,17.779338108152615,23.63201250383628,31.459547839629522,34.2350609308196,0.00993561767420481,0.0031971265507423074,13.0,13.0,13.0
0,1973,628.5337822773395,481.0606371591957,7806.0,626.2645899050619,473.2297347850228,7808.682065484448,7846.025111614662,0.6532652933133247,0.10105114125766561,7848.036016626843,0.6471000940039945,0.10018675792254507,0.2301292141905833,0.19245920282992302,8.0,7.989408390059907,1.6385181922373704e-05,-6.491975048700249e-05,-27.951471341008414,-29.21309448656035,0.5555578711000635,-3.542615111679879,-0.007826543579053324,-0.00506818592338909,13.0,13.0,13.0
0,1974,628.7639009934128,481.25310891424124,7814.0,620.4323523216186,484.6630314301753,7832.966075329028,7854.014552955201,0.6532816867377449,0.10098635352253063,7872.4324128631215,0.6631532028466338,0.10017412146031068,0.23011871607332068,0.19247175504551706,8.0,7.989441340539088,1.639342442016911e-05,-6.478773513497738e-05,-5.832237583443316,11.433296645152495,24.284009844580396,24.396396236278633,0.01605310884263933,-1.2636462234386081e-05,13.0,13.0,13.0
0,1975,628.994009210684,481.4455932209312,7822.0,628.0375861509477,463.90184381104086,7834.115636630444,7862.004027145674,0.6532980883952944,0.10092169740078227,7872.928549047502,0.6361993851840473,0.09933757186448841,0.23010821727120856,0.19248430668994843,8.0,7.98947419047272,1.6401657549458548e-05,-6.465612174835766e-05,7.605233829329109,-20.761187619134432,1.1495613014158153,0.4961361843807026,-0.026953817662586532,-0.0008365495958222724,13.0,13.0,13.0
0,1976,629.2241069284696,481.6380900786917,7830.0,620.037237242846,491.39322534183304,7814.12324487077,7869.993534085945,0.6533144982766153,0.10085717249208286,7854.071273136581,0.6701645973910344,0.10090193706157038,0.23009771778561117,0.19249685776048864,8.0,7.989506940270985,1.6409881320900155e-05,-6.452490869941763e-05,-8.000348908101728,27.491381530792182,-19.99239175967432,-18.85727591092109,0.033965212206987117,0.0015643651970819739,13.0,13.0,13.0
0,1977,629.4541941460834,481.83059948695063,7838.0,643.9008910468375,469.06147981490216,7857.474751428488,7877.983073676285,0.6533309163723675,0.10079277839771436,7897.75515565488,0.6295779046835785,0.10104034758495614,0.23008721761380002,0.19250940825895668,8.0,7.989539590340428,1.64180957522575e-05,-6.439409436849453e-05,23.863653803991497,-22.331745526930888,43.351506557718494,43.68388251829856,-0.04058669270745585,0.00013841052338575688,13.0,13.0,13.0
0,1978,629.6842708628424,482.0231214451351,7846.0,625.693995382812,492.4288197097929,7869.815535406607,7885.972645817368,0.6533473426732225,0.10072851472057044,7909.992141567908,0.6667712391468943,0.10083181630625375,0.23007671675895836,0.19252195818444306,8.0,7.989572141083045,1.642630085496588e-05,-6.426367714391923e-05,-18.206895664025524,23.367339894890733,12.340783978118452,12.236985913028548,0.03719333446331574,-0.0002085312787023924,13.0,13.0,13.0
0,1979,629.9143370780616,482.215655952672,7854.0,618.2488746496673,480.5094036452812,7859.4439289947795,7893.962250410269,0.6533637771698663,0.100664381065148,7898.352982173564,0.6606894996831977,0.09930028776410423,0.23006621521926718,0.19253450753694779,8.0,7.989604592900832,1.6434496643791263e-05,-6.413365542244642e-05,-7.445120733144677,-11.919416064511665,-10.371606411827088,-11.63915939434446,-0.0060817394636966116,-0.001531528542149524,13.0,13.0,13.0
0,1980,630.1443927910559,482.4082030089894,7862.0,635.229855261995,501.2637794326385,7889.396664819612,7901.951887356463,0.6533802198530012,0.10060037703753917,7930.785716463034,0.6680629563906522,0.10220889256112975,0.23005571299427174,0.19254705631738034,8.0,7.9896369461939685,1.6442683134942904e-05,-6.40040276088244e-05,16.9809806123277,20.754375787357276,29.952735824832416,32.43273428947032,0.007373456707454484,0.002908604797025524,13.0,13.0,13.0
0,1981,630.3744380011412,482.6007626135133,7870.0,639.7415729043024,481.0666857968709,7891.869681852993,7909.941556557823,0.6533966707133403,0.10053650224542347,7932.357878439179,0.6447609319408993,0.10107947185888148,0.2300452100853363,0.19255960452392173,8.0,7.989669201359902,1.6450860339078943e-05,-6.387479211569791e-05,4.511717642307417,-20.1970936357676,2.4730170333814385,1.572161976145253,-0.023302024449752823,-0.0011294207022482655,13.0,13.0,13.0
0,1982,630.6044727076337,482.7933347656708,7878.0,633.1158997409538,492.3809370065768,7902.825589347432,7917.931257916617,0.6534131297416117,0.10047275629805973,7943.420360605175,0.661001301460509,0.10114196865375426,0.23003470649246083,0.19257215215748147,8.0,7.989701358794264,1.6459028271409437e-05,-6.374594736374695e-05,-6.625673163348665,11.314251209705901,10.95590749443818,11.062482165995789,0.01624036951960961,6.249679487277393e-05,13.0,13.0,13.0
0,1983,630.834496909848,482.9859194648898,7886.0,610.3765876084004,474.3275875269459,7887.587749048103,7925.920991335508,0.65342959692856,0.10040913880627811,7925.376125959154,0.6606247483615861,0.09769152462035646,0.2300242022142811,0.19258469921896904,8.0,7.989733418890864,1.6467186948254664e-05,-6.361749178161735e-05,-22.739312132553323,-18.053349479630924,-15.237840299328127,-18.044234646021323,-0.0003765530989228161,-0.0034504440333977954,13.0,13.0,13.0
0,1984,631.0645106071001,483.17851671059725,7894.0,654.4294326900107,494.4209321154572,7896.35268288874,7933.910756717549,0.6534460722649411,0.10034564938247234,7938.835911709542,0.6470113354747447,0.10349972700861017,0.23001369725216136,0.19259724570747494,8.0,7.989765382040787,1.6475336381160943e-05,-6.348942380576816e-05,44.05284508161026,20.093344588511343,8.764933840636331,13.459785750388619,-0.01361341288684148,0.005808202388253705,13.0,13.0,13.0
0,1985,631.2945137987062,483.37112650222025,7902.0,635.9333077590809,489.0944885564505,7896.885946604563,7941.900553966184,0.6534625557415256,0.10028228764059179,7937.533133432223,0.6556116682072479,0.10124485769450338,0.2300031916061016,0.19260979162299918,8.0,7.989797248635114,1.6483476584450152e-05,-6.336174188055488e-05,-18.496124930929795,-5.326443559006748,0.5332637158235229,-1.3027782773197032,0.008600332732503269,-0.002254869314106789,13.0,13.0,13.0
0,1986,631.524506483981,483.563748839184,7910.0,630.892588504792,503.0611128999384,7903.124364657388,7949.8903829852425,0.653479047349097,0.1002190531961334,7944.209882976635,0.6731413195161433,0.10174694495678109,0.2299926852747376,0.19262233696372277,8.0,7.989829019058561,1.6491607571444966e-05,-6.323444445838211e-05,-5.040719254288888,13.966624343487922,6.238418052824272,6.676749544411905,0.01752965130889539,0.0005020872622777117,13.0,13.0,13.0
0,1987,631.7544886622409,483.75638372091726,7918.0,648.1584845282114,484.35306964344386,7927.193981214177,7957.880243678943,0.653495547078455,0.10015594566613478,7968.382002197009,0.6417552601641408,0.10171912951577666,0.22998217825988831,0.1926348817332837,8.0,7.989860693700393,1.6499729358021575e-05,-6.310752999862113e-05,17.265896023419373,-18.708043256494534,24.069616556789697,24.172119220374043,-0.03138605935200256,-2.78154410044279e-05,13.0,13.0,13.0
0,1988,631.984460332802,483.94903114684803,7926.0,628.6082962604842,489.99661611540586,7943.406435287791,7965.870135951886,0.6535120549204129,0.10009296466916581,7983.29198201491,0.6621118367907444,0.10000293527666544,0.22997167056109902,0.19264742593077244,8.0,7.989892272943507,1.6507841957835723e-05,-6.298099696896986e-05,-19.550188267727208,5.643546471961997,16.212454073614026,14.90997981790133,0.020356576626603617,-0.0017161942391112212,13.0,13.0,13.0
0,1989,632.214421494979,484.14169111639967,7934.0,643.4525940675074,506.6226662636458,7921.079124577782,7973.8600597090535,0.6535285708657941,0.10003010982532073,7963.302848982086,0.666980045984578,0.10302407732372017,0.22996116217700546,0.19265996955164155,8.0,7.989923757167162,1.6515945381212482e-05,-6.285484384507822e-05,14.844297807023281,16.626050148239926,-22.327310710009442,-19.989133032823702,0.0048682091938336836,0.0030211420470547257,13.0,13.0,13.0
0,1990,632.4443721480884,484.334363629001,7942.0,633.5204177940668,464.1338308922293,7941.182000373945,7981.8500148558105,0.65354509490544,0.0999673807562115,7979.921045712407,0.6322890181989383,0.09857482319302151,0.22995065310942664,0.192672512601348,8.0,7.989955146756984,1.6524039645915423e-05,-6.272906910922971e-05,-9.932176273440632,-42.488835371416485,20.10287579616306,16.61819673032096,-0.034691027785639705,-0.00444925413069866,13.0,13.0,13.0
0,1991,632.6743122914459,484.5270486840791,7950.0,644.8353049852574,512.5063124705679,7942.786877861638,7989.8400012978955,0.6535616270302052,0.09990477708495954,7985.382813491701,0.6715538057829554,0.1033342876855665,0.22994014335745305,0.19268505507807276,8.0,7.989986442084955,1.6532124765156198e-05,-6.260367125196509e-05,11.314887191190564,48.37248157833858,1.6048774876926473,5.46176777929395,0.03926478758401708,0.004759464492544996,13.0,13.0,13.0
0,1992,632.9042419243674,484.71974628106,7958.0,621.7070272680472,478.53055651990417,7964.153060629619,7997.830018941428,0.653578167230956,0.09984229843618837,8002.7023619783495,0.6559930393273392,0.09819274695700611,0.22992963292153945,0.19269759698090638,8.0,7.9900176435321555,1.6540200750814193e-05,-6.247864877116649e-05,-23.128277717210153,-33.97575595066371,21.366182767981627,17.319548486648273,-0.015560766455616215,-0.005141540728560393,13.0,13.0,13.0
0,1993,633.1341610461691,484.91245641937076,7966.0,627.2967457295398,478.14578254455313,7975.357202368209,8005.820067692897,0.6535947154985744,0.0997799444360162,8014.2652253300475,0.6512838666605333,0.09857767784584917,0.22991912180168583,0.19271013831075834,8.0,7.990048751469658,1.6548267618432533e-05,-6.235400017216841e-05,5.589718461492566,-0.3847739753510382,11.204141738589897,11.56286335169807,-0.0047091726668059275,0.00038493088884306026,13.0,13.0,13.0
0,1994,633.3640696561665,485.1051790984375,7974.0,645.1468087624081,501.0754179188483,7963.199693429368,8013.810147459169,0.6536112718239548,0.0997177147120484,8004.988465746372,0.6603615066351414,0.10222416231346015,0.22990860999743745,0.19272267906671914,8.0,7.990079766271265,1.6556325380445713e-05,-6.222972396779936e-05,17.85006303286832,22.929635374295174,-12.157508938840692,-9.276759583675812,0.009077639974608087,0.003646484467610983,13.0,13.0,13.0
0,1995,633.5939677536758,485.2979143176881,7982.0,630.4069333602305,489.36350355959314,7987.1747279331,8021.800258147478,0.6536278361980075,0.09965560889337038,8026.945226845513,0.6601005593446538,0.09958635676961834,0.22989809750924906,0.19273521925060777,8.0,7.990110688309869,1.6564374052618902e-05,-6.210581867802101e-05,-14.739875402177631,-11.711914359255161,23.975034503731877,21.95676109914166,-0.0002609472904875343,-0.002637805543841812,13.0,13.0,13.0
0,1996,633.8238553380124,485.49066207654687,7990.0,605.6173944577513,483.97623787320794,7990.982369299751,8029.790399665428,0.6536444086116525,0.09959362661053972,8028.499526920031,0.6742195094190436,0.09671237202968626,0.2298875843366659,0.19274775885878626,8.0,7.990141517949269,1.657241364505513e-05,-6.198228283066376e-05,-24.789538902479194,-5.387265686385206,3.8076413666503868,1.554300074517414,0.014118950074389791,-0.002873984739932084,13.0,13.0,13.0
0,1997,634.0537324084939,485.68342237444267,7998.0,623.9591399436849,468.83511709113765,7994.779283101043,8037.780571920988,0.6536609890558274,0.0995317674955798,8032.784521001341,0.6443885368309477,0.09731393763810249,0.22987707048150696,0.19276029789580207,8.0,7.9901722555605375,1.6580444174851827e-05,-6.185911495991403e-05,18.341745485933643,-15.141120782070288,3.7969138012922485,4.284994081310288,-0.029830972588095972,0.0006015656084162324,13.0,13.0,13.0
0,1998,634.2835989644345,485.8761952107998,8006.0,614.1307488672103,472.46456237037034,7986.61935626755,8045.770774822497,0.6536775775214808,0.0994700311819713,8024.117900511403,0.6557532121916525,0.09671477507027754,0.22986655594058902,0.19277283635710774,8.0,7.990202901508383,1.6588465653444295e-05,-6.173631360850695e-05,-9.828391076474645,3.629445279232698,-8.159926833493046,-8.666620489938396,0.011364675360704846,-0.000599162567824954,13.0,13.0,13.0
0,1999,634.5134550051516,486.06898058504703,8014.0,628.625219868523,480.5935558066077,8023.597980772754,8053.761008278651,0.6536941739995774,0.09940841730464635,8062.522210201855,0.6527263188257463,0.09830246911734082,0.2298560407170953,0.19278537424725073,8.0,7.990233456154783,1.65964780965977e-05,-6.161387732495083e-05,14.494471001312718,8.128993436237351,36.97862450520461,38.404309690452465,-0.0030268933659062247,0.0015876940470632844,13.0,13.0,13.0
0,2000,634.7433005299613,486.2617784966096,8022.0,618.8410458670761,479.74181567849934,8025.804083294597,8061.751272198514,0.6537107784810928,0.0993469254999803,8063.910195010148,0.659451396157189,0.09725471043016116,0.22984552480966158,0.19279791156259307,8.0,7.9902639198626275,1.660448151541427e-05,-6.149180466605286e-05,-9.7841740014469,-0.8517401281083608,2.206102521842695,1.3879848082924582,0.006725077331442675,-0.0010477586871796563,13.0,13.0,13.0
